03-May-2025 00:58:39.408 INFO [Thread-1] org.apache.coyote.AbstractProtocol.pause Pausing ProtocolHandler ["http-nio-8080"]
03-May-2025 00:58:39.422 INFO [Thread-1] org.apache.catalina.core.StandardService.stopInternal Stopping service [Catalina]
03-May-2025 00:58:39.466 INFO [Thread-1] org.apache.coyote.AbstractProtocol.stop Stopping ProtocolHandler ["http-nio-8080"]
03-May-2025 00:58:39.482 INFO [Thread-1] org.apache.coyote.AbstractProtocol.destroy Destroying ProtocolHandler ["http-nio-8080"]
03-May-2025 12:42:15.433 INFO [main] org.apache.catalina.startup.VersionLoggerListener.log Server version name:   Apache Tomcat/9.0.102
03-May-2025 12:42:15.440 INFO [main] org.apache.catalina.startup.VersionLoggerListener.log Server built:          Mar 3 2025 19:33:14 UTC
03-May-2025 12:42:15.440 INFO [main] org.apache.catalina.startup.VersionLoggerListener.log Server version number: 9.0.102.0
03-May-2025 12:42:15.440 INFO [main] org.apache.catalina.startup.VersionLoggerListener.log OS Name:               Windows 10
03-May-2025 12:42:15.441 INFO [main] org.apache.catalina.startup.VersionLoggerListener.log OS Version:            10.0
03-May-2025 12:42:15.441 INFO [main] org.apache.catalina.startup.VersionLoggerListener.log Architecture:          amd64
03-May-2025 12:42:15.441 INFO [main] org.apache.catalina.startup.VersionLoggerListener.log Java Home:             C:\Program Files\Java\jdk-22
03-May-2025 12:42:15.441 INFO [main] org.apache.catalina.startup.VersionLoggerListener.log JVM Version:           22.0.1+8-16
03-May-2025 12:42:15.441 INFO [main] org.apache.catalina.startup.VersionLoggerListener.log JVM Vendor:            Oracle Corporation
03-May-2025 12:42:15.441 INFO [main] org.apache.catalina.startup.VersionLoggerListener.log CATALINA_BASE:         C:\Users\OSHADHA\IdeaProjects\OOP-projectnew
03-May-2025 12:42:15.441 INFO [main] org.apache.catalina.startup.VersionLoggerListener.log CATALINA_HOME:         C:\Program Files\Apache Software Foundation\Tomcat 9.0
03-May-2025 12:42:15.454 INFO [main] org.apache.catalina.startup.VersionLoggerListener.log Command line argument: --add-opens=java.base/java.lang=ALL-UNNAMED
03-May-2025 12:42:15.454 INFO [main] org.apache.catalina.startup.VersionLoggerListener.log Command line argument: --add-opens=java.base/java.io=ALL-UNNAMED
03-May-2025 12:42:15.455 INFO [main] org.apache.catalina.startup.VersionLoggerListener.log Command line argument: --add-opens=java.base/java.util=ALL-UNNAMED
03-May-2025 12:42:15.455 INFO [main] org.apache.catalina.startup.VersionLoggerListener.log Command line argument: --add-opens=java.base/java.util.concurrent=ALL-UNNAMED
03-May-2025 12:42:15.455 INFO [main] org.apache.catalina.startup.VersionLoggerListener.log Command line argument: --add-opens=java.rmi/sun.rmi.transport=ALL-UNNAMED
03-May-2025 12:42:15.455 INFO [main] org.apache.catalina.startup.VersionLoggerListener.log Command line argument: -Dcatalina.home=C:\Program Files\Apache Software Foundation\Tomcat 9.0
03-May-2025 12:42:15.455 INFO [main] org.apache.catalina.startup.VersionLoggerListener.log Command line argument: -Dcatalina.base=C:\Users\OSHADHA\IdeaProjects\OOP-projectnew
03-May-2025 12:42:15.455 INFO [main] org.apache.catalina.startup.VersionLoggerListener.log Command line argument: -Djava.io.tmpdir=C:\Users\OSHADHA\IdeaProjects\OOP-projectnew\temp
03-May-2025 12:42:15.455 INFO [main] org.apache.catalina.startup.VersionLoggerListener.log Command line argument: -Djava.util.logging.config.file=C:\Users\OSHADHA\IdeaProjects\OOP-projectnew\conf\logging.properties
03-May-2025 12:42:15.455 INFO [main] org.apache.catalina.startup.VersionLoggerListener.log Command line argument: -Djava.util.logging.manager=org.apache.juli.ClassLoaderLogManager
03-May-2025 12:42:15.456 INFO [main] org.apache.catalina.startup.VersionLoggerListener.log Command line argument: -javaagent:C:\Program Files\JetBrains\IntelliJ IDEA 2024.3.5\lib\idea_rt.jar=63005
03-May-2025 12:42:15.456 INFO [main] org.apache.catalina.startup.VersionLoggerListener.log Command line argument: -Dfile.encoding=UTF-8
03-May-2025 12:42:15.456 INFO [main] org.apache.catalina.startup.VersionLoggerListener.log Command line argument: -Dsun.stdout.encoding=UTF-8
03-May-2025 12:42:15.456 INFO [main] org.apache.catalina.startup.VersionLoggerListener.log Command line argument: -Dsun.stderr.encoding=UTF-8
03-May-2025 12:42:15.466 INFO [main] org.apache.catalina.core.AprLifecycleListener.lifecycleEvent Loaded Apache Tomcat Native library [1.3.1] using APR version [1.7.4].
03-May-2025 12:42:15.467 INFO [main] org.apache.catalina.core.AprLifecycleListener.lifecycleEvent APR capabilities: IPv6 [true], sendfile [true], accept filters [false], random [true], UDS [true].
03-May-2025 12:42:15.467 INFO [main] org.apache.catalina.core.AprLifecycleListener.lifecycleEvent APR/OpenSSL configuration: useAprConnector [false], useOpenSSL [true]
03-May-2025 12:42:15.489 INFO [main] org.apache.catalina.core.AprLifecycleListener.initializeSSL OpenSSL successfully initialized [OpenSSL 3.0.14 4 Jun 2024]
03-May-2025 12:42:16.002 INFO [main] org.apache.coyote.AbstractProtocol.init Initializing ProtocolHandler ["http-nio-8080"]
03-May-2025 12:42:16.028 INFO [main] org.apache.catalina.startup.Catalina.load Server initialization in [935] milliseconds
03-May-2025 12:42:16.098 INFO [main] org.apache.catalina.core.StandardService.startInternal Starting service [Catalina]
03-May-2025 12:42:16.098 INFO [main] org.apache.catalina.core.StandardEngine.startInternal Starting Servlet engine: [Apache Tomcat/9.0.102]
03-May-2025 12:42:16.108 INFO [main] org.apache.catalina.startup.HostConfig.deployDescriptor Deploying deployment descriptor [C:\Users\OSHADHA\IdeaProjects\OOP-projectnew\conf\Catalina\localhost\OOP-projectnew.xml]
03-May-2025 12:42:16.542 INFO [main] org.apache.catalina.startup.HostConfig.deployDescriptor Deployment of deployment descriptor [C:\Users\OSHADHA\IdeaProjects\OOP-projectnew\conf\Catalina\localhost\OOP-projectnew.xml] has finished in [433] ms
03-May-2025 12:42:16.546 INFO [main] org.apache.coyote.AbstractProtocol.start Starting ProtocolHandler ["http-nio-8080"]
03-May-2025 12:42:16.569 INFO [main] org.apache.catalina.startup.Catalina.start Server startup in [539] milliseconds
03-May-2025 12:49:14.771 INFO [Thread-1] org.apache.coyote.AbstractProtocol.pause Pausing ProtocolHandler ["http-nio-8080"]
03-May-2025 12:49:14.783 INFO [Thread-1] org.apache.catalina.core.StandardService.stopInternal Stopping service [Catalina]
03-May-2025 12:49:14.800 INFO [Thread-1] org.apache.coyote.AbstractProtocol.stop Stopping ProtocolHandler ["http-nio-8080"]
03-May-2025 12:49:14.810 INFO [Thread-1] org.apache.coyote.AbstractProtocol.destroy Destroying ProtocolHandler ["http-nio-8080"]
03-May-2025 12:49:18.461 INFO [main] org.apache.catalina.startup.VersionLoggerListener.log Server version name:   Apache Tomcat/9.0.102
03-May-2025 12:49:18.466 INFO [main] org.apache.catalina.startup.VersionLoggerListener.log Server built:          Mar 3 2025 19:33:14 UTC
03-May-2025 12:49:18.467 INFO [main] org.apache.catalina.startup.VersionLoggerListener.log Server version number: 9.0.102.0
03-May-2025 12:49:18.467 INFO [main] org.apache.catalina.startup.VersionLoggerListener.log OS Name:               Windows 10
03-May-2025 12:49:18.467 INFO [main] org.apache.catalina.startup.VersionLoggerListener.log OS Version:            10.0
03-May-2025 12:49:18.467 INFO [main] org.apache.catalina.startup.VersionLoggerListener.log Architecture:          amd64
03-May-2025 12:49:18.467 INFO [main] org.apache.catalina.startup.VersionLoggerListener.log Java Home:             C:\Program Files\Java\jdk-22
03-May-2025 12:49:18.467 INFO [main] org.apache.catalina.startup.VersionLoggerListener.log JVM Version:           22.0.1+8-16
03-May-2025 12:49:18.468 INFO [main] org.apache.catalina.startup.VersionLoggerListener.log JVM Vendor:            Oracle Corporation
03-May-2025 12:49:18.468 INFO [main] org.apache.catalina.startup.VersionLoggerListener.log CATALINA_BASE:         C:\Users\OSHADHA\IdeaProjects\OOP-projectnew
03-May-2025 12:49:18.468 INFO [main] org.apache.catalina.startup.VersionLoggerListener.log CATALINA_HOME:         C:\Program Files\Apache Software Foundation\Tomcat 9.0
03-May-2025 12:49:18.479 INFO [main] org.apache.catalina.startup.VersionLoggerListener.log Command line argument: --add-opens=java.base/java.lang=ALL-UNNAMED
03-May-2025 12:49:18.479 INFO [main] org.apache.catalina.startup.VersionLoggerListener.log Command line argument: --add-opens=java.base/java.io=ALL-UNNAMED
03-May-2025 12:49:18.480 INFO [main] org.apache.catalina.startup.VersionLoggerListener.log Command line argument: --add-opens=java.base/java.util=ALL-UNNAMED
03-May-2025 12:49:18.480 INFO [main] org.apache.catalina.startup.VersionLoggerListener.log Command line argument: --add-opens=java.base/java.util.concurrent=ALL-UNNAMED
03-May-2025 12:49:18.480 INFO [main] org.apache.catalina.startup.VersionLoggerListener.log Command line argument: --add-opens=java.rmi/sun.rmi.transport=ALL-UNNAMED
03-May-2025 12:49:18.480 INFO [main] org.apache.catalina.startup.VersionLoggerListener.log Command line argument: -Dcatalina.home=C:\Program Files\Apache Software Foundation\Tomcat 9.0
03-May-2025 12:49:18.480 INFO [main] org.apache.catalina.startup.VersionLoggerListener.log Command line argument: -Dcatalina.base=C:\Users\OSHADHA\IdeaProjects\OOP-projectnew
03-May-2025 12:49:18.480 INFO [main] org.apache.catalina.startup.VersionLoggerListener.log Command line argument: -Djava.io.tmpdir=C:\Users\OSHADHA\IdeaProjects\OOP-projectnew\temp
03-May-2025 12:49:18.480 INFO [main] org.apache.catalina.startup.VersionLoggerListener.log Command line argument: -Djava.util.logging.config.file=C:\Users\OSHADHA\IdeaProjects\OOP-projectnew\conf\logging.properties
03-May-2025 12:49:18.481 INFO [main] org.apache.catalina.startup.VersionLoggerListener.log Command line argument: -Djava.util.logging.manager=org.apache.juli.ClassLoaderLogManager
03-May-2025 12:49:18.481 INFO [main] org.apache.catalina.startup.VersionLoggerListener.log Command line argument: -javaagent:C:\Program Files\JetBrains\IntelliJ IDEA 2024.3.5\lib\idea_rt.jar=63453
03-May-2025 12:49:18.481 INFO [main] org.apache.catalina.startup.VersionLoggerListener.log Command line argument: -Dfile.encoding=UTF-8
03-May-2025 12:49:18.481 INFO [main] org.apache.catalina.startup.VersionLoggerListener.log Command line argument: -Dsun.stdout.encoding=UTF-8
03-May-2025 12:49:18.481 INFO [main] org.apache.catalina.startup.VersionLoggerListener.log Command line argument: -Dsun.stderr.encoding=UTF-8
03-May-2025 12:49:18.486 INFO [main] org.apache.catalina.core.AprLifecycleListener.lifecycleEvent Loaded Apache Tomcat Native library [1.3.1] using APR version [1.7.4].
03-May-2025 12:49:18.487 INFO [main] org.apache.catalina.core.AprLifecycleListener.lifecycleEvent APR capabilities: IPv6 [true], sendfile [true], accept filters [false], random [true], UDS [true].
03-May-2025 12:49:18.487 INFO [main] org.apache.catalina.core.AprLifecycleListener.lifecycleEvent APR/OpenSSL configuration: useAprConnector [false], useOpenSSL [true]
03-May-2025 12:49:18.498 INFO [main] org.apache.catalina.core.AprLifecycleListener.initializeSSL OpenSSL successfully initialized [OpenSSL 3.0.14 4 Jun 2024]
03-May-2025 12:49:19.111 INFO [main] org.apache.coyote.AbstractProtocol.init Initializing ProtocolHandler ["http-nio-8080"]
03-May-2025 12:49:19.139 INFO [main] org.apache.catalina.startup.Catalina.load Server initialization in [1046] milliseconds
03-May-2025 12:49:19.210 INFO [main] org.apache.catalina.core.StandardService.startInternal Starting service [Catalina]
03-May-2025 12:49:19.211 INFO [main] org.apache.catalina.core.StandardEngine.startInternal Starting Servlet engine: [Apache Tomcat/9.0.102]
03-May-2025 12:49:19.225 INFO [main] org.apache.catalina.startup.HostConfig.deployDescriptor Deploying deployment descriptor [C:\Users\OSHADHA\IdeaProjects\OOP-projectnew\conf\Catalina\localhost\OOP-projectnew.xml]
03-May-2025 12:49:19.765 INFO [main] org.apache.catalina.startup.HostConfig.deployDescriptor Deployment of deployment descriptor [C:\Users\OSHADHA\IdeaProjects\OOP-projectnew\conf\Catalina\localhost\OOP-projectnew.xml] has finished in [540] ms
03-May-2025 12:49:19.769 INFO [main] org.apache.coyote.AbstractProtocol.start Starting ProtocolHandler ["http-nio-8080"]
03-May-2025 12:49:19.795 INFO [main] org.apache.catalina.startup.Catalina.start Server startup in [654] milliseconds
03-May-2025 12:59:11.564 INFO [Thread-1] org.apache.coyote.AbstractProtocol.pause Pausing ProtocolHandler ["http-nio-8080"]
03-May-2025 12:59:11.575 INFO [Thread-1] org.apache.catalina.core.StandardService.stopInternal Stopping service [Catalina]
03-May-2025 12:59:11.592 INFO [Thread-1] org.apache.coyote.AbstractProtocol.stop Stopping ProtocolHandler ["http-nio-8080"]
03-May-2025 12:59:11.598 INFO [Thread-1] org.apache.coyote.AbstractProtocol.destroy Destroying ProtocolHandler ["http-nio-8080"]
03-May-2025 12:59:14.699 INFO [main] org.apache.catalina.startup.VersionLoggerListener.log Server version name:   Apache Tomcat/9.0.102
03-May-2025 12:59:14.705 INFO [main] org.apache.catalina.startup.VersionLoggerListener.log Server built:          Mar 3 2025 19:33:14 UTC
03-May-2025 12:59:14.706 INFO [main] org.apache.catalina.startup.VersionLoggerListener.log Server version number: 9.0.102.0
03-May-2025 12:59:14.706 INFO [main] org.apache.catalina.startup.VersionLoggerListener.log OS Name:               Windows 10
03-May-2025 12:59:14.706 INFO [main] org.apache.catalina.startup.VersionLoggerListener.log OS Version:            10.0
03-May-2025 12:59:14.706 INFO [main] org.apache.catalina.startup.VersionLoggerListener.log Architecture:          amd64
03-May-2025 12:59:14.706 INFO [main] org.apache.catalina.startup.VersionLoggerListener.log Java Home:             C:\Program Files\Java\jdk-22
03-May-2025 12:59:14.706 INFO [main] org.apache.catalina.startup.VersionLoggerListener.log JVM Version:           22.0.1+8-16
03-May-2025 12:59:14.706 INFO [main] org.apache.catalina.startup.VersionLoggerListener.log JVM Vendor:            Oracle Corporation
03-May-2025 12:59:14.707 INFO [main] org.apache.catalina.startup.VersionLoggerListener.log CATALINA_BASE:         C:\Users\OSHADHA\IdeaProjects\OOP-projectnew
03-May-2025 12:59:14.707 INFO [main] org.apache.catalina.startup.VersionLoggerListener.log CATALINA_HOME:         C:\Program Files\Apache Software Foundation\Tomcat 9.0
03-May-2025 12:59:14.719 INFO [main] org.apache.catalina.startup.VersionLoggerListener.log Command line argument: --add-opens=java.base/java.lang=ALL-UNNAMED
03-May-2025 12:59:14.719 INFO [main] org.apache.catalina.startup.VersionLoggerListener.log Command line argument: --add-opens=java.base/java.io=ALL-UNNAMED
03-May-2025 12:59:14.719 INFO [main] org.apache.catalina.startup.VersionLoggerListener.log Command line argument: --add-opens=java.base/java.util=ALL-UNNAMED
03-May-2025 12:59:14.720 INFO [main] org.apache.catalina.startup.VersionLoggerListener.log Command line argument: --add-opens=java.base/java.util.concurrent=ALL-UNNAMED
03-May-2025 12:59:14.720 INFO [main] org.apache.catalina.startup.VersionLoggerListener.log Command line argument: --add-opens=java.rmi/sun.rmi.transport=ALL-UNNAMED
03-May-2025 12:59:14.720 INFO [main] org.apache.catalina.startup.VersionLoggerListener.log Command line argument: -Dcatalina.home=C:\Program Files\Apache Software Foundation\Tomcat 9.0
03-May-2025 12:59:14.720 INFO [main] org.apache.catalina.startup.VersionLoggerListener.log Command line argument: -Dcatalina.base=C:\Users\OSHADHA\IdeaProjects\OOP-projectnew
03-May-2025 12:59:14.720 INFO [main] org.apache.catalina.startup.VersionLoggerListener.log Command line argument: -Djava.io.tmpdir=C:\Users\OSHADHA\IdeaProjects\OOP-projectnew\temp
03-May-2025 12:59:14.720 INFO [main] org.apache.catalina.startup.VersionLoggerListener.log Command line argument: -Djava.util.logging.config.file=C:\Users\OSHADHA\IdeaProjects\OOP-projectnew\conf\logging.properties
03-May-2025 12:59:14.720 INFO [main] org.apache.catalina.startup.VersionLoggerListener.log Command line argument: -Djava.util.logging.manager=org.apache.juli.ClassLoaderLogManager
03-May-2025 12:59:14.720 INFO [main] org.apache.catalina.startup.VersionLoggerListener.log Command line argument: -javaagent:C:\Program Files\JetBrains\IntelliJ IDEA 2024.3.5\lib\idea_rt.jar=63739
03-May-2025 12:59:14.720 INFO [main] org.apache.catalina.startup.VersionLoggerListener.log Command line argument: -Dfile.encoding=UTF-8
03-May-2025 12:59:14.720 INFO [main] org.apache.catalina.startup.VersionLoggerListener.log Command line argument: -Dsun.stdout.encoding=UTF-8
03-May-2025 12:59:14.721 INFO [main] org.apache.catalina.startup.VersionLoggerListener.log Command line argument: -Dsun.stderr.encoding=UTF-8
03-May-2025 12:59:14.726 INFO [main] org.apache.catalina.core.AprLifecycleListener.lifecycleEvent Loaded Apache Tomcat Native library [1.3.1] using APR version [1.7.4].
03-May-2025 12:59:14.727 INFO [main] org.apache.catalina.core.AprLifecycleListener.lifecycleEvent APR capabilities: IPv6 [true], sendfile [true], accept filters [false], random [true], UDS [true].
03-May-2025 12:59:14.727 INFO [main] org.apache.catalina.core.AprLifecycleListener.lifecycleEvent APR/OpenSSL configuration: useAprConnector [false], useOpenSSL [true]
03-May-2025 12:59:14.738 INFO [main] org.apache.catalina.core.AprLifecycleListener.initializeSSL OpenSSL successfully initialized [OpenSSL 3.0.14 4 Jun 2024]
03-May-2025 12:59:15.463 INFO [main] org.apache.coyote.AbstractProtocol.init Initializing ProtocolHandler ["http-nio-8080"]
03-May-2025 12:59:15.505 INFO [main] org.apache.catalina.startup.Catalina.load Server initialization in [1168] milliseconds
03-May-2025 12:59:15.579 INFO [main] org.apache.catalina.core.StandardService.startInternal Starting service [Catalina]
03-May-2025 12:59:15.579 INFO [main] org.apache.catalina.core.StandardEngine.startInternal Starting Servlet engine: [Apache Tomcat/9.0.102]
03-May-2025 12:59:15.592 INFO [main] org.apache.catalina.startup.HostConfig.deployDescriptor Deploying deployment descriptor [C:\Users\OSHADHA\IdeaProjects\OOP-projectnew\conf\Catalina\localhost\OOP-projectnew.xml]
03-May-2025 12:59:16.177 INFO [main] org.apache.catalina.startup.HostConfig.deployDescriptor Deployment of deployment descriptor [C:\Users\OSHADHA\IdeaProjects\OOP-projectnew\conf\Catalina\localhost\OOP-projectnew.xml] has finished in [584] ms
03-May-2025 12:59:16.185 INFO [main] org.apache.coyote.AbstractProtocol.start Starting ProtocolHandler ["http-nio-8080"]
03-May-2025 12:59:16.222 INFO [main] org.apache.catalina.startup.Catalina.start Server startup in [714] milliseconds
03-May-2025 13:12:27.185 INFO [Thread-1] org.apache.coyote.AbstractProtocol.pause Pausing ProtocolHandler ["http-nio-8080"]
03-May-2025 13:12:27.196 INFO [Thread-1] org.apache.catalina.core.StandardService.stopInternal Stopping service [Catalina]
03-May-2025 13:12:27.222 INFO [Thread-1] org.apache.coyote.AbstractProtocol.stop Stopping ProtocolHandler ["http-nio-8080"]
03-May-2025 13:12:27.236 INFO [Thread-1] org.apache.coyote.AbstractProtocol.destroy Destroying ProtocolHandler ["http-nio-8080"]
03-May-2025 13:12:30.662 INFO [main] org.apache.catalina.startup.VersionLoggerListener.log Server version name:   Apache Tomcat/9.0.102
03-May-2025 13:12:30.669 INFO [main] org.apache.catalina.startup.VersionLoggerListener.log Server built:          Mar 3 2025 19:33:14 UTC
03-May-2025 13:12:30.670 INFO [main] org.apache.catalina.startup.VersionLoggerListener.log Server version number: 9.0.102.0
03-May-2025 13:12:30.670 INFO [main] org.apache.catalina.startup.VersionLoggerListener.log OS Name:               Windows 10
03-May-2025 13:12:30.670 INFO [main] org.apache.catalina.startup.VersionLoggerListener.log OS Version:            10.0
03-May-2025 13:12:30.670 INFO [main] org.apache.catalina.startup.VersionLoggerListener.log Architecture:          amd64
03-May-2025 13:12:30.670 INFO [main] org.apache.catalina.startup.VersionLoggerListener.log Java Home:             C:\Program Files\Java\jdk-22
03-May-2025 13:12:30.670 INFO [main] org.apache.catalina.startup.VersionLoggerListener.log JVM Version:           22.0.1+8-16
03-May-2025 13:12:30.671 INFO [main] org.apache.catalina.startup.VersionLoggerListener.log JVM Vendor:            Oracle Corporation
03-May-2025 13:12:30.671 INFO [main] org.apache.catalina.startup.VersionLoggerListener.log CATALINA_BASE:         C:\Users\OSHADHA\IdeaProjects\OOP-projectnew
03-May-2025 13:12:30.671 INFO [main] org.apache.catalina.startup.VersionLoggerListener.log CATALINA_HOME:         C:\Program Files\Apache Software Foundation\Tomcat 9.0
03-May-2025 13:12:30.684 INFO [main] org.apache.catalina.startup.VersionLoggerListener.log Command line argument: --add-opens=java.base/java.lang=ALL-UNNAMED
03-May-2025 13:12:30.684 INFO [main] org.apache.catalina.startup.VersionLoggerListener.log Command line argument: --add-opens=java.base/java.io=ALL-UNNAMED
03-May-2025 13:12:30.684 INFO [main] org.apache.catalina.startup.VersionLoggerListener.log Command line argument: --add-opens=java.base/java.util=ALL-UNNAMED
03-May-2025 13:12:30.684 INFO [main] org.apache.catalina.startup.VersionLoggerListener.log Command line argument: --add-opens=java.base/java.util.concurrent=ALL-UNNAMED
03-May-2025 13:12:30.684 INFO [main] org.apache.catalina.startup.VersionLoggerListener.log Command line argument: --add-opens=java.rmi/sun.rmi.transport=ALL-UNNAMED
03-May-2025 13:12:30.684 INFO [main] org.apache.catalina.startup.VersionLoggerListener.log Command line argument: -Dcatalina.home=C:\Program Files\Apache Software Foundation\Tomcat 9.0
03-May-2025 13:12:30.685 INFO [main] org.apache.catalina.startup.VersionLoggerListener.log Command line argument: -Dcatalina.base=C:\Users\OSHADHA\IdeaProjects\OOP-projectnew
03-May-2025 13:12:30.685 INFO [main] org.apache.catalina.startup.VersionLoggerListener.log Command line argument: -Djava.io.tmpdir=C:\Users\OSHADHA\IdeaProjects\OOP-projectnew\temp
03-May-2025 13:12:30.685 INFO [main] org.apache.catalina.startup.VersionLoggerListener.log Command line argument: -Djava.util.logging.config.file=C:\Users\OSHADHA\IdeaProjects\OOP-projectnew\conf\logging.properties
03-May-2025 13:12:30.685 INFO [main] org.apache.catalina.startup.VersionLoggerListener.log Command line argument: -Djava.util.logging.manager=org.apache.juli.ClassLoaderLogManager
03-May-2025 13:12:30.685 INFO [main] org.apache.catalina.startup.VersionLoggerListener.log Command line argument: -javaagent:C:\Program Files\JetBrains\IntelliJ IDEA 2024.3.5\lib\idea_rt.jar=60772
03-May-2025 13:12:30.685 INFO [main] org.apache.catalina.startup.VersionLoggerListener.log Command line argument: -Dfile.encoding=UTF-8
03-May-2025 13:12:30.685 INFO [main] org.apache.catalina.startup.VersionLoggerListener.log Command line argument: -Dsun.stdout.encoding=UTF-8
03-May-2025 13:12:30.686 INFO [main] org.apache.catalina.startup.VersionLoggerListener.log Command line argument: -Dsun.stderr.encoding=UTF-8
03-May-2025 13:12:30.691 INFO [main] org.apache.catalina.core.AprLifecycleListener.lifecycleEvent Loaded Apache Tomcat Native library [1.3.1] using APR version [1.7.4].
03-May-2025 13:12:30.692 INFO [main] org.apache.catalina.core.AprLifecycleListener.lifecycleEvent APR capabilities: IPv6 [true], sendfile [true], accept filters [false], random [true], UDS [true].
03-May-2025 13:12:30.692 INFO [main] org.apache.catalina.core.AprLifecycleListener.lifecycleEvent APR/OpenSSL configuration: useAprConnector [false], useOpenSSL [true]
03-May-2025 13:12:30.702 INFO [main] org.apache.catalina.core.AprLifecycleListener.initializeSSL OpenSSL successfully initialized [OpenSSL 3.0.14 4 Jun 2024]
03-May-2025 13:12:31.276 INFO [main] org.apache.coyote.AbstractProtocol.init Initializing ProtocolHandler ["http-nio-8080"]
03-May-2025 13:12:31.297 INFO [main] org.apache.catalina.startup.Catalina.load Server initialization in [1069] milliseconds
03-May-2025 13:12:31.357 INFO [main] org.apache.catalina.core.StandardService.startInternal Starting service [Catalina]
03-May-2025 13:12:31.357 INFO [main] org.apache.catalina.core.StandardEngine.startInternal Starting Servlet engine: [Apache Tomcat/9.0.102]
03-May-2025 13:12:31.370 INFO [main] org.apache.catalina.startup.HostConfig.deployDescriptor Deploying deployment descriptor [C:\Users\OSHADHA\IdeaProjects\OOP-projectnew\conf\Catalina\localhost\OOP-projectnew.xml]
03-May-2025 13:12:31.882 INFO [main] org.apache.catalina.startup.HostConfig.deployDescriptor Deployment of deployment descriptor [C:\Users\OSHADHA\IdeaProjects\OOP-projectnew\conf\Catalina\localhost\OOP-projectnew.xml] has finished in [512] ms
03-May-2025 13:12:31.886 INFO [main] org.apache.coyote.AbstractProtocol.start Starting ProtocolHandler ["http-nio-8080"]
03-May-2025 13:12:31.906 INFO [main] org.apache.catalina.startup.Catalina.start Server startup in [607] milliseconds
03-May-2025 14:49:48.826 INFO [Catalina-utility-1] org.apache.catalina.users.MemoryUserDatabase.backgroundProcess Reloading memory user database [UserDatabase] from updated source [file:/C:/Users/OSHADHA/IdeaProjects/OOP-projectnew/conf/tomcat-users.xml]
03-May-2025 14:49:48.869 INFO [Catalina-utility-1] org.apache.catalina.startup.HostConfig.undeploy Undeploying context [/OOP-projectnew]
03-May-2025 14:49:48.976 INFO [Catalina-utility-1] org.apache.catalina.startup.HostConfig.deployDescriptor Deploying deployment descriptor [C:\Users\OSHADHA\IdeaProjects\OOP-projectnew\conf\Catalina\localhost\OOP-projectnew.xml]
03-May-2025 14:49:49.132 INFO [Catalina-utility-1] org.apache.catalina.startup.HostConfig.deployDescriptor Deployment of deployment descriptor [C:\Users\OSHADHA\IdeaProjects\OOP-projectnew\conf\Catalina\localhost\OOP-projectnew.xml] has finished in [154] ms
03-May-2025 15:07:16.753 INFO [Thread-1] org.apache.coyote.AbstractProtocol.pause Pausing ProtocolHandler ["http-nio-8080"]
03-May-2025 15:07:16.782 INFO [Thread-1] org.apache.catalina.core.StandardService.stopInternal Stopping service [Catalina]
03-May-2025 15:07:16.863 INFO [Thread-1] org.apache.coyote.AbstractProtocol.stop Stopping ProtocolHandler ["http-nio-8080"]
03-May-2025 15:07:16.908 INFO [Thread-1] org.apache.coyote.AbstractProtocol.destroy Destroying ProtocolHandler ["http-nio-8080"]
03-May-2025 15:07:22.484 INFO [main] org.apache.catalina.startup.VersionLoggerListener.log Server version name:   Apache Tomcat/9.0.102
03-May-2025 15:07:22.488 INFO [main] org.apache.catalina.startup.VersionLoggerListener.log Server built:          Mar 3 2025 19:33:14 UTC
03-May-2025 15:07:22.489 INFO [main] org.apache.catalina.startup.VersionLoggerListener.log Server version number: 9.0.102.0
03-May-2025 15:07:22.489 INFO [main] org.apache.catalina.startup.VersionLoggerListener.log OS Name:               Windows 10
03-May-2025 15:07:22.489 INFO [main] org.apache.catalina.startup.VersionLoggerListener.log OS Version:            10.0
03-May-2025 15:07:22.489 INFO [main] org.apache.catalina.startup.VersionLoggerListener.log Architecture:          amd64
03-May-2025 15:07:22.489 INFO [main] org.apache.catalina.startup.VersionLoggerListener.log Java Home:             C:\Program Files\Java\jdk-22
03-May-2025 15:07:22.489 INFO [main] org.apache.catalina.startup.VersionLoggerListener.log JVM Version:           22.0.1+8-16
03-May-2025 15:07:22.489 INFO [main] org.apache.catalina.startup.VersionLoggerListener.log JVM Vendor:            Oracle Corporation
03-May-2025 15:07:22.490 INFO [main] org.apache.catalina.startup.VersionLoggerListener.log CATALINA_BASE:         C:\Users\OSHADHA\IdeaProjects\OOP-projectnew
03-May-2025 15:07:22.490 INFO [main] org.apache.catalina.startup.VersionLoggerListener.log CATALINA_HOME:         C:\Program Files\Apache Software Foundation\Tomcat 9.0
03-May-2025 15:07:22.501 INFO [main] org.apache.catalina.startup.VersionLoggerListener.log Command line argument: --add-opens=java.base/java.lang=ALL-UNNAMED
03-May-2025 15:07:22.501 INFO [main] org.apache.catalina.startup.VersionLoggerListener.log Command line argument: --add-opens=java.base/java.io=ALL-UNNAMED
03-May-2025 15:07:22.501 INFO [main] org.apache.catalina.startup.VersionLoggerListener.log Command line argument: --add-opens=java.base/java.util=ALL-UNNAMED
03-May-2025 15:07:22.501 INFO [main] org.apache.catalina.startup.VersionLoggerListener.log Command line argument: --add-opens=java.base/java.util.concurrent=ALL-UNNAMED
03-May-2025 15:07:22.502 INFO [main] org.apache.catalina.startup.VersionLoggerListener.log Command line argument: --add-opens=java.rmi/sun.rmi.transport=ALL-UNNAMED
03-May-2025 15:07:22.502 INFO [main] org.apache.catalina.startup.VersionLoggerListener.log Command line argument: -Dcatalina.home=C:\Program Files\Apache Software Foundation\Tomcat 9.0
03-May-2025 15:07:22.502 INFO [main] org.apache.catalina.startup.VersionLoggerListener.log Command line argument: -Dcatalina.base=C:\Users\OSHADHA\IdeaProjects\OOP-projectnew
03-May-2025 15:07:22.502 INFO [main] org.apache.catalina.startup.VersionLoggerListener.log Command line argument: -Djava.io.tmpdir=C:\Users\OSHADHA\IdeaProjects\OOP-projectnew\temp
03-May-2025 15:07:22.502 INFO [main] org.apache.catalina.startup.VersionLoggerListener.log Command line argument: -Djava.util.logging.config.file=C:\Users\OSHADHA\IdeaProjects\OOP-projectnew\conf\logging.properties
03-May-2025 15:07:22.502 INFO [main] org.apache.catalina.startup.VersionLoggerListener.log Command line argument: -Djava.util.logging.manager=org.apache.juli.ClassLoaderLogManager
03-May-2025 15:07:22.502 INFO [main] org.apache.catalina.startup.VersionLoggerListener.log Command line argument: -javaagent:C:\Program Files\JetBrains\IntelliJ IDEA 2024.3.5\lib\idea_rt.jar=63780
03-May-2025 15:07:22.502 INFO [main] org.apache.catalina.startup.VersionLoggerListener.log Command line argument: -Dfile.encoding=UTF-8
03-May-2025 15:07:22.503 INFO [main] org.apache.catalina.startup.VersionLoggerListener.log Command line argument: -Dsun.stdout.encoding=UTF-8
03-May-2025 15:07:22.503 INFO [main] org.apache.catalina.startup.VersionLoggerListener.log Command line argument: -Dsun.stderr.encoding=UTF-8
03-May-2025 15:07:22.508 INFO [main] org.apache.catalina.core.AprLifecycleListener.lifecycleEvent Loaded Apache Tomcat Native library [1.3.1] using APR version [1.7.4].
03-May-2025 15:07:22.509 INFO [main] org.apache.catalina.core.AprLifecycleListener.lifecycleEvent APR capabilities: IPv6 [true], sendfile [true], accept filters [false], random [true], UDS [true].
03-May-2025 15:07:22.509 INFO [main] org.apache.catalina.core.AprLifecycleListener.lifecycleEvent APR/OpenSSL configuration: useAprConnector [false], useOpenSSL [true]
03-May-2025 15:07:22.529 INFO [main] org.apache.catalina.core.AprLifecycleListener.initializeSSL OpenSSL successfully initialized [OpenSSL 3.0.14 4 Jun 2024]
03-May-2025 15:07:23.119 INFO [main] org.apache.coyote.AbstractProtocol.init Initializing ProtocolHandler ["http-nio-8080"]
03-May-2025 15:07:23.151 INFO [main] org.apache.catalina.startup.Catalina.load Server initialization in [1049] milliseconds
03-May-2025 15:07:23.257 INFO [main] org.apache.catalina.core.StandardService.startInternal Starting service [Catalina]
03-May-2025 15:07:23.257 INFO [main] org.apache.catalina.core.StandardEngine.startInternal Starting Servlet engine: [Apache Tomcat/9.0.102]
03-May-2025 15:07:23.272 INFO [main] org.apache.catalina.startup.HostConfig.deployDescriptor Deploying deployment descriptor [C:\Users\OSHADHA\IdeaProjects\OOP-projectnew\conf\Catalina\localhost\OOP-projectnew.xml]
03-May-2025 15:07:23.906 INFO [main] org.apache.catalina.startup.HostConfig.deployDescriptor Deployment of deployment descriptor [C:\Users\OSHADHA\IdeaProjects\OOP-projectnew\conf\Catalina\localhost\OOP-projectnew.xml] has finished in [634] ms
03-May-2025 15:07:23.916 INFO [main] org.apache.coyote.AbstractProtocol.start Starting ProtocolHandler ["http-nio-8080"]
03-May-2025 15:07:23.960 INFO [main] org.apache.catalina.startup.Catalina.start Server startup in [807] milliseconds
03-May-2025 15:08:00.853 INFO [Thread-1] org.apache.coyote.AbstractProtocol.pause Pausing ProtocolHandler ["http-nio-8080"]
03-May-2025 15:08:00.864 INFO [Thread-1] org.apache.catalina.core.StandardService.stopInternal Stopping service [Catalina]
03-May-2025 15:08:00.878 INFO [Thread-1] org.apache.coyote.AbstractProtocol.stop Stopping ProtocolHandler ["http-nio-8080"]
03-May-2025 15:08:00.891 INFO [Thread-1] org.apache.coyote.AbstractProtocol.destroy Destroying ProtocolHandler ["http-nio-8080"]
03-May-2025 15:08:04.492 INFO [main] org.apache.catalina.startup.VersionLoggerListener.log Server version name:   Apache Tomcat/9.0.102
03-May-2025 15:08:04.498 INFO [main] org.apache.catalina.startup.VersionLoggerListener.log Server built:          Mar 3 2025 19:33:14 UTC
03-May-2025 15:08:04.498 INFO [main] org.apache.catalina.startup.VersionLoggerListener.log Server version number: 9.0.102.0
03-May-2025 15:08:04.499 INFO [main] org.apache.catalina.startup.VersionLoggerListener.log OS Name:               Windows 10
03-May-2025 15:08:04.499 INFO [main] org.apache.catalina.startup.VersionLoggerListener.log OS Version:            10.0
03-May-2025 15:08:04.499 INFO [main] org.apache.catalina.startup.VersionLoggerListener.log Architecture:          amd64
03-May-2025 15:08:04.499 INFO [main] org.apache.catalina.startup.VersionLoggerListener.log Java Home:             C:\Program Files\Java\jdk-22
03-May-2025 15:08:04.499 INFO [main] org.apache.catalina.startup.VersionLoggerListener.log JVM Version:           22.0.1+8-16
03-May-2025 15:08:04.499 INFO [main] org.apache.catalina.startup.VersionLoggerListener.log JVM Vendor:            Oracle Corporation
03-May-2025 15:08:04.499 INFO [main] org.apache.catalina.startup.VersionLoggerListener.log CATALINA_BASE:         C:\Users\OSHADHA\IdeaProjects\OOP-projectnew
03-May-2025 15:08:04.499 INFO [main] org.apache.catalina.startup.VersionLoggerListener.log CATALINA_HOME:         C:\Program Files\Apache Software Foundation\Tomcat 9.0
03-May-2025 15:08:04.508 INFO [main] org.apache.catalina.startup.VersionLoggerListener.log Command line argument: --add-opens=java.base/java.lang=ALL-UNNAMED
03-May-2025 15:08:04.508 INFO [main] org.apache.catalina.startup.VersionLoggerListener.log Command line argument: --add-opens=java.base/java.io=ALL-UNNAMED
03-May-2025 15:08:04.508 INFO [main] org.apache.catalina.startup.VersionLoggerListener.log Command line argument: --add-opens=java.base/java.util=ALL-UNNAMED
03-May-2025 15:08:04.508 INFO [main] org.apache.catalina.startup.VersionLoggerListener.log Command line argument: --add-opens=java.base/java.util.concurrent=ALL-UNNAMED
03-May-2025 15:08:04.508 INFO [main] org.apache.catalina.startup.VersionLoggerListener.log Command line argument: --add-opens=java.rmi/sun.rmi.transport=ALL-UNNAMED
03-May-2025 15:08:04.508 INFO [main] org.apache.catalina.startup.VersionLoggerListener.log Command line argument: -Dcatalina.home=C:\Program Files\Apache Software Foundation\Tomcat 9.0
03-May-2025 15:08:04.508 INFO [main] org.apache.catalina.startup.VersionLoggerListener.log Command line argument: -Dcatalina.base=C:\Users\OSHADHA\IdeaProjects\OOP-projectnew
03-May-2025 15:08:04.508 INFO [main] org.apache.catalina.startup.VersionLoggerListener.log Command line argument: -Djava.io.tmpdir=C:\Users\OSHADHA\IdeaProjects\OOP-projectnew\temp
03-May-2025 15:08:04.508 INFO [main] org.apache.catalina.startup.VersionLoggerListener.log Command line argument: -Djava.util.logging.config.file=C:\Users\OSHADHA\IdeaProjects\OOP-projectnew\conf\logging.properties
03-May-2025 15:08:04.508 INFO [main] org.apache.catalina.startup.VersionLoggerListener.log Command line argument: -Djava.util.logging.manager=org.apache.juli.ClassLoaderLogManager
03-May-2025 15:08:04.508 INFO [main] org.apache.catalina.startup.VersionLoggerListener.log Command line argument: -javaagent:C:\Program Files\JetBrains\IntelliJ IDEA 2024.3.5\lib\idea_rt.jar=63798
03-May-2025 15:08:04.509 INFO [main] org.apache.catalina.startup.VersionLoggerListener.log Command line argument: -Dfile.encoding=UTF-8
03-May-2025 15:08:04.509 INFO [main] org.apache.catalina.startup.VersionLoggerListener.log Command line argument: -Dsun.stdout.encoding=UTF-8
03-May-2025 15:08:04.509 INFO [main] org.apache.catalina.startup.VersionLoggerListener.log Command line argument: -Dsun.stderr.encoding=UTF-8
03-May-2025 15:08:04.514 INFO [main] org.apache.catalina.core.AprLifecycleListener.lifecycleEvent Loaded Apache Tomcat Native library [1.3.1] using APR version [1.7.4].
03-May-2025 15:08:04.514 INFO [main] org.apache.catalina.core.AprLifecycleListener.lifecycleEvent APR capabilities: IPv6 [true], sendfile [true], accept filters [false], random [true], UDS [true].
03-May-2025 15:08:04.515 INFO [main] org.apache.catalina.core.AprLifecycleListener.lifecycleEvent APR/OpenSSL configuration: useAprConnector [false], useOpenSSL [true]
03-May-2025 15:08:04.523 INFO [main] org.apache.catalina.core.AprLifecycleListener.initializeSSL OpenSSL successfully initialized [OpenSSL 3.0.14 4 Jun 2024]
03-May-2025 15:08:05.000 INFO [main] org.apache.coyote.AbstractProtocol.init Initializing ProtocolHandler ["http-nio-8080"]
03-May-2025 15:08:05.026 INFO [main] org.apache.catalina.startup.Catalina.load Server initialization in [805] milliseconds
03-May-2025 15:08:05.093 INFO [main] org.apache.catalina.core.StandardService.startInternal Starting service [Catalina]
03-May-2025 15:08:05.093 INFO [main] org.apache.catalina.core.StandardEngine.startInternal Starting Servlet engine: [Apache Tomcat/9.0.102]
03-May-2025 15:08:05.105 INFO [main] org.apache.catalina.startup.HostConfig.deployDescriptor Deploying deployment descriptor [C:\Users\OSHADHA\IdeaProjects\OOP-projectnew\conf\Catalina\localhost\OOP-projectnew.xml]
03-May-2025 15:08:05.619 INFO [main] org.apache.catalina.startup.HostConfig.deployDescriptor Deployment of deployment descriptor [C:\Users\OSHADHA\IdeaProjects\OOP-projectnew\conf\Catalina\localhost\OOP-projectnew.xml] has finished in [513] ms
03-May-2025 15:08:05.622 INFO [main] org.apache.coyote.AbstractProtocol.start Starting ProtocolHandler ["http-nio-8080"]
03-May-2025 15:08:05.646 INFO [main] org.apache.catalina.startup.Catalina.start Server startup in [618] milliseconds
03-May-2025 15:08:32.569 INFO [Thread-1] org.apache.coyote.AbstractProtocol.pause Pausing ProtocolHandler ["http-nio-8080"]
03-May-2025 15:08:32.584 INFO [Thread-1] org.apache.catalina.core.StandardService.stopInternal Stopping service [Catalina]
03-May-2025 15:08:32.606 INFO [Thread-1] org.apache.coyote.AbstractProtocol.stop Stopping ProtocolHandler ["http-nio-8080"]
03-May-2025 15:08:32.613 INFO [Thread-1] org.apache.coyote.AbstractProtocol.destroy Destroying ProtocolHandler ["http-nio-8080"]
03-May-2025 15:08:37.205 INFO [main] org.apache.catalina.startup.VersionLoggerListener.log Server version name:   Apache Tomcat/9.0.102
03-May-2025 15:08:37.211 INFO [main] org.apache.catalina.startup.VersionLoggerListener.log Server built:          Mar 3 2025 19:33:14 UTC
03-May-2025 15:08:37.211 INFO [main] org.apache.catalina.startup.VersionLoggerListener.log Server version number: 9.0.102.0
03-May-2025 15:08:37.212 INFO [main] org.apache.catalina.startup.VersionLoggerListener.log OS Name:               Windows 10
03-May-2025 15:08:37.212 INFO [main] org.apache.catalina.startup.VersionLoggerListener.log OS Version:            10.0
03-May-2025 15:08:37.212 INFO [main] org.apache.catalina.startup.VersionLoggerListener.log Architecture:          amd64
03-May-2025 15:08:37.212 INFO [main] org.apache.catalina.startup.VersionLoggerListener.log Java Home:             C:\Program Files\Java\jdk-22
03-May-2025 15:08:37.212 INFO [main] org.apache.catalina.startup.VersionLoggerListener.log JVM Version:           22.0.1+8-16
03-May-2025 15:08:37.212 INFO [main] org.apache.catalina.startup.VersionLoggerListener.log JVM Vendor:            Oracle Corporation
03-May-2025 15:08:37.212 INFO [main] org.apache.catalina.startup.VersionLoggerListener.log CATALINA_BASE:         C:\Users\OSHADHA\IdeaProjects\OOP-projectnew
03-May-2025 15:08:37.212 INFO [main] org.apache.catalina.startup.VersionLoggerListener.log CATALINA_HOME:         C:\Program Files\Apache Software Foundation\Tomcat 9.0
03-May-2025 15:08:37.223 INFO [main] org.apache.catalina.startup.VersionLoggerListener.log Command line argument: --add-opens=java.base/java.lang=ALL-UNNAMED
03-May-2025 15:08:37.223 INFO [main] org.apache.catalina.startup.VersionLoggerListener.log Command line argument: --add-opens=java.base/java.io=ALL-UNNAMED
03-May-2025 15:08:37.223 INFO [main] org.apache.catalina.startup.VersionLoggerListener.log Command line argument: --add-opens=java.base/java.util=ALL-UNNAMED
03-May-2025 15:08:37.223 INFO [main] org.apache.catalina.startup.VersionLoggerListener.log Command line argument: --add-opens=java.base/java.util.concurrent=ALL-UNNAMED
03-May-2025 15:08:37.223 INFO [main] org.apache.catalina.startup.VersionLoggerListener.log Command line argument: --add-opens=java.rmi/sun.rmi.transport=ALL-UNNAMED
03-May-2025 15:08:37.223 INFO [main] org.apache.catalina.startup.VersionLoggerListener.log Command line argument: -Dcatalina.home=C:\Program Files\Apache Software Foundation\Tomcat 9.0
03-May-2025 15:08:37.223 INFO [main] org.apache.catalina.startup.VersionLoggerListener.log Command line argument: -Dcatalina.base=C:\Users\OSHADHA\IdeaProjects\OOP-projectnew
03-May-2025 15:08:37.223 INFO [main] org.apache.catalina.startup.VersionLoggerListener.log Command line argument: -Djava.io.tmpdir=C:\Users\OSHADHA\IdeaProjects\OOP-projectnew\temp
03-May-2025 15:08:37.224 INFO [main] org.apache.catalina.startup.VersionLoggerListener.log Command line argument: -Djava.util.logging.config.file=C:\Users\OSHADHA\IdeaProjects\OOP-projectnew\conf\logging.properties
03-May-2025 15:08:37.224 INFO [main] org.apache.catalina.startup.VersionLoggerListener.log Command line argument: -Djava.util.logging.manager=org.apache.juli.ClassLoaderLogManager
03-May-2025 15:08:37.224 INFO [main] org.apache.catalina.startup.VersionLoggerListener.log Command line argument: -javaagent:C:\Program Files\JetBrains\IntelliJ IDEA 2024.3.5\lib\idea_rt.jar=63814
03-May-2025 15:08:37.224 INFO [main] org.apache.catalina.startup.VersionLoggerListener.log Command line argument: -Dfile.encoding=UTF-8
03-May-2025 15:08:37.225 INFO [main] org.apache.catalina.startup.VersionLoggerListener.log Command line argument: -Dsun.stdout.encoding=UTF-8
03-May-2025 15:08:37.225 INFO [main] org.apache.catalina.startup.VersionLoggerListener.log Command line argument: -Dsun.stderr.encoding=UTF-8
03-May-2025 15:08:37.230 INFO [main] org.apache.catalina.core.AprLifecycleListener.lifecycleEvent Loaded Apache Tomcat Native library [1.3.1] using APR version [1.7.4].
03-May-2025 15:08:37.231 INFO [main] org.apache.catalina.core.AprLifecycleListener.lifecycleEvent APR capabilities: IPv6 [true], sendfile [true], accept filters [false], random [true], UDS [true].
03-May-2025 15:08:37.231 INFO [main] org.apache.catalina.core.AprLifecycleListener.lifecycleEvent APR/OpenSSL configuration: useAprConnector [false], useOpenSSL [true]
03-May-2025 15:08:37.239 INFO [main] org.apache.catalina.core.AprLifecycleListener.initializeSSL OpenSSL successfully initialized [OpenSSL 3.0.14 4 Jun 2024]
03-May-2025 15:08:37.906 INFO [main] org.apache.coyote.AbstractProtocol.init Initializing ProtocolHandler ["http-nio-8080"]
03-May-2025 15:08:37.934 INFO [main] org.apache.catalina.startup.Catalina.load Server initialization in [1606] milliseconds
03-May-2025 15:08:38.009 INFO [main] org.apache.catalina.core.StandardService.startInternal Starting service [Catalina]
03-May-2025 15:08:38.010 INFO [main] org.apache.catalina.core.StandardEngine.startInternal Starting Servlet engine: [Apache Tomcat/9.0.102]
03-May-2025 15:08:38.023 INFO [main] org.apache.catalina.startup.HostConfig.deployDescriptor Deploying deployment descriptor [C:\Users\OSHADHA\IdeaProjects\OOP-projectnew\conf\Catalina\localhost\OOP-projectnew.xml]
03-May-2025 15:08:38.446 INFO [main] org.apache.catalina.startup.HostConfig.deployDescriptor Deployment of deployment descriptor [C:\Users\OSHADHA\IdeaProjects\OOP-projectnew\conf\Catalina\localhost\OOP-projectnew.xml] has finished in [423] ms
03-May-2025 15:08:38.450 INFO [main] org.apache.coyote.AbstractProtocol.start Starting ProtocolHandler ["http-nio-8080"]
03-May-2025 15:08:38.473 INFO [main] org.apache.catalina.startup.Catalina.start Server startup in [536] milliseconds
03-May-2025 15:17:26.086 INFO [Thread-1] org.apache.coyote.AbstractProtocol.pause Pausing ProtocolHandler ["http-nio-8080"]
03-May-2025 15:17:26.097 INFO [Thread-1] org.apache.catalina.core.StandardService.stopInternal Stopping service [Catalina]
03-May-2025 15:17:26.126 INFO [Thread-1] org.apache.coyote.AbstractProtocol.stop Stopping ProtocolHandler ["http-nio-8080"]
03-May-2025 15:17:26.132 INFO [Thread-1] org.apache.coyote.AbstractProtocol.destroy Destroying ProtocolHandler ["http-nio-8080"]
03-May-2025 15:17:31.037 INFO [main] org.apache.catalina.startup.VersionLoggerListener.log Server version name:   Apache Tomcat/9.0.102
03-May-2025 15:17:31.043 INFO [main] org.apache.catalina.startup.VersionLoggerListener.log Server built:          Mar 3 2025 19:33:14 UTC
03-May-2025 15:17:31.044 INFO [main] org.apache.catalina.startup.VersionLoggerListener.log Server version number: 9.0.102.0
03-May-2025 15:17:31.044 INFO [main] org.apache.catalina.startup.VersionLoggerListener.log OS Name:               Windows 10
03-May-2025 15:17:31.044 INFO [main] org.apache.catalina.startup.VersionLoggerListener.log OS Version:            10.0
03-May-2025 15:17:31.044 INFO [main] org.apache.catalina.startup.VersionLoggerListener.log Architecture:          amd64
03-May-2025 15:17:31.045 INFO [main] org.apache.catalina.startup.VersionLoggerListener.log Java Home:             C:\Program Files\Java\jdk-22
03-May-2025 15:17:31.045 INFO [main] org.apache.catalina.startup.VersionLoggerListener.log JVM Version:           22.0.1+8-16
03-May-2025 15:17:31.045 INFO [main] org.apache.catalina.startup.VersionLoggerListener.log JVM Vendor:            Oracle Corporation
03-May-2025 15:17:31.045 INFO [main] org.apache.catalina.startup.VersionLoggerListener.log CATALINA_BASE:         C:\Users\OSHADHA\IdeaProjects\OOP-projectnew
03-May-2025 15:17:31.045 INFO [main] org.apache.catalina.startup.VersionLoggerListener.log CATALINA_HOME:         C:\Program Files\Apache Software Foundation\Tomcat 9.0
03-May-2025 15:17:31.057 INFO [main] org.apache.catalina.startup.VersionLoggerListener.log Command line argument: --add-opens=java.base/java.lang=ALL-UNNAMED
03-May-2025 15:17:31.057 INFO [main] org.apache.catalina.startup.VersionLoggerListener.log Command line argument: --add-opens=java.base/java.io=ALL-UNNAMED
03-May-2025 15:17:31.057 INFO [main] org.apache.catalina.startup.VersionLoggerListener.log Command line argument: --add-opens=java.base/java.util=ALL-UNNAMED
03-May-2025 15:17:31.057 INFO [main] org.apache.catalina.startup.VersionLoggerListener.log Command line argument: --add-opens=java.base/java.util.concurrent=ALL-UNNAMED
03-May-2025 15:17:31.057 INFO [main] org.apache.catalina.startup.VersionLoggerListener.log Command line argument: --add-opens=java.rmi/sun.rmi.transport=ALL-UNNAMED
03-May-2025 15:17:31.057 INFO [main] org.apache.catalina.startup.VersionLoggerListener.log Command line argument: -Dcatalina.home=C:\Program Files\Apache Software Foundation\Tomcat 9.0
03-May-2025 15:17:31.058 INFO [main] org.apache.catalina.startup.VersionLoggerListener.log Command line argument: -Dcatalina.base=C:\Users\OSHADHA\IdeaProjects\OOP-projectnew
03-May-2025 15:17:31.058 INFO [main] org.apache.catalina.startup.VersionLoggerListener.log Command line argument: -Djava.io.tmpdir=C:\Users\OSHADHA\IdeaProjects\OOP-projectnew\temp
03-May-2025 15:17:31.058 INFO [main] org.apache.catalina.startup.VersionLoggerListener.log Command line argument: -Djava.util.logging.config.file=C:\Users\OSHADHA\IdeaProjects\OOP-projectnew\conf\logging.properties
03-May-2025 15:17:31.058 INFO [main] org.apache.catalina.startup.VersionLoggerListener.log Command line argument: -Djava.util.logging.manager=org.apache.juli.ClassLoaderLogManager
03-May-2025 15:17:31.058 INFO [main] org.apache.catalina.startup.VersionLoggerListener.log Command line argument: -javaagent:C:\Program Files\JetBrains\IntelliJ IDEA 2024.3.5\lib\idea_rt.jar=63948
03-May-2025 15:17:31.058 INFO [main] org.apache.catalina.startup.VersionLoggerListener.log Command line argument: -Dfile.encoding=UTF-8
03-May-2025 15:17:31.059 INFO [main] org.apache.catalina.startup.VersionLoggerListener.log Command line argument: -Dsun.stdout.encoding=UTF-8
03-May-2025 15:17:31.059 INFO [main] org.apache.catalina.startup.VersionLoggerListener.log Command line argument: -Dsun.stderr.encoding=UTF-8
03-May-2025 15:17:31.065 INFO [main] org.apache.catalina.core.AprLifecycleListener.lifecycleEvent Loaded Apache Tomcat Native library [1.3.1] using APR version [1.7.4].
03-May-2025 15:17:31.065 INFO [main] org.apache.catalina.core.AprLifecycleListener.lifecycleEvent APR capabilities: IPv6 [true], sendfile [true], accept filters [false], random [true], UDS [true].
03-May-2025 15:17:31.065 INFO [main] org.apache.catalina.core.AprLifecycleListener.lifecycleEvent APR/OpenSSL configuration: useAprConnector [false], useOpenSSL [true]
03-May-2025 15:17:31.077 INFO [main] org.apache.catalina.core.AprLifecycleListener.initializeSSL OpenSSL successfully initialized [OpenSSL 3.0.14 4 Jun 2024]
03-May-2025 15:17:31.532 INFO [main] org.apache.coyote.AbstractProtocol.init Initializing ProtocolHandler ["http-nio-8080"]
03-May-2025 15:17:31.558 INFO [main] org.apache.catalina.startup.Catalina.load Server initialization in [769] milliseconds
03-May-2025 15:17:31.623 INFO [main] org.apache.catalina.core.StandardService.startInternal Starting service [Catalina]
03-May-2025 15:17:31.623 INFO [main] org.apache.catalina.core.StandardEngine.startInternal Starting Servlet engine: [Apache Tomcat/9.0.102]
03-May-2025 15:17:31.632 INFO [main] org.apache.catalina.startup.HostConfig.deployDescriptor Deploying deployment descriptor [C:\Users\OSHADHA\IdeaProjects\OOP-projectnew\conf\Catalina\localhost\OOP-projectnew.xml]
03-May-2025 15:17:32.084 INFO [main] org.apache.catalina.startup.HostConfig.deployDescriptor Deployment of deployment descriptor [C:\Users\OSHADHA\IdeaProjects\OOP-projectnew\conf\Catalina\localhost\OOP-projectnew.xml] has finished in [452] ms
03-May-2025 15:17:32.088 INFO [main] org.apache.coyote.AbstractProtocol.start Starting ProtocolHandler ["http-nio-8080"]
03-May-2025 15:17:32.111 INFO [main] org.apache.catalina.startup.Catalina.start Server startup in [550] milliseconds
03-May-2025 15:22:34.769 INFO [Thread-1] org.apache.coyote.AbstractProtocol.pause Pausing ProtocolHandler ["http-nio-8080"]
03-May-2025 15:22:34.782 INFO [Thread-1] org.apache.catalina.core.StandardService.stopInternal Stopping service [Catalina]
03-May-2025 15:22:34.838 INFO [Thread-1] org.apache.coyote.AbstractProtocol.stop Stopping ProtocolHandler ["http-nio-8080"]
03-May-2025 15:22:34.853 INFO [Thread-1] org.apache.coyote.AbstractProtocol.destroy Destroying ProtocolHandler ["http-nio-8080"]
03-May-2025 15:23:23.902 INFO [main] org.apache.catalina.startup.VersionLoggerListener.log Server version name:   Apache Tomcat/9.0.102
03-May-2025 15:23:23.907 INFO [main] org.apache.catalina.startup.VersionLoggerListener.log Server built:          Mar 3 2025 19:33:14 UTC
03-May-2025 15:23:23.908 INFO [main] org.apache.catalina.startup.VersionLoggerListener.log Server version number: 9.0.102.0
03-May-2025 15:23:23.908 INFO [main] org.apache.catalina.startup.VersionLoggerListener.log OS Name:               Windows 10
03-May-2025 15:23:23.908 INFO [main] org.apache.catalina.startup.VersionLoggerListener.log OS Version:            10.0
03-May-2025 15:23:23.908 INFO [main] org.apache.catalina.startup.VersionLoggerListener.log Architecture:          amd64
03-May-2025 15:23:23.909 INFO [main] org.apache.catalina.startup.VersionLoggerListener.log Java Home:             C:\Program Files\Java\jdk-22
03-May-2025 15:23:23.909 INFO [main] org.apache.catalina.startup.VersionLoggerListener.log JVM Version:           22.0.1+8-16
03-May-2025 15:23:23.909 INFO [main] org.apache.catalina.startup.VersionLoggerListener.log JVM Vendor:            Oracle Corporation
03-May-2025 15:23:23.909 INFO [main] org.apache.catalina.startup.VersionLoggerListener.log CATALINA_BASE:         C:\Users\OSHADHA\IdeaProjects\OOP-projectnew
03-May-2025 15:23:23.909 INFO [main] org.apache.catalina.startup.VersionLoggerListener.log CATALINA_HOME:         C:\Program Files\Apache Software Foundation\Tomcat 9.0
03-May-2025 15:23:23.920 INFO [main] org.apache.catalina.startup.VersionLoggerListener.log Command line argument: --add-opens=java.base/java.lang=ALL-UNNAMED
03-May-2025 15:23:23.920 INFO [main] org.apache.catalina.startup.VersionLoggerListener.log Command line argument: --add-opens=java.base/java.io=ALL-UNNAMED
03-May-2025 15:23:23.920 INFO [main] org.apache.catalina.startup.VersionLoggerListener.log Command line argument: --add-opens=java.base/java.util=ALL-UNNAMED
03-May-2025 15:23:23.920 INFO [main] org.apache.catalina.startup.VersionLoggerListener.log Command line argument: --add-opens=java.base/java.util.concurrent=ALL-UNNAMED
03-May-2025 15:23:23.920 INFO [main] org.apache.catalina.startup.VersionLoggerListener.log Command line argument: --add-opens=java.rmi/sun.rmi.transport=ALL-UNNAMED
03-May-2025 15:23:23.920 INFO [main] org.apache.catalina.startup.VersionLoggerListener.log Command line argument: -Dcatalina.home=C:\Program Files\Apache Software Foundation\Tomcat 9.0
03-May-2025 15:23:23.920 INFO [main] org.apache.catalina.startup.VersionLoggerListener.log Command line argument: -Dcatalina.base=C:\Users\OSHADHA\IdeaProjects\OOP-projectnew
03-May-2025 15:23:23.920 INFO [main] org.apache.catalina.startup.VersionLoggerListener.log Command line argument: -Djava.io.tmpdir=C:\Users\OSHADHA\IdeaProjects\OOP-projectnew\temp
03-May-2025 15:23:23.921 INFO [main] org.apache.catalina.startup.VersionLoggerListener.log Command line argument: -Djava.util.logging.config.file=C:\Users\OSHADHA\IdeaProjects\OOP-projectnew\conf\logging.properties
03-May-2025 15:23:23.921 INFO [main] org.apache.catalina.startup.VersionLoggerListener.log Command line argument: -Djava.util.logging.manager=org.apache.juli.ClassLoaderLogManager
03-May-2025 15:23:23.921 INFO [main] org.apache.catalina.startup.VersionLoggerListener.log Command line argument: -javaagent:C:\Program Files\JetBrains\IntelliJ IDEA 2024.3.5\lib\idea_rt.jar=64336
03-May-2025 15:23:23.921 INFO [main] org.apache.catalina.startup.VersionLoggerListener.log Command line argument: -Dfile.encoding=UTF-8
03-May-2025 15:23:23.921 INFO [main] org.apache.catalina.startup.VersionLoggerListener.log Command line argument: -Dsun.stdout.encoding=UTF-8
03-May-2025 15:23:23.921 INFO [main] org.apache.catalina.startup.VersionLoggerListener.log Command line argument: -Dsun.stderr.encoding=UTF-8
03-May-2025 15:23:23.927 INFO [main] org.apache.catalina.core.AprLifecycleListener.lifecycleEvent Loaded Apache Tomcat Native library [1.3.1] using APR version [1.7.4].
03-May-2025 15:23:23.927 INFO [main] org.apache.catalina.core.AprLifecycleListener.lifecycleEvent APR capabilities: IPv6 [true], sendfile [true], accept filters [false], random [true], UDS [true].
03-May-2025 15:23:23.927 INFO [main] org.apache.catalina.core.AprLifecycleListener.lifecycleEvent APR/OpenSSL configuration: useAprConnector [false], useOpenSSL [true]
03-May-2025 15:23:23.942 INFO [main] org.apache.catalina.core.AprLifecycleListener.initializeSSL OpenSSL successfully initialized [OpenSSL 3.0.14 4 Jun 2024]
03-May-2025 15:23:24.419 INFO [main] org.apache.coyote.AbstractProtocol.init Initializing ProtocolHandler ["http-nio-8080"]
03-May-2025 15:23:24.444 INFO [main] org.apache.catalina.startup.Catalina.load Server initialization in [858] milliseconds
03-May-2025 15:23:24.516 INFO [main] org.apache.catalina.core.StandardService.startInternal Starting service [Catalina]
03-May-2025 15:23:24.516 INFO [main] org.apache.catalina.core.StandardEngine.startInternal Starting Servlet engine: [Apache Tomcat/9.0.102]
03-May-2025 15:23:24.526 INFO [main] org.apache.catalina.startup.HostConfig.deployDescriptor Deploying deployment descriptor [C:\Users\OSHADHA\IdeaProjects\OOP-projectnew\conf\Catalina\localhost\OOP-projectnew.xml]
03-May-2025 15:23:24.981 INFO [main] org.apache.catalina.startup.HostConfig.deployDescriptor Deployment of deployment descriptor [C:\Users\OSHADHA\IdeaProjects\OOP-projectnew\conf\Catalina\localhost\OOP-projectnew.xml] has finished in [455] ms
03-May-2025 15:23:24.985 INFO [main] org.apache.coyote.AbstractProtocol.start Starting ProtocolHandler ["http-nio-8080"]
03-May-2025 15:23:25.007 INFO [main] org.apache.catalina.startup.Catalina.start Server startup in [559] milliseconds
03-May-2025 15:23:26.050 INFO [main] org.apache.catalina.startup.VersionLoggerListener.log Server version name:   Apache Tomcat/9.0.102
03-May-2025 15:23:26.054 INFO [main] org.apache.catalina.startup.VersionLoggerListener.log Server built:          Mar 3 2025 19:33:14 UTC
03-May-2025 15:23:26.054 INFO [main] org.apache.catalina.startup.VersionLoggerListener.log Server version number: 9.0.102.0
03-May-2025 15:23:26.054 INFO [main] org.apache.catalina.startup.VersionLoggerListener.log OS Name:               Windows 10
03-May-2025 15:23:26.054 INFO [main] org.apache.catalina.startup.VersionLoggerListener.log OS Version:            10.0
03-May-2025 15:23:26.054 INFO [main] org.apache.catalina.startup.VersionLoggerListener.log Architecture:          amd64
03-May-2025 15:23:26.054 INFO [main] org.apache.catalina.startup.VersionLoggerListener.log Java Home:             C:\Program Files\Java\jdk-22
03-May-2025 15:23:26.055 INFO [main] org.apache.catalina.startup.VersionLoggerListener.log JVM Version:           22.0.1+8-16
03-May-2025 15:23:26.055 INFO [main] org.apache.catalina.startup.VersionLoggerListener.log JVM Vendor:            Oracle Corporation
03-May-2025 15:23:26.055 INFO [main] org.apache.catalina.startup.VersionLoggerListener.log CATALINA_BASE:         C:\Users\OSHADHA\IdeaProjects\OOP-projectnew
03-May-2025 15:23:26.055 INFO [main] org.apache.catalina.startup.VersionLoggerListener.log CATALINA_HOME:         C:\Program Files\Apache Software Foundation\Tomcat 9.0
03-May-2025 15:23:26.064 INFO [main] org.apache.catalina.startup.VersionLoggerListener.log Command line argument: --add-opens=java.base/java.lang=ALL-UNNAMED
03-May-2025 15:23:26.064 INFO [main] org.apache.catalina.startup.VersionLoggerListener.log Command line argument: --add-opens=java.base/java.io=ALL-UNNAMED
03-May-2025 15:23:26.064 INFO [main] org.apache.catalina.startup.VersionLoggerListener.log Command line argument: --add-opens=java.base/java.util=ALL-UNNAMED
03-May-2025 15:23:26.064 INFO [main] org.apache.catalina.startup.VersionLoggerListener.log Command line argument: --add-opens=java.base/java.util.concurrent=ALL-UNNAMED
03-May-2025 15:23:26.064 INFO [main] org.apache.catalina.startup.VersionLoggerListener.log Command line argument: --add-opens=java.rmi/sun.rmi.transport=ALL-UNNAMED
03-May-2025 15:23:26.064 INFO [main] org.apache.catalina.startup.VersionLoggerListener.log Command line argument: -Dcatalina.home=C:\Program Files\Apache Software Foundation\Tomcat 9.0
03-May-2025 15:23:26.064 INFO [main] org.apache.catalina.startup.VersionLoggerListener.log Command line argument: -Dcatalina.base=C:\Users\OSHADHA\IdeaProjects\OOP-projectnew
03-May-2025 15:23:26.064 INFO [main] org.apache.catalina.startup.VersionLoggerListener.log Command line argument: -Djava.io.tmpdir=C:\Users\OSHADHA\IdeaProjects\OOP-projectnew\temp
03-May-2025 15:23:26.064 INFO [main] org.apache.catalina.startup.VersionLoggerListener.log Command line argument: -Djava.util.logging.config.file=C:\Users\OSHADHA\IdeaProjects\OOP-projectnew\conf\logging.properties
03-May-2025 15:23:26.065 INFO [main] org.apache.catalina.startup.VersionLoggerListener.log Command line argument: -Djava.util.logging.manager=org.apache.juli.ClassLoaderLogManager
03-May-2025 15:23:26.065 INFO [main] org.apache.catalina.startup.VersionLoggerListener.log Command line argument: -javaagent:C:\Program Files\JetBrains\IntelliJ IDEA 2024.3.5\lib\idea_rt.jar=64339
03-May-2025 15:23:26.065 INFO [main] org.apache.catalina.startup.VersionLoggerListener.log Command line argument: -Dfile.encoding=UTF-8
03-May-2025 15:23:26.065 INFO [main] org.apache.catalina.startup.VersionLoggerListener.log Command line argument: -Dsun.stdout.encoding=UTF-8
03-May-2025 15:23:26.065 INFO [main] org.apache.catalina.startup.VersionLoggerListener.log Command line argument: -Dsun.stderr.encoding=UTF-8
03-May-2025 15:23:26.069 INFO [main] org.apache.catalina.core.AprLifecycleListener.lifecycleEvent Loaded Apache Tomcat Native library [1.3.1] using APR version [1.7.4].
03-May-2025 15:23:26.069 INFO [main] org.apache.catalina.core.AprLifecycleListener.lifecycleEvent APR capabilities: IPv6 [true], sendfile [true], accept filters [false], random [true], UDS [true].
03-May-2025 15:23:26.069 INFO [main] org.apache.catalina.core.AprLifecycleListener.lifecycleEvent APR/OpenSSL configuration: useAprConnector [false], useOpenSSL [true]
03-May-2025 15:23:26.076 INFO [main] org.apache.catalina.core.AprLifecycleListener.initializeSSL OpenSSL successfully initialized [OpenSSL 3.0.14 4 Jun 2024]
03-May-2025 15:23:26.504 INFO [main] org.apache.coyote.AbstractProtocol.init Initializing ProtocolHandler ["http-nio-8080"]
03-May-2025 15:23:26.514 SEVERE [main] org.apache.catalina.util.LifecycleBase.handleSubClassException Failed to initialize component [Connector["http-nio-8080"]]
	org.apache.catalina.LifecycleException: Protocol handler initialization failed
		at org.apache.catalina.connector.Connector.initInternal(Connector.java:1048)
		at org.apache.catalina.util.LifecycleBase.init(LifecycleBase.java:122)
		at org.apache.catalina.core.StandardService.initInternal(StandardService.java:525)
		at org.apache.catalina.util.LifecycleBase.init(LifecycleBase.java:122)
		at org.apache.catalina.core.StandardServer.initInternal(StandardServer.java:986)
		at org.apache.catalina.util.LifecycleBase.init(LifecycleBase.java:122)
		at org.apache.catalina.startup.Catalina.load(Catalina.java:690)
		at org.apache.catalina.startup.Catalina.load(Catalina.java:713)
		at java.base/jdk.internal.reflect.DirectMethodHandleAccessor.invoke(DirectMethodHandleAccessor.java:103)
		at java.base/java.lang.reflect.Method.invoke(Method.java:580)
		at org.apache.catalina.startup.Bootstrap.load(Bootstrap.java:302)
		at org.apache.catalina.startup.Bootstrap.main(Bootstrap.java:472)
	Caused by: java.net.BindException: Address already in use: bind
		at java.base/sun.nio.ch.Net.bind0(Native Method)
		at java.base/sun.nio.ch.Net.bind(Net.java:565)
		at java.base/sun.nio.ch.ServerSocketChannelImpl.netBind(ServerSocketChannelImpl.java:344)
		at java.base/sun.nio.ch.ServerSocketChannelImpl.bind(ServerSocketChannelImpl.java:301)
		at org.apache.tomcat.util.net.NioEndpoint.initServerSocket(NioEndpoint.java:268)
		at org.apache.tomcat.util.net.NioEndpoint.bind(NioEndpoint.java:223)
		at org.apache.tomcat.util.net.AbstractEndpoint.bindWithCleanup(AbstractEndpoint.java:1373)
		at org.apache.tomcat.util.net.AbstractEndpoint.init(AbstractEndpoint.java:1386)
		at org.apache.coyote.AbstractProtocol.init(AbstractProtocol.java:663)
		at org.apache.coyote.http11.AbstractHttp11Protocol.init(AbstractHttp11Protocol.java:80)
		at org.apache.catalina.connector.Connector.initInternal(Connector.java:1046)
		... 11 more
03-May-2025 15:23:26.515 INFO [main] org.apache.catalina.startup.Catalina.load Server initialization in [759] milliseconds
03-May-2025 15:23:26.566 INFO [main] org.apache.catalina.core.StandardService.startInternal Starting service [Catalina]
03-May-2025 15:23:26.566 INFO [main] org.apache.catalina.core.StandardEngine.startInternal Starting Servlet engine: [Apache Tomcat/9.0.102]
03-May-2025 15:23:26.576 INFO [main] org.apache.catalina.startup.HostConfig.deployDescriptor Deploying deployment descriptor [C:\Users\OSHADHA\IdeaProjects\OOP-projectnew\conf\Catalina\localhost\OOP-projectnew.xml]
03-May-2025 15:23:27.099 INFO [main] org.apache.catalina.startup.HostConfig.deployDescriptor Deployment of deployment descriptor [C:\Users\OSHADHA\IdeaProjects\OOP-projectnew\conf\Catalina\localhost\OOP-projectnew.xml] has finished in [522] ms
03-May-2025 15:23:27.103 INFO [main] org.apache.catalina.startup.Catalina.start Server startup in [587] milliseconds
03-May-2025 15:23:27.109 SEVERE [main] org.apache.catalina.core.StandardServer.await Failed to create server shutdown socket on address [localhost] and port [8005] (base port [8005] and offset [0])
	java.net.BindException: Address already in use: bind
		at java.base/sun.nio.ch.Net.bind0(Native Method)
		at java.base/sun.nio.ch.Net.bind(Net.java:565)
		at java.base/sun.nio.ch.Net.bind(Net.java:554)
		at java.base/sun.nio.ch.NioSocketImpl.bind(NioSocketImpl.java:636)
		at java.base/java.net.ServerSocket.bind(ServerSocket.java:390)
		at java.base/java.net.ServerSocket.<init>(ServerSocket.java:277)
		at org.apache.catalina.core.StandardServer.await(StandardServer.java:537)
		at org.apache.catalina.startup.Catalina.await(Catalina.java:829)
		at org.apache.catalina.startup.Catalina.start(Catalina.java:777)
		at java.base/jdk.internal.reflect.DirectMethodHandleAccessor.invoke(DirectMethodHandleAccessor.java:103)
		at java.base/java.lang.reflect.Method.invoke(Method.java:580)
		at org.apache.catalina.startup.Bootstrap.start(Bootstrap.java:345)
		at org.apache.catalina.startup.Bootstrap.main(Bootstrap.java:473)
03-May-2025 15:23:27.109 INFO [main] org.apache.coyote.AbstractProtocol.pause Pausing ProtocolHandler ["http-nio-8080"]
03-May-2025 15:23:27.109 INFO [main] org.apache.catalina.core.StandardService.stopInternal Stopping service [Catalina]
03-May-2025 15:23:27.118 INFO [main] org.apache.coyote.AbstractProtocol.stop Stopping ProtocolHandler ["http-nio-8080"]
03-May-2025 15:23:27.118 INFO [main] org.apache.coyote.AbstractProtocol.destroy Destroying ProtocolHandler ["http-nio-8080"]
03-May-2025 15:23:34.999 INFO [Catalina-utility-1] org.apache.catalina.startup.HostConfig.undeploy Undeploying context [/OOP-projectnew]
03-May-2025 15:23:35.015 INFO [Catalina-utility-1] org.apache.catalina.startup.HostConfig.deployDescriptor Deploying deployment descriptor [C:\Users\OSHADHA\IdeaProjects\OOP-projectnew\conf\Catalina\localhost\OOP-projectnew.xml]
03-May-2025 15:23:35.067 INFO [Catalina-utility-1] org.apache.catalina.startup.HostConfig.deployDescriptor Deployment of deployment descriptor [C:\Users\OSHADHA\IdeaProjects\OOP-projectnew\conf\Catalina\localhost\OOP-projectnew.xml] has finished in [52] ms
03-May-2025 15:24:41.483 INFO [Thread-1] org.apache.coyote.AbstractProtocol.pause Pausing ProtocolHandler ["http-nio-8080"]
03-May-2025 15:24:41.493 INFO [Thread-1] org.apache.catalina.core.StandardService.stopInternal Stopping service [Catalina]
03-May-2025 15:24:41.497 INFO [Thread-1] org.apache.coyote.AbstractProtocol.stop Stopping ProtocolHandler ["http-nio-8080"]
03-May-2025 15:24:41.500 INFO [Thread-1] org.apache.coyote.AbstractProtocol.destroy Destroying ProtocolHandler ["http-nio-8080"]
03-May-2025 15:24:44.172 INFO [main] org.apache.catalina.startup.VersionLoggerListener.log Server version name:   Apache Tomcat/9.0.102
03-May-2025 15:24:44.177 INFO [main] org.apache.catalina.startup.VersionLoggerListener.log Server built:          Mar 3 2025 19:33:14 UTC
03-May-2025 15:24:44.177 INFO [main] org.apache.catalina.startup.VersionLoggerListener.log Server version number: 9.0.102.0
03-May-2025 15:24:44.177 INFO [main] org.apache.catalina.startup.VersionLoggerListener.log OS Name:               Windows 10
03-May-2025 15:24:44.178 INFO [main] org.apache.catalina.startup.VersionLoggerListener.log OS Version:            10.0
03-May-2025 15:24:44.178 INFO [main] org.apache.catalina.startup.VersionLoggerListener.log Architecture:          amd64
03-May-2025 15:24:44.178 INFO [main] org.apache.catalina.startup.VersionLoggerListener.log Java Home:             C:\Program Files\Java\jdk-22
03-May-2025 15:24:44.178 INFO [main] org.apache.catalina.startup.VersionLoggerListener.log JVM Version:           22.0.1+8-16
03-May-2025 15:24:44.178 INFO [main] org.apache.catalina.startup.VersionLoggerListener.log JVM Vendor:            Oracle Corporation
03-May-2025 15:24:44.179 INFO [main] org.apache.catalina.startup.VersionLoggerListener.log CATALINA_BASE:         C:\Users\OSHADHA\IdeaProjects\OOP-projectnew
03-May-2025 15:24:44.179 INFO [main] org.apache.catalina.startup.VersionLoggerListener.log CATALINA_HOME:         C:\Program Files\Apache Software Foundation\Tomcat 9.0
03-May-2025 15:24:44.188 INFO [main] org.apache.catalina.startup.VersionLoggerListener.log Command line argument: --add-opens=java.base/java.lang=ALL-UNNAMED
03-May-2025 15:24:44.189 INFO [main] org.apache.catalina.startup.VersionLoggerListener.log Command line argument: --add-opens=java.base/java.io=ALL-UNNAMED
03-May-2025 15:24:44.189 INFO [main] org.apache.catalina.startup.VersionLoggerListener.log Command line argument: --add-opens=java.base/java.util=ALL-UNNAMED
03-May-2025 15:24:44.189 INFO [main] org.apache.catalina.startup.VersionLoggerListener.log Command line argument: --add-opens=java.base/java.util.concurrent=ALL-UNNAMED
03-May-2025 15:24:44.189 INFO [main] org.apache.catalina.startup.VersionLoggerListener.log Command line argument: --add-opens=java.rmi/sun.rmi.transport=ALL-UNNAMED
03-May-2025 15:24:44.189 INFO [main] org.apache.catalina.startup.VersionLoggerListener.log Command line argument: -Dcatalina.home=C:\Program Files\Apache Software Foundation\Tomcat 9.0
03-May-2025 15:24:44.189 INFO [main] org.apache.catalina.startup.VersionLoggerListener.log Command line argument: -Dcatalina.base=C:\Users\OSHADHA\IdeaProjects\OOP-projectnew
03-May-2025 15:24:44.189 INFO [main] org.apache.catalina.startup.VersionLoggerListener.log Command line argument: -Djava.io.tmpdir=C:\Users\OSHADHA\IdeaProjects\OOP-projectnew\temp
03-May-2025 15:24:44.189 INFO [main] org.apache.catalina.startup.VersionLoggerListener.log Command line argument: -Djava.util.logging.config.file=C:\Users\OSHADHA\IdeaProjects\OOP-projectnew\conf\logging.properties
03-May-2025 15:24:44.189 INFO [main] org.apache.catalina.startup.VersionLoggerListener.log Command line argument: -Djava.util.logging.manager=org.apache.juli.ClassLoaderLogManager
03-May-2025 15:24:44.189 INFO [main] org.apache.catalina.startup.VersionLoggerListener.log Command line argument: -javaagent:C:\Program Files\JetBrains\IntelliJ IDEA 2024.3.5\lib\idea_rt.jar=64366
03-May-2025 15:24:44.189 INFO [main] org.apache.catalina.startup.VersionLoggerListener.log Command line argument: -Dfile.encoding=UTF-8
03-May-2025 15:24:44.190 INFO [main] org.apache.catalina.startup.VersionLoggerListener.log Command line argument: -Dsun.stdout.encoding=UTF-8
03-May-2025 15:24:44.190 INFO [main] org.apache.catalina.startup.VersionLoggerListener.log Command line argument: -Dsun.stderr.encoding=UTF-8
03-May-2025 15:24:44.194 INFO [main] org.apache.catalina.core.AprLifecycleListener.lifecycleEvent Loaded Apache Tomcat Native library [1.3.1] using APR version [1.7.4].
03-May-2025 15:24:44.195 INFO [main] org.apache.catalina.core.AprLifecycleListener.lifecycleEvent APR capabilities: IPv6 [true], sendfile [true], accept filters [false], random [true], UDS [true].
03-May-2025 15:24:44.195 INFO [main] org.apache.catalina.core.AprLifecycleListener.lifecycleEvent APR/OpenSSL configuration: useAprConnector [false], useOpenSSL [true]
03-May-2025 15:24:44.203 INFO [main] org.apache.catalina.core.AprLifecycleListener.initializeSSL OpenSSL successfully initialized [OpenSSL 3.0.14 4 Jun 2024]
03-May-2025 15:24:44.648 INFO [main] org.apache.coyote.AbstractProtocol.init Initializing ProtocolHandler ["http-nio-8080"]
03-May-2025 15:24:44.671 INFO [main] org.apache.catalina.startup.Catalina.load Server initialization in [789] milliseconds
03-May-2025 15:24:44.730 INFO [main] org.apache.catalina.core.StandardService.startInternal Starting service [Catalina]
03-May-2025 15:24:44.730 INFO [main] org.apache.catalina.core.StandardEngine.startInternal Starting Servlet engine: [Apache Tomcat/9.0.102]
03-May-2025 15:24:44.740 INFO [main] org.apache.catalina.startup.HostConfig.deployDescriptor Deploying deployment descriptor [C:\Users\OSHADHA\IdeaProjects\OOP-projectnew\conf\Catalina\localhost\OOP-projectnew.xml]
03-May-2025 15:24:45.183 INFO [main] org.apache.catalina.startup.HostConfig.deployDescriptor Deployment of deployment descriptor [C:\Users\OSHADHA\IdeaProjects\OOP-projectnew\conf\Catalina\localhost\OOP-projectnew.xml] has finished in [442] ms
03-May-2025 15:24:45.186 INFO [main] org.apache.coyote.AbstractProtocol.start Starting ProtocolHandler ["http-nio-8080"]
03-May-2025 15:24:45.209 INFO [main] org.apache.catalina.startup.Catalina.start Server startup in [536] milliseconds
03-May-2025 15:26:12.734 INFO [Thread-1] org.apache.coyote.AbstractProtocol.pause Pausing ProtocolHandler ["http-nio-8080"]
03-May-2025 15:26:12.745 INFO [Thread-1] org.apache.catalina.core.StandardService.stopInternal Stopping service [Catalina]
03-May-2025 15:26:12.755 INFO [Thread-1] org.apache.coyote.AbstractProtocol.stop Stopping ProtocolHandler ["http-nio-8080"]
03-May-2025 15:26:12.758 INFO [Thread-1] org.apache.coyote.AbstractProtocol.destroy Destroying ProtocolHandler ["http-nio-8080"]
03-May-2025 15:26:16.267 INFO [main] org.apache.catalina.startup.VersionLoggerListener.log Server version name:   Apache Tomcat/9.0.102
03-May-2025 15:26:16.272 INFO [main] org.apache.catalina.startup.VersionLoggerListener.log Server built:          Mar 3 2025 19:33:14 UTC
03-May-2025 15:26:16.272 INFO [main] org.apache.catalina.startup.VersionLoggerListener.log Server version number: 9.0.102.0
03-May-2025 15:26:16.273 INFO [main] org.apache.catalina.startup.VersionLoggerListener.log OS Name:               Windows 10
03-May-2025 15:26:16.273 INFO [main] org.apache.catalina.startup.VersionLoggerListener.log OS Version:            10.0
03-May-2025 15:26:16.273 INFO [main] org.apache.catalina.startup.VersionLoggerListener.log Architecture:          amd64
03-May-2025 15:26:16.273 INFO [main] org.apache.catalina.startup.VersionLoggerListener.log Java Home:             C:\Program Files\Java\jdk-22
03-May-2025 15:26:16.273 INFO [main] org.apache.catalina.startup.VersionLoggerListener.log JVM Version:           22.0.1+8-16
03-May-2025 15:26:16.273 INFO [main] org.apache.catalina.startup.VersionLoggerListener.log JVM Vendor:            Oracle Corporation
03-May-2025 15:26:16.273 INFO [main] org.apache.catalina.startup.VersionLoggerListener.log CATALINA_BASE:         C:\Users\OSHADHA\IdeaProjects\OOP-projectnew
03-May-2025 15:26:16.273 INFO [main] org.apache.catalina.startup.VersionLoggerListener.log CATALINA_HOME:         C:\Program Files\Apache Software Foundation\Tomcat 9.0
03-May-2025 15:26:16.287 INFO [main] org.apache.catalina.startup.VersionLoggerListener.log Command line argument: --add-opens=java.base/java.lang=ALL-UNNAMED
03-May-2025 15:26:16.287 INFO [main] org.apache.catalina.startup.VersionLoggerListener.log Command line argument: --add-opens=java.base/java.io=ALL-UNNAMED
03-May-2025 15:26:16.287 INFO [main] org.apache.catalina.startup.VersionLoggerListener.log Command line argument: --add-opens=java.base/java.util=ALL-UNNAMED
03-May-2025 15:26:16.287 INFO [main] org.apache.catalina.startup.VersionLoggerListener.log Command line argument: --add-opens=java.base/java.util.concurrent=ALL-UNNAMED
03-May-2025 15:26:16.287 INFO [main] org.apache.catalina.startup.VersionLoggerListener.log Command line argument: --add-opens=java.rmi/sun.rmi.transport=ALL-UNNAMED
03-May-2025 15:26:16.287 INFO [main] org.apache.catalina.startup.VersionLoggerListener.log Command line argument: -Dcatalina.home=C:\Program Files\Apache Software Foundation\Tomcat 9.0
03-May-2025 15:26:16.288 INFO [main] org.apache.catalina.startup.VersionLoggerListener.log Command line argument: -Dcatalina.base=C:\Users\OSHADHA\IdeaProjects\OOP-projectnew
03-May-2025 15:26:16.288 INFO [main] org.apache.catalina.startup.VersionLoggerListener.log Command line argument: -Djava.io.tmpdir=C:\Users\OSHADHA\IdeaProjects\OOP-projectnew\temp
03-May-2025 15:26:16.288 INFO [main] org.apache.catalina.startup.VersionLoggerListener.log Command line argument: -Djava.util.logging.config.file=C:\Users\OSHADHA\IdeaProjects\OOP-projectnew\conf\logging.properties
03-May-2025 15:26:16.288 INFO [main] org.apache.catalina.startup.VersionLoggerListener.log Command line argument: -Djava.util.logging.manager=org.apache.juli.ClassLoaderLogManager
03-May-2025 15:26:16.288 INFO [main] org.apache.catalina.startup.VersionLoggerListener.log Command line argument: -javaagent:C:\Program Files\JetBrains\IntelliJ IDEA 2024.3.5\lib\idea_rt.jar=64377
03-May-2025 15:26:16.288 INFO [main] org.apache.catalina.startup.VersionLoggerListener.log Command line argument: -Dfile.encoding=UTF-8
03-May-2025 15:26:16.288 INFO [main] org.apache.catalina.startup.VersionLoggerListener.log Command line argument: -Dsun.stdout.encoding=UTF-8
03-May-2025 15:26:16.289 INFO [main] org.apache.catalina.startup.VersionLoggerListener.log Command line argument: -Dsun.stderr.encoding=UTF-8
03-May-2025 15:26:16.293 INFO [main] org.apache.catalina.core.AprLifecycleListener.lifecycleEvent Loaded Apache Tomcat Native library [1.3.1] using APR version [1.7.4].
03-May-2025 15:26:16.293 INFO [main] org.apache.catalina.core.AprLifecycleListener.lifecycleEvent APR capabilities: IPv6 [true], sendfile [true], accept filters [false], random [true], UDS [true].
03-May-2025 15:26:16.293 INFO [main] org.apache.catalina.core.AprLifecycleListener.lifecycleEvent APR/OpenSSL configuration: useAprConnector [false], useOpenSSL [true]
03-May-2025 15:26:16.305 INFO [main] org.apache.catalina.core.AprLifecycleListener.initializeSSL OpenSSL successfully initialized [OpenSSL 3.0.14 4 Jun 2024]
03-May-2025 15:26:16.861 INFO [main] org.apache.coyote.AbstractProtocol.init Initializing ProtocolHandler ["http-nio-8080"]
03-May-2025 15:26:16.896 INFO [main] org.apache.catalina.startup.Catalina.load Server initialization in [913] milliseconds
03-May-2025 15:26:16.967 INFO [main] org.apache.catalina.core.StandardService.startInternal Starting service [Catalina]
03-May-2025 15:26:16.967 INFO [main] org.apache.catalina.core.StandardEngine.startInternal Starting Servlet engine: [Apache Tomcat/9.0.102]
03-May-2025 15:26:16.977 INFO [main] org.apache.catalina.startup.HostConfig.deployDescriptor Deploying deployment descriptor [C:\Users\OSHADHA\IdeaProjects\OOP-projectnew\conf\Catalina\localhost\OOP-projectnew.xml]
03-May-2025 15:26:17.530 INFO [main] org.apache.catalina.startup.HostConfig.deployDescriptor Deployment of deployment descriptor [C:\Users\OSHADHA\IdeaProjects\OOP-projectnew\conf\Catalina\localhost\OOP-projectnew.xml] has finished in [551] ms
03-May-2025 15:26:17.534 INFO [main] org.apache.coyote.AbstractProtocol.start Starting ProtocolHandler ["http-nio-8080"]
03-May-2025 15:26:17.556 INFO [main] org.apache.catalina.startup.Catalina.start Server startup in [655] milliseconds
03-May-2025 15:27:20.339 INFO [Thread-1] org.apache.coyote.AbstractProtocol.pause Pausing ProtocolHandler ["http-nio-8080"]
03-May-2025 15:27:20.350 INFO [Thread-1] org.apache.catalina.core.StandardService.stopInternal Stopping service [Catalina]
03-May-2025 15:27:20.360 INFO [Thread-1] org.apache.coyote.AbstractProtocol.stop Stopping ProtocolHandler ["http-nio-8080"]
03-May-2025 15:27:20.364 INFO [Thread-1] org.apache.coyote.AbstractProtocol.destroy Destroying ProtocolHandler ["http-nio-8080"]
03-May-2025 15:27:22.574 INFO [main] org.apache.catalina.startup.VersionLoggerListener.log Server version name:   Apache Tomcat/9.0.102
03-May-2025 15:27:22.579 INFO [main] org.apache.catalina.startup.VersionLoggerListener.log Server built:          Mar 3 2025 19:33:14 UTC
03-May-2025 15:27:22.579 INFO [main] org.apache.catalina.startup.VersionLoggerListener.log Server version number: 9.0.102.0
03-May-2025 15:27:22.579 INFO [main] org.apache.catalina.startup.VersionLoggerListener.log OS Name:               Windows 10
03-May-2025 15:27:22.580 INFO [main] org.apache.catalina.startup.VersionLoggerListener.log OS Version:            10.0
03-May-2025 15:27:22.580 INFO [main] org.apache.catalina.startup.VersionLoggerListener.log Architecture:          amd64
03-May-2025 15:27:22.580 INFO [main] org.apache.catalina.startup.VersionLoggerListener.log Java Home:             C:\Program Files\Java\jdk-22
03-May-2025 15:27:22.580 INFO [main] org.apache.catalina.startup.VersionLoggerListener.log JVM Version:           22.0.1+8-16
03-May-2025 15:27:22.580 INFO [main] org.apache.catalina.startup.VersionLoggerListener.log JVM Vendor:            Oracle Corporation
03-May-2025 15:27:22.580 INFO [main] org.apache.catalina.startup.VersionLoggerListener.log CATALINA_BASE:         C:\Users\OSHADHA\IdeaProjects\OOP-projectnew
03-May-2025 15:27:22.580 INFO [main] org.apache.catalina.startup.VersionLoggerListener.log CATALINA_HOME:         C:\Program Files\Apache Software Foundation\Tomcat 9.0
03-May-2025 15:27:22.589 INFO [main] org.apache.catalina.startup.VersionLoggerListener.log Command line argument: --add-opens=java.base/java.lang=ALL-UNNAMED
03-May-2025 15:27:22.589 INFO [main] org.apache.catalina.startup.VersionLoggerListener.log Command line argument: --add-opens=java.base/java.io=ALL-UNNAMED
03-May-2025 15:27:22.589 INFO [main] org.apache.catalina.startup.VersionLoggerListener.log Command line argument: --add-opens=java.base/java.util=ALL-UNNAMED
03-May-2025 15:27:22.589 INFO [main] org.apache.catalina.startup.VersionLoggerListener.log Command line argument: --add-opens=java.base/java.util.concurrent=ALL-UNNAMED
03-May-2025 15:27:22.589 INFO [main] org.apache.catalina.startup.VersionLoggerListener.log Command line argument: --add-opens=java.rmi/sun.rmi.transport=ALL-UNNAMED
03-May-2025 15:27:22.590 INFO [main] org.apache.catalina.startup.VersionLoggerListener.log Command line argument: -Dcatalina.home=C:\Program Files\Apache Software Foundation\Tomcat 9.0
03-May-2025 15:27:22.590 INFO [main] org.apache.catalina.startup.VersionLoggerListener.log Command line argument: -Dcatalina.base=C:\Users\OSHADHA\IdeaProjects\OOP-projectnew
03-May-2025 15:27:22.590 INFO [main] org.apache.catalina.startup.VersionLoggerListener.log Command line argument: -Djava.io.tmpdir=C:\Users\OSHADHA\IdeaProjects\OOP-projectnew\temp
03-May-2025 15:27:22.590 INFO [main] org.apache.catalina.startup.VersionLoggerListener.log Command line argument: -Djava.util.logging.config.file=C:\Users\OSHADHA\IdeaProjects\OOP-projectnew\conf\logging.properties
03-May-2025 15:27:22.590 INFO [main] org.apache.catalina.startup.VersionLoggerListener.log Command line argument: -Djava.util.logging.manager=org.apache.juli.ClassLoaderLogManager
03-May-2025 15:27:22.590 INFO [main] org.apache.catalina.startup.VersionLoggerListener.log Command line argument: -javaagent:C:\Program Files\JetBrains\IntelliJ IDEA 2024.3.5\lib\idea_rt.jar=64393
03-May-2025 15:27:22.590 INFO [main] org.apache.catalina.startup.VersionLoggerListener.log Command line argument: -Dfile.encoding=UTF-8
03-May-2025 15:27:22.590 INFO [main] org.apache.catalina.startup.VersionLoggerListener.log Command line argument: -Dsun.stdout.encoding=UTF-8
03-May-2025 15:27:22.590 INFO [main] org.apache.catalina.startup.VersionLoggerListener.log Command line argument: -Dsun.stderr.encoding=UTF-8
03-May-2025 15:27:22.595 INFO [main] org.apache.catalina.core.AprLifecycleListener.lifecycleEvent Loaded Apache Tomcat Native library [1.3.1] using APR version [1.7.4].
03-May-2025 15:27:22.595 INFO [main] org.apache.catalina.core.AprLifecycleListener.lifecycleEvent APR capabilities: IPv6 [true], sendfile [true], accept filters [false], random [true], UDS [true].
03-May-2025 15:27:22.595 INFO [main] org.apache.catalina.core.AprLifecycleListener.lifecycleEvent APR/OpenSSL configuration: useAprConnector [false], useOpenSSL [true]
03-May-2025 15:27:22.602 INFO [main] org.apache.catalina.core.AprLifecycleListener.initializeSSL OpenSSL successfully initialized [OpenSSL 3.0.14 4 Jun 2024]
03-May-2025 15:27:23.026 INFO [main] org.apache.coyote.AbstractProtocol.init Initializing ProtocolHandler ["http-nio-8080"]
03-May-2025 15:27:23.049 INFO [main] org.apache.catalina.startup.Catalina.load Server initialization in [727] milliseconds
03-May-2025 15:27:23.110 INFO [main] org.apache.catalina.core.StandardService.startInternal Starting service [Catalina]
03-May-2025 15:27:23.110 INFO [main] org.apache.catalina.core.StandardEngine.startInternal Starting Servlet engine: [Apache Tomcat/9.0.102]
03-May-2025 15:27:23.119 INFO [main] org.apache.catalina.startup.HostConfig.deployDescriptor Deploying deployment descriptor [C:\Users\OSHADHA\IdeaProjects\OOP-projectnew\conf\Catalina\localhost\OOP-projectnew.xml]
03-May-2025 15:27:23.560 INFO [main] org.apache.catalina.startup.HostConfig.deployDescriptor Deployment of deployment descriptor [C:\Users\OSHADHA\IdeaProjects\OOP-projectnew\conf\Catalina\localhost\OOP-projectnew.xml] has finished in [440] ms
03-May-2025 15:27:23.564 INFO [main] org.apache.coyote.AbstractProtocol.start Starting ProtocolHandler ["http-nio-8080"]
03-May-2025 15:27:23.587 INFO [main] org.apache.catalina.startup.Catalina.start Server startup in [536] milliseconds
03-May-2025 15:34:08.100 INFO [Thread-1] org.apache.coyote.AbstractProtocol.pause Pausing ProtocolHandler ["http-nio-8080"]
03-May-2025 15:34:08.110 INFO [Thread-1] org.apache.catalina.core.StandardService.stopInternal Stopping service [Catalina]
03-May-2025 15:34:08.125 INFO [Thread-1] org.apache.coyote.AbstractProtocol.stop Stopping ProtocolHandler ["http-nio-8080"]
03-May-2025 15:34:08.148 INFO [Thread-1] org.apache.coyote.AbstractProtocol.destroy Destroying ProtocolHandler ["http-nio-8080"]
03-May-2025 15:34:10.166 INFO [main] org.apache.catalina.startup.VersionLoggerListener.log Server version name:   Apache Tomcat/9.0.102
03-May-2025 15:34:10.170 INFO [main] org.apache.catalina.startup.VersionLoggerListener.log Server built:          Mar 3 2025 19:33:14 UTC
03-May-2025 15:34:10.171 INFO [main] org.apache.catalina.startup.VersionLoggerListener.log Server version number: 9.0.102.0
03-May-2025 15:34:10.171 INFO [main] org.apache.catalina.startup.VersionLoggerListener.log OS Name:               Windows 10
03-May-2025 15:34:10.171 INFO [main] org.apache.catalina.startup.VersionLoggerListener.log OS Version:            10.0
03-May-2025 15:34:10.171 INFO [main] org.apache.catalina.startup.VersionLoggerListener.log Architecture:          amd64
03-May-2025 15:34:10.171 INFO [main] org.apache.catalina.startup.VersionLoggerListener.log Java Home:             C:\Program Files\Java\jdk-22
03-May-2025 15:34:10.171 INFO [main] org.apache.catalina.startup.VersionLoggerListener.log JVM Version:           22.0.1+8-16
03-May-2025 15:34:10.171 INFO [main] org.apache.catalina.startup.VersionLoggerListener.log JVM Vendor:            Oracle Corporation
03-May-2025 15:34:10.171 INFO [main] org.apache.catalina.startup.VersionLoggerListener.log CATALINA_BASE:         C:\Users\OSHADHA\IdeaProjects\OOP-projectnew
03-May-2025 15:34:10.171 INFO [main] org.apache.catalina.startup.VersionLoggerListener.log CATALINA_HOME:         C:\Program Files\Apache Software Foundation\Tomcat 9.0
03-May-2025 15:34:10.183 INFO [main] org.apache.catalina.startup.VersionLoggerListener.log Command line argument: --add-opens=java.base/java.lang=ALL-UNNAMED
03-May-2025 15:34:10.183 INFO [main] org.apache.catalina.startup.VersionLoggerListener.log Command line argument: --add-opens=java.base/java.io=ALL-UNNAMED
03-May-2025 15:34:10.183 INFO [main] org.apache.catalina.startup.VersionLoggerListener.log Command line argument: --add-opens=java.base/java.util=ALL-UNNAMED
03-May-2025 15:34:10.183 INFO [main] org.apache.catalina.startup.VersionLoggerListener.log Command line argument: --add-opens=java.base/java.util.concurrent=ALL-UNNAMED
03-May-2025 15:34:10.183 INFO [main] org.apache.catalina.startup.VersionLoggerListener.log Command line argument: --add-opens=java.rmi/sun.rmi.transport=ALL-UNNAMED
03-May-2025 15:34:10.183 INFO [main] org.apache.catalina.startup.VersionLoggerListener.log Command line argument: -Dcatalina.home=C:\Program Files\Apache Software Foundation\Tomcat 9.0
03-May-2025 15:34:10.183 INFO [main] org.apache.catalina.startup.VersionLoggerListener.log Command line argument: -Dcatalina.base=C:\Users\OSHADHA\IdeaProjects\OOP-projectnew
03-May-2025 15:34:10.183 INFO [main] org.apache.catalina.startup.VersionLoggerListener.log Command line argument: -Djava.io.tmpdir=C:\Users\OSHADHA\IdeaProjects\OOP-projectnew\temp
03-May-2025 15:34:10.184 INFO [main] org.apache.catalina.startup.VersionLoggerListener.log Command line argument: -Djava.util.logging.config.file=C:\Users\OSHADHA\IdeaProjects\OOP-projectnew\conf\logging.properties
03-May-2025 15:34:10.184 INFO [main] org.apache.catalina.startup.VersionLoggerListener.log Command line argument: -Djava.util.logging.manager=org.apache.juli.ClassLoaderLogManager
03-May-2025 15:34:10.184 INFO [main] org.apache.catalina.startup.VersionLoggerListener.log Command line argument: -javaagent:C:\Program Files\JetBrains\IntelliJ IDEA 2024.3.5\lib\idea_rt.jar=64465
03-May-2025 15:34:10.184 INFO [main] org.apache.catalina.startup.VersionLoggerListener.log Command line argument: -Dfile.encoding=UTF-8
03-May-2025 15:34:10.184 INFO [main] org.apache.catalina.startup.VersionLoggerListener.log Command line argument: -Dsun.stdout.encoding=UTF-8
03-May-2025 15:34:10.184 INFO [main] org.apache.catalina.startup.VersionLoggerListener.log Command line argument: -Dsun.stderr.encoding=UTF-8
03-May-2025 15:34:10.188 INFO [main] org.apache.catalina.core.AprLifecycleListener.lifecycleEvent Loaded Apache Tomcat Native library [1.3.1] using APR version [1.7.4].
03-May-2025 15:34:10.188 INFO [main] org.apache.catalina.core.AprLifecycleListener.lifecycleEvent APR capabilities: IPv6 [true], sendfile [true], accept filters [false], random [true], UDS [true].
03-May-2025 15:34:10.188 INFO [main] org.apache.catalina.core.AprLifecycleListener.lifecycleEvent APR/OpenSSL configuration: useAprConnector [false], useOpenSSL [true]
03-May-2025 15:34:10.199 INFO [main] org.apache.catalina.core.AprLifecycleListener.initializeSSL OpenSSL successfully initialized [OpenSSL 3.0.14 4 Jun 2024]
03-May-2025 15:34:10.779 INFO [main] org.apache.coyote.AbstractProtocol.init Initializing ProtocolHandler ["http-nio-8080"]
03-May-2025 15:34:10.813 INFO [main] org.apache.catalina.startup.Catalina.load Server initialization in [994] milliseconds
03-May-2025 15:34:10.882 INFO [main] org.apache.catalina.core.StandardService.startInternal Starting service [Catalina]
03-May-2025 15:34:10.882 INFO [main] org.apache.catalina.core.StandardEngine.startInternal Starting Servlet engine: [Apache Tomcat/9.0.102]
03-May-2025 15:34:10.895 INFO [main] org.apache.catalina.startup.HostConfig.deployDescriptor Deploying deployment descriptor [C:\Users\OSHADHA\IdeaProjects\OOP-projectnew\conf\Catalina\localhost\OOP-projectnew.xml]
03-May-2025 15:34:11.488 INFO [main] org.apache.catalina.startup.HostConfig.deployDescriptor Deployment of deployment descriptor [C:\Users\OSHADHA\IdeaProjects\OOP-projectnew\conf\Catalina\localhost\OOP-projectnew.xml] has finished in [592] ms
03-May-2025 15:34:11.495 INFO [main] org.apache.coyote.AbstractProtocol.start Starting ProtocolHandler ["http-nio-8080"]
03-May-2025 15:34:11.521 INFO [main] org.apache.catalina.startup.Catalina.start Server startup in [706] milliseconds
03-May-2025 16:13:36.544 INFO [Thread-1] org.apache.coyote.AbstractProtocol.pause Pausing ProtocolHandler ["http-nio-8080"]
03-May-2025 16:13:36.564 INFO [Thread-1] org.apache.catalina.core.StandardService.stopInternal Stopping service [Catalina]
03-May-2025 16:13:36.630 INFO [Thread-1] org.apache.coyote.AbstractProtocol.stop Stopping ProtocolHandler ["http-nio-8080"]
03-May-2025 16:13:36.646 INFO [Thread-1] org.apache.coyote.AbstractProtocol.destroy Destroying ProtocolHandler ["http-nio-8080"]
03-May-2025 16:13:40.008 INFO [main] org.apache.catalina.startup.VersionLoggerListener.log Server version name:   Apache Tomcat/9.0.102
03-May-2025 16:13:40.013 INFO [main] org.apache.catalina.startup.VersionLoggerListener.log Server built:          Mar 3 2025 19:33:14 UTC
03-May-2025 16:13:40.014 INFO [main] org.apache.catalina.startup.VersionLoggerListener.log Server version number: 9.0.102.0
03-May-2025 16:13:40.014 INFO [main] org.apache.catalina.startup.VersionLoggerListener.log OS Name:               Windows 10
03-May-2025 16:13:40.014 INFO [main] org.apache.catalina.startup.VersionLoggerListener.log OS Version:            10.0
03-May-2025 16:13:40.014 INFO [main] org.apache.catalina.startup.VersionLoggerListener.log Architecture:          amd64
03-May-2025 16:13:40.014 INFO [main] org.apache.catalina.startup.VersionLoggerListener.log Java Home:             C:\Program Files\Java\jdk-22
03-May-2025 16:13:40.014 INFO [main] org.apache.catalina.startup.VersionLoggerListener.log JVM Version:           22.0.1+8-16
03-May-2025 16:13:40.014 INFO [main] org.apache.catalina.startup.VersionLoggerListener.log JVM Vendor:            Oracle Corporation
03-May-2025 16:13:40.015 INFO [main] org.apache.catalina.startup.VersionLoggerListener.log CATALINA_BASE:         C:\Users\OSHADHA\IdeaProjects\OOP-projectnew
03-May-2025 16:13:40.015 INFO [main] org.apache.catalina.startup.VersionLoggerListener.log CATALINA_HOME:         C:\Program Files\Apache Software Foundation\Tomcat 9.0
03-May-2025 16:13:40.024 INFO [main] org.apache.catalina.startup.VersionLoggerListener.log Command line argument: --add-opens=java.base/java.lang=ALL-UNNAMED
03-May-2025 16:13:40.024 INFO [main] org.apache.catalina.startup.VersionLoggerListener.log Command line argument: --add-opens=java.base/java.io=ALL-UNNAMED
03-May-2025 16:13:40.024 INFO [main] org.apache.catalina.startup.VersionLoggerListener.log Command line argument: --add-opens=java.base/java.util=ALL-UNNAMED
03-May-2025 16:13:40.024 INFO [main] org.apache.catalina.startup.VersionLoggerListener.log Command line argument: --add-opens=java.base/java.util.concurrent=ALL-UNNAMED
03-May-2025 16:13:40.024 INFO [main] org.apache.catalina.startup.VersionLoggerListener.log Command line argument: --add-opens=java.rmi/sun.rmi.transport=ALL-UNNAMED
03-May-2025 16:13:40.024 INFO [main] org.apache.catalina.startup.VersionLoggerListener.log Command line argument: -Dcatalina.home=C:\Program Files\Apache Software Foundation\Tomcat 9.0
03-May-2025 16:13:40.024 INFO [main] org.apache.catalina.startup.VersionLoggerListener.log Command line argument: -Dcatalina.base=C:\Users\OSHADHA\IdeaProjects\OOP-projectnew
03-May-2025 16:13:40.025 INFO [main] org.apache.catalina.startup.VersionLoggerListener.log Command line argument: -Djava.io.tmpdir=C:\Users\OSHADHA\IdeaProjects\OOP-projectnew\temp
03-May-2025 16:13:40.025 INFO [main] org.apache.catalina.startup.VersionLoggerListener.log Command line argument: -Djava.util.logging.config.file=C:\Users\OSHADHA\IdeaProjects\OOP-projectnew\conf\logging.properties
03-May-2025 16:13:40.025 INFO [main] org.apache.catalina.startup.VersionLoggerListener.log Command line argument: -Djava.util.logging.manager=org.apache.juli.ClassLoaderLogManager
03-May-2025 16:13:40.025 INFO [main] org.apache.catalina.startup.VersionLoggerListener.log Command line argument: -javaagent:C:\Program Files\JetBrains\IntelliJ IDEA 2024.3.5\lib\idea_rt.jar=49773
03-May-2025 16:13:40.025 INFO [main] org.apache.catalina.startup.VersionLoggerListener.log Command line argument: -Dfile.encoding=UTF-8
03-May-2025 16:13:40.025 INFO [main] org.apache.catalina.startup.VersionLoggerListener.log Command line argument: -Dsun.stdout.encoding=UTF-8
03-May-2025 16:13:40.025 INFO [main] org.apache.catalina.startup.VersionLoggerListener.log Command line argument: -Dsun.stderr.encoding=UTF-8
03-May-2025 16:13:40.031 INFO [main] org.apache.catalina.core.AprLifecycleListener.lifecycleEvent Loaded Apache Tomcat Native library [1.3.1] using APR version [1.7.4].
03-May-2025 16:13:40.031 INFO [main] org.apache.catalina.core.AprLifecycleListener.lifecycleEvent APR capabilities: IPv6 [true], sendfile [true], accept filters [false], random [true], UDS [true].
03-May-2025 16:13:40.031 INFO [main] org.apache.catalina.core.AprLifecycleListener.lifecycleEvent APR/OpenSSL configuration: useAprConnector [false], useOpenSSL [true]
03-May-2025 16:13:40.045 INFO [main] org.apache.catalina.core.AprLifecycleListener.initializeSSL OpenSSL successfully initialized [OpenSSL 3.0.14 4 Jun 2024]
03-May-2025 16:13:40.526 INFO [main] org.apache.coyote.AbstractProtocol.init Initializing ProtocolHandler ["http-nio-8080"]
03-May-2025 16:13:40.551 INFO [main] org.apache.catalina.startup.Catalina.load Server initialization in [843] milliseconds
03-May-2025 16:13:40.625 INFO [main] org.apache.catalina.core.StandardService.startInternal Starting service [Catalina]
03-May-2025 16:13:40.625 INFO [main] org.apache.catalina.core.StandardEngine.startInternal Starting Servlet engine: [Apache Tomcat/9.0.102]
03-May-2025 16:13:40.637 INFO [main] org.apache.catalina.startup.HostConfig.deployDescriptor Deploying deployment descriptor [C:\Users\OSHADHA\IdeaProjects\OOP-projectnew\conf\Catalina\localhost\OOP-projectnew.xml]
03-May-2025 16:13:41.116 INFO [main] org.apache.catalina.startup.HostConfig.deployDescriptor Deployment of deployment descriptor [C:\Users\OSHADHA\IdeaProjects\OOP-projectnew\conf\Catalina\localhost\OOP-projectnew.xml] has finished in [479] ms
03-May-2025 16:13:41.124 INFO [main] org.apache.coyote.AbstractProtocol.start Starting ProtocolHandler ["http-nio-8080"]
03-May-2025 16:13:41.150 INFO [main] org.apache.catalina.startup.Catalina.start Server startup in [597] milliseconds
03-May-2025 16:18:33.950 INFO [Thread-1] org.apache.coyote.AbstractProtocol.pause Pausing ProtocolHandler ["http-nio-8080"]
03-May-2025 16:18:33.959 INFO [Thread-1] org.apache.catalina.core.StandardService.stopInternal Stopping service [Catalina]
03-May-2025 16:18:33.978 INFO [Thread-1] org.apache.coyote.AbstractProtocol.stop Stopping ProtocolHandler ["http-nio-8080"]
03-May-2025 16:18:33.990 INFO [Thread-1] org.apache.coyote.AbstractProtocol.destroy Destroying ProtocolHandler ["http-nio-8080"]
03-May-2025 16:18:36.322 INFO [main] org.apache.catalina.startup.VersionLoggerListener.log Server version name:   Apache Tomcat/9.0.102
03-May-2025 16:18:36.327 INFO [main] org.apache.catalina.startup.VersionLoggerListener.log Server built:          Mar 3 2025 19:33:14 UTC
03-May-2025 16:18:36.328 INFO [main] org.apache.catalina.startup.VersionLoggerListener.log Server version number: 9.0.102.0
03-May-2025 16:18:36.328 INFO [main] org.apache.catalina.startup.VersionLoggerListener.log OS Name:               Windows 10
03-May-2025 16:18:36.328 INFO [main] org.apache.catalina.startup.VersionLoggerListener.log OS Version:            10.0
03-May-2025 16:18:36.328 INFO [main] org.apache.catalina.startup.VersionLoggerListener.log Architecture:          amd64
03-May-2025 16:18:36.328 INFO [main] org.apache.catalina.startup.VersionLoggerListener.log Java Home:             C:\Program Files\Java\jdk-22
03-May-2025 16:18:36.328 INFO [main] org.apache.catalina.startup.VersionLoggerListener.log JVM Version:           22.0.1+8-16
03-May-2025 16:18:36.328 INFO [main] org.apache.catalina.startup.VersionLoggerListener.log JVM Vendor:            Oracle Corporation
03-May-2025 16:18:36.328 INFO [main] org.apache.catalina.startup.VersionLoggerListener.log CATALINA_BASE:         C:\Users\OSHADHA\IdeaProjects\OOP-projectnew
03-May-2025 16:18:36.328 INFO [main] org.apache.catalina.startup.VersionLoggerListener.log CATALINA_HOME:         C:\Program Files\Apache Software Foundation\Tomcat 9.0
03-May-2025 16:18:36.338 INFO [main] org.apache.catalina.startup.VersionLoggerListener.log Command line argument: --add-opens=java.base/java.lang=ALL-UNNAMED
03-May-2025 16:18:36.338 INFO [main] org.apache.catalina.startup.VersionLoggerListener.log Command line argument: --add-opens=java.base/java.io=ALL-UNNAMED
03-May-2025 16:18:36.338 INFO [main] org.apache.catalina.startup.VersionLoggerListener.log Command line argument: --add-opens=java.base/java.util=ALL-UNNAMED
03-May-2025 16:18:36.338 INFO [main] org.apache.catalina.startup.VersionLoggerListener.log Command line argument: --add-opens=java.base/java.util.concurrent=ALL-UNNAMED
03-May-2025 16:18:36.338 INFO [main] org.apache.catalina.startup.VersionLoggerListener.log Command line argument: --add-opens=java.rmi/sun.rmi.transport=ALL-UNNAMED
03-May-2025 16:18:36.338 INFO [main] org.apache.catalina.startup.VersionLoggerListener.log Command line argument: -Dcatalina.home=C:\Program Files\Apache Software Foundation\Tomcat 9.0
03-May-2025 16:18:36.338 INFO [main] org.apache.catalina.startup.VersionLoggerListener.log Command line argument: -Dcatalina.base=C:\Users\OSHADHA\IdeaProjects\OOP-projectnew
03-May-2025 16:18:36.338 INFO [main] org.apache.catalina.startup.VersionLoggerListener.log Command line argument: -Djava.io.tmpdir=C:\Users\OSHADHA\IdeaProjects\OOP-projectnew\temp
03-May-2025 16:18:36.339 INFO [main] org.apache.catalina.startup.VersionLoggerListener.log Command line argument: -Djava.util.logging.config.file=C:\Users\OSHADHA\IdeaProjects\OOP-projectnew\conf\logging.properties
03-May-2025 16:18:36.339 INFO [main] org.apache.catalina.startup.VersionLoggerListener.log Command line argument: -Djava.util.logging.manager=org.apache.juli.ClassLoaderLogManager
03-May-2025 16:18:36.339 INFO [main] org.apache.catalina.startup.VersionLoggerListener.log Command line argument: -javaagent:C:\Program Files\JetBrains\IntelliJ IDEA 2024.3.5\lib\idea_rt.jar=49843
03-May-2025 16:18:36.339 INFO [main] org.apache.catalina.startup.VersionLoggerListener.log Command line argument: -Dfile.encoding=UTF-8
03-May-2025 16:18:36.339 INFO [main] org.apache.catalina.startup.VersionLoggerListener.log Command line argument: -Dsun.stdout.encoding=UTF-8
03-May-2025 16:18:36.339 INFO [main] org.apache.catalina.startup.VersionLoggerListener.log Command line argument: -Dsun.stderr.encoding=UTF-8
03-May-2025 16:18:36.343 INFO [main] org.apache.catalina.core.AprLifecycleListener.lifecycleEvent Loaded Apache Tomcat Native library [1.3.1] using APR version [1.7.4].
03-May-2025 16:18:36.344 INFO [main] org.apache.catalina.core.AprLifecycleListener.lifecycleEvent APR capabilities: IPv6 [true], sendfile [true], accept filters [false], random [true], UDS [true].
03-May-2025 16:18:36.344 INFO [main] org.apache.catalina.core.AprLifecycleListener.lifecycleEvent APR/OpenSSL configuration: useAprConnector [false], useOpenSSL [true]
03-May-2025 16:18:36.350 INFO [main] org.apache.catalina.core.AprLifecycleListener.initializeSSL OpenSSL successfully initialized [OpenSSL 3.0.14 4 Jun 2024]
03-May-2025 16:18:36.822 INFO [main] org.apache.coyote.AbstractProtocol.init Initializing ProtocolHandler ["http-nio-8080"]
03-May-2025 16:18:36.844 INFO [main] org.apache.catalina.startup.Catalina.load Server initialization in [927] milliseconds
03-May-2025 16:18:36.910 INFO [main] org.apache.catalina.core.StandardService.startInternal Starting service [Catalina]
03-May-2025 16:18:36.910 INFO [main] org.apache.catalina.core.StandardEngine.startInternal Starting Servlet engine: [Apache Tomcat/9.0.102]
03-May-2025 16:18:36.919 INFO [main] org.apache.catalina.startup.HostConfig.deployDescriptor Deploying deployment descriptor [C:\Users\OSHADHA\IdeaProjects\OOP-projectnew\conf\Catalina\localhost\OOP-projectnew.xml]
03-May-2025 16:18:37.367 INFO [main] org.apache.catalina.startup.HostConfig.deployDescriptor Deployment of deployment descriptor [C:\Users\OSHADHA\IdeaProjects\OOP-projectnew\conf\Catalina\localhost\OOP-projectnew.xml] has finished in [447] ms
03-May-2025 16:18:37.371 INFO [main] org.apache.coyote.AbstractProtocol.start Starting ProtocolHandler ["http-nio-8080"]
03-May-2025 16:18:37.391 INFO [main] org.apache.catalina.startup.Catalina.start Server startup in [545] milliseconds
03-May-2025 16:20:22.168 INFO [Thread-1] org.apache.coyote.AbstractProtocol.pause Pausing ProtocolHandler ["http-nio-8080"]
03-May-2025 16:20:22.179 INFO [Thread-1] org.apache.catalina.core.StandardService.stopInternal Stopping service [Catalina]
03-May-2025 16:20:22.189 INFO [Thread-1] org.apache.coyote.AbstractProtocol.stop Stopping ProtocolHandler ["http-nio-8080"]
03-May-2025 16:20:22.192 INFO [Thread-1] org.apache.coyote.AbstractProtocol.destroy Destroying ProtocolHandler ["http-nio-8080"]
03-May-2025 16:20:23.802 INFO [main] org.apache.catalina.startup.VersionLoggerListener.log Server version name:   Apache Tomcat/9.0.102
03-May-2025 16:20:23.806 INFO [main] org.apache.catalina.startup.VersionLoggerListener.log Server built:          Mar 3 2025 19:33:14 UTC
03-May-2025 16:20:23.806 INFO [main] org.apache.catalina.startup.VersionLoggerListener.log Server version number: 9.0.102.0
03-May-2025 16:20:23.806 INFO [main] org.apache.catalina.startup.VersionLoggerListener.log OS Name:               Windows 10
03-May-2025 16:20:23.806 INFO [main] org.apache.catalina.startup.VersionLoggerListener.log OS Version:            10.0
03-May-2025 16:20:23.807 INFO [main] org.apache.catalina.startup.VersionLoggerListener.log Architecture:          amd64
03-May-2025 16:20:23.807 INFO [main] org.apache.catalina.startup.VersionLoggerListener.log Java Home:             C:\Program Files\Java\jdk-22
03-May-2025 16:20:23.807 INFO [main] org.apache.catalina.startup.VersionLoggerListener.log JVM Version:           22.0.1+8-16
03-May-2025 16:20:23.807 INFO [main] org.apache.catalina.startup.VersionLoggerListener.log JVM Vendor:            Oracle Corporation
03-May-2025 16:20:23.807 INFO [main] org.apache.catalina.startup.VersionLoggerListener.log CATALINA_BASE:         C:\Users\OSHADHA\IdeaProjects\OOP-projectnew
03-May-2025 16:20:23.807 INFO [main] org.apache.catalina.startup.VersionLoggerListener.log CATALINA_HOME:         C:\Program Files\Apache Software Foundation\Tomcat 9.0
03-May-2025 16:20:23.816 INFO [main] org.apache.catalina.startup.VersionLoggerListener.log Command line argument: --add-opens=java.base/java.lang=ALL-UNNAMED
03-May-2025 16:20:23.816 INFO [main] org.apache.catalina.startup.VersionLoggerListener.log Command line argument: --add-opens=java.base/java.io=ALL-UNNAMED
03-May-2025 16:20:23.816 INFO [main] org.apache.catalina.startup.VersionLoggerListener.log Command line argument: --add-opens=java.base/java.util=ALL-UNNAMED
03-May-2025 16:20:23.817 INFO [main] org.apache.catalina.startup.VersionLoggerListener.log Command line argument: --add-opens=java.base/java.util.concurrent=ALL-UNNAMED
03-May-2025 16:20:23.817 INFO [main] org.apache.catalina.startup.VersionLoggerListener.log Command line argument: --add-opens=java.rmi/sun.rmi.transport=ALL-UNNAMED
03-May-2025 16:20:23.817 INFO [main] org.apache.catalina.startup.VersionLoggerListener.log Command line argument: -Dcatalina.home=C:\Program Files\Apache Software Foundation\Tomcat 9.0
03-May-2025 16:20:23.817 INFO [main] org.apache.catalina.startup.VersionLoggerListener.log Command line argument: -Dcatalina.base=C:\Users\OSHADHA\IdeaProjects\OOP-projectnew
03-May-2025 16:20:23.817 INFO [main] org.apache.catalina.startup.VersionLoggerListener.log Command line argument: -Djava.io.tmpdir=C:\Users\OSHADHA\IdeaProjects\OOP-projectnew\temp
03-May-2025 16:20:23.817 INFO [main] org.apache.catalina.startup.VersionLoggerListener.log Command line argument: -Djava.util.logging.config.file=C:\Users\OSHADHA\IdeaProjects\OOP-projectnew\conf\logging.properties
03-May-2025 16:20:23.817 INFO [main] org.apache.catalina.startup.VersionLoggerListener.log Command line argument: -Djava.util.logging.manager=org.apache.juli.ClassLoaderLogManager
03-May-2025 16:20:23.817 INFO [main] org.apache.catalina.startup.VersionLoggerListener.log Command line argument: -javaagent:C:\Program Files\JetBrains\IntelliJ IDEA 2024.3.5\lib\idea_rt.jar=49875
03-May-2025 16:20:23.817 INFO [main] org.apache.catalina.startup.VersionLoggerListener.log Command line argument: -Dfile.encoding=UTF-8
03-May-2025 16:20:23.817 INFO [main] org.apache.catalina.startup.VersionLoggerListener.log Command line argument: -Dsun.stdout.encoding=UTF-8
03-May-2025 16:20:23.817 INFO [main] org.apache.catalina.startup.VersionLoggerListener.log Command line argument: -Dsun.stderr.encoding=UTF-8
03-May-2025 16:20:23.821 INFO [main] org.apache.catalina.core.AprLifecycleListener.lifecycleEvent Loaded Apache Tomcat Native library [1.3.1] using APR version [1.7.4].
03-May-2025 16:20:23.822 INFO [main] org.apache.catalina.core.AprLifecycleListener.lifecycleEvent APR capabilities: IPv6 [true], sendfile [true], accept filters [false], random [true], UDS [true].
03-May-2025 16:20:23.822 INFO [main] org.apache.catalina.core.AprLifecycleListener.lifecycleEvent APR/OpenSSL configuration: useAprConnector [false], useOpenSSL [true]
03-May-2025 16:20:23.828 INFO [main] org.apache.catalina.core.AprLifecycleListener.initializeSSL OpenSSL successfully initialized [OpenSSL 3.0.14 4 Jun 2024]
03-May-2025 16:20:24.276 INFO [main] org.apache.coyote.AbstractProtocol.init Initializing ProtocolHandler ["http-nio-8080"]
03-May-2025 16:20:24.300 INFO [main] org.apache.catalina.startup.Catalina.load Server initialization in [745] milliseconds
03-May-2025 16:20:24.352 INFO [main] org.apache.catalina.core.StandardService.startInternal Starting service [Catalina]
03-May-2025 16:20:24.352 INFO [main] org.apache.catalina.core.StandardEngine.startInternal Starting Servlet engine: [Apache Tomcat/9.0.102]
03-May-2025 16:20:24.361 INFO [main] org.apache.catalina.startup.HostConfig.deployDescriptor Deploying deployment descriptor [C:\Users\OSHADHA\IdeaProjects\OOP-projectnew\conf\Catalina\localhost\OOP-projectnew.xml]
03-May-2025 16:20:24.801 INFO [main] org.apache.catalina.startup.HostConfig.deployDescriptor Deployment of deployment descriptor [C:\Users\OSHADHA\IdeaProjects\OOP-projectnew\conf\Catalina\localhost\OOP-projectnew.xml] has finished in [440] ms
03-May-2025 16:20:24.804 INFO [main] org.apache.coyote.AbstractProtocol.start Starting ProtocolHandler ["http-nio-8080"]
03-May-2025 16:20:24.826 INFO [main] org.apache.catalina.startup.Catalina.start Server startup in [524] milliseconds
03-May-2025 18:08:59.891 INFO [Thread-1] org.apache.coyote.AbstractProtocol.pause Pausing ProtocolHandler ["http-nio-8080"]
03-May-2025 18:08:59.939 INFO [Thread-1] org.apache.catalina.core.StandardService.stopInternal Stopping service [Catalina]
03-May-2025 18:09:00.208 INFO [Thread-1] org.apache.coyote.AbstractProtocol.stop Stopping ProtocolHandler ["http-nio-8080"]
03-May-2025 18:09:00.237 INFO [Thread-1] org.apache.coyote.AbstractProtocol.destroy Destroying ProtocolHandler ["http-nio-8080"]
