09-Apr-2025 09:25:25.736 INFO [main] org.apache.catalina.startup.VersionLoggerListener.log Server version name:   Apache Tomcat/9.0.102
09-Apr-2025 09:25:25.746 INFO [main] org.apache.catalina.startup.VersionLoggerListener.log Server built:          Mar 3 2025 19:33:14 UTC
09-Apr-2025 09:25:25.746 INFO [main] org.apache.catalina.startup.VersionLoggerListener.log Server version number: 9.0.102.0
09-Apr-2025 09:25:25.746 INFO [main] org.apache.catalina.startup.VersionLoggerListener.log OS Name:               Windows 10
09-Apr-2025 09:25:25.747 INFO [main] org.apache.catalina.startup.VersionLoggerListener.log OS Version:            10.0
09-Apr-2025 09:25:25.747 INFO [main] org.apache.catalina.startup.VersionLoggerListener.log Architecture:          amd64
09-Apr-2025 09:25:25.748 INFO [main] org.apache.catalina.startup.VersionLoggerListener.log Java Home:             C:\Program Files\Java\jdk-22
09-Apr-2025 09:25:25.748 INFO [main] org.apache.catalina.startup.VersionLoggerListener.log JVM Version:           22.0.1+8-16
09-Apr-2025 09:25:25.748 INFO [main] org.apache.catalina.startup.VersionLoggerListener.log JVM Vendor:            Oracle Corporation
09-Apr-2025 09:25:25.748 INFO [main] org.apache.catalina.startup.VersionLoggerListener.log CATALINA_BASE:         C:\Users\OSHADHA\IdeaProjects\OOP-projectnew
09-Apr-2025 09:25:25.748 INFO [main] org.apache.catalina.startup.VersionLoggerListener.log CATALINA_HOME:         C:\Program Files\Apache Software Foundation\Tomcat 9.0
09-Apr-2025 09:25:25.762 INFO [main] org.apache.catalina.startup.VersionLoggerListener.log Command line argument: --add-opens=java.base/java.lang=ALL-UNNAMED
09-Apr-2025 09:25:25.763 INFO [main] org.apache.catalina.startup.VersionLoggerListener.log Command line argument: --add-opens=java.base/java.io=ALL-UNNAMED
09-Apr-2025 09:25:25.763 INFO [main] org.apache.catalina.startup.VersionLoggerListener.log Command line argument: --add-opens=java.base/java.util=ALL-UNNAMED
09-Apr-2025 09:25:25.763 INFO [main] org.apache.catalina.startup.VersionLoggerListener.log Command line argument: --add-opens=java.base/java.util.concurrent=ALL-UNNAMED
09-Apr-2025 09:25:25.763 INFO [main] org.apache.catalina.startup.VersionLoggerListener.log Command line argument: --add-opens=java.rmi/sun.rmi.transport=ALL-UNNAMED
09-Apr-2025 09:25:25.763 INFO [main] org.apache.catalina.startup.VersionLoggerListener.log Command line argument: -Dcatalina.home=C:\Program Files\Apache Software Foundation\Tomcat 9.0
09-Apr-2025 09:25:25.763 INFO [main] org.apache.catalina.startup.VersionLoggerListener.log Command line argument: -Dcatalina.base=C:\Users\OSHADHA\IdeaProjects\OOP-projectnew
09-Apr-2025 09:25:25.764 INFO [main] org.apache.catalina.startup.VersionLoggerListener.log Command line argument: -Djava.io.tmpdir=C:\Users\OSHADHA\IdeaProjects\OOP-projectnew\temp
09-Apr-2025 09:25:25.764 INFO [main] org.apache.catalina.startup.VersionLoggerListener.log Command line argument: -Djava.util.logging.config.file=C:\Users\OSHADHA\IdeaProjects\OOP-projectnew\conf\logging.properties
09-Apr-2025 09:25:25.764 INFO [main] org.apache.catalina.startup.VersionLoggerListener.log Command line argument: -Djava.util.logging.manager=org.apache.juli.ClassLoaderLogManager
09-Apr-2025 09:25:25.764 INFO [main] org.apache.catalina.startup.VersionLoggerListener.log Command line argument: -javaagent:C:\Program Files\JetBrains\IntelliJ IDEA 2024.3.5\lib\idea_rt.jar=60159
09-Apr-2025 09:25:25.764 INFO [main] org.apache.catalina.startup.VersionLoggerListener.log Command line argument: -Dfile.encoding=UTF-8
09-Apr-2025 09:25:25.764 INFO [main] org.apache.catalina.startup.VersionLoggerListener.log Command line argument: -Dsun.stdout.encoding=UTF-8
09-Apr-2025 09:25:25.764 INFO [main] org.apache.catalina.startup.VersionLoggerListener.log Command line argument: -Dsun.stderr.encoding=UTF-8
09-Apr-2025 09:25:25.770 INFO [main] org.apache.catalina.core.AprLifecycleListener.lifecycleEvent Loaded Apache Tomcat Native library [1.3.1] using APR version [1.7.4].
09-Apr-2025 09:25:25.770 INFO [main] org.apache.catalina.core.AprLifecycleListener.lifecycleEvent APR capabilities: IPv6 [true], sendfile [true], accept filters [false], random [true], UDS [true].
09-Apr-2025 09:25:25.770 INFO [main] org.apache.catalina.core.AprLifecycleListener.lifecycleEvent APR/OpenSSL configuration: useAprConnector [false], useOpenSSL [true]
09-Apr-2025 09:25:25.778 INFO [main] org.apache.catalina.core.AprLifecycleListener.initializeSSL OpenSSL successfully initialized [OpenSSL 3.0.14 4 Jun 2024]
09-Apr-2025 09:25:26.261 INFO [main] org.apache.coyote.AbstractProtocol.init Initializing ProtocolHandler ["http-nio-8080"]
09-Apr-2025 09:25:26.287 INFO [main] org.apache.catalina.startup.Catalina.load Server initialization in [810] milliseconds
09-Apr-2025 09:25:26.336 INFO [main] org.apache.catalina.core.StandardService.startInternal Starting service [Catalina]
09-Apr-2025 09:25:26.336 INFO [main] org.apache.catalina.core.StandardEngine.startInternal Starting Servlet engine: [Apache Tomcat/9.0.102]
09-Apr-2025 09:25:26.347 INFO [main] org.apache.catalina.startup.HostConfig.deployDescriptor Deploying deployment descriptor [C:\Users\OSHADHA\IdeaProjects\OOP-projectnew\conf\Catalina\localhost\OOP-projectnew.xml]
09-Apr-2025 09:25:26.764 INFO [main] org.apache.catalina.startup.HostConfig.deployDescriptor Deployment of deployment descriptor [C:\Users\OSHADHA\IdeaProjects\OOP-projectnew\conf\Catalina\localhost\OOP-projectnew.xml] has finished in [417] ms
09-Apr-2025 09:25:26.769 INFO [main] org.apache.coyote.AbstractProtocol.start Starting ProtocolHandler ["http-nio-8080"]
09-Apr-2025 09:25:26.795 INFO [main] org.apache.catalina.startup.Catalina.start Server startup in [506] milliseconds
09-Apr-2025 09:25:49.741 INFO [Thread-1] org.apache.coyote.AbstractProtocol.pause Pausing ProtocolHandler ["http-nio-8080"]
09-Apr-2025 09:25:49.751 INFO [Thread-1] org.apache.catalina.core.StandardService.stopInternal Stopping service [Catalina]
09-Apr-2025 09:25:49.760 INFO [Thread-1] org.apache.coyote.AbstractProtocol.stop Stopping ProtocolHandler ["http-nio-8080"]
09-Apr-2025 09:25:49.764 INFO [Thread-1] org.apache.coyote.AbstractProtocol.destroy Destroying ProtocolHandler ["http-nio-8080"]
09-Apr-2025 09:33:12.796 INFO [main] org.apache.catalina.startup.VersionLoggerListener.log Server version name:   Apache Tomcat/9.0.102
09-Apr-2025 09:33:12.800 INFO [main] org.apache.catalina.startup.VersionLoggerListener.log Server built:          Mar 3 2025 19:33:14 UTC
09-Apr-2025 09:33:12.801 INFO [main] org.apache.catalina.startup.VersionLoggerListener.log Server version number: 9.0.102.0
09-Apr-2025 09:33:12.801 INFO [main] org.apache.catalina.startup.VersionLoggerListener.log OS Name:               Windows 10
09-Apr-2025 09:33:12.801 INFO [main] org.apache.catalina.startup.VersionLoggerListener.log OS Version:            10.0
09-Apr-2025 09:33:12.801 INFO [main] org.apache.catalina.startup.VersionLoggerListener.log Architecture:          amd64
09-Apr-2025 09:33:12.801 INFO [main] org.apache.catalina.startup.VersionLoggerListener.log Java Home:             C:\Program Files\Java\jdk-22
09-Apr-2025 09:33:12.801 INFO [main] org.apache.catalina.startup.VersionLoggerListener.log JVM Version:           22.0.1+8-16
09-Apr-2025 09:33:12.801 INFO [main] org.apache.catalina.startup.VersionLoggerListener.log JVM Vendor:            Oracle Corporation
09-Apr-2025 09:33:12.801 INFO [main] org.apache.catalina.startup.VersionLoggerListener.log CATALINA_BASE:         C:\Users\OSHADHA\IdeaProjects\OOP-projectnew
09-Apr-2025 09:33:12.802 INFO [main] org.apache.catalina.startup.VersionLoggerListener.log CATALINA_HOME:         C:\Program Files\Apache Software Foundation\Tomcat 9.0
09-Apr-2025 09:33:12.812 INFO [main] org.apache.catalina.startup.VersionLoggerListener.log Command line argument: --add-opens=java.base/java.lang=ALL-UNNAMED
09-Apr-2025 09:33:12.812 INFO [main] org.apache.catalina.startup.VersionLoggerListener.log Command line argument: --add-opens=java.base/java.io=ALL-UNNAMED
09-Apr-2025 09:33:12.812 INFO [main] org.apache.catalina.startup.VersionLoggerListener.log Command line argument: --add-opens=java.base/java.util=ALL-UNNAMED
09-Apr-2025 09:33:12.812 INFO [main] org.apache.catalina.startup.VersionLoggerListener.log Command line argument: --add-opens=java.base/java.util.concurrent=ALL-UNNAMED
09-Apr-2025 09:33:12.812 INFO [main] org.apache.catalina.startup.VersionLoggerListener.log Command line argument: --add-opens=java.rmi/sun.rmi.transport=ALL-UNNAMED
09-Apr-2025 09:33:12.812 INFO [main] org.apache.catalina.startup.VersionLoggerListener.log Command line argument: -Dcatalina.home=C:\Program Files\Apache Software Foundation\Tomcat 9.0
09-Apr-2025 09:33:12.813 INFO [main] org.apache.catalina.startup.VersionLoggerListener.log Command line argument: -Dcatalina.base=C:\Users\OSHADHA\IdeaProjects\OOP-projectnew
09-Apr-2025 09:33:12.813 INFO [main] org.apache.catalina.startup.VersionLoggerListener.log Command line argument: -Djava.io.tmpdir=C:\Users\OSHADHA\IdeaProjects\OOP-projectnew\temp
09-Apr-2025 09:33:12.813 INFO [main] org.apache.catalina.startup.VersionLoggerListener.log Command line argument: -Djava.util.logging.config.file=C:\Users\OSHADHA\IdeaProjects\OOP-projectnew\conf\logging.properties
09-Apr-2025 09:33:12.813 INFO [main] org.apache.catalina.startup.VersionLoggerListener.log Command line argument: -Djava.util.logging.manager=org.apache.juli.ClassLoaderLogManager
09-Apr-2025 09:33:12.813 INFO [main] org.apache.catalina.startup.VersionLoggerListener.log Command line argument: -javaagent:C:\Program Files\JetBrains\IntelliJ IDEA 2024.3.5\lib\idea_rt.jar=60180
09-Apr-2025 09:33:12.813 INFO [main] org.apache.catalina.startup.VersionLoggerListener.log Command line argument: -Dfile.encoding=UTF-8
09-Apr-2025 09:33:12.813 INFO [main] org.apache.catalina.startup.VersionLoggerListener.log Command line argument: -Dsun.stdout.encoding=UTF-8
09-Apr-2025 09:33:12.813 INFO [main] org.apache.catalina.startup.VersionLoggerListener.log Command line argument: -Dsun.stderr.encoding=UTF-8
09-Apr-2025 09:33:12.817 INFO [main] org.apache.catalina.core.AprLifecycleListener.lifecycleEvent Loaded Apache Tomcat Native library [1.3.1] using APR version [1.7.4].
09-Apr-2025 09:33:12.817 INFO [main] org.apache.catalina.core.AprLifecycleListener.lifecycleEvent APR capabilities: IPv6 [true], sendfile [true], accept filters [false], random [true], UDS [true].
09-Apr-2025 09:33:12.817 INFO [main] org.apache.catalina.core.AprLifecycleListener.lifecycleEvent APR/OpenSSL configuration: useAprConnector [false], useOpenSSL [true]
09-Apr-2025 09:33:12.823 INFO [main] org.apache.catalina.core.AprLifecycleListener.initializeSSL OpenSSL successfully initialized [OpenSSL 3.0.14 4 Jun 2024]
09-Apr-2025 09:33:13.267 INFO [main] org.apache.coyote.AbstractProtocol.init Initializing ProtocolHandler ["http-nio-8080"]
09-Apr-2025 09:33:13.291 INFO [main] org.apache.catalina.startup.Catalina.load Server initialization in [725] milliseconds
09-Apr-2025 09:33:13.344 INFO [main] org.apache.catalina.core.StandardService.startInternal Starting service [Catalina]
09-Apr-2025 09:33:13.345 INFO [main] org.apache.catalina.core.StandardEngine.startInternal Starting Servlet engine: [Apache Tomcat/9.0.102]
09-Apr-2025 09:33:13.356 INFO [main] org.apache.catalina.startup.HostConfig.deployDescriptor Deploying deployment descriptor [C:\Users\OSHADHA\IdeaProjects\OOP-projectnew\conf\Catalina\localhost\OOP-projectnew.xml]
09-Apr-2025 09:33:13.741 INFO [main] org.apache.catalina.startup.HostConfig.deployDescriptor Deployment of deployment descriptor [C:\Users\OSHADHA\IdeaProjects\OOP-projectnew\conf\Catalina\localhost\OOP-projectnew.xml] has finished in [384] ms
09-Apr-2025 09:33:13.746 INFO [main] org.apache.coyote.AbstractProtocol.start Starting ProtocolHandler ["http-nio-8080"]
09-Apr-2025 09:33:13.774 INFO [main] org.apache.catalina.startup.Catalina.start Server startup in [481] milliseconds
09-Apr-2025 12:06:01.285 INFO [Thread-1] org.apache.coyote.AbstractProtocol.pause Pausing ProtocolHandler ["http-nio-8080"]
09-Apr-2025 12:06:01.306 INFO [Thread-1] org.apache.catalina.core.StandardService.stopInternal Stopping service [Catalina]
09-Apr-2025 12:06:01.364 INFO [Thread-1] org.apache.coyote.AbstractProtocol.stop Stopping ProtocolHandler ["http-nio-8080"]
09-Apr-2025 12:06:01.379 INFO [Thread-1] org.apache.coyote.AbstractProtocol.destroy Destroying ProtocolHandler ["http-nio-8080"]
09-Apr-2025 13:24:35.607 INFO [main] org.apache.catalina.startup.VersionLoggerListener.log Server version name:   Apache Tomcat/9.0.102
09-Apr-2025 13:24:35.612 INFO [main] org.apache.catalina.startup.VersionLoggerListener.log Server built:          Mar 3 2025 19:33:14 UTC
09-Apr-2025 13:24:35.612 INFO [main] org.apache.catalina.startup.VersionLoggerListener.log Server version number: 9.0.102.0
09-Apr-2025 13:24:35.612 INFO [main] org.apache.catalina.startup.VersionLoggerListener.log OS Name:               Windows 10
09-Apr-2025 13:24:35.613 INFO [main] org.apache.catalina.startup.VersionLoggerListener.log OS Version:            10.0
09-Apr-2025 13:24:35.613 INFO [main] org.apache.catalina.startup.VersionLoggerListener.log Architecture:          amd64
09-Apr-2025 13:24:35.613 INFO [main] org.apache.catalina.startup.VersionLoggerListener.log Java Home:             C:\Program Files\Java\jdk-22
09-Apr-2025 13:24:35.613 INFO [main] org.apache.catalina.startup.VersionLoggerListener.log JVM Version:           22.0.1+8-16
09-Apr-2025 13:24:35.613 INFO [main] org.apache.catalina.startup.VersionLoggerListener.log JVM Vendor:            Oracle Corporation
09-Apr-2025 13:24:35.613 INFO [main] org.apache.catalina.startup.VersionLoggerListener.log CATALINA_BASE:         C:\Users\OSHADHA\IdeaProjects\OOP-projectnew
09-Apr-2025 13:24:35.613 INFO [main] org.apache.catalina.startup.VersionLoggerListener.log CATALINA_HOME:         C:\Program Files\Apache Software Foundation\Tomcat 9.0
09-Apr-2025 13:24:35.621 INFO [main] org.apache.catalina.startup.VersionLoggerListener.log Command line argument: --add-opens=java.base/java.lang=ALL-UNNAMED
09-Apr-2025 13:24:35.621 INFO [main] org.apache.catalina.startup.VersionLoggerListener.log Command line argument: --add-opens=java.base/java.io=ALL-UNNAMED
09-Apr-2025 13:24:35.621 INFO [main] org.apache.catalina.startup.VersionLoggerListener.log Command line argument: --add-opens=java.base/java.util=ALL-UNNAMED
09-Apr-2025 13:24:35.622 INFO [main] org.apache.catalina.startup.VersionLoggerListener.log Command line argument: --add-opens=java.base/java.util.concurrent=ALL-UNNAMED
09-Apr-2025 13:24:35.622 INFO [main] org.apache.catalina.startup.VersionLoggerListener.log Command line argument: --add-opens=java.rmi/sun.rmi.transport=ALL-UNNAMED
09-Apr-2025 13:24:35.622 INFO [main] org.apache.catalina.startup.VersionLoggerListener.log Command line argument: -Dcatalina.home=C:\Program Files\Apache Software Foundation\Tomcat 9.0
09-Apr-2025 13:24:35.622 INFO [main] org.apache.catalina.startup.VersionLoggerListener.log Command line argument: -Dcatalina.base=C:\Users\OSHADHA\IdeaProjects\OOP-projectnew
09-Apr-2025 13:24:35.622 INFO [main] org.apache.catalina.startup.VersionLoggerListener.log Command line argument: -Djava.io.tmpdir=C:\Users\OSHADHA\IdeaProjects\OOP-projectnew\temp
09-Apr-2025 13:24:35.622 INFO [main] org.apache.catalina.startup.VersionLoggerListener.log Command line argument: -Djava.util.logging.config.file=C:\Users\OSHADHA\IdeaProjects\OOP-projectnew\conf\logging.properties
09-Apr-2025 13:24:35.622 INFO [main] org.apache.catalina.startup.VersionLoggerListener.log Command line argument: -Djava.util.logging.manager=org.apache.juli.ClassLoaderLogManager
09-Apr-2025 13:24:35.623 INFO [main] org.apache.catalina.startup.VersionLoggerListener.log Command line argument: -javaagent:C:\Program Files\JetBrains\IntelliJ IDEA 2024.3.5\lib\idea_rt.jar=62288
09-Apr-2025 13:24:35.623 INFO [main] org.apache.catalina.startup.VersionLoggerListener.log Command line argument: -Dfile.encoding=UTF-8
09-Apr-2025 13:24:35.623 INFO [main] org.apache.catalina.startup.VersionLoggerListener.log Command line argument: -Dsun.stdout.encoding=UTF-8
09-Apr-2025 13:24:35.623 INFO [main] org.apache.catalina.startup.VersionLoggerListener.log Command line argument: -Dsun.stderr.encoding=UTF-8
09-Apr-2025 13:24:35.629 INFO [main] org.apache.catalina.core.AprLifecycleListener.lifecycleEvent Loaded Apache Tomcat Native library [1.3.1] using APR version [1.7.4].
09-Apr-2025 13:24:35.629 INFO [main] org.apache.catalina.core.AprLifecycleListener.lifecycleEvent APR capabilities: IPv6 [true], sendfile [true], accept filters [false], random [true], UDS [true].
09-Apr-2025 13:24:35.629 INFO [main] org.apache.catalina.core.AprLifecycleListener.lifecycleEvent APR/OpenSSL configuration: useAprConnector [false], useOpenSSL [true]
09-Apr-2025 13:24:35.646 INFO [main] org.apache.catalina.core.AprLifecycleListener.initializeSSL OpenSSL successfully initialized [OpenSSL 3.0.14 4 Jun 2024]
09-Apr-2025 13:24:36.109 INFO [main] org.apache.coyote.AbstractProtocol.init Initializing ProtocolHandler ["http-nio-8080"]
09-Apr-2025 13:24:36.128 INFO [main] org.apache.catalina.startup.Catalina.load Server initialization in [870] milliseconds
09-Apr-2025 13:24:36.194 INFO [main] org.apache.catalina.core.StandardService.startInternal Starting service [Catalina]
09-Apr-2025 13:24:36.194 INFO [main] org.apache.catalina.core.StandardEngine.startInternal Starting Servlet engine: [Apache Tomcat/9.0.102]
09-Apr-2025 13:24:36.204 INFO [main] org.apache.catalina.startup.HostConfig.deployDescriptor Deploying deployment descriptor [C:\Users\OSHADHA\IdeaProjects\OOP-projectnew\conf\Catalina\localhost\OOP-projectnew.xml]
09-Apr-2025 13:24:36.566 INFO [main] org.apache.catalina.startup.HostConfig.deployDescriptor Deployment of deployment descriptor [C:\Users\OSHADHA\IdeaProjects\OOP-projectnew\conf\Catalina\localhost\OOP-projectnew.xml] has finished in [362] ms
09-Apr-2025 13:24:36.570 INFO [main] org.apache.coyote.AbstractProtocol.start Starting ProtocolHandler ["http-nio-8080"]
09-Apr-2025 13:24:36.593 INFO [main] org.apache.catalina.startup.Catalina.start Server startup in [463] milliseconds
09-Apr-2025 13:24:45.456 INFO [Thread-1] org.apache.coyote.AbstractProtocol.pause Pausing ProtocolHandler ["http-nio-8080"]
09-Apr-2025 13:24:45.466 INFO [Thread-1] org.apache.catalina.core.StandardService.stopInternal Stopping service [Catalina]
09-Apr-2025 13:24:45.474 INFO [Thread-1] org.apache.coyote.AbstractProtocol.stop Stopping ProtocolHandler ["http-nio-8080"]
09-Apr-2025 13:24:45.478 INFO [Thread-1] org.apache.coyote.AbstractProtocol.destroy Destroying ProtocolHandler ["http-nio-8080"]
09-Apr-2025 13:24:47.109 INFO [main] org.apache.catalina.startup.VersionLoggerListener.log Server version name:   Apache Tomcat/9.0.102
09-Apr-2025 13:24:47.116 INFO [main] org.apache.catalina.startup.VersionLoggerListener.log Server built:          Mar 3 2025 19:33:14 UTC
09-Apr-2025 13:24:47.116 INFO [main] org.apache.catalina.startup.VersionLoggerListener.log Server version number: 9.0.102.0
09-Apr-2025 13:24:47.116 INFO [main] org.apache.catalina.startup.VersionLoggerListener.log OS Name:               Windows 10
09-Apr-2025 13:24:47.116 INFO [main] org.apache.catalina.startup.VersionLoggerListener.log OS Version:            10.0
09-Apr-2025 13:24:47.116 INFO [main] org.apache.catalina.startup.VersionLoggerListener.log Architecture:          amd64
09-Apr-2025 13:24:47.117 INFO [main] org.apache.catalina.startup.VersionLoggerListener.log Java Home:             C:\Program Files\Java\jdk-22
09-Apr-2025 13:24:47.117 INFO [main] org.apache.catalina.startup.VersionLoggerListener.log JVM Version:           22.0.1+8-16
09-Apr-2025 13:24:47.117 INFO [main] org.apache.catalina.startup.VersionLoggerListener.log JVM Vendor:            Oracle Corporation
09-Apr-2025 13:24:47.117 INFO [main] org.apache.catalina.startup.VersionLoggerListener.log CATALINA_BASE:         C:\Users\OSHADHA\IdeaProjects\OOP-projectnew
09-Apr-2025 13:24:47.117 INFO [main] org.apache.catalina.startup.VersionLoggerListener.log CATALINA_HOME:         C:\Program Files\Apache Software Foundation\Tomcat 9.0
09-Apr-2025 13:24:47.126 INFO [main] org.apache.catalina.startup.VersionLoggerListener.log Command line argument: --add-opens=java.base/java.lang=ALL-UNNAMED
09-Apr-2025 13:24:47.126 INFO [main] org.apache.catalina.startup.VersionLoggerListener.log Command line argument: --add-opens=java.base/java.io=ALL-UNNAMED
09-Apr-2025 13:24:47.126 INFO [main] org.apache.catalina.startup.VersionLoggerListener.log Command line argument: --add-opens=java.base/java.util=ALL-UNNAMED
09-Apr-2025 13:24:47.126 INFO [main] org.apache.catalina.startup.VersionLoggerListener.log Command line argument: --add-opens=java.base/java.util.concurrent=ALL-UNNAMED
09-Apr-2025 13:24:47.126 INFO [main] org.apache.catalina.startup.VersionLoggerListener.log Command line argument: --add-opens=java.rmi/sun.rmi.transport=ALL-UNNAMED
09-Apr-2025 13:24:47.126 INFO [main] org.apache.catalina.startup.VersionLoggerListener.log Command line argument: -Dcatalina.home=C:\Program Files\Apache Software Foundation\Tomcat 9.0
09-Apr-2025 13:24:47.126 INFO [main] org.apache.catalina.startup.VersionLoggerListener.log Command line argument: -Dcatalina.base=C:\Users\OSHADHA\IdeaProjects\OOP-projectnew
09-Apr-2025 13:24:47.127 INFO [main] org.apache.catalina.startup.VersionLoggerListener.log Command line argument: -Djava.io.tmpdir=C:\Users\OSHADHA\IdeaProjects\OOP-projectnew\temp
09-Apr-2025 13:24:47.127 INFO [main] org.apache.catalina.startup.VersionLoggerListener.log Command line argument: -Djava.util.logging.config.file=C:\Users\OSHADHA\IdeaProjects\OOP-projectnew\conf\logging.properties
09-Apr-2025 13:24:47.127 INFO [main] org.apache.catalina.startup.VersionLoggerListener.log Command line argument: -Djava.util.logging.manager=org.apache.juli.ClassLoaderLogManager
09-Apr-2025 13:24:47.127 INFO [main] org.apache.catalina.startup.VersionLoggerListener.log Command line argument: -javaagent:C:\Program Files\JetBrains\IntelliJ IDEA 2024.3.5\lib\idea_rt.jar=62297
09-Apr-2025 13:24:47.127 INFO [main] org.apache.catalina.startup.VersionLoggerListener.log Command line argument: -Dfile.encoding=UTF-8
09-Apr-2025 13:24:47.127 INFO [main] org.apache.catalina.startup.VersionLoggerListener.log Command line argument: -Dsun.stdout.encoding=UTF-8
09-Apr-2025 13:24:47.127 INFO [main] org.apache.catalina.startup.VersionLoggerListener.log Command line argument: -Dsun.stderr.encoding=UTF-8
09-Apr-2025 13:24:47.131 INFO [main] org.apache.catalina.core.AprLifecycleListener.lifecycleEvent Loaded Apache Tomcat Native library [1.3.1] using APR version [1.7.4].
09-Apr-2025 13:24:47.131 INFO [main] org.apache.catalina.core.AprLifecycleListener.lifecycleEvent APR capabilities: IPv6 [true], sendfile [true], accept filters [false], random [true], UDS [true].
09-Apr-2025 13:24:47.132 INFO [main] org.apache.catalina.core.AprLifecycleListener.lifecycleEvent APR/OpenSSL configuration: useAprConnector [false], useOpenSSL [true]
09-Apr-2025 13:24:47.140 INFO [main] org.apache.catalina.core.AprLifecycleListener.initializeSSL OpenSSL successfully initialized [OpenSSL 3.0.14 4 Jun 2024]
09-Apr-2025 13:24:47.722 INFO [main] org.apache.coyote.AbstractProtocol.init Initializing ProtocolHandler ["http-nio-8080"]
09-Apr-2025 13:24:47.750 INFO [main] org.apache.catalina.startup.Catalina.load Server initialization in [1118] milliseconds
09-Apr-2025 13:24:47.822 INFO [main] org.apache.catalina.core.StandardService.startInternal Starting service [Catalina]
09-Apr-2025 13:24:47.823 INFO [main] org.apache.catalina.core.StandardEngine.startInternal Starting Servlet engine: [Apache Tomcat/9.0.102]
09-Apr-2025 13:24:47.837 INFO [main] org.apache.catalina.startup.HostConfig.deployDescriptor Deploying deployment descriptor [C:\Users\OSHADHA\IdeaProjects\OOP-projectnew\conf\Catalina\localhost\OOP-projectnew.xml]
09-Apr-2025 13:24:48.699 INFO [main] org.apache.catalina.startup.HostConfig.deployDescriptor Deployment of deployment descriptor [C:\Users\OSHADHA\IdeaProjects\OOP-projectnew\conf\Catalina\localhost\OOP-projectnew.xml] has finished in [862] ms
09-Apr-2025 13:24:48.704 INFO [main] org.apache.coyote.AbstractProtocol.start Starting ProtocolHandler ["http-nio-8080"]
09-Apr-2025 13:24:48.743 INFO [main] org.apache.catalina.startup.Catalina.start Server startup in [991] milliseconds
09-Apr-2025 13:25:16.864 INFO [Thread-1] org.apache.coyote.AbstractProtocol.pause Pausing ProtocolHandler ["http-nio-8080"]
09-Apr-2025 13:25:16.873 INFO [Thread-1] org.apache.catalina.core.StandardService.stopInternal Stopping service [Catalina]
09-Apr-2025 13:25:16.895 INFO [Thread-1] org.apache.coyote.AbstractProtocol.stop Stopping ProtocolHandler ["http-nio-8080"]
09-Apr-2025 13:25:16.911 INFO [Thread-1] org.apache.coyote.AbstractProtocol.destroy Destroying ProtocolHandler ["http-nio-8080"]
09-Apr-2025 13:25:18.886 INFO [main] org.apache.catalina.startup.VersionLoggerListener.log Server version name:   Apache Tomcat/9.0.102
09-Apr-2025 13:25:18.891 INFO [main] org.apache.catalina.startup.VersionLoggerListener.log Server built:          Mar 3 2025 19:33:14 UTC
09-Apr-2025 13:25:18.892 INFO [main] org.apache.catalina.startup.VersionLoggerListener.log Server version number: 9.0.102.0
09-Apr-2025 13:25:18.892 INFO [main] org.apache.catalina.startup.VersionLoggerListener.log OS Name:               Windows 10
09-Apr-2025 13:25:18.892 INFO [main] org.apache.catalina.startup.VersionLoggerListener.log OS Version:            10.0
09-Apr-2025 13:25:18.892 INFO [main] org.apache.catalina.startup.VersionLoggerListener.log Architecture:          amd64
09-Apr-2025 13:25:18.892 INFO [main] org.apache.catalina.startup.VersionLoggerListener.log Java Home:             C:\Program Files\Java\jdk-22
09-Apr-2025 13:25:18.892 INFO [main] org.apache.catalina.startup.VersionLoggerListener.log JVM Version:           22.0.1+8-16
09-Apr-2025 13:25:18.892 INFO [main] org.apache.catalina.startup.VersionLoggerListener.log JVM Vendor:            Oracle Corporation
09-Apr-2025 13:25:18.892 INFO [main] org.apache.catalina.startup.VersionLoggerListener.log CATALINA_BASE:         C:\Users\OSHADHA\IdeaProjects\OOP-projectnew
09-Apr-2025 13:25:18.893 INFO [main] org.apache.catalina.startup.VersionLoggerListener.log CATALINA_HOME:         C:\Program Files\Apache Software Foundation\Tomcat 9.0
09-Apr-2025 13:25:18.904 INFO [main] org.apache.catalina.startup.VersionLoggerListener.log Command line argument: --add-opens=java.base/java.lang=ALL-UNNAMED
09-Apr-2025 13:25:18.904 INFO [main] org.apache.catalina.startup.VersionLoggerListener.log Command line argument: --add-opens=java.base/java.io=ALL-UNNAMED
09-Apr-2025 13:25:18.904 INFO [main] org.apache.catalina.startup.VersionLoggerListener.log Command line argument: --add-opens=java.base/java.util=ALL-UNNAMED
09-Apr-2025 13:25:18.904 INFO [main] org.apache.catalina.startup.VersionLoggerListener.log Command line argument: --add-opens=java.base/java.util.concurrent=ALL-UNNAMED
09-Apr-2025 13:25:18.904 INFO [main] org.apache.catalina.startup.VersionLoggerListener.log Command line argument: --add-opens=java.rmi/sun.rmi.transport=ALL-UNNAMED
09-Apr-2025 13:25:18.904 INFO [main] org.apache.catalina.startup.VersionLoggerListener.log Command line argument: -Dcatalina.home=C:\Program Files\Apache Software Foundation\Tomcat 9.0
09-Apr-2025 13:25:18.904 INFO [main] org.apache.catalina.startup.VersionLoggerListener.log Command line argument: -Dcatalina.base=C:\Users\OSHADHA\IdeaProjects\OOP-projectnew
09-Apr-2025 13:25:18.905 INFO [main] org.apache.catalina.startup.VersionLoggerListener.log Command line argument: -Djava.io.tmpdir=C:\Users\OSHADHA\IdeaProjects\OOP-projectnew\temp
09-Apr-2025 13:25:18.905 INFO [main] org.apache.catalina.startup.VersionLoggerListener.log Command line argument: -Djava.util.logging.config.file=C:\Users\OSHADHA\IdeaProjects\OOP-projectnew\conf\logging.properties
09-Apr-2025 13:25:18.905 INFO [main] org.apache.catalina.startup.VersionLoggerListener.log Command line argument: -Djava.util.logging.manager=org.apache.juli.ClassLoaderLogManager
09-Apr-2025 13:25:18.905 INFO [main] org.apache.catalina.startup.VersionLoggerListener.log Command line argument: -javaagent:C:\Program Files\JetBrains\IntelliJ IDEA 2024.3.5\lib\idea_rt.jar=62304
09-Apr-2025 13:25:18.905 INFO [main] org.apache.catalina.startup.VersionLoggerListener.log Command line argument: -Dfile.encoding=UTF-8
09-Apr-2025 13:25:18.905 INFO [main] org.apache.catalina.startup.VersionLoggerListener.log Command line argument: -Dsun.stdout.encoding=UTF-8
09-Apr-2025 13:25:18.905 INFO [main] org.apache.catalina.startup.VersionLoggerListener.log Command line argument: -Dsun.stderr.encoding=UTF-8
09-Apr-2025 13:25:18.910 INFO [main] org.apache.catalina.core.AprLifecycleListener.lifecycleEvent Loaded Apache Tomcat Native library [1.3.1] using APR version [1.7.4].
09-Apr-2025 13:25:18.910 INFO [main] org.apache.catalina.core.AprLifecycleListener.lifecycleEvent APR capabilities: IPv6 [true], sendfile [true], accept filters [false], random [true], UDS [true].
09-Apr-2025 13:25:18.910 INFO [main] org.apache.catalina.core.AprLifecycleListener.lifecycleEvent APR/OpenSSL configuration: useAprConnector [false], useOpenSSL [true]
09-Apr-2025 13:25:18.919 INFO [main] org.apache.catalina.core.AprLifecycleListener.initializeSSL OpenSSL successfully initialized [OpenSSL 3.0.14 4 Jun 2024]
09-Apr-2025 13:25:19.401 INFO [main] org.apache.coyote.AbstractProtocol.init Initializing ProtocolHandler ["http-nio-8080"]
09-Apr-2025 13:25:19.432 INFO [main] org.apache.catalina.startup.Catalina.load Server initialization in [872] milliseconds
09-Apr-2025 13:25:19.498 INFO [main] org.apache.catalina.core.StandardService.startInternal Starting service [Catalina]
09-Apr-2025 13:25:19.498 INFO [main] org.apache.catalina.core.StandardEngine.startInternal Starting Servlet engine: [Apache Tomcat/9.0.102]
09-Apr-2025 13:25:19.511 INFO [main] org.apache.catalina.startup.HostConfig.deployDescriptor Deploying deployment descriptor [C:\Users\OSHADHA\IdeaProjects\OOP-projectnew\conf\Catalina\localhost\OOP-projectnew.xml]
09-Apr-2025 13:25:19.959 INFO [main] org.apache.catalina.startup.HostConfig.deployDescriptor Deployment of deployment descriptor [C:\Users\OSHADHA\IdeaProjects\OOP-projectnew\conf\Catalina\localhost\OOP-projectnew.xml] has finished in [449] ms
09-Apr-2025 13:25:19.963 INFO [main] org.apache.coyote.AbstractProtocol.start Starting ProtocolHandler ["http-nio-8080"]
09-Apr-2025 13:25:19.986 INFO [main] org.apache.catalina.startup.Catalina.start Server startup in [553] milliseconds
09-Apr-2025 13:50:10.309 INFO [Thread-1] org.apache.coyote.AbstractProtocol.pause Pausing ProtocolHandler ["http-nio-8080"]
09-Apr-2025 13:50:10.324 INFO [Thread-1] org.apache.catalina.core.StandardService.stopInternal Stopping service [Catalina]
09-Apr-2025 13:50:10.361 INFO [Thread-1] org.apache.coyote.AbstractProtocol.stop Stopping ProtocolHandler ["http-nio-8080"]
09-Apr-2025 13:50:10.376 INFO [Thread-1] org.apache.coyote.AbstractProtocol.destroy Destroying ProtocolHandler ["http-nio-8080"]
09-Apr-2025 13:50:13.487 INFO [main] org.apache.catalina.startup.VersionLoggerListener.log Server version name:   Apache Tomcat/9.0.102
09-Apr-2025 13:50:13.491 INFO [main] org.apache.catalina.startup.VersionLoggerListener.log Server built:          Mar 3 2025 19:33:14 UTC
09-Apr-2025 13:50:13.492 INFO [main] org.apache.catalina.startup.VersionLoggerListener.log Server version number: 9.0.102.0
09-Apr-2025 13:50:13.492 INFO [main] org.apache.catalina.startup.VersionLoggerListener.log OS Name:               Windows 10
09-Apr-2025 13:50:13.492 INFO [main] org.apache.catalina.startup.VersionLoggerListener.log OS Version:            10.0
09-Apr-2025 13:50:13.492 INFO [main] org.apache.catalina.startup.VersionLoggerListener.log Architecture:          amd64
09-Apr-2025 13:50:13.492 INFO [main] org.apache.catalina.startup.VersionLoggerListener.log Java Home:             C:\Program Files\Java\jdk-22
09-Apr-2025 13:50:13.493 INFO [main] org.apache.catalina.startup.VersionLoggerListener.log JVM Version:           22.0.1+8-16
09-Apr-2025 13:50:13.493 INFO [main] org.apache.catalina.startup.VersionLoggerListener.log JVM Vendor:            Oracle Corporation
09-Apr-2025 13:50:13.493 INFO [main] org.apache.catalina.startup.VersionLoggerListener.log CATALINA_BASE:         C:\Users\OSHADHA\IdeaProjects\OOP-projectnew
09-Apr-2025 13:50:13.493 INFO [main] org.apache.catalina.startup.VersionLoggerListener.log CATALINA_HOME:         C:\Program Files\Apache Software Foundation\Tomcat 9.0
09-Apr-2025 13:50:13.502 INFO [main] org.apache.catalina.startup.VersionLoggerListener.log Command line argument: --add-opens=java.base/java.lang=ALL-UNNAMED
09-Apr-2025 13:50:13.502 INFO [main] org.apache.catalina.startup.VersionLoggerListener.log Command line argument: --add-opens=java.base/java.io=ALL-UNNAMED
09-Apr-2025 13:50:13.502 INFO [main] org.apache.catalina.startup.VersionLoggerListener.log Command line argument: --add-opens=java.base/java.util=ALL-UNNAMED
09-Apr-2025 13:50:13.502 INFO [main] org.apache.catalina.startup.VersionLoggerListener.log Command line argument: --add-opens=java.base/java.util.concurrent=ALL-UNNAMED
09-Apr-2025 13:50:13.502 INFO [main] org.apache.catalina.startup.VersionLoggerListener.log Command line argument: --add-opens=java.rmi/sun.rmi.transport=ALL-UNNAMED
09-Apr-2025 13:50:13.502 INFO [main] org.apache.catalina.startup.VersionLoggerListener.log Command line argument: -Dcatalina.home=C:\Program Files\Apache Software Foundation\Tomcat 9.0
09-Apr-2025 13:50:13.502 INFO [main] org.apache.catalina.startup.VersionLoggerListener.log Command line argument: -Dcatalina.base=C:\Users\OSHADHA\IdeaProjects\OOP-projectnew
09-Apr-2025 13:50:13.503 INFO [main] org.apache.catalina.startup.VersionLoggerListener.log Command line argument: -Djava.io.tmpdir=C:\Users\OSHADHA\IdeaProjects\OOP-projectnew\temp
09-Apr-2025 13:50:13.503 INFO [main] org.apache.catalina.startup.VersionLoggerListener.log Command line argument: -Djava.util.logging.config.file=C:\Users\OSHADHA\IdeaProjects\OOP-projectnew\conf\logging.properties
09-Apr-2025 13:50:13.503 INFO [main] org.apache.catalina.startup.VersionLoggerListener.log Command line argument: -Djava.util.logging.manager=org.apache.juli.ClassLoaderLogManager
09-Apr-2025 13:50:13.503 INFO [main] org.apache.catalina.startup.VersionLoggerListener.log Command line argument: -javaagent:C:\Program Files\JetBrains\IntelliJ IDEA 2024.3.5\lib\idea_rt.jar=63185
09-Apr-2025 13:50:13.503 INFO [main] org.apache.catalina.startup.VersionLoggerListener.log Command line argument: -Dfile.encoding=UTF-8
09-Apr-2025 13:50:13.503 INFO [main] org.apache.catalina.startup.VersionLoggerListener.log Command line argument: -Dsun.stdout.encoding=UTF-8
09-Apr-2025 13:50:13.503 INFO [main] org.apache.catalina.startup.VersionLoggerListener.log Command line argument: -Dsun.stderr.encoding=UTF-8
09-Apr-2025 13:50:13.507 INFO [main] org.apache.catalina.core.AprLifecycleListener.lifecycleEvent Loaded Apache Tomcat Native library [1.3.1] using APR version [1.7.4].
09-Apr-2025 13:50:13.508 INFO [main] org.apache.catalina.core.AprLifecycleListener.lifecycleEvent APR capabilities: IPv6 [true], sendfile [true], accept filters [false], random [true], UDS [true].
09-Apr-2025 13:50:13.508 INFO [main] org.apache.catalina.core.AprLifecycleListener.lifecycleEvent APR/OpenSSL configuration: useAprConnector [false], useOpenSSL [true]
09-Apr-2025 13:50:13.515 INFO [main] org.apache.catalina.core.AprLifecycleListener.initializeSSL OpenSSL successfully initialized [OpenSSL 3.0.14 4 Jun 2024]
09-Apr-2025 13:50:13.946 INFO [main] org.apache.coyote.AbstractProtocol.init Initializing ProtocolHandler ["http-nio-8080"]
09-Apr-2025 13:50:13.970 INFO [main] org.apache.catalina.startup.Catalina.load Server initialization in [754] milliseconds
09-Apr-2025 13:50:14.029 INFO [main] org.apache.catalina.core.StandardService.startInternal Starting service [Catalina]
09-Apr-2025 13:50:14.029 INFO [main] org.apache.catalina.core.StandardEngine.startInternal Starting Servlet engine: [Apache Tomcat/9.0.102]
09-Apr-2025 13:50:14.037 INFO [main] org.apache.catalina.startup.HostConfig.deployDescriptor Deploying deployment descriptor [C:\Users\OSHADHA\IdeaProjects\OOP-projectnew\conf\Catalina\localhost\OOP-projectnew.xml]
09-Apr-2025 13:50:14.411 INFO [main] org.apache.catalina.startup.HostConfig.deployDescriptor Deployment of deployment descriptor [C:\Users\OSHADHA\IdeaProjects\OOP-projectnew\conf\Catalina\localhost\OOP-projectnew.xml] has finished in [374] ms
09-Apr-2025 13:50:14.414 INFO [main] org.apache.coyote.AbstractProtocol.start Starting ProtocolHandler ["http-nio-8080"]
09-Apr-2025 13:50:14.434 INFO [main] org.apache.catalina.startup.Catalina.start Server startup in [461] milliseconds
09-Apr-2025 13:51:08.669 INFO [Thread-1] org.apache.coyote.AbstractProtocol.pause Pausing ProtocolHandler ["http-nio-8080"]
09-Apr-2025 13:51:08.679 INFO [Thread-1] org.apache.catalina.core.StandardService.stopInternal Stopping service [Catalina]
09-Apr-2025 13:51:08.689 INFO [Thread-1] org.apache.coyote.AbstractProtocol.stop Stopping ProtocolHandler ["http-nio-8080"]
09-Apr-2025 13:51:08.693 INFO [Thread-1] org.apache.coyote.AbstractProtocol.destroy Destroying ProtocolHandler ["http-nio-8080"]
09-Apr-2025 13:53:10.483 INFO [main] org.apache.catalina.startup.VersionLoggerListener.log Server version name:   Apache Tomcat/9.0.102
09-Apr-2025 13:53:10.488 INFO [main] org.apache.catalina.startup.VersionLoggerListener.log Server built:          Mar 3 2025 19:33:14 UTC
09-Apr-2025 13:53:10.488 INFO [main] org.apache.catalina.startup.VersionLoggerListener.log Server version number: 9.0.102.0
09-Apr-2025 13:53:10.488 INFO [main] org.apache.catalina.startup.VersionLoggerListener.log OS Name:               Windows 10
09-Apr-2025 13:53:10.488 INFO [main] org.apache.catalina.startup.VersionLoggerListener.log OS Version:            10.0
09-Apr-2025 13:53:10.488 INFO [main] org.apache.catalina.startup.VersionLoggerListener.log Architecture:          amd64
09-Apr-2025 13:53:10.488 INFO [main] org.apache.catalina.startup.VersionLoggerListener.log Java Home:             C:\Program Files\Java\jdk-22
09-Apr-2025 13:53:10.489 INFO [main] org.apache.catalina.startup.VersionLoggerListener.log JVM Version:           22.0.1+8-16
09-Apr-2025 13:53:10.489 INFO [main] org.apache.catalina.startup.VersionLoggerListener.log JVM Vendor:            Oracle Corporation
09-Apr-2025 13:53:10.489 INFO [main] org.apache.catalina.startup.VersionLoggerListener.log CATALINA_BASE:         C:\Users\OSHADHA\IdeaProjects\OOP-projectnew
09-Apr-2025 13:53:10.489 INFO [main] org.apache.catalina.startup.VersionLoggerListener.log CATALINA_HOME:         C:\Program Files\Apache Software Foundation\Tomcat 9.0
09-Apr-2025 13:53:10.497 INFO [main] org.apache.catalina.startup.VersionLoggerListener.log Command line argument: --add-opens=java.base/java.lang=ALL-UNNAMED
09-Apr-2025 13:53:10.498 INFO [main] org.apache.catalina.startup.VersionLoggerListener.log Command line argument: --add-opens=java.base/java.io=ALL-UNNAMED
09-Apr-2025 13:53:10.498 INFO [main] org.apache.catalina.startup.VersionLoggerListener.log Command line argument: --add-opens=java.base/java.util=ALL-UNNAMED
09-Apr-2025 13:53:10.498 INFO [main] org.apache.catalina.startup.VersionLoggerListener.log Command line argument: --add-opens=java.base/java.util.concurrent=ALL-UNNAMED
09-Apr-2025 13:53:10.498 INFO [main] org.apache.catalina.startup.VersionLoggerListener.log Command line argument: --add-opens=java.rmi/sun.rmi.transport=ALL-UNNAMED
09-Apr-2025 13:53:10.498 INFO [main] org.apache.catalina.startup.VersionLoggerListener.log Command line argument: -Dcatalina.home=C:\Program Files\Apache Software Foundation\Tomcat 9.0
09-Apr-2025 13:53:10.498 INFO [main] org.apache.catalina.startup.VersionLoggerListener.log Command line argument: -Dcatalina.base=C:\Users\OSHADHA\IdeaProjects\OOP-projectnew
09-Apr-2025 13:53:10.498 INFO [main] org.apache.catalina.startup.VersionLoggerListener.log Command line argument: -Djava.io.tmpdir=C:\Users\OSHADHA\IdeaProjects\OOP-projectnew\temp
09-Apr-2025 13:53:10.498 INFO [main] org.apache.catalina.startup.VersionLoggerListener.log Command line argument: -Djava.util.logging.config.file=C:\Users\OSHADHA\IdeaProjects\OOP-projectnew\conf\logging.properties
09-Apr-2025 13:53:10.499 INFO [main] org.apache.catalina.startup.VersionLoggerListener.log Command line argument: -Djava.util.logging.manager=org.apache.juli.ClassLoaderLogManager
09-Apr-2025 13:53:10.499 INFO [main] org.apache.catalina.startup.VersionLoggerListener.log Command line argument: -javaagent:C:\Program Files\JetBrains\IntelliJ IDEA 2024.3.5\lib\idea_rt.jar=63230
09-Apr-2025 13:53:10.499 INFO [main] org.apache.catalina.startup.VersionLoggerListener.log Command line argument: -Dfile.encoding=UTF-8
09-Apr-2025 13:53:10.499 INFO [main] org.apache.catalina.startup.VersionLoggerListener.log Command line argument: -Dsun.stdout.encoding=UTF-8
09-Apr-2025 13:53:10.499 INFO [main] org.apache.catalina.startup.VersionLoggerListener.log Command line argument: -Dsun.stderr.encoding=UTF-8
09-Apr-2025 13:53:10.502 INFO [main] org.apache.catalina.core.AprLifecycleListener.lifecycleEvent Loaded Apache Tomcat Native library [1.3.1] using APR version [1.7.4].
09-Apr-2025 13:53:10.502 INFO [main] org.apache.catalina.core.AprLifecycleListener.lifecycleEvent APR capabilities: IPv6 [true], sendfile [true], accept filters [false], random [true], UDS [true].
09-Apr-2025 13:53:10.503 INFO [main] org.apache.catalina.core.AprLifecycleListener.lifecycleEvent APR/OpenSSL configuration: useAprConnector [false], useOpenSSL [true]
09-Apr-2025 13:53:10.510 INFO [main] org.apache.catalina.core.AprLifecycleListener.initializeSSL OpenSSL successfully initialized [OpenSSL 3.0.14 4 Jun 2024]
09-Apr-2025 13:53:10.920 INFO [main] org.apache.coyote.AbstractProtocol.init Initializing ProtocolHandler ["http-nio-8080"]
09-Apr-2025 13:53:10.941 INFO [main] org.apache.catalina.startup.Catalina.load Server initialization in [707] milliseconds
09-Apr-2025 13:53:10.999 INFO [main] org.apache.catalina.core.StandardService.startInternal Starting service [Catalina]
09-Apr-2025 13:53:10.999 INFO [main] org.apache.catalina.core.StandardEngine.startInternal Starting Servlet engine: [Apache Tomcat/9.0.102]
09-Apr-2025 13:53:11.007 INFO [main] org.apache.catalina.startup.HostConfig.deployDescriptor Deploying deployment descriptor [C:\Users\OSHADHA\IdeaProjects\OOP-projectnew\conf\Catalina\localhost\OOP-projectnew.xml]
09-Apr-2025 13:53:11.410 INFO [main] org.apache.catalina.startup.HostConfig.deployDescriptor Deployment of deployment descriptor [C:\Users\OSHADHA\IdeaProjects\OOP-projectnew\conf\Catalina\localhost\OOP-projectnew.xml] has finished in [403] ms
09-Apr-2025 13:53:11.414 INFO [main] org.apache.coyote.AbstractProtocol.start Starting ProtocolHandler ["http-nio-8080"]
09-Apr-2025 13:53:11.435 INFO [main] org.apache.catalina.startup.Catalina.start Server startup in [492] milliseconds
09-Apr-2025 14:10:38.286 INFO [Thread-1] org.apache.coyote.AbstractProtocol.pause Pausing ProtocolHandler ["http-nio-8080"]
09-Apr-2025 14:10:38.297 INFO [Thread-1] org.apache.catalina.core.StandardService.stopInternal Stopping service [Catalina]
09-Apr-2025 14:10:38.307 INFO [Thread-1] org.apache.coyote.AbstractProtocol.stop Stopping ProtocolHandler ["http-nio-8080"]
09-Apr-2025 14:10:38.325 INFO [Thread-1] org.apache.coyote.AbstractProtocol.destroy Destroying ProtocolHandler ["http-nio-8080"]
09-Apr-2025 14:56:00.312 INFO [main] org.apache.catalina.startup.VersionLoggerListener.log Server version name:   Apache Tomcat/9.0.102
09-Apr-2025 14:56:00.317 INFO [main] org.apache.catalina.startup.VersionLoggerListener.log Server built:          Mar 3 2025 19:33:14 UTC
09-Apr-2025 14:56:00.318 INFO [main] org.apache.catalina.startup.VersionLoggerListener.log Server version number: 9.0.102.0
09-Apr-2025 14:56:00.318 INFO [main] org.apache.catalina.startup.VersionLoggerListener.log OS Name:               Windows 10
09-Apr-2025 14:56:00.318 INFO [main] org.apache.catalina.startup.VersionLoggerListener.log OS Version:            10.0
09-Apr-2025 14:56:00.318 INFO [main] org.apache.catalina.startup.VersionLoggerListener.log Architecture:          amd64
09-Apr-2025 14:56:00.319 INFO [main] org.apache.catalina.startup.VersionLoggerListener.log Java Home:             C:\Program Files\Java\jdk-22
09-Apr-2025 14:56:00.319 INFO [main] org.apache.catalina.startup.VersionLoggerListener.log JVM Version:           22.0.1+8-16
09-Apr-2025 14:56:00.319 INFO [main] org.apache.catalina.startup.VersionLoggerListener.log JVM Vendor:            Oracle Corporation
09-Apr-2025 14:56:00.319 INFO [main] org.apache.catalina.startup.VersionLoggerListener.log CATALINA_BASE:         C:\Users\OSHADHA\IdeaProjects\OOP-projectnew
09-Apr-2025 14:56:00.319 INFO [main] org.apache.catalina.startup.VersionLoggerListener.log CATALINA_HOME:         C:\Program Files\Apache Software Foundation\Tomcat 9.0
09-Apr-2025 14:56:00.329 INFO [main] org.apache.catalina.startup.VersionLoggerListener.log Command line argument: --add-opens=java.base/java.lang=ALL-UNNAMED
09-Apr-2025 14:56:00.329 INFO [main] org.apache.catalina.startup.VersionLoggerListener.log Command line argument: --add-opens=java.base/java.io=ALL-UNNAMED
09-Apr-2025 14:56:00.329 INFO [main] org.apache.catalina.startup.VersionLoggerListener.log Command line argument: --add-opens=java.base/java.util=ALL-UNNAMED
09-Apr-2025 14:56:00.330 INFO [main] org.apache.catalina.startup.VersionLoggerListener.log Command line argument: --add-opens=java.base/java.util.concurrent=ALL-UNNAMED
09-Apr-2025 14:56:00.330 INFO [main] org.apache.catalina.startup.VersionLoggerListener.log Command line argument: --add-opens=java.rmi/sun.rmi.transport=ALL-UNNAMED
09-Apr-2025 14:56:00.330 INFO [main] org.apache.catalina.startup.VersionLoggerListener.log Command line argument: -Dcatalina.home=C:\Program Files\Apache Software Foundation\Tomcat 9.0
09-Apr-2025 14:56:00.330 INFO [main] org.apache.catalina.startup.VersionLoggerListener.log Command line argument: -Dcatalina.base=C:\Users\OSHADHA\IdeaProjects\OOP-projectnew
09-Apr-2025 14:56:00.330 INFO [main] org.apache.catalina.startup.VersionLoggerListener.log Command line argument: -Djava.io.tmpdir=C:\Users\OSHADHA\IdeaProjects\OOP-projectnew\temp
09-Apr-2025 14:56:00.330 INFO [main] org.apache.catalina.startup.VersionLoggerListener.log Command line argument: -Djava.util.logging.config.file=C:\Users\OSHADHA\IdeaProjects\OOP-projectnew\conf\logging.properties
09-Apr-2025 14:56:00.330 INFO [main] org.apache.catalina.startup.VersionLoggerListener.log Command line argument: -Djava.util.logging.manager=org.apache.juli.ClassLoaderLogManager
09-Apr-2025 14:56:00.330 INFO [main] org.apache.catalina.startup.VersionLoggerListener.log Command line argument: -javaagent:C:\Program Files\JetBrains\IntelliJ IDEA 2024.3.5\lib\idea_rt.jar=63976
09-Apr-2025 14:56:00.330 INFO [main] org.apache.catalina.startup.VersionLoggerListener.log Command line argument: -Dfile.encoding=UTF-8
09-Apr-2025 14:56:00.330 INFO [main] org.apache.catalina.startup.VersionLoggerListener.log Command line argument: -Dsun.stdout.encoding=UTF-8
09-Apr-2025 14:56:00.330 INFO [main] org.apache.catalina.startup.VersionLoggerListener.log Command line argument: -Dsun.stderr.encoding=UTF-8
09-Apr-2025 14:56:00.349 INFO [main] org.apache.catalina.core.AprLifecycleListener.lifecycleEvent Loaded Apache Tomcat Native library [1.3.1] using APR version [1.7.4].
09-Apr-2025 14:56:00.349 INFO [main] org.apache.catalina.core.AprLifecycleListener.lifecycleEvent APR capabilities: IPv6 [true], sendfile [true], accept filters [false], random [true], UDS [true].
09-Apr-2025 14:56:00.349 INFO [main] org.apache.catalina.core.AprLifecycleListener.lifecycleEvent APR/OpenSSL configuration: useAprConnector [false], useOpenSSL [true]
09-Apr-2025 14:56:00.376 INFO [main] org.apache.catalina.core.AprLifecycleListener.initializeSSL OpenSSL successfully initialized [OpenSSL 3.0.14 4 Jun 2024]
09-Apr-2025 14:56:00.808 INFO [main] org.apache.coyote.AbstractProtocol.init Initializing ProtocolHandler ["http-nio-8080"]
09-Apr-2025 14:56:00.833 INFO [main] org.apache.catalina.startup.Catalina.load Server initialization in [795] milliseconds
09-Apr-2025 14:56:00.905 INFO [main] org.apache.catalina.core.StandardService.startInternal Starting service [Catalina]
09-Apr-2025 14:56:00.905 INFO [main] org.apache.catalina.core.StandardEngine.startInternal Starting Servlet engine: [Apache Tomcat/9.0.102]
09-Apr-2025 14:56:00.917 INFO [main] org.apache.catalina.startup.HostConfig.deployDescriptor Deploying deployment descriptor [C:\Users\OSHADHA\IdeaProjects\OOP-projectnew\conf\Catalina\localhost\OOP-projectnew.xml]
09-Apr-2025 14:56:01.314 INFO [main] org.apache.catalina.startup.HostConfig.deployDescriptor Deployment of deployment descriptor [C:\Users\OSHADHA\IdeaProjects\OOP-projectnew\conf\Catalina\localhost\OOP-projectnew.xml] has finished in [396] ms
09-Apr-2025 14:56:01.317 INFO [main] org.apache.coyote.AbstractProtocol.start Starting ProtocolHandler ["http-nio-8080"]
09-Apr-2025 14:56:01.340 INFO [main] org.apache.catalina.startup.Catalina.start Server startup in [505] milliseconds
09-Apr-2025 14:57:12.799 INFO [Thread-1] org.apache.coyote.AbstractProtocol.pause Pausing ProtocolHandler ["http-nio-8080"]
09-Apr-2025 14:57:12.809 INFO [Thread-1] org.apache.catalina.core.StandardService.stopInternal Stopping service [Catalina]
09-Apr-2025 14:57:12.823 INFO [Thread-1] org.apache.coyote.AbstractProtocol.stop Stopping ProtocolHandler ["http-nio-8080"]
09-Apr-2025 14:57:12.837 INFO [Thread-1] org.apache.coyote.AbstractProtocol.destroy Destroying ProtocolHandler ["http-nio-8080"]
09-Apr-2025 14:57:15.365 INFO [main] org.apache.catalina.startup.VersionLoggerListener.log Server version name:   Apache Tomcat/9.0.102
09-Apr-2025 14:57:15.369 INFO [main] org.apache.catalina.startup.VersionLoggerListener.log Server built:          Mar 3 2025 19:33:14 UTC
09-Apr-2025 14:57:15.370 INFO [main] org.apache.catalina.startup.VersionLoggerListener.log Server version number: 9.0.102.0
09-Apr-2025 14:57:15.371 INFO [main] org.apache.catalina.startup.VersionLoggerListener.log OS Name:               Windows 10
09-Apr-2025 14:57:15.371 INFO [main] org.apache.catalina.startup.VersionLoggerListener.log OS Version:            10.0
09-Apr-2025 14:57:15.371 INFO [main] org.apache.catalina.startup.VersionLoggerListener.log Architecture:          amd64
09-Apr-2025 14:57:15.371 INFO [main] org.apache.catalina.startup.VersionLoggerListener.log Java Home:             C:\Program Files\Java\jdk-22
09-Apr-2025 14:57:15.371 INFO [main] org.apache.catalina.startup.VersionLoggerListener.log JVM Version:           22.0.1+8-16
09-Apr-2025 14:57:15.371 INFO [main] org.apache.catalina.startup.VersionLoggerListener.log JVM Vendor:            Oracle Corporation
09-Apr-2025 14:57:15.371 INFO [main] org.apache.catalina.startup.VersionLoggerListener.log CATALINA_BASE:         C:\Users\OSHADHA\IdeaProjects\OOP-projectnew
09-Apr-2025 14:57:15.372 INFO [main] org.apache.catalina.startup.VersionLoggerListener.log CATALINA_HOME:         C:\Program Files\Apache Software Foundation\Tomcat 9.0
09-Apr-2025 14:57:15.380 INFO [main] org.apache.catalina.startup.VersionLoggerListener.log Command line argument: --add-opens=java.base/java.lang=ALL-UNNAMED
09-Apr-2025 14:57:15.380 INFO [main] org.apache.catalina.startup.VersionLoggerListener.log Command line argument: --add-opens=java.base/java.io=ALL-UNNAMED
09-Apr-2025 14:57:15.380 INFO [main] org.apache.catalina.startup.VersionLoggerListener.log Command line argument: --add-opens=java.base/java.util=ALL-UNNAMED
09-Apr-2025 14:57:15.380 INFO [main] org.apache.catalina.startup.VersionLoggerListener.log Command line argument: --add-opens=java.base/java.util.concurrent=ALL-UNNAMED
09-Apr-2025 14:57:15.380 INFO [main] org.apache.catalina.startup.VersionLoggerListener.log Command line argument: --add-opens=java.rmi/sun.rmi.transport=ALL-UNNAMED
09-Apr-2025 14:57:15.380 INFO [main] org.apache.catalina.startup.VersionLoggerListener.log Command line argument: -Dcatalina.home=C:\Program Files\Apache Software Foundation\Tomcat 9.0
09-Apr-2025 14:57:15.380 INFO [main] org.apache.catalina.startup.VersionLoggerListener.log Command line argument: -Dcatalina.base=C:\Users\OSHADHA\IdeaProjects\OOP-projectnew
09-Apr-2025 14:57:15.380 INFO [main] org.apache.catalina.startup.VersionLoggerListener.log Command line argument: -Djava.io.tmpdir=C:\Users\OSHADHA\IdeaProjects\OOP-projectnew\temp
09-Apr-2025 14:57:15.381 INFO [main] org.apache.catalina.startup.VersionLoggerListener.log Command line argument: -Djava.util.logging.config.file=C:\Users\OSHADHA\IdeaProjects\OOP-projectnew\conf\logging.properties
09-Apr-2025 14:57:15.381 INFO [main] org.apache.catalina.startup.VersionLoggerListener.log Command line argument: -Djava.util.logging.manager=org.apache.juli.ClassLoaderLogManager
09-Apr-2025 14:57:15.381 INFO [main] org.apache.catalina.startup.VersionLoggerListener.log Command line argument: -javaagent:C:\Program Files\JetBrains\IntelliJ IDEA 2024.3.5\lib\idea_rt.jar=63997
09-Apr-2025 14:57:15.381 INFO [main] org.apache.catalina.startup.VersionLoggerListener.log Command line argument: -Dfile.encoding=UTF-8
09-Apr-2025 14:57:15.381 INFO [main] org.apache.catalina.startup.VersionLoggerListener.log Command line argument: -Dsun.stdout.encoding=UTF-8
09-Apr-2025 14:57:15.381 INFO [main] org.apache.catalina.startup.VersionLoggerListener.log Command line argument: -Dsun.stderr.encoding=UTF-8
09-Apr-2025 14:57:15.386 INFO [main] org.apache.catalina.core.AprLifecycleListener.lifecycleEvent Loaded Apache Tomcat Native library [1.3.1] using APR version [1.7.4].
09-Apr-2025 14:57:15.386 INFO [main] org.apache.catalina.core.AprLifecycleListener.lifecycleEvent APR capabilities: IPv6 [true], sendfile [true], accept filters [false], random [true], UDS [true].
09-Apr-2025 14:57:15.386 INFO [main] org.apache.catalina.core.AprLifecycleListener.lifecycleEvent APR/OpenSSL configuration: useAprConnector [false], useOpenSSL [true]
09-Apr-2025 14:57:15.394 INFO [main] org.apache.catalina.core.AprLifecycleListener.initializeSSL OpenSSL successfully initialized [OpenSSL 3.0.14 4 Jun 2024]
09-Apr-2025 14:57:15.845 INFO [main] org.apache.coyote.AbstractProtocol.init Initializing ProtocolHandler ["http-nio-8080"]
09-Apr-2025 14:57:15.866 INFO [main] org.apache.catalina.startup.Catalina.load Server initialization in [730] milliseconds
09-Apr-2025 14:57:15.923 INFO [main] org.apache.catalina.core.StandardService.startInternal Starting service [Catalina]
09-Apr-2025 14:57:15.924 INFO [main] org.apache.catalina.core.StandardEngine.startInternal Starting Servlet engine: [Apache Tomcat/9.0.102]
09-Apr-2025 14:57:15.931 INFO [main] org.apache.catalina.startup.HostConfig.deployDescriptor Deploying deployment descriptor [C:\Users\OSHADHA\IdeaProjects\OOP-projectnew\conf\Catalina\localhost\OOP-projectnew.xml]
09-Apr-2025 14:57:16.309 INFO [main] org.apache.catalina.startup.HostConfig.deployDescriptor Deployment of deployment descriptor [C:\Users\OSHADHA\IdeaProjects\OOP-projectnew\conf\Catalina\localhost\OOP-projectnew.xml] has finished in [377] ms
09-Apr-2025 14:57:16.314 INFO [main] org.apache.coyote.AbstractProtocol.start Starting ProtocolHandler ["http-nio-8080"]
09-Apr-2025 14:57:16.336 INFO [main] org.apache.catalina.startup.Catalina.start Server startup in [467] milliseconds
09-Apr-2025 14:57:56.926 INFO [Thread-1] org.apache.coyote.AbstractProtocol.pause Pausing ProtocolHandler ["http-nio-8080"]
09-Apr-2025 14:57:56.936 INFO [Thread-1] org.apache.catalina.core.StandardService.stopInternal Stopping service [Catalina]
09-Apr-2025 14:57:56.946 INFO [Thread-1] org.apache.coyote.AbstractProtocol.stop Stopping ProtocolHandler ["http-nio-8080"]
09-Apr-2025 14:57:56.949 INFO [Thread-1] org.apache.coyote.AbstractProtocol.destroy Destroying ProtocolHandler ["http-nio-8080"]
09-Apr-2025 15:12:04.871 INFO [main] org.apache.catalina.startup.VersionLoggerListener.log Server version name:   Apache Tomcat/9.0.102
09-Apr-2025 15:12:04.876 INFO [main] org.apache.catalina.startup.VersionLoggerListener.log Server built:          Mar 3 2025 19:33:14 UTC
09-Apr-2025 15:12:04.877 INFO [main] org.apache.catalina.startup.VersionLoggerListener.log Server version number: 9.0.102.0
09-Apr-2025 15:12:04.877 INFO [main] org.apache.catalina.startup.VersionLoggerListener.log OS Name:               Windows 10
09-Apr-2025 15:12:04.877 INFO [main] org.apache.catalina.startup.VersionLoggerListener.log OS Version:            10.0
09-Apr-2025 15:12:04.877 INFO [main] org.apache.catalina.startup.VersionLoggerListener.log Architecture:          amd64
09-Apr-2025 15:12:04.877 INFO [main] org.apache.catalina.startup.VersionLoggerListener.log Java Home:             C:\Program Files\Java\jdk-22
09-Apr-2025 15:12:04.878 INFO [main] org.apache.catalina.startup.VersionLoggerListener.log JVM Version:           22.0.1+8-16
09-Apr-2025 15:12:04.878 INFO [main] org.apache.catalina.startup.VersionLoggerListener.log JVM Vendor:            Oracle Corporation
09-Apr-2025 15:12:04.878 INFO [main] org.apache.catalina.startup.VersionLoggerListener.log CATALINA_BASE:         C:\Users\OSHADHA\IdeaProjects\OOP-projectnew
09-Apr-2025 15:12:04.878 INFO [main] org.apache.catalina.startup.VersionLoggerListener.log CATALINA_HOME:         C:\Program Files\Apache Software Foundation\Tomcat 9.0
09-Apr-2025 15:12:04.889 INFO [main] org.apache.catalina.startup.VersionLoggerListener.log Command line argument: --add-opens=java.base/java.lang=ALL-UNNAMED
09-Apr-2025 15:12:04.889 INFO [main] org.apache.catalina.startup.VersionLoggerListener.log Command line argument: --add-opens=java.base/java.io=ALL-UNNAMED
09-Apr-2025 15:12:04.889 INFO [main] org.apache.catalina.startup.VersionLoggerListener.log Command line argument: --add-opens=java.base/java.util=ALL-UNNAMED
09-Apr-2025 15:12:04.889 INFO [main] org.apache.catalina.startup.VersionLoggerListener.log Command line argument: --add-opens=java.base/java.util.concurrent=ALL-UNNAMED
09-Apr-2025 15:12:04.889 INFO [main] org.apache.catalina.startup.VersionLoggerListener.log Command line argument: --add-opens=java.rmi/sun.rmi.transport=ALL-UNNAMED
09-Apr-2025 15:12:04.889 INFO [main] org.apache.catalina.startup.VersionLoggerListener.log Command line argument: -Dcatalina.home=C:\Program Files\Apache Software Foundation\Tomcat 9.0
09-Apr-2025 15:12:04.890 INFO [main] org.apache.catalina.startup.VersionLoggerListener.log Command line argument: -Dcatalina.base=C:\Users\OSHADHA\IdeaProjects\OOP-projectnew
09-Apr-2025 15:12:04.890 INFO [main] org.apache.catalina.startup.VersionLoggerListener.log Command line argument: -Djava.io.tmpdir=C:\Users\OSHADHA\IdeaProjects\OOP-projectnew\temp
09-Apr-2025 15:12:04.890 INFO [main] org.apache.catalina.startup.VersionLoggerListener.log Command line argument: -Djava.util.logging.config.file=C:\Users\OSHADHA\IdeaProjects\OOP-projectnew\conf\logging.properties
09-Apr-2025 15:12:04.890 INFO [main] org.apache.catalina.startup.VersionLoggerListener.log Command line argument: -Djava.util.logging.manager=org.apache.juli.ClassLoaderLogManager
09-Apr-2025 15:12:04.890 INFO [main] org.apache.catalina.startup.VersionLoggerListener.log Command line argument: -javaagent:C:\Program Files\JetBrains\IntelliJ IDEA 2024.3.5\lib\idea_rt.jar=64303
09-Apr-2025 15:12:04.890 INFO [main] org.apache.catalina.startup.VersionLoggerListener.log Command line argument: -Dfile.encoding=UTF-8
09-Apr-2025 15:12:04.890 INFO [main] org.apache.catalina.startup.VersionLoggerListener.log Command line argument: -Dsun.stdout.encoding=UTF-8
09-Apr-2025 15:12:04.890 INFO [main] org.apache.catalina.startup.VersionLoggerListener.log Command line argument: -Dsun.stderr.encoding=UTF-8
09-Apr-2025 15:12:04.897 INFO [main] org.apache.catalina.core.AprLifecycleListener.lifecycleEvent Loaded Apache Tomcat Native library [1.3.1] using APR version [1.7.4].
09-Apr-2025 15:12:04.897 INFO [main] org.apache.catalina.core.AprLifecycleListener.lifecycleEvent APR capabilities: IPv6 [true], sendfile [true], accept filters [false], random [true], UDS [true].
09-Apr-2025 15:12:04.898 INFO [main] org.apache.catalina.core.AprLifecycleListener.lifecycleEvent APR/OpenSSL configuration: useAprConnector [false], useOpenSSL [true]
09-Apr-2025 15:12:04.917 INFO [main] org.apache.catalina.core.AprLifecycleListener.initializeSSL OpenSSL successfully initialized [OpenSSL 3.0.14 4 Jun 2024]
09-Apr-2025 15:12:05.329 INFO [main] org.apache.coyote.AbstractProtocol.init Initializing ProtocolHandler ["http-nio-8080"]
09-Apr-2025 15:12:05.348 INFO [main] org.apache.catalina.startup.Catalina.load Server initialization in [767] milliseconds
09-Apr-2025 15:12:05.408 INFO [main] org.apache.catalina.core.StandardService.startInternal Starting service [Catalina]
09-Apr-2025 15:12:05.409 INFO [main] org.apache.catalina.core.StandardEngine.startInternal Starting Servlet engine: [Apache Tomcat/9.0.102]
09-Apr-2025 15:12:05.422 INFO [main] org.apache.catalina.startup.HostConfig.deployDescriptor Deploying deployment descriptor [C:\Users\OSHADHA\IdeaProjects\OOP-projectnew\conf\Catalina\localhost\OOP-projectnew.xml]
09-Apr-2025 15:12:05.873 INFO [main] org.apache.catalina.startup.HostConfig.deployDescriptor Deployment of deployment descriptor [C:\Users\OSHADHA\IdeaProjects\OOP-projectnew\conf\Catalina\localhost\OOP-projectnew.xml] has finished in [452] ms
09-Apr-2025 15:12:05.877 INFO [main] org.apache.coyote.AbstractProtocol.start Starting ProtocolHandler ["http-nio-8080"]
09-Apr-2025 15:12:05.899 INFO [main] org.apache.catalina.startup.Catalina.start Server startup in [548] milliseconds
09-Apr-2025 15:28:16.844 INFO [Thread-1] org.apache.coyote.AbstractProtocol.pause Pausing ProtocolHandler ["http-nio-8080"]
09-Apr-2025 15:28:16.868 INFO [Thread-1] org.apache.catalina.core.StandardService.stopInternal Stopping service [Catalina]
09-Apr-2025 15:28:16.934 INFO [Thread-1] org.apache.coyote.AbstractProtocol.stop Stopping ProtocolHandler ["http-nio-8080"]
09-Apr-2025 15:28:16.950 INFO [Thread-1] org.apache.coyote.AbstractProtocol.destroy Destroying ProtocolHandler ["http-nio-8080"]
09-Apr-2025 15:28:19.769 INFO [main] org.apache.catalina.startup.VersionLoggerListener.log Server version name:   Apache Tomcat/9.0.102
09-Apr-2025 15:28:19.773 INFO [main] org.apache.catalina.startup.VersionLoggerListener.log Server built:          Mar 3 2025 19:33:14 UTC
09-Apr-2025 15:28:19.774 INFO [main] org.apache.catalina.startup.VersionLoggerListener.log Server version number: 9.0.102.0
09-Apr-2025 15:28:19.774 INFO [main] org.apache.catalina.startup.VersionLoggerListener.log OS Name:               Windows 10
09-Apr-2025 15:28:19.774 INFO [main] org.apache.catalina.startup.VersionLoggerListener.log OS Version:            10.0
09-Apr-2025 15:28:19.774 INFO [main] org.apache.catalina.startup.VersionLoggerListener.log Architecture:          amd64
09-Apr-2025 15:28:19.774 INFO [main] org.apache.catalina.startup.VersionLoggerListener.log Java Home:             C:\Program Files\Java\jdk-22
09-Apr-2025 15:28:19.774 INFO [main] org.apache.catalina.startup.VersionLoggerListener.log JVM Version:           22.0.1+8-16
09-Apr-2025 15:28:19.774 INFO [main] org.apache.catalina.startup.VersionLoggerListener.log JVM Vendor:            Oracle Corporation
09-Apr-2025 15:28:19.775 INFO [main] org.apache.catalina.startup.VersionLoggerListener.log CATALINA_BASE:         C:\Users\OSHADHA\IdeaProjects\OOP-projectnew
09-Apr-2025 15:28:19.775 INFO [main] org.apache.catalina.startup.VersionLoggerListener.log CATALINA_HOME:         C:\Program Files\Apache Software Foundation\Tomcat 9.0
09-Apr-2025 15:28:19.781 INFO [main] org.apache.catalina.startup.VersionLoggerListener.log Command line argument: --add-opens=java.base/java.lang=ALL-UNNAMED
09-Apr-2025 15:28:19.781 INFO [main] org.apache.catalina.startup.VersionLoggerListener.log Command line argument: --add-opens=java.base/java.io=ALL-UNNAMED
09-Apr-2025 15:28:19.781 INFO [main] org.apache.catalina.startup.VersionLoggerListener.log Command line argument: --add-opens=java.base/java.util=ALL-UNNAMED
09-Apr-2025 15:28:19.781 INFO [main] org.apache.catalina.startup.VersionLoggerListener.log Command line argument: --add-opens=java.base/java.util.concurrent=ALL-UNNAMED
09-Apr-2025 15:28:19.781 INFO [main] org.apache.catalina.startup.VersionLoggerListener.log Command line argument: --add-opens=java.rmi/sun.rmi.transport=ALL-UNNAMED
09-Apr-2025 15:28:19.781 INFO [main] org.apache.catalina.startup.VersionLoggerListener.log Command line argument: -Dcatalina.home=C:\Program Files\Apache Software Foundation\Tomcat 9.0
09-Apr-2025 15:28:19.781 INFO [main] org.apache.catalina.startup.VersionLoggerListener.log Command line argument: -Dcatalina.base=C:\Users\OSHADHA\IdeaProjects\OOP-projectnew
09-Apr-2025 15:28:19.781 INFO [main] org.apache.catalina.startup.VersionLoggerListener.log Command line argument: -Djava.io.tmpdir=C:\Users\OSHADHA\IdeaProjects\OOP-projectnew\temp
09-Apr-2025 15:28:19.782 INFO [main] org.apache.catalina.startup.VersionLoggerListener.log Command line argument: -Djava.util.logging.config.file=C:\Users\OSHADHA\IdeaProjects\OOP-projectnew\conf\logging.properties
09-Apr-2025 15:28:19.782 INFO [main] org.apache.catalina.startup.VersionLoggerListener.log Command line argument: -Djava.util.logging.manager=org.apache.juli.ClassLoaderLogManager
09-Apr-2025 15:28:19.782 INFO [main] org.apache.catalina.startup.VersionLoggerListener.log Command line argument: -javaagent:C:\Program Files\JetBrains\IntelliJ IDEA 2024.3.5\lib\idea_rt.jar=64662
09-Apr-2025 15:28:19.782 INFO [main] org.apache.catalina.startup.VersionLoggerListener.log Command line argument: -Dfile.encoding=UTF-8
09-Apr-2025 15:28:19.782 INFO [main] org.apache.catalina.startup.VersionLoggerListener.log Command line argument: -Dsun.stdout.encoding=UTF-8
09-Apr-2025 15:28:19.782 INFO [main] org.apache.catalina.startup.VersionLoggerListener.log Command line argument: -Dsun.stderr.encoding=UTF-8
09-Apr-2025 15:28:19.786 INFO [main] org.apache.catalina.core.AprLifecycleListener.lifecycleEvent Loaded Apache Tomcat Native library [1.3.1] using APR version [1.7.4].
09-Apr-2025 15:28:19.786 INFO [main] org.apache.catalina.core.AprLifecycleListener.lifecycleEvent APR capabilities: IPv6 [true], sendfile [true], accept filters [false], random [true], UDS [true].
09-Apr-2025 15:28:19.786 INFO [main] org.apache.catalina.core.AprLifecycleListener.lifecycleEvent APR/OpenSSL configuration: useAprConnector [false], useOpenSSL [true]
09-Apr-2025 15:28:19.798 INFO [main] org.apache.catalina.core.AprLifecycleListener.initializeSSL OpenSSL successfully initialized [OpenSSL 3.0.14 4 Jun 2024]
09-Apr-2025 15:28:20.296 INFO [main] org.apache.coyote.AbstractProtocol.init Initializing ProtocolHandler ["http-nio-8080"]
09-Apr-2025 15:28:20.322 INFO [main] org.apache.catalina.startup.Catalina.load Server initialization in [851] milliseconds
09-Apr-2025 15:28:20.382 INFO [main] org.apache.catalina.core.StandardService.startInternal Starting service [Catalina]
09-Apr-2025 15:28:20.382 INFO [main] org.apache.catalina.core.StandardEngine.startInternal Starting Servlet engine: [Apache Tomcat/9.0.102]
09-Apr-2025 15:28:20.393 INFO [main] org.apache.catalina.startup.HostConfig.deployDescriptor Deploying deployment descriptor [C:\Users\OSHADHA\IdeaProjects\OOP-projectnew\conf\Catalina\localhost\OOP-projectnew.xml]
09-Apr-2025 15:28:20.846 INFO [main] org.apache.catalina.startup.HostConfig.deployDescriptor Deployment of deployment descriptor [C:\Users\OSHADHA\IdeaProjects\OOP-projectnew\conf\Catalina\localhost\OOP-projectnew.xml] has finished in [453] ms
09-Apr-2025 15:28:20.849 INFO [main] org.apache.coyote.AbstractProtocol.start Starting ProtocolHandler ["http-nio-8080"]
09-Apr-2025 15:28:20.876 INFO [main] org.apache.catalina.startup.Catalina.start Server startup in [553] milliseconds
09-Apr-2025 15:33:23.487 INFO [Thread-1] org.apache.coyote.AbstractProtocol.pause Pausing ProtocolHandler ["http-nio-8080"]
09-Apr-2025 15:33:23.498 INFO [Thread-1] org.apache.catalina.core.StandardService.stopInternal Stopping service [Catalina]
09-Apr-2025 15:33:23.511 INFO [Thread-1] org.apache.coyote.AbstractProtocol.stop Stopping ProtocolHandler ["http-nio-8080"]
09-Apr-2025 15:33:23.538 INFO [Thread-1] org.apache.coyote.AbstractProtocol.destroy Destroying ProtocolHandler ["http-nio-8080"]
09-Apr-2025 15:34:04.359 INFO [main] org.apache.catalina.startup.VersionLoggerListener.log Server version name:   Apache Tomcat/9.0.102
09-Apr-2025 15:34:04.365 INFO [main] org.apache.catalina.startup.VersionLoggerListener.log Server built:          Mar 3 2025 19:33:14 UTC
09-Apr-2025 15:34:04.365 INFO [main] org.apache.catalina.startup.VersionLoggerListener.log Server version number: 9.0.102.0
09-Apr-2025 15:34:04.365 INFO [main] org.apache.catalina.startup.VersionLoggerListener.log OS Name:               Windows 10
09-Apr-2025 15:34:04.366 INFO [main] org.apache.catalina.startup.VersionLoggerListener.log OS Version:            10.0
09-Apr-2025 15:34:04.366 INFO [main] org.apache.catalina.startup.VersionLoggerListener.log Architecture:          amd64
09-Apr-2025 15:34:04.366 INFO [main] org.apache.catalina.startup.VersionLoggerListener.log Java Home:             C:\Program Files\Java\jdk-22
09-Apr-2025 15:34:04.366 INFO [main] org.apache.catalina.startup.VersionLoggerListener.log JVM Version:           22.0.1+8-16
09-Apr-2025 15:34:04.366 INFO [main] org.apache.catalina.startup.VersionLoggerListener.log JVM Vendor:            Oracle Corporation
09-Apr-2025 15:34:04.366 INFO [main] org.apache.catalina.startup.VersionLoggerListener.log CATALINA_BASE:         C:\Users\OSHADHA\IdeaProjects\OOP-projectnew
09-Apr-2025 15:34:04.366 INFO [main] org.apache.catalina.startup.VersionLoggerListener.log CATALINA_HOME:         C:\Program Files\Apache Software Foundation\Tomcat 9.0
09-Apr-2025 15:34:04.379 INFO [main] org.apache.catalina.startup.VersionLoggerListener.log Command line argument: --add-opens=java.base/java.lang=ALL-UNNAMED
09-Apr-2025 15:34:04.379 INFO [main] org.apache.catalina.startup.VersionLoggerListener.log Command line argument: --add-opens=java.base/java.io=ALL-UNNAMED
09-Apr-2025 15:34:04.379 INFO [main] org.apache.catalina.startup.VersionLoggerListener.log Command line argument: --add-opens=java.base/java.util=ALL-UNNAMED
09-Apr-2025 15:34:04.380 INFO [main] org.apache.catalina.startup.VersionLoggerListener.log Command line argument: --add-opens=java.base/java.util.concurrent=ALL-UNNAMED
09-Apr-2025 15:34:04.380 INFO [main] org.apache.catalina.startup.VersionLoggerListener.log Command line argument: --add-opens=java.rmi/sun.rmi.transport=ALL-UNNAMED
09-Apr-2025 15:34:04.380 INFO [main] org.apache.catalina.startup.VersionLoggerListener.log Command line argument: -Dcatalina.home=C:\Program Files\Apache Software Foundation\Tomcat 9.0
09-Apr-2025 15:34:04.380 INFO [main] org.apache.catalina.startup.VersionLoggerListener.log Command line argument: -Dcatalina.base=C:\Users\OSHADHA\IdeaProjects\OOP-projectnew
09-Apr-2025 15:34:04.380 INFO [main] org.apache.catalina.startup.VersionLoggerListener.log Command line argument: -Djava.io.tmpdir=C:\Users\OSHADHA\IdeaProjects\OOP-projectnew\temp
09-Apr-2025 15:34:04.380 INFO [main] org.apache.catalina.startup.VersionLoggerListener.log Command line argument: -Djava.util.logging.config.file=C:\Users\OSHADHA\IdeaProjects\OOP-projectnew\conf\logging.properties
09-Apr-2025 15:34:04.380 INFO [main] org.apache.catalina.startup.VersionLoggerListener.log Command line argument: -Djava.util.logging.manager=org.apache.juli.ClassLoaderLogManager
09-Apr-2025 15:34:04.380 INFO [main] org.apache.catalina.startup.VersionLoggerListener.log Command line argument: -javaagent:C:\Program Files\JetBrains\IntelliJ IDEA 2024.3.5\lib\idea_rt.jar=64814
09-Apr-2025 15:34:04.380 INFO [main] org.apache.catalina.startup.VersionLoggerListener.log Command line argument: -Dfile.encoding=UTF-8
09-Apr-2025 15:34:04.380 INFO [main] org.apache.catalina.startup.VersionLoggerListener.log Command line argument: -Dsun.stdout.encoding=UTF-8
09-Apr-2025 15:34:04.381 INFO [main] org.apache.catalina.startup.VersionLoggerListener.log Command line argument: -Dsun.stderr.encoding=UTF-8
09-Apr-2025 15:34:04.387 INFO [main] org.apache.catalina.core.AprLifecycleListener.lifecycleEvent Loaded Apache Tomcat Native library [1.3.1] using APR version [1.7.4].
09-Apr-2025 15:34:04.387 INFO [main] org.apache.catalina.core.AprLifecycleListener.lifecycleEvent APR capabilities: IPv6 [true], sendfile [true], accept filters [false], random [true], UDS [true].
09-Apr-2025 15:34:04.387 INFO [main] org.apache.catalina.core.AprLifecycleListener.lifecycleEvent APR/OpenSSL configuration: useAprConnector [false], useOpenSSL [true]
09-Apr-2025 15:34:04.406 INFO [main] org.apache.catalina.core.AprLifecycleListener.initializeSSL OpenSSL successfully initialized [OpenSSL 3.0.14 4 Jun 2024]
09-Apr-2025 15:34:04.893 INFO [main] org.apache.coyote.AbstractProtocol.init Initializing ProtocolHandler ["http-nio-8080"]
09-Apr-2025 15:34:04.916 INFO [main] org.apache.catalina.startup.Catalina.load Server initialization in [853] milliseconds
09-Apr-2025 15:34:04.973 INFO [main] org.apache.catalina.core.StandardService.startInternal Starting service [Catalina]
09-Apr-2025 15:34:04.974 INFO [main] org.apache.catalina.core.StandardEngine.startInternal Starting Servlet engine: [Apache Tomcat/9.0.102]
09-Apr-2025 15:34:04.984 INFO [main] org.apache.catalina.startup.HostConfig.deployDescriptor Deploying deployment descriptor [C:\Users\OSHADHA\IdeaProjects\OOP-projectnew\conf\Catalina\localhost\OOP-projectnew.xml]
09-Apr-2025 15:34:05.397 INFO [main] org.apache.catalina.startup.HostConfig.deployDescriptor Deployment of deployment descriptor [C:\Users\OSHADHA\IdeaProjects\OOP-projectnew\conf\Catalina\localhost\OOP-projectnew.xml] has finished in [413] ms
09-Apr-2025 15:34:05.401 INFO [main] org.apache.coyote.AbstractProtocol.start Starting ProtocolHandler ["http-nio-8080"]
09-Apr-2025 15:35:02.634 INFO [main] org.apache.catalina.startup.VersionLoggerListener.log Server version name:   Apache Tomcat/9.0.102
09-Apr-2025 15:35:02.638 INFO [main] org.apache.catalina.startup.VersionLoggerListener.log Server built:          Mar 3 2025 19:33:14 UTC
09-Apr-2025 15:35:02.638 INFO [main] org.apache.catalina.startup.VersionLoggerListener.log Server version number: 9.0.102.0
09-Apr-2025 15:35:02.638 INFO [main] org.apache.catalina.startup.VersionLoggerListener.log OS Name:               Windows 10
09-Apr-2025 15:35:02.638 INFO [main] org.apache.catalina.startup.VersionLoggerListener.log OS Version:            10.0
09-Apr-2025 15:35:02.639 INFO [main] org.apache.catalina.startup.VersionLoggerListener.log Architecture:          amd64
09-Apr-2025 15:35:02.639 INFO [main] org.apache.catalina.startup.VersionLoggerListener.log Java Home:             C:\Program Files\Java\jdk-22
09-Apr-2025 15:35:02.639 INFO [main] org.apache.catalina.startup.VersionLoggerListener.log JVM Version:           22.0.1+8-16
09-Apr-2025 15:35:02.639 INFO [main] org.apache.catalina.startup.VersionLoggerListener.log JVM Vendor:            Oracle Corporation
09-Apr-2025 15:35:02.639 INFO [main] org.apache.catalina.startup.VersionLoggerListener.log CATALINA_BASE:         C:\Users\OSHADHA\IdeaProjects\OOP-projectnew
09-Apr-2025 15:35:02.639 INFO [main] org.apache.catalina.startup.VersionLoggerListener.log CATALINA_HOME:         C:\Program Files\Apache Software Foundation\Tomcat 9.0
09-Apr-2025 15:35:02.647 INFO [main] org.apache.catalina.startup.VersionLoggerListener.log Command line argument: --add-opens=java.base/java.lang=ALL-UNNAMED
09-Apr-2025 15:35:02.647 INFO [main] org.apache.catalina.startup.VersionLoggerListener.log Command line argument: --add-opens=java.base/java.io=ALL-UNNAMED
09-Apr-2025 15:35:02.647 INFO [main] org.apache.catalina.startup.VersionLoggerListener.log Command line argument: --add-opens=java.base/java.util=ALL-UNNAMED
09-Apr-2025 15:35:02.647 INFO [main] org.apache.catalina.startup.VersionLoggerListener.log Command line argument: --add-opens=java.base/java.util.concurrent=ALL-UNNAMED
09-Apr-2025 15:35:02.647 INFO [main] org.apache.catalina.startup.VersionLoggerListener.log Command line argument: --add-opens=java.rmi/sun.rmi.transport=ALL-UNNAMED
09-Apr-2025 15:35:02.647 INFO [main] org.apache.catalina.startup.VersionLoggerListener.log Command line argument: -Dcatalina.home=C:\Program Files\Apache Software Foundation\Tomcat 9.0
09-Apr-2025 15:35:02.647 INFO [main] org.apache.catalina.startup.VersionLoggerListener.log Command line argument: -Dcatalina.base=C:\Users\OSHADHA\IdeaProjects\OOP-projectnew
09-Apr-2025 15:35:02.647 INFO [main] org.apache.catalina.startup.VersionLoggerListener.log Command line argument: -Djava.io.tmpdir=C:\Users\OSHADHA\IdeaProjects\OOP-projectnew\temp
09-Apr-2025 15:35:02.648 INFO [main] org.apache.catalina.startup.VersionLoggerListener.log Command line argument: -Djava.util.logging.config.file=C:\Users\OSHADHA\IdeaProjects\OOP-projectnew\conf\logging.properties
09-Apr-2025 15:35:02.648 INFO [main] org.apache.catalina.startup.VersionLoggerListener.log Command line argument: -Djava.util.logging.manager=org.apache.juli.ClassLoaderLogManager
09-Apr-2025 15:35:02.648 INFO [main] org.apache.catalina.startup.VersionLoggerListener.log Command line argument: -javaagent:C:\Program Files\JetBrains\IntelliJ IDEA 2024.3.5\lib\idea_rt.jar=64821
09-Apr-2025 15:35:02.648 INFO [main] org.apache.catalina.startup.VersionLoggerListener.log Command line argument: -Dfile.encoding=UTF-8
09-Apr-2025 15:35:02.648 INFO [main] org.apache.catalina.startup.VersionLoggerListener.log Command line argument: -Dsun.stdout.encoding=UTF-8
09-Apr-2025 15:35:02.648 INFO [main] org.apache.catalina.startup.VersionLoggerListener.log Command line argument: -Dsun.stderr.encoding=UTF-8
09-Apr-2025 15:35:02.652 INFO [main] org.apache.catalina.core.AprLifecycleListener.lifecycleEvent Loaded Apache Tomcat Native library [1.3.1] using APR version [1.7.4].
09-Apr-2025 15:35:02.652 INFO [main] org.apache.catalina.core.AprLifecycleListener.lifecycleEvent APR capabilities: IPv6 [true], sendfile [true], accept filters [false], random [true], UDS [true].
09-Apr-2025 15:35:02.652 INFO [main] org.apache.catalina.core.AprLifecycleListener.lifecycleEvent APR/OpenSSL configuration: useAprConnector [false], useOpenSSL [true]
09-Apr-2025 15:35:02.659 INFO [main] org.apache.catalina.core.AprLifecycleListener.initializeSSL OpenSSL successfully initialized [OpenSSL 3.0.14 4 Jun 2024]
09-Apr-2025 15:35:03.032 INFO [main] org.apache.coyote.AbstractProtocol.init Initializing ProtocolHandler ["http-nio-8080"]
09-Apr-2025 15:35:03.046 INFO [main] org.apache.catalina.startup.Catalina.load Server initialization in [633] milliseconds
09-Apr-2025 15:35:03.101 INFO [main] org.apache.catalina.core.StandardService.startInternal Starting service [Catalina]
09-Apr-2025 15:35:03.101 INFO [main] org.apache.catalina.core.StandardEngine.startInternal Starting Servlet engine: [Apache Tomcat/9.0.102]
09-Apr-2025 15:35:03.110 INFO [main] org.apache.catalina.startup.HostConfig.deployDescriptor Deploying deployment descriptor [C:\Users\OSHADHA\IdeaProjects\OOP-projectnew\conf\Catalina\localhost\OOP-projectnew.xml]
09-Apr-2025 15:35:03.453 INFO [main] org.apache.catalina.startup.HostConfig.deployDescriptor Deployment of deployment descriptor [C:\Users\OSHADHA\IdeaProjects\OOP-projectnew\conf\Catalina\localhost\OOP-projectnew.xml] has finished in [342] ms
09-Apr-2025 15:35:03.456 INFO [main] org.apache.coyote.AbstractProtocol.start Starting ProtocolHandler ["http-nio-8080"]
09-Apr-2025 15:35:03.479 INFO [main] org.apache.catalina.startup.Catalina.start Server startup in [431] milliseconds
09-Apr-2025 15:37:44.319 INFO [Thread-1] org.apache.coyote.AbstractProtocol.pause Pausing ProtocolHandler ["http-nio-8080"]
09-Apr-2025 15:37:44.330 INFO [Thread-1] org.apache.catalina.core.StandardService.stopInternal Stopping service [Catalina]
09-Apr-2025 15:37:44.344 INFO [Thread-1] org.apache.coyote.AbstractProtocol.stop Stopping ProtocolHandler ["http-nio-8080"]
09-Apr-2025 15:37:44.355 INFO [Thread-1] org.apache.coyote.AbstractProtocol.destroy Destroying ProtocolHandler ["http-nio-8080"]
09-Apr-2025 15:38:26.992 INFO [main] org.apache.catalina.startup.VersionLoggerListener.log Server version name:   Apache Tomcat/9.0.102
09-Apr-2025 15:38:26.997 INFO [main] org.apache.catalina.startup.VersionLoggerListener.log Server built:          Mar 3 2025 19:33:14 UTC
09-Apr-2025 15:38:26.998 INFO [main] org.apache.catalina.startup.VersionLoggerListener.log Server version number: 9.0.102.0
09-Apr-2025 15:38:26.998 INFO [main] org.apache.catalina.startup.VersionLoggerListener.log OS Name:               Windows 10
09-Apr-2025 15:38:26.998 INFO [main] org.apache.catalina.startup.VersionLoggerListener.log OS Version:            10.0
09-Apr-2025 15:38:26.998 INFO [main] org.apache.catalina.startup.VersionLoggerListener.log Architecture:          amd64
09-Apr-2025 15:38:26.998 INFO [main] org.apache.catalina.startup.VersionLoggerListener.log Java Home:             C:\Program Files\Java\jdk-22
09-Apr-2025 15:38:26.998 INFO [main] org.apache.catalina.startup.VersionLoggerListener.log JVM Version:           22.0.1+8-16
09-Apr-2025 15:38:26.999 INFO [main] org.apache.catalina.startup.VersionLoggerListener.log JVM Vendor:            Oracle Corporation
09-Apr-2025 15:38:26.999 INFO [main] org.apache.catalina.startup.VersionLoggerListener.log CATALINA_BASE:         C:\Users\OSHADHA\IdeaProjects\OOP-projectnew
09-Apr-2025 15:38:26.999 INFO [main] org.apache.catalina.startup.VersionLoggerListener.log CATALINA_HOME:         C:\Program Files\Apache Software Foundation\Tomcat 9.0
09-Apr-2025 15:38:27.010 INFO [main] org.apache.catalina.startup.VersionLoggerListener.log Command line argument: --add-opens=java.base/java.lang=ALL-UNNAMED
09-Apr-2025 15:38:27.010 INFO [main] org.apache.catalina.startup.VersionLoggerListener.log Command line argument: --add-opens=java.base/java.io=ALL-UNNAMED
09-Apr-2025 15:38:27.011 INFO [main] org.apache.catalina.startup.VersionLoggerListener.log Command line argument: --add-opens=java.base/java.util=ALL-UNNAMED
09-Apr-2025 15:38:27.011 INFO [main] org.apache.catalina.startup.VersionLoggerListener.log Command line argument: --add-opens=java.base/java.util.concurrent=ALL-UNNAMED
09-Apr-2025 15:38:27.011 INFO [main] org.apache.catalina.startup.VersionLoggerListener.log Command line argument: --add-opens=java.rmi/sun.rmi.transport=ALL-UNNAMED
09-Apr-2025 15:38:27.011 INFO [main] org.apache.catalina.startup.VersionLoggerListener.log Command line argument: -Dcatalina.home=C:\Program Files\Apache Software Foundation\Tomcat 9.0
09-Apr-2025 15:38:27.011 INFO [main] org.apache.catalina.startup.VersionLoggerListener.log Command line argument: -Dcatalina.base=C:\Users\OSHADHA\IdeaProjects\OOP-projectnew
09-Apr-2025 15:38:27.011 INFO [main] org.apache.catalina.startup.VersionLoggerListener.log Command line argument: -Djava.io.tmpdir=C:\Users\OSHADHA\IdeaProjects\OOP-projectnew\temp
09-Apr-2025 15:38:27.011 INFO [main] org.apache.catalina.startup.VersionLoggerListener.log Command line argument: -Djava.util.logging.config.file=C:\Users\OSHADHA\IdeaProjects\OOP-projectnew\conf\logging.properties
09-Apr-2025 15:38:27.011 INFO [main] org.apache.catalina.startup.VersionLoggerListener.log Command line argument: -Djava.util.logging.manager=org.apache.juli.ClassLoaderLogManager
09-Apr-2025 15:38:27.011 INFO [main] org.apache.catalina.startup.VersionLoggerListener.log Command line argument: -javaagent:C:\Program Files\JetBrains\IntelliJ IDEA 2024.3.5\lib\idea_rt.jar=64864
09-Apr-2025 15:38:27.012 INFO [main] org.apache.catalina.startup.VersionLoggerListener.log Command line argument: -Dfile.encoding=UTF-8
09-Apr-2025 15:38:27.012 INFO [main] org.apache.catalina.startup.VersionLoggerListener.log Command line argument: -Dsun.stdout.encoding=UTF-8
09-Apr-2025 15:38:27.012 INFO [main] org.apache.catalina.startup.VersionLoggerListener.log Command line argument: -Dsun.stderr.encoding=UTF-8
09-Apr-2025 15:38:27.019 INFO [main] org.apache.catalina.core.AprLifecycleListener.lifecycleEvent Loaded Apache Tomcat Native library [1.3.1] using APR version [1.7.4].
09-Apr-2025 15:38:27.019 INFO [main] org.apache.catalina.core.AprLifecycleListener.lifecycleEvent APR capabilities: IPv6 [true], sendfile [true], accept filters [false], random [true], UDS [true].
09-Apr-2025 15:38:27.019 INFO [main] org.apache.catalina.core.AprLifecycleListener.lifecycleEvent APR/OpenSSL configuration: useAprConnector [false], useOpenSSL [true]
09-Apr-2025 15:38:27.027 INFO [main] org.apache.catalina.core.AprLifecycleListener.initializeSSL OpenSSL successfully initialized [OpenSSL 3.0.14 4 Jun 2024]
09-Apr-2025 15:38:27.472 INFO [main] org.apache.coyote.AbstractProtocol.init Initializing ProtocolHandler ["http-nio-8080"]
09-Apr-2025 15:38:27.493 INFO [main] org.apache.catalina.startup.Catalina.load Server initialization in [745] milliseconds
09-Apr-2025 15:38:27.551 INFO [main] org.apache.catalina.core.StandardService.startInternal Starting service [Catalina]
09-Apr-2025 15:38:27.551 INFO [main] org.apache.catalina.core.StandardEngine.startInternal Starting Servlet engine: [Apache Tomcat/9.0.102]
09-Apr-2025 15:38:27.561 INFO [main] org.apache.catalina.startup.HostConfig.deployDescriptor Deploying deployment descriptor [C:\Users\OSHADHA\IdeaProjects\OOP-projectnew\conf\Catalina\localhost\OOP-projectnew.xml]
09-Apr-2025 15:38:27.971 INFO [main] org.apache.catalina.startup.HostConfig.deployDescriptor Deployment of deployment descriptor [C:\Users\OSHADHA\IdeaProjects\OOP-projectnew\conf\Catalina\localhost\OOP-projectnew.xml] has finished in [409] ms
09-Apr-2025 15:38:27.975 INFO [main] org.apache.coyote.AbstractProtocol.start Starting ProtocolHandler ["http-nio-8080"]
09-Apr-2025 15:38:28.001 INFO [main] org.apache.catalina.startup.Catalina.start Server startup in [506] milliseconds
09-Apr-2025 15:57:52.996 INFO [Thread-1] org.apache.coyote.AbstractProtocol.pause Pausing ProtocolHandler ["http-nio-8080"]
09-Apr-2025 15:57:53.012 INFO [Thread-1] org.apache.catalina.core.StandardService.stopInternal Stopping service [Catalina]
09-Apr-2025 15:57:53.053 INFO [Thread-1] org.apache.coyote.AbstractProtocol.stop Stopping ProtocolHandler ["http-nio-8080"]
09-Apr-2025 15:57:53.067 INFO [Thread-1] org.apache.coyote.AbstractProtocol.destroy Destroying ProtocolHandler ["http-nio-8080"]
09-Apr-2025 15:57:56.000 INFO [main] org.apache.catalina.startup.VersionLoggerListener.log Server version name:   Apache Tomcat/9.0.102
09-Apr-2025 15:57:56.004 INFO [main] org.apache.catalina.startup.VersionLoggerListener.log Server built:          Mar 3 2025 19:33:14 UTC
09-Apr-2025 15:57:56.005 INFO [main] org.apache.catalina.startup.VersionLoggerListener.log Server version number: 9.0.102.0
09-Apr-2025 15:57:56.005 INFO [main] org.apache.catalina.startup.VersionLoggerListener.log OS Name:               Windows 10
09-Apr-2025 15:57:56.005 INFO [main] org.apache.catalina.startup.VersionLoggerListener.log OS Version:            10.0
09-Apr-2025 15:57:56.005 INFO [main] org.apache.catalina.startup.VersionLoggerListener.log Architecture:          amd64
09-Apr-2025 15:57:56.005 INFO [main] org.apache.catalina.startup.VersionLoggerListener.log Java Home:             C:\Program Files\Java\jdk-22
09-Apr-2025 15:57:56.005 INFO [main] org.apache.catalina.startup.VersionLoggerListener.log JVM Version:           22.0.1+8-16
09-Apr-2025 15:57:56.005 INFO [main] org.apache.catalina.startup.VersionLoggerListener.log JVM Vendor:            Oracle Corporation
09-Apr-2025 15:57:56.005 INFO [main] org.apache.catalina.startup.VersionLoggerListener.log CATALINA_BASE:         C:\Users\OSHADHA\IdeaProjects\OOP-projectnew
09-Apr-2025 15:57:56.005 INFO [main] org.apache.catalina.startup.VersionLoggerListener.log CATALINA_HOME:         C:\Program Files\Apache Software Foundation\Tomcat 9.0
09-Apr-2025 15:57:56.013 INFO [main] org.apache.catalina.startup.VersionLoggerListener.log Command line argument: --add-opens=java.base/java.lang=ALL-UNNAMED
09-Apr-2025 15:57:56.013 INFO [main] org.apache.catalina.startup.VersionLoggerListener.log Command line argument: --add-opens=java.base/java.io=ALL-UNNAMED
09-Apr-2025 15:57:56.013 INFO [main] org.apache.catalina.startup.VersionLoggerListener.log Command line argument: --add-opens=java.base/java.util=ALL-UNNAMED
09-Apr-2025 15:57:56.013 INFO [main] org.apache.catalina.startup.VersionLoggerListener.log Command line argument: --add-opens=java.base/java.util.concurrent=ALL-UNNAMED
09-Apr-2025 15:57:56.014 INFO [main] org.apache.catalina.startup.VersionLoggerListener.log Command line argument: --add-opens=java.rmi/sun.rmi.transport=ALL-UNNAMED
09-Apr-2025 15:57:56.014 INFO [main] org.apache.catalina.startup.VersionLoggerListener.log Command line argument: -Dcatalina.home=C:\Program Files\Apache Software Foundation\Tomcat 9.0
09-Apr-2025 15:57:56.014 INFO [main] org.apache.catalina.startup.VersionLoggerListener.log Command line argument: -Dcatalina.base=C:\Users\OSHADHA\IdeaProjects\OOP-projectnew
09-Apr-2025 15:57:56.014 INFO [main] org.apache.catalina.startup.VersionLoggerListener.log Command line argument: -Djava.io.tmpdir=C:\Users\OSHADHA\IdeaProjects\OOP-projectnew\temp
09-Apr-2025 15:57:56.014 INFO [main] org.apache.catalina.startup.VersionLoggerListener.log Command line argument: -Djava.util.logging.config.file=C:\Users\OSHADHA\IdeaProjects\OOP-projectnew\conf\logging.properties
09-Apr-2025 15:57:56.014 INFO [main] org.apache.catalina.startup.VersionLoggerListener.log Command line argument: -Djava.util.logging.manager=org.apache.juli.ClassLoaderLogManager
09-Apr-2025 15:57:56.014 INFO [main] org.apache.catalina.startup.VersionLoggerListener.log Command line argument: -javaagent:C:\Program Files\JetBrains\IntelliJ IDEA 2024.3.5\lib\idea_rt.jar=65098
09-Apr-2025 15:57:56.014 INFO [main] org.apache.catalina.startup.VersionLoggerListener.log Command line argument: -Dfile.encoding=UTF-8
09-Apr-2025 15:57:56.014 INFO [main] org.apache.catalina.startup.VersionLoggerListener.log Command line argument: -Dsun.stdout.encoding=UTF-8
09-Apr-2025 15:57:56.015 INFO [main] org.apache.catalina.startup.VersionLoggerListener.log Command line argument: -Dsun.stderr.encoding=UTF-8
09-Apr-2025 15:57:56.019 INFO [main] org.apache.catalina.core.AprLifecycleListener.lifecycleEvent Loaded Apache Tomcat Native library [1.3.1] using APR version [1.7.4].
09-Apr-2025 15:57:56.019 INFO [main] org.apache.catalina.core.AprLifecycleListener.lifecycleEvent APR capabilities: IPv6 [true], sendfile [true], accept filters [false], random [true], UDS [true].
09-Apr-2025 15:57:56.019 INFO [main] org.apache.catalina.core.AprLifecycleListener.lifecycleEvent APR/OpenSSL configuration: useAprConnector [false], useOpenSSL [true]
09-Apr-2025 15:57:56.025 INFO [main] org.apache.catalina.core.AprLifecycleListener.initializeSSL OpenSSL successfully initialized [OpenSSL 3.0.14 4 Jun 2024]
09-Apr-2025 15:57:56.474 INFO [main] org.apache.coyote.AbstractProtocol.init Initializing ProtocolHandler ["http-nio-8080"]
09-Apr-2025 15:57:56.499 INFO [main] org.apache.catalina.startup.Catalina.load Server initialization in [757] milliseconds
09-Apr-2025 15:57:56.557 INFO [main] org.apache.catalina.core.StandardService.startInternal Starting service [Catalina]
09-Apr-2025 15:57:56.558 INFO [main] org.apache.catalina.core.StandardEngine.startInternal Starting Servlet engine: [Apache Tomcat/9.0.102]
09-Apr-2025 15:57:56.568 INFO [main] org.apache.catalina.startup.HostConfig.deployDescriptor Deploying deployment descriptor [C:\Users\OSHADHA\IdeaProjects\OOP-projectnew\conf\Catalina\localhost\OOP-projectnew.xml]
09-Apr-2025 15:57:57.002 INFO [main] org.apache.catalina.startup.HostConfig.deployDescriptor Deployment of deployment descriptor [C:\Users\OSHADHA\IdeaProjects\OOP-projectnew\conf\Catalina\localhost\OOP-projectnew.xml] has finished in [434] ms
09-Apr-2025 15:57:57.006 INFO [main] org.apache.coyote.AbstractProtocol.start Starting ProtocolHandler ["http-nio-8080"]
09-Apr-2025 15:57:57.025 INFO [main] org.apache.catalina.startup.Catalina.start Server startup in [525] milliseconds
09-Apr-2025 16:02:12.897 INFO [Thread-1] org.apache.coyote.AbstractProtocol.pause Pausing ProtocolHandler ["http-nio-8080"]
09-Apr-2025 16:02:12.907 INFO [Thread-1] org.apache.catalina.core.StandardService.stopInternal Stopping service [Catalina]
09-Apr-2025 16:02:12.918 INFO [Thread-1] org.apache.coyote.AbstractProtocol.stop Stopping ProtocolHandler ["http-nio-8080"]
09-Apr-2025 16:02:12.944 INFO [Thread-1] org.apache.coyote.AbstractProtocol.destroy Destroying ProtocolHandler ["http-nio-8080"]
09-Apr-2025 16:02:14.799 INFO [main] org.apache.catalina.startup.VersionLoggerListener.log Server version name:   Apache Tomcat/9.0.102
09-Apr-2025 16:02:14.805 INFO [main] org.apache.catalina.startup.VersionLoggerListener.log Server built:          Mar 3 2025 19:33:14 UTC
09-Apr-2025 16:02:14.805 INFO [main] org.apache.catalina.startup.VersionLoggerListener.log Server version number: 9.0.102.0
09-Apr-2025 16:02:14.805 INFO [main] org.apache.catalina.startup.VersionLoggerListener.log OS Name:               Windows 10
09-Apr-2025 16:02:14.805 INFO [main] org.apache.catalina.startup.VersionLoggerListener.log OS Version:            10.0
09-Apr-2025 16:02:14.806 INFO [main] org.apache.catalina.startup.VersionLoggerListener.log Architecture:          amd64
09-Apr-2025 16:02:14.806 INFO [main] org.apache.catalina.startup.VersionLoggerListener.log Java Home:             C:\Program Files\Java\jdk-22
09-Apr-2025 16:02:14.806 INFO [main] org.apache.catalina.startup.VersionLoggerListener.log JVM Version:           22.0.1+8-16
09-Apr-2025 16:02:14.806 INFO [main] org.apache.catalina.startup.VersionLoggerListener.log JVM Vendor:            Oracle Corporation
09-Apr-2025 16:02:14.806 INFO [main] org.apache.catalina.startup.VersionLoggerListener.log CATALINA_BASE:         C:\Users\OSHADHA\IdeaProjects\OOP-projectnew
09-Apr-2025 16:02:14.806 INFO [main] org.apache.catalina.startup.VersionLoggerListener.log CATALINA_HOME:         C:\Program Files\Apache Software Foundation\Tomcat 9.0
09-Apr-2025 16:02:14.816 INFO [main] org.apache.catalina.startup.VersionLoggerListener.log Command line argument: --add-opens=java.base/java.lang=ALL-UNNAMED
09-Apr-2025 16:02:14.816 INFO [main] org.apache.catalina.startup.VersionLoggerListener.log Command line argument: --add-opens=java.base/java.io=ALL-UNNAMED
09-Apr-2025 16:02:14.817 INFO [main] org.apache.catalina.startup.VersionLoggerListener.log Command line argument: --add-opens=java.base/java.util=ALL-UNNAMED
09-Apr-2025 16:02:14.817 INFO [main] org.apache.catalina.startup.VersionLoggerListener.log Command line argument: --add-opens=java.base/java.util.concurrent=ALL-UNNAMED
09-Apr-2025 16:02:14.817 INFO [main] org.apache.catalina.startup.VersionLoggerListener.log Command line argument: --add-opens=java.rmi/sun.rmi.transport=ALL-UNNAMED
09-Apr-2025 16:02:14.817 INFO [main] org.apache.catalina.startup.VersionLoggerListener.log Command line argument: -Dcatalina.home=C:\Program Files\Apache Software Foundation\Tomcat 9.0
09-Apr-2025 16:02:14.817 INFO [main] org.apache.catalina.startup.VersionLoggerListener.log Command line argument: -Dcatalina.base=C:\Users\OSHADHA\IdeaProjects\OOP-projectnew
09-Apr-2025 16:02:14.817 INFO [main] org.apache.catalina.startup.VersionLoggerListener.log Command line argument: -Djava.io.tmpdir=C:\Users\OSHADHA\IdeaProjects\OOP-projectnew\temp
09-Apr-2025 16:02:14.817 INFO [main] org.apache.catalina.startup.VersionLoggerListener.log Command line argument: -Djava.util.logging.config.file=C:\Users\OSHADHA\IdeaProjects\OOP-projectnew\conf\logging.properties
09-Apr-2025 16:02:14.817 INFO [main] org.apache.catalina.startup.VersionLoggerListener.log Command line argument: -Djava.util.logging.manager=org.apache.juli.ClassLoaderLogManager
09-Apr-2025 16:02:14.817 INFO [main] org.apache.catalina.startup.VersionLoggerListener.log Command line argument: -javaagent:C:\Program Files\JetBrains\IntelliJ IDEA 2024.3.5\lib\idea_rt.jar=65190
09-Apr-2025 16:02:14.818 INFO [main] org.apache.catalina.startup.VersionLoggerListener.log Command line argument: -Dfile.encoding=UTF-8
09-Apr-2025 16:02:14.818 INFO [main] org.apache.catalina.startup.VersionLoggerListener.log Command line argument: -Dsun.stdout.encoding=UTF-8
09-Apr-2025 16:02:14.818 INFO [main] org.apache.catalina.startup.VersionLoggerListener.log Command line argument: -Dsun.stderr.encoding=UTF-8
09-Apr-2025 16:02:14.822 INFO [main] org.apache.catalina.core.AprLifecycleListener.lifecycleEvent Loaded Apache Tomcat Native library [1.3.1] using APR version [1.7.4].
09-Apr-2025 16:02:14.822 INFO [main] org.apache.catalina.core.AprLifecycleListener.lifecycleEvent APR capabilities: IPv6 [true], sendfile [true], accept filters [false], random [true], UDS [true].
09-Apr-2025 16:02:14.822 INFO [main] org.apache.catalina.core.AprLifecycleListener.lifecycleEvent APR/OpenSSL configuration: useAprConnector [false], useOpenSSL [true]
09-Apr-2025 16:02:14.829 INFO [main] org.apache.catalina.core.AprLifecycleListener.initializeSSL OpenSSL successfully initialized [OpenSSL 3.0.14 4 Jun 2024]
09-Apr-2025 16:02:15.314 INFO [main] org.apache.coyote.AbstractProtocol.init Initializing ProtocolHandler ["http-nio-8080"]
09-Apr-2025 16:02:15.340 INFO [main] org.apache.catalina.startup.Catalina.load Server initialization in [974] milliseconds
09-Apr-2025 16:02:15.405 INFO [main] org.apache.catalina.core.StandardService.startInternal Starting service [Catalina]
09-Apr-2025 16:02:15.406 INFO [main] org.apache.catalina.core.StandardEngine.startInternal Starting Servlet engine: [Apache Tomcat/9.0.102]
09-Apr-2025 16:02:15.414 INFO [main] org.apache.catalina.startup.HostConfig.deployDescriptor Deploying deployment descriptor [C:\Users\OSHADHA\IdeaProjects\OOP-projectnew\conf\Catalina\localhost\OOP-projectnew.xml]
09-Apr-2025 16:02:15.951 INFO [main] org.apache.catalina.startup.HostConfig.deployDescriptor Deployment of deployment descriptor [C:\Users\OSHADHA\IdeaProjects\OOP-projectnew\conf\Catalina\localhost\OOP-projectnew.xml] has finished in [536] ms
09-Apr-2025 16:02:15.956 INFO [main] org.apache.coyote.AbstractProtocol.start Starting ProtocolHandler ["http-nio-8080"]
09-Apr-2025 16:02:15.984 INFO [main] org.apache.catalina.startup.Catalina.start Server startup in [642] milliseconds
09-Apr-2025 16:03:14.844 INFO [Thread-1] org.apache.coyote.AbstractProtocol.pause Pausing ProtocolHandler ["http-nio-8080"]
09-Apr-2025 16:03:14.855 INFO [Thread-1] org.apache.catalina.core.StandardService.stopInternal Stopping service [Catalina]
09-Apr-2025 16:03:14.865 INFO [Thread-1] org.apache.coyote.AbstractProtocol.stop Stopping ProtocolHandler ["http-nio-8080"]
09-Apr-2025 16:03:14.869 INFO [Thread-1] org.apache.coyote.AbstractProtocol.destroy Destroying ProtocolHandler ["http-nio-8080"]
09-Apr-2025 16:03:16.856 INFO [main] org.apache.catalina.startup.VersionLoggerListener.log Server version name:   Apache Tomcat/9.0.102
09-Apr-2025 16:03:16.862 INFO [main] org.apache.catalina.startup.VersionLoggerListener.log Server built:          Mar 3 2025 19:33:14 UTC
09-Apr-2025 16:03:16.862 INFO [main] org.apache.catalina.startup.VersionLoggerListener.log Server version number: 9.0.102.0
09-Apr-2025 16:03:16.862 INFO [main] org.apache.catalina.startup.VersionLoggerListener.log OS Name:               Windows 10
09-Apr-2025 16:03:16.863 INFO [main] org.apache.catalina.startup.VersionLoggerListener.log OS Version:            10.0
09-Apr-2025 16:03:16.863 INFO [main] org.apache.catalina.startup.VersionLoggerListener.log Architecture:          amd64
09-Apr-2025 16:03:16.863 INFO [main] org.apache.catalina.startup.VersionLoggerListener.log Java Home:             C:\Program Files\Java\jdk-22
09-Apr-2025 16:03:16.863 INFO [main] org.apache.catalina.startup.VersionLoggerListener.log JVM Version:           22.0.1+8-16
09-Apr-2025 16:03:16.863 INFO [main] org.apache.catalina.startup.VersionLoggerListener.log JVM Vendor:            Oracle Corporation
09-Apr-2025 16:03:16.863 INFO [main] org.apache.catalina.startup.VersionLoggerListener.log CATALINA_BASE:         C:\Users\OSHADHA\IdeaProjects\OOP-projectnew
09-Apr-2025 16:03:16.863 INFO [main] org.apache.catalina.startup.VersionLoggerListener.log CATALINA_HOME:         C:\Program Files\Apache Software Foundation\Tomcat 9.0
09-Apr-2025 16:03:16.873 INFO [main] org.apache.catalina.startup.VersionLoggerListener.log Command line argument: --add-opens=java.base/java.lang=ALL-UNNAMED
09-Apr-2025 16:03:16.873 INFO [main] org.apache.catalina.startup.VersionLoggerListener.log Command line argument: --add-opens=java.base/java.io=ALL-UNNAMED
09-Apr-2025 16:03:16.874 INFO [main] org.apache.catalina.startup.VersionLoggerListener.log Command line argument: --add-opens=java.base/java.util=ALL-UNNAMED
09-Apr-2025 16:03:16.874 INFO [main] org.apache.catalina.startup.VersionLoggerListener.log Command line argument: --add-opens=java.base/java.util.concurrent=ALL-UNNAMED
09-Apr-2025 16:03:16.874 INFO [main] org.apache.catalina.startup.VersionLoggerListener.log Command line argument: --add-opens=java.rmi/sun.rmi.transport=ALL-UNNAMED
09-Apr-2025 16:03:16.874 INFO [main] org.apache.catalina.startup.VersionLoggerListener.log Command line argument: -Dcatalina.home=C:\Program Files\Apache Software Foundation\Tomcat 9.0
09-Apr-2025 16:03:16.874 INFO [main] org.apache.catalina.startup.VersionLoggerListener.log Command line argument: -Dcatalina.base=C:\Users\OSHADHA\IdeaProjects\OOP-projectnew
09-Apr-2025 16:03:16.874 INFO [main] org.apache.catalina.startup.VersionLoggerListener.log Command line argument: -Djava.io.tmpdir=C:\Users\OSHADHA\IdeaProjects\OOP-projectnew\temp
09-Apr-2025 16:03:16.874 INFO [main] org.apache.catalina.startup.VersionLoggerListener.log Command line argument: -Djava.util.logging.config.file=C:\Users\OSHADHA\IdeaProjects\OOP-projectnew\conf\logging.properties
09-Apr-2025 16:03:16.874 INFO [main] org.apache.catalina.startup.VersionLoggerListener.log Command line argument: -Djava.util.logging.manager=org.apache.juli.ClassLoaderLogManager
09-Apr-2025 16:03:16.875 INFO [main] org.apache.catalina.startup.VersionLoggerListener.log Command line argument: -javaagent:C:\Program Files\JetBrains\IntelliJ IDEA 2024.3.5\lib\idea_rt.jar=65203
09-Apr-2025 16:03:16.875 INFO [main] org.apache.catalina.startup.VersionLoggerListener.log Command line argument: -Dfile.encoding=UTF-8
09-Apr-2025 16:03:16.875 INFO [main] org.apache.catalina.startup.VersionLoggerListener.log Command line argument: -Dsun.stdout.encoding=UTF-8
09-Apr-2025 16:03:16.875 INFO [main] org.apache.catalina.startup.VersionLoggerListener.log Command line argument: -Dsun.stderr.encoding=UTF-8
09-Apr-2025 16:03:16.880 INFO [main] org.apache.catalina.core.AprLifecycleListener.lifecycleEvent Loaded Apache Tomcat Native library [1.3.1] using APR version [1.7.4].
09-Apr-2025 16:03:16.880 INFO [main] org.apache.catalina.core.AprLifecycleListener.lifecycleEvent APR capabilities: IPv6 [true], sendfile [true], accept filters [false], random [true], UDS [true].
09-Apr-2025 16:03:16.880 INFO [main] org.apache.catalina.core.AprLifecycleListener.lifecycleEvent APR/OpenSSL configuration: useAprConnector [false], useOpenSSL [true]
09-Apr-2025 16:03:16.889 INFO [main] org.apache.catalina.core.AprLifecycleListener.initializeSSL OpenSSL successfully initialized [OpenSSL 3.0.14 4 Jun 2024]
09-Apr-2025 16:03:17.358 INFO [main] org.apache.coyote.AbstractProtocol.init Initializing ProtocolHandler ["http-nio-8080"]
09-Apr-2025 16:03:17.405 INFO [main] org.apache.catalina.startup.Catalina.load Server initialization in [950] milliseconds
09-Apr-2025 16:03:17.464 INFO [main] org.apache.catalina.core.StandardService.startInternal Starting service [Catalina]
09-Apr-2025 16:03:17.464 INFO [main] org.apache.catalina.core.StandardEngine.startInternal Starting Servlet engine: [Apache Tomcat/9.0.102]
09-Apr-2025 16:03:17.473 INFO [main] org.apache.catalina.startup.HostConfig.deployDescriptor Deploying deployment descriptor [C:\Users\OSHADHA\IdeaProjects\OOP-projectnew\conf\Catalina\localhost\OOP-projectnew.xml]
09-Apr-2025 16:03:17.947 INFO [main] org.apache.catalina.startup.HostConfig.deployDescriptor Deployment of deployment descriptor [C:\Users\OSHADHA\IdeaProjects\OOP-projectnew\conf\Catalina\localhost\OOP-projectnew.xml] has finished in [473] ms
09-Apr-2025 16:03:17.950 INFO [main] org.apache.coyote.AbstractProtocol.start Starting ProtocolHandler ["http-nio-8080"]
09-Apr-2025 16:03:17.978 INFO [main] org.apache.catalina.startup.Catalina.start Server startup in [571] milliseconds
09-Apr-2025 16:09:53.119 INFO [Thread-1] org.apache.coyote.AbstractProtocol.pause Pausing ProtocolHandler ["http-nio-8080"]
09-Apr-2025 16:09:53.130 INFO [Thread-1] org.apache.catalina.core.StandardService.stopInternal Stopping service [Catalina]
09-Apr-2025 16:09:53.139 INFO [Thread-1] org.apache.coyote.AbstractProtocol.stop Stopping ProtocolHandler ["http-nio-8080"]
09-Apr-2025 16:09:53.144 INFO [Thread-1] org.apache.coyote.AbstractProtocol.destroy Destroying ProtocolHandler ["http-nio-8080"]
09-Apr-2025 16:16:06.342 INFO [main] org.apache.catalina.startup.VersionLoggerListener.log Server version name:   Apache Tomcat/9.0.102
09-Apr-2025 16:16:06.346 INFO [main] org.apache.catalina.startup.VersionLoggerListener.log Server built:          Mar 3 2025 19:33:14 UTC
09-Apr-2025 16:16:06.347 INFO [main] org.apache.catalina.startup.VersionLoggerListener.log Server version number: 9.0.102.0
09-Apr-2025 16:16:06.347 INFO [main] org.apache.catalina.startup.VersionLoggerListener.log OS Name:               Windows 10
09-Apr-2025 16:16:06.347 INFO [main] org.apache.catalina.startup.VersionLoggerListener.log OS Version:            10.0
09-Apr-2025 16:16:06.347 INFO [main] org.apache.catalina.startup.VersionLoggerListener.log Architecture:          amd64
09-Apr-2025 16:16:06.347 INFO [main] org.apache.catalina.startup.VersionLoggerListener.log Java Home:             C:\Program Files\Java\jdk-22
09-Apr-2025 16:16:06.347 INFO [main] org.apache.catalina.startup.VersionLoggerListener.log JVM Version:           22.0.1+8-16
09-Apr-2025 16:16:06.347 INFO [main] org.apache.catalina.startup.VersionLoggerListener.log JVM Vendor:            Oracle Corporation
09-Apr-2025 16:16:06.348 INFO [main] org.apache.catalina.startup.VersionLoggerListener.log CATALINA_BASE:         C:\Users\OSHADHA\IdeaProjects\OOP-projectnew
09-Apr-2025 16:16:06.348 INFO [main] org.apache.catalina.startup.VersionLoggerListener.log CATALINA_HOME:         C:\Program Files\Apache Software Foundation\Tomcat 9.0
09-Apr-2025 16:16:06.356 INFO [main] org.apache.catalina.startup.VersionLoggerListener.log Command line argument: --add-opens=java.base/java.lang=ALL-UNNAMED
09-Apr-2025 16:16:06.356 INFO [main] org.apache.catalina.startup.VersionLoggerListener.log Command line argument: --add-opens=java.base/java.io=ALL-UNNAMED
09-Apr-2025 16:16:06.356 INFO [main] org.apache.catalina.startup.VersionLoggerListener.log Command line argument: --add-opens=java.base/java.util=ALL-UNNAMED
09-Apr-2025 16:16:06.356 INFO [main] org.apache.catalina.startup.VersionLoggerListener.log Command line argument: --add-opens=java.base/java.util.concurrent=ALL-UNNAMED
09-Apr-2025 16:16:06.356 INFO [main] org.apache.catalina.startup.VersionLoggerListener.log Command line argument: --add-opens=java.rmi/sun.rmi.transport=ALL-UNNAMED
09-Apr-2025 16:16:06.356 INFO [main] org.apache.catalina.startup.VersionLoggerListener.log Command line argument: -Dcatalina.home=C:\Program Files\Apache Software Foundation\Tomcat 9.0
09-Apr-2025 16:16:06.356 INFO [main] org.apache.catalina.startup.VersionLoggerListener.log Command line argument: -Dcatalina.base=C:\Users\OSHADHA\IdeaProjects\OOP-projectnew
09-Apr-2025 16:16:06.356 INFO [main] org.apache.catalina.startup.VersionLoggerListener.log Command line argument: -Djava.io.tmpdir=C:\Users\OSHADHA\IdeaProjects\OOP-projectnew\temp
09-Apr-2025 16:16:06.357 INFO [main] org.apache.catalina.startup.VersionLoggerListener.log Command line argument: -Djava.util.logging.config.file=C:\Users\OSHADHA\IdeaProjects\OOP-projectnew\conf\logging.properties
09-Apr-2025 16:16:06.357 INFO [main] org.apache.catalina.startup.VersionLoggerListener.log Command line argument: -Djava.util.logging.manager=org.apache.juli.ClassLoaderLogManager
09-Apr-2025 16:16:06.357 INFO [main] org.apache.catalina.startup.VersionLoggerListener.log Command line argument: -javaagent:C:\Program Files\JetBrains\IntelliJ IDEA 2024.3.5\lib\idea_rt.jar=65452
09-Apr-2025 16:16:06.357 INFO [main] org.apache.catalina.startup.VersionLoggerListener.log Command line argument: -Dfile.encoding=UTF-8
09-Apr-2025 16:16:06.357 INFO [main] org.apache.catalina.startup.VersionLoggerListener.log Command line argument: -Dsun.stdout.encoding=UTF-8
09-Apr-2025 16:16:06.357 INFO [main] org.apache.catalina.startup.VersionLoggerListener.log Command line argument: -Dsun.stderr.encoding=UTF-8
09-Apr-2025 16:16:06.360 INFO [main] org.apache.catalina.core.AprLifecycleListener.lifecycleEvent Loaded Apache Tomcat Native library [1.3.1] using APR version [1.7.4].
09-Apr-2025 16:16:06.361 INFO [main] org.apache.catalina.core.AprLifecycleListener.lifecycleEvent APR capabilities: IPv6 [true], sendfile [true], accept filters [false], random [true], UDS [true].
09-Apr-2025 16:16:06.361 INFO [main] org.apache.catalina.core.AprLifecycleListener.lifecycleEvent APR/OpenSSL configuration: useAprConnector [false], useOpenSSL [true]
09-Apr-2025 16:16:06.367 INFO [main] org.apache.catalina.core.AprLifecycleListener.initializeSSL OpenSSL successfully initialized [OpenSSL 3.0.14 4 Jun 2024]
09-Apr-2025 16:16:06.832 INFO [main] org.apache.coyote.AbstractProtocol.init Initializing ProtocolHandler ["http-nio-8080"]
09-Apr-2025 16:16:06.853 INFO [main] org.apache.catalina.startup.Catalina.load Server initialization in [738] milliseconds
09-Apr-2025 16:16:06.909 INFO [main] org.apache.catalina.core.StandardService.startInternal Starting service [Catalina]
09-Apr-2025 16:16:06.909 INFO [main] org.apache.catalina.core.StandardEngine.startInternal Starting Servlet engine: [Apache Tomcat/9.0.102]
09-Apr-2025 16:16:06.923 INFO [main] org.apache.catalina.startup.HostConfig.deployDescriptor Deploying deployment descriptor [C:\Users\OSHADHA\IdeaProjects\OOP-projectnew\conf\Catalina\localhost\OOP-projectnew.xml]
09-Apr-2025 16:16:07.354 INFO [main] org.apache.catalina.startup.HostConfig.deployDescriptor Deployment of deployment descriptor [C:\Users\OSHADHA\IdeaProjects\OOP-projectnew\conf\Catalina\localhost\OOP-projectnew.xml] has finished in [430] ms
09-Apr-2025 16:16:07.357 INFO [main] org.apache.coyote.AbstractProtocol.start Starting ProtocolHandler ["http-nio-8080"]
09-Apr-2025 16:16:07.376 INFO [main] org.apache.catalina.startup.Catalina.start Server startup in [521] milliseconds
09-Apr-2025 16:25:39.930 INFO [Thread-1] org.apache.coyote.AbstractProtocol.pause Pausing ProtocolHandler ["http-nio-8080"]
09-Apr-2025 16:25:39.940 INFO [Thread-1] org.apache.catalina.core.StandardService.stopInternal Stopping service [Catalina]
09-Apr-2025 16:25:39.951 INFO [Thread-1] org.apache.coyote.AbstractProtocol.stop Stopping ProtocolHandler ["http-nio-8080"]
09-Apr-2025 16:25:39.978 INFO [Thread-1] org.apache.coyote.AbstractProtocol.destroy Destroying ProtocolHandler ["http-nio-8080"]
09-Apr-2025 16:27:01.391 INFO [main] org.apache.catalina.startup.VersionLoggerListener.log Server version name:   Apache Tomcat/9.0.102
09-Apr-2025 16:27:01.395 INFO [main] org.apache.catalina.startup.VersionLoggerListener.log Server built:          Mar 3 2025 19:33:14 UTC
09-Apr-2025 16:27:01.395 INFO [main] org.apache.catalina.startup.VersionLoggerListener.log Server version number: 9.0.102.0
09-Apr-2025 16:27:01.395 INFO [main] org.apache.catalina.startup.VersionLoggerListener.log OS Name:               Windows 10
09-Apr-2025 16:27:01.395 INFO [main] org.apache.catalina.startup.VersionLoggerListener.log OS Version:            10.0
09-Apr-2025 16:27:01.395 INFO [main] org.apache.catalina.startup.VersionLoggerListener.log Architecture:          amd64
09-Apr-2025 16:27:01.395 INFO [main] org.apache.catalina.startup.VersionLoggerListener.log Java Home:             C:\Program Files\Java\jdk-22
09-Apr-2025 16:27:01.395 INFO [main] org.apache.catalina.startup.VersionLoggerListener.log JVM Version:           22.0.1+8-16
09-Apr-2025 16:27:01.395 INFO [main] org.apache.catalina.startup.VersionLoggerListener.log JVM Vendor:            Oracle Corporation
09-Apr-2025 16:27:01.395 INFO [main] org.apache.catalina.startup.VersionLoggerListener.log CATALINA_BASE:         C:\Users\OSHADHA\IdeaProjects\OOP-projectnew
09-Apr-2025 16:27:01.395 INFO [main] org.apache.catalina.startup.VersionLoggerListener.log CATALINA_HOME:         C:\Program Files\Apache Software Foundation\Tomcat 9.0
09-Apr-2025 16:27:01.403 INFO [main] org.apache.catalina.startup.VersionLoggerListener.log Command line argument: --add-opens=java.base/java.lang=ALL-UNNAMED
09-Apr-2025 16:27:01.403 INFO [main] org.apache.catalina.startup.VersionLoggerListener.log Command line argument: --add-opens=java.base/java.io=ALL-UNNAMED
09-Apr-2025 16:27:01.403 INFO [main] org.apache.catalina.startup.VersionLoggerListener.log Command line argument: --add-opens=java.base/java.util=ALL-UNNAMED
09-Apr-2025 16:27:01.403 INFO [main] org.apache.catalina.startup.VersionLoggerListener.log Command line argument: --add-opens=java.base/java.util.concurrent=ALL-UNNAMED
09-Apr-2025 16:27:01.404 INFO [main] org.apache.catalina.startup.VersionLoggerListener.log Command line argument: --add-opens=java.rmi/sun.rmi.transport=ALL-UNNAMED
09-Apr-2025 16:27:01.404 INFO [main] org.apache.catalina.startup.VersionLoggerListener.log Command line argument: -Dcatalina.home=C:\Program Files\Apache Software Foundation\Tomcat 9.0
09-Apr-2025 16:27:01.404 INFO [main] org.apache.catalina.startup.VersionLoggerListener.log Command line argument: -Dcatalina.base=C:\Users\OSHADHA\IdeaProjects\OOP-projectnew
09-Apr-2025 16:27:01.404 INFO [main] org.apache.catalina.startup.VersionLoggerListener.log Command line argument: -Djava.io.tmpdir=C:\Users\OSHADHA\IdeaProjects\OOP-projectnew\temp
09-Apr-2025 16:27:01.404 INFO [main] org.apache.catalina.startup.VersionLoggerListener.log Command line argument: -Djava.util.logging.config.file=C:\Users\OSHADHA\IdeaProjects\OOP-projectnew\conf\logging.properties
09-Apr-2025 16:27:01.404 INFO [main] org.apache.catalina.startup.VersionLoggerListener.log Command line argument: -Djava.util.logging.manager=org.apache.juli.ClassLoaderLogManager
09-Apr-2025 16:27:01.404 INFO [main] org.apache.catalina.startup.VersionLoggerListener.log Command line argument: -javaagent:C:\Program Files\JetBrains\IntelliJ IDEA 2024.3.5\lib\idea_rt.jar=49247
09-Apr-2025 16:27:01.404 INFO [main] org.apache.catalina.startup.VersionLoggerListener.log Command line argument: -Dfile.encoding=UTF-8
09-Apr-2025 16:27:01.404 INFO [main] org.apache.catalina.startup.VersionLoggerListener.log Command line argument: -Dsun.stdout.encoding=UTF-8
09-Apr-2025 16:27:01.405 INFO [main] org.apache.catalina.startup.VersionLoggerListener.log Command line argument: -Dsun.stderr.encoding=UTF-8
09-Apr-2025 16:27:01.409 INFO [main] org.apache.catalina.core.AprLifecycleListener.lifecycleEvent Loaded Apache Tomcat Native library [1.3.1] using APR version [1.7.4].
09-Apr-2025 16:27:01.409 INFO [main] org.apache.catalina.core.AprLifecycleListener.lifecycleEvent APR capabilities: IPv6 [true], sendfile [true], accept filters [false], random [true], UDS [true].
09-Apr-2025 16:27:01.409 INFO [main] org.apache.catalina.core.AprLifecycleListener.lifecycleEvent APR/OpenSSL configuration: useAprConnector [false], useOpenSSL [true]
09-Apr-2025 16:27:01.417 INFO [main] org.apache.catalina.core.AprLifecycleListener.initializeSSL OpenSSL successfully initialized [OpenSSL 3.0.14 4 Jun 2024]
09-Apr-2025 16:27:01.810 INFO [main] org.apache.coyote.AbstractProtocol.init Initializing ProtocolHandler ["http-nio-8080"]
09-Apr-2025 16:27:01.834 INFO [main] org.apache.catalina.startup.Catalina.load Server initialization in [667] milliseconds
09-Apr-2025 16:27:01.889 INFO [main] org.apache.catalina.core.StandardService.startInternal Starting service [Catalina]
09-Apr-2025 16:27:01.889 INFO [main] org.apache.catalina.core.StandardEngine.startInternal Starting Servlet engine: [Apache Tomcat/9.0.102]
09-Apr-2025 16:27:01.897 INFO [main] org.apache.catalina.startup.HostConfig.deployDescriptor Deploying deployment descriptor [C:\Users\OSHADHA\IdeaProjects\OOP-projectnew\conf\Catalina\localhost\OOP-projectnew.xml]
09-Apr-2025 16:27:02.279 INFO [main] org.apache.catalina.startup.HostConfig.deployDescriptor Deployment of deployment descriptor [C:\Users\OSHADHA\IdeaProjects\OOP-projectnew\conf\Catalina\localhost\OOP-projectnew.xml] has finished in [381] ms
09-Apr-2025 16:27:02.282 INFO [main] org.apache.coyote.AbstractProtocol.start Starting ProtocolHandler ["http-nio-8080"]
09-Apr-2025 16:27:02.303 INFO [main] org.apache.catalina.startup.Catalina.start Server startup in [467] milliseconds
09-Apr-2025 16:27:45.532 INFO [Thread-1] org.apache.coyote.AbstractProtocol.pause Pausing ProtocolHandler ["http-nio-8080"]
09-Apr-2025 16:27:45.542 INFO [Thread-1] org.apache.catalina.core.StandardService.stopInternal Stopping service [Catalina]
09-Apr-2025 16:27:45.552 INFO [Thread-1] org.apache.coyote.AbstractProtocol.stop Stopping ProtocolHandler ["http-nio-8080"]
09-Apr-2025 16:27:45.555 INFO [Thread-1] org.apache.coyote.AbstractProtocol.destroy Destroying ProtocolHandler ["http-nio-8080"]
09-Apr-2025 16:35:38.991 INFO [main] org.apache.catalina.startup.VersionLoggerListener.log Server version name:   Apache Tomcat/9.0.102
09-Apr-2025 16:35:38.995 INFO [main] org.apache.catalina.startup.VersionLoggerListener.log Server built:          Mar 3 2025 19:33:14 UTC
09-Apr-2025 16:35:38.995 INFO [main] org.apache.catalina.startup.VersionLoggerListener.log Server version number: 9.0.102.0
09-Apr-2025 16:35:38.995 INFO [main] org.apache.catalina.startup.VersionLoggerListener.log OS Name:               Windows 10
09-Apr-2025 16:35:38.996 INFO [main] org.apache.catalina.startup.VersionLoggerListener.log OS Version:            10.0
09-Apr-2025 16:35:38.996 INFO [main] org.apache.catalina.startup.VersionLoggerListener.log Architecture:          amd64
09-Apr-2025 16:35:38.996 INFO [main] org.apache.catalina.startup.VersionLoggerListener.log Java Home:             C:\Program Files\Java\jdk-22
09-Apr-2025 16:35:38.996 INFO [main] org.apache.catalina.startup.VersionLoggerListener.log JVM Version:           22.0.1+8-16
09-Apr-2025 16:35:38.996 INFO [main] org.apache.catalina.startup.VersionLoggerListener.log JVM Vendor:            Oracle Corporation
09-Apr-2025 16:35:38.996 INFO [main] org.apache.catalina.startup.VersionLoggerListener.log CATALINA_BASE:         C:\Users\OSHADHA\IdeaProjects\OOP-projectnew
09-Apr-2025 16:35:38.996 INFO [main] org.apache.catalina.startup.VersionLoggerListener.log CATALINA_HOME:         C:\Program Files\Apache Software Foundation\Tomcat 9.0
09-Apr-2025 16:35:39.005 INFO [main] org.apache.catalina.startup.VersionLoggerListener.log Command line argument: --add-opens=java.base/java.lang=ALL-UNNAMED
09-Apr-2025 16:35:39.005 INFO [main] org.apache.catalina.startup.VersionLoggerListener.log Command line argument: --add-opens=java.base/java.io=ALL-UNNAMED
09-Apr-2025 16:35:39.005 INFO [main] org.apache.catalina.startup.VersionLoggerListener.log Command line argument: --add-opens=java.base/java.util=ALL-UNNAMED
09-Apr-2025 16:35:39.006 INFO [main] org.apache.catalina.startup.VersionLoggerListener.log Command line argument: --add-opens=java.base/java.util.concurrent=ALL-UNNAMED
09-Apr-2025 16:35:39.006 INFO [main] org.apache.catalina.startup.VersionLoggerListener.log Command line argument: --add-opens=java.rmi/sun.rmi.transport=ALL-UNNAMED
09-Apr-2025 16:35:39.006 INFO [main] org.apache.catalina.startup.VersionLoggerListener.log Command line argument: -Dcatalina.home=C:\Program Files\Apache Software Foundation\Tomcat 9.0
09-Apr-2025 16:35:39.006 INFO [main] org.apache.catalina.startup.VersionLoggerListener.log Command line argument: -Dcatalina.base=C:\Users\OSHADHA\IdeaProjects\OOP-projectnew
09-Apr-2025 16:35:39.006 INFO [main] org.apache.catalina.startup.VersionLoggerListener.log Command line argument: -Djava.io.tmpdir=C:\Users\OSHADHA\IdeaProjects\OOP-projectnew\temp
09-Apr-2025 16:35:39.006 INFO [main] org.apache.catalina.startup.VersionLoggerListener.log Command line argument: -Djava.util.logging.config.file=C:\Users\OSHADHA\IdeaProjects\OOP-projectnew\conf\logging.properties
09-Apr-2025 16:35:39.006 INFO [main] org.apache.catalina.startup.VersionLoggerListener.log Command line argument: -Djava.util.logging.manager=org.apache.juli.ClassLoaderLogManager
09-Apr-2025 16:35:39.006 INFO [main] org.apache.catalina.startup.VersionLoggerListener.log Command line argument: -javaagent:C:\Program Files\JetBrains\IntelliJ IDEA 2024.3.5\lib\idea_rt.jar=49360
09-Apr-2025 16:35:39.006 INFO [main] org.apache.catalina.startup.VersionLoggerListener.log Command line argument: -Dfile.encoding=UTF-8
09-Apr-2025 16:35:39.006 INFO [main] org.apache.catalina.startup.VersionLoggerListener.log Command line argument: -Dsun.stdout.encoding=UTF-8
09-Apr-2025 16:35:39.007 INFO [main] org.apache.catalina.startup.VersionLoggerListener.log Command line argument: -Dsun.stderr.encoding=UTF-8
09-Apr-2025 16:35:39.011 INFO [main] org.apache.catalina.core.AprLifecycleListener.lifecycleEvent Loaded Apache Tomcat Native library [1.3.1] using APR version [1.7.4].
09-Apr-2025 16:35:39.011 INFO [main] org.apache.catalina.core.AprLifecycleListener.lifecycleEvent APR capabilities: IPv6 [true], sendfile [true], accept filters [false], random [true], UDS [true].
09-Apr-2025 16:35:39.011 INFO [main] org.apache.catalina.core.AprLifecycleListener.lifecycleEvent APR/OpenSSL configuration: useAprConnector [false], useOpenSSL [true]
09-Apr-2025 16:35:39.018 INFO [main] org.apache.catalina.core.AprLifecycleListener.initializeSSL OpenSSL successfully initialized [OpenSSL 3.0.14 4 Jun 2024]
09-Apr-2025 16:35:39.441 INFO [main] org.apache.coyote.AbstractProtocol.init Initializing ProtocolHandler ["http-nio-8080"]
09-Apr-2025 16:35:39.464 INFO [main] org.apache.catalina.startup.Catalina.load Server initialization in [682] milliseconds
09-Apr-2025 16:35:39.518 INFO [main] org.apache.catalina.core.StandardService.startInternal Starting service [Catalina]
09-Apr-2025 16:35:39.518 INFO [main] org.apache.catalina.core.StandardEngine.startInternal Starting Servlet engine: [Apache Tomcat/9.0.102]
09-Apr-2025 16:35:39.526 INFO [main] org.apache.catalina.startup.HostConfig.deployDescriptor Deploying deployment descriptor [C:\Users\OSHADHA\IdeaProjects\OOP-projectnew\conf\Catalina\localhost\OOP-projectnew.xml]
09-Apr-2025 16:35:39.913 INFO [main] org.apache.catalina.startup.HostConfig.deployDescriptor Deployment of deployment descriptor [C:\Users\OSHADHA\IdeaProjects\OOP-projectnew\conf\Catalina\localhost\OOP-projectnew.xml] has finished in [386] ms
09-Apr-2025 16:35:39.918 INFO [main] org.apache.coyote.AbstractProtocol.start Starting ProtocolHandler ["http-nio-8080"]
09-Apr-2025 16:35:39.942 INFO [main] org.apache.catalina.startup.Catalina.start Server startup in [476] milliseconds
09-Apr-2025 16:36:10.231 INFO [Thread-1] org.apache.coyote.AbstractProtocol.pause Pausing ProtocolHandler ["http-nio-8080"]
09-Apr-2025 16:36:10.243 INFO [Thread-1] org.apache.catalina.core.StandardService.stopInternal Stopping service [Catalina]
09-Apr-2025 16:36:10.253 INFO [Thread-1] org.apache.coyote.AbstractProtocol.stop Stopping ProtocolHandler ["http-nio-8080"]
09-Apr-2025 16:36:10.258 INFO [Thread-1] org.apache.coyote.AbstractProtocol.destroy Destroying ProtocolHandler ["http-nio-8080"]
09-Apr-2025 16:37:45.639 INFO [main] org.apache.catalina.startup.VersionLoggerListener.log Server version name:   Apache Tomcat/9.0.102
09-Apr-2025 16:37:45.643 INFO [main] org.apache.catalina.startup.VersionLoggerListener.log Server built:          Mar 3 2025 19:33:14 UTC
09-Apr-2025 16:37:45.643 INFO [main] org.apache.catalina.startup.VersionLoggerListener.log Server version number: 9.0.102.0
09-Apr-2025 16:37:45.643 INFO [main] org.apache.catalina.startup.VersionLoggerListener.log OS Name:               Windows 10
09-Apr-2025 16:37:45.643 INFO [main] org.apache.catalina.startup.VersionLoggerListener.log OS Version:            10.0
09-Apr-2025 16:37:45.643 INFO [main] org.apache.catalina.startup.VersionLoggerListener.log Architecture:          amd64
09-Apr-2025 16:37:45.643 INFO [main] org.apache.catalina.startup.VersionLoggerListener.log Java Home:             C:\Program Files\Java\jdk-22
09-Apr-2025 16:37:45.643 INFO [main] org.apache.catalina.startup.VersionLoggerListener.log JVM Version:           22.0.1+8-16
09-Apr-2025 16:37:45.643 INFO [main] org.apache.catalina.startup.VersionLoggerListener.log JVM Vendor:            Oracle Corporation
09-Apr-2025 16:37:45.643 INFO [main] org.apache.catalina.startup.VersionLoggerListener.log CATALINA_BASE:         C:\Users\OSHADHA\IdeaProjects\OOP-projectnew
09-Apr-2025 16:37:45.643 INFO [main] org.apache.catalina.startup.VersionLoggerListener.log CATALINA_HOME:         C:\Program Files\Apache Software Foundation\Tomcat 9.0
09-Apr-2025 16:37:45.650 INFO [main] org.apache.catalina.startup.VersionLoggerListener.log Command line argument: --add-opens=java.base/java.lang=ALL-UNNAMED
09-Apr-2025 16:37:45.650 INFO [main] org.apache.catalina.startup.VersionLoggerListener.log Command line argument: --add-opens=java.base/java.io=ALL-UNNAMED
09-Apr-2025 16:37:45.650 INFO [main] org.apache.catalina.startup.VersionLoggerListener.log Command line argument: --add-opens=java.base/java.util=ALL-UNNAMED
09-Apr-2025 16:37:45.651 INFO [main] org.apache.catalina.startup.VersionLoggerListener.log Command line argument: --add-opens=java.base/java.util.concurrent=ALL-UNNAMED
09-Apr-2025 16:37:45.651 INFO [main] org.apache.catalina.startup.VersionLoggerListener.log Command line argument: --add-opens=java.rmi/sun.rmi.transport=ALL-UNNAMED
09-Apr-2025 16:37:45.651 INFO [main] org.apache.catalina.startup.VersionLoggerListener.log Command line argument: -Dcatalina.home=C:\Program Files\Apache Software Foundation\Tomcat 9.0
09-Apr-2025 16:37:45.651 INFO [main] org.apache.catalina.startup.VersionLoggerListener.log Command line argument: -Dcatalina.base=C:\Users\OSHADHA\IdeaProjects\OOP-projectnew
09-Apr-2025 16:37:45.651 INFO [main] org.apache.catalina.startup.VersionLoggerListener.log Command line argument: -Djava.io.tmpdir=C:\Users\OSHADHA\IdeaProjects\OOP-projectnew\temp
09-Apr-2025 16:37:45.651 INFO [main] org.apache.catalina.startup.VersionLoggerListener.log Command line argument: -Djava.util.logging.config.file=C:\Users\OSHADHA\IdeaProjects\OOP-projectnew\conf\logging.properties
09-Apr-2025 16:37:45.651 INFO [main] org.apache.catalina.startup.VersionLoggerListener.log Command line argument: -Djava.util.logging.manager=org.apache.juli.ClassLoaderLogManager
09-Apr-2025 16:37:45.651 INFO [main] org.apache.catalina.startup.VersionLoggerListener.log Command line argument: -javaagent:C:\Program Files\JetBrains\IntelliJ IDEA 2024.3.5\lib\idea_rt.jar=49386
09-Apr-2025 16:37:45.651 INFO [main] org.apache.catalina.startup.VersionLoggerListener.log Command line argument: -Dfile.encoding=UTF-8
09-Apr-2025 16:37:45.651 INFO [main] org.apache.catalina.startup.VersionLoggerListener.log Command line argument: -Dsun.stdout.encoding=UTF-8
09-Apr-2025 16:37:45.651 INFO [main] org.apache.catalina.startup.VersionLoggerListener.log Command line argument: -Dsun.stderr.encoding=UTF-8
09-Apr-2025 16:37:45.655 INFO [main] org.apache.catalina.core.AprLifecycleListener.lifecycleEvent Loaded Apache Tomcat Native library [1.3.1] using APR version [1.7.4].
09-Apr-2025 16:37:45.655 INFO [main] org.apache.catalina.core.AprLifecycleListener.lifecycleEvent APR capabilities: IPv6 [true], sendfile [true], accept filters [false], random [true], UDS [true].
09-Apr-2025 16:37:45.655 INFO [main] org.apache.catalina.core.AprLifecycleListener.lifecycleEvent APR/OpenSSL configuration: useAprConnector [false], useOpenSSL [true]
09-Apr-2025 16:37:45.661 INFO [main] org.apache.catalina.core.AprLifecycleListener.initializeSSL OpenSSL successfully initialized [OpenSSL 3.0.14 4 Jun 2024]
09-Apr-2025 16:37:46.109 INFO [main] org.apache.coyote.AbstractProtocol.init Initializing ProtocolHandler ["http-nio-8080"]
09-Apr-2025 16:37:46.129 INFO [main] org.apache.catalina.startup.Catalina.load Server initialization in [692] milliseconds
09-Apr-2025 16:37:46.184 INFO [main] org.apache.catalina.core.StandardService.startInternal Starting service [Catalina]
09-Apr-2025 16:37:46.184 INFO [main] org.apache.catalina.core.StandardEngine.startInternal Starting Servlet engine: [Apache Tomcat/9.0.102]
09-Apr-2025 16:37:46.192 INFO [main] org.apache.catalina.startup.HostConfig.deployDescriptor Deploying deployment descriptor [C:\Users\OSHADHA\IdeaProjects\OOP-projectnew\conf\Catalina\localhost\OOP-projectnew.xml]
09-Apr-2025 16:37:46.592 INFO [main] org.apache.catalina.startup.HostConfig.deployDescriptor Deployment of deployment descriptor [C:\Users\OSHADHA\IdeaProjects\OOP-projectnew\conf\Catalina\localhost\OOP-projectnew.xml] has finished in [400] ms
09-Apr-2025 16:37:46.595 INFO [main] org.apache.coyote.AbstractProtocol.start Starting ProtocolHandler ["http-nio-8080"]
09-Apr-2025 16:37:46.616 INFO [main] org.apache.catalina.startup.Catalina.start Server startup in [485] milliseconds
09-Apr-2025 16:38:52.337 INFO [Thread-1] org.apache.coyote.AbstractProtocol.pause Pausing ProtocolHandler ["http-nio-8080"]
09-Apr-2025 16:38:52.348 INFO [Thread-1] org.apache.catalina.core.StandardService.stopInternal Stopping service [Catalina]
09-Apr-2025 16:38:52.357 INFO [Thread-1] org.apache.coyote.AbstractProtocol.stop Stopping ProtocolHandler ["http-nio-8080"]
09-Apr-2025 16:38:52.361 INFO [Thread-1] org.apache.coyote.AbstractProtocol.destroy Destroying ProtocolHandler ["http-nio-8080"]
09-Apr-2025 16:38:54.495 INFO [main] org.apache.catalina.startup.VersionLoggerListener.log Server version name:   Apache Tomcat/9.0.102
09-Apr-2025 16:38:54.502 INFO [main] org.apache.catalina.startup.VersionLoggerListener.log Server built:          Mar 3 2025 19:33:14 UTC
09-Apr-2025 16:38:54.502 INFO [main] org.apache.catalina.startup.VersionLoggerListener.log Server version number: 9.0.102.0
09-Apr-2025 16:38:54.502 INFO [main] org.apache.catalina.startup.VersionLoggerListener.log OS Name:               Windows 10
09-Apr-2025 16:38:54.502 INFO [main] org.apache.catalina.startup.VersionLoggerListener.log OS Version:            10.0
09-Apr-2025 16:38:54.502 INFO [main] org.apache.catalina.startup.VersionLoggerListener.log Architecture:          amd64
09-Apr-2025 16:38:54.502 INFO [main] org.apache.catalina.startup.VersionLoggerListener.log Java Home:             C:\Program Files\Java\jdk-22
09-Apr-2025 16:38:54.502 INFO [main] org.apache.catalina.startup.VersionLoggerListener.log JVM Version:           22.0.1+8-16
09-Apr-2025 16:38:54.503 INFO [main] org.apache.catalina.startup.VersionLoggerListener.log JVM Vendor:            Oracle Corporation
09-Apr-2025 16:38:54.503 INFO [main] org.apache.catalina.startup.VersionLoggerListener.log CATALINA_BASE:         C:\Users\OSHADHA\IdeaProjects\OOP-projectnew
09-Apr-2025 16:38:54.503 INFO [main] org.apache.catalina.startup.VersionLoggerListener.log CATALINA_HOME:         C:\Program Files\Apache Software Foundation\Tomcat 9.0
09-Apr-2025 16:38:54.513 INFO [main] org.apache.catalina.startup.VersionLoggerListener.log Command line argument: --add-opens=java.base/java.lang=ALL-UNNAMED
09-Apr-2025 16:38:54.514 INFO [main] org.apache.catalina.startup.VersionLoggerListener.log Command line argument: --add-opens=java.base/java.io=ALL-UNNAMED
09-Apr-2025 16:38:54.514 INFO [main] org.apache.catalina.startup.VersionLoggerListener.log Command line argument: --add-opens=java.base/java.util=ALL-UNNAMED
09-Apr-2025 16:38:54.514 INFO [main] org.apache.catalina.startup.VersionLoggerListener.log Command line argument: --add-opens=java.base/java.util.concurrent=ALL-UNNAMED
09-Apr-2025 16:38:54.514 INFO [main] org.apache.catalina.startup.VersionLoggerListener.log Command line argument: --add-opens=java.rmi/sun.rmi.transport=ALL-UNNAMED
09-Apr-2025 16:38:54.514 INFO [main] org.apache.catalina.startup.VersionLoggerListener.log Command line argument: -Dcatalina.home=C:\Program Files\Apache Software Foundation\Tomcat 9.0
09-Apr-2025 16:38:54.514 INFO [main] org.apache.catalina.startup.VersionLoggerListener.log Command line argument: -Dcatalina.base=C:\Users\OSHADHA\IdeaProjects\OOP-projectnew
09-Apr-2025 16:38:54.514 INFO [main] org.apache.catalina.startup.VersionLoggerListener.log Command line argument: -Djava.io.tmpdir=C:\Users\OSHADHA\IdeaProjects\OOP-projectnew\temp
09-Apr-2025 16:38:54.514 INFO [main] org.apache.catalina.startup.VersionLoggerListener.log Command line argument: -Djava.util.logging.config.file=C:\Users\OSHADHA\IdeaProjects\OOP-projectnew\conf\logging.properties
09-Apr-2025 16:38:54.515 INFO [main] org.apache.catalina.startup.VersionLoggerListener.log Command line argument: -Djava.util.logging.manager=org.apache.juli.ClassLoaderLogManager
09-Apr-2025 16:38:54.515 INFO [main] org.apache.catalina.startup.VersionLoggerListener.log Command line argument: -javaagent:C:\Program Files\JetBrains\IntelliJ IDEA 2024.3.5\lib\idea_rt.jar=49397
09-Apr-2025 16:38:54.515 INFO [main] org.apache.catalina.startup.VersionLoggerListener.log Command line argument: -Dfile.encoding=UTF-8
09-Apr-2025 16:38:54.515 INFO [main] org.apache.catalina.startup.VersionLoggerListener.log Command line argument: -Dsun.stdout.encoding=UTF-8
09-Apr-2025 16:38:54.515 INFO [main] org.apache.catalina.startup.VersionLoggerListener.log Command line argument: -Dsun.stderr.encoding=UTF-8
09-Apr-2025 16:38:54.520 INFO [main] org.apache.catalina.core.AprLifecycleListener.lifecycleEvent Loaded Apache Tomcat Native library [1.3.1] using APR version [1.7.4].
09-Apr-2025 16:38:54.521 INFO [main] org.apache.catalina.core.AprLifecycleListener.lifecycleEvent APR capabilities: IPv6 [true], sendfile [true], accept filters [false], random [true], UDS [true].
09-Apr-2025 16:38:54.521 INFO [main] org.apache.catalina.core.AprLifecycleListener.lifecycleEvent APR/OpenSSL configuration: useAprConnector [false], useOpenSSL [true]
09-Apr-2025 16:38:54.528 INFO [main] org.apache.catalina.core.AprLifecycleListener.initializeSSL OpenSSL successfully initialized [OpenSSL 3.0.14 4 Jun 2024]
09-Apr-2025 16:38:55.168 INFO [main] org.apache.coyote.AbstractProtocol.init Initializing ProtocolHandler ["http-nio-8080"]
09-Apr-2025 16:38:55.201 INFO [main] org.apache.catalina.startup.Catalina.load Server initialization in [973] milliseconds
09-Apr-2025 16:38:55.281 INFO [main] org.apache.catalina.core.StandardService.startInternal Starting service [Catalina]
09-Apr-2025 16:38:55.281 INFO [main] org.apache.catalina.core.StandardEngine.startInternal Starting Servlet engine: [Apache Tomcat/9.0.102]
09-Apr-2025 16:38:55.295 INFO [main] org.apache.catalina.startup.HostConfig.deployDescriptor Deploying deployment descriptor [C:\Users\OSHADHA\IdeaProjects\OOP-projectnew\conf\Catalina\localhost\OOP-projectnew.xml]
09-Apr-2025 16:38:55.777 INFO [main] org.apache.catalina.startup.HostConfig.deployDescriptor Deployment of deployment descriptor [C:\Users\OSHADHA\IdeaProjects\OOP-projectnew\conf\Catalina\localhost\OOP-projectnew.xml] has finished in [481] ms
09-Apr-2025 16:38:55.781 INFO [main] org.apache.coyote.AbstractProtocol.start Starting ProtocolHandler ["http-nio-8080"]
09-Apr-2025 16:38:55.809 INFO [main] org.apache.catalina.startup.Catalina.start Server startup in [606] milliseconds
09-Apr-2025 16:41:16.834 INFO [Thread-1] org.apache.coyote.AbstractProtocol.pause Pausing ProtocolHandler ["http-nio-8080"]
09-Apr-2025 16:41:16.845 INFO [Thread-1] org.apache.catalina.core.StandardService.stopInternal Stopping service [Catalina]
09-Apr-2025 16:41:16.855 INFO [Thread-1] org.apache.coyote.AbstractProtocol.stop Stopping ProtocolHandler ["http-nio-8080"]
09-Apr-2025 16:41:16.858 INFO [Thread-1] org.apache.coyote.AbstractProtocol.destroy Destroying ProtocolHandler ["http-nio-8080"]
09-Apr-2025 16:41:18.503 INFO [main] org.apache.catalina.startup.VersionLoggerListener.log Server version name:   Apache Tomcat/9.0.102
09-Apr-2025 16:41:18.509 INFO [main] org.apache.catalina.startup.VersionLoggerListener.log Server built:          Mar 3 2025 19:33:14 UTC
09-Apr-2025 16:41:18.509 INFO [main] org.apache.catalina.startup.VersionLoggerListener.log Server version number: 9.0.102.0
09-Apr-2025 16:41:18.509 INFO [main] org.apache.catalina.startup.VersionLoggerListener.log OS Name:               Windows 10
09-Apr-2025 16:41:18.509 INFO [main] org.apache.catalina.startup.VersionLoggerListener.log OS Version:            10.0
09-Apr-2025 16:41:18.509 INFO [main] org.apache.catalina.startup.VersionLoggerListener.log Architecture:          amd64
09-Apr-2025 16:41:18.509 INFO [main] org.apache.catalina.startup.VersionLoggerListener.log Java Home:             C:\Program Files\Java\jdk-22
09-Apr-2025 16:41:18.509 INFO [main] org.apache.catalina.startup.VersionLoggerListener.log JVM Version:           22.0.1+8-16
09-Apr-2025 16:41:18.509 INFO [main] org.apache.catalina.startup.VersionLoggerListener.log JVM Vendor:            Oracle Corporation
09-Apr-2025 16:41:18.509 INFO [main] org.apache.catalina.startup.VersionLoggerListener.log CATALINA_BASE:         C:\Users\OSHADHA\IdeaProjects\OOP-projectnew
09-Apr-2025 16:41:18.509 INFO [main] org.apache.catalina.startup.VersionLoggerListener.log CATALINA_HOME:         C:\Program Files\Apache Software Foundation\Tomcat 9.0
09-Apr-2025 16:41:18.519 INFO [main] org.apache.catalina.startup.VersionLoggerListener.log Command line argument: --add-opens=java.base/java.lang=ALL-UNNAMED
09-Apr-2025 16:41:18.520 INFO [main] org.apache.catalina.startup.VersionLoggerListener.log Command line argument: --add-opens=java.base/java.io=ALL-UNNAMED
09-Apr-2025 16:41:18.520 INFO [main] org.apache.catalina.startup.VersionLoggerListener.log Command line argument: --add-opens=java.base/java.util=ALL-UNNAMED
09-Apr-2025 16:41:18.520 INFO [main] org.apache.catalina.startup.VersionLoggerListener.log Command line argument: --add-opens=java.base/java.util.concurrent=ALL-UNNAMED
09-Apr-2025 16:41:18.520 INFO [main] org.apache.catalina.startup.VersionLoggerListener.log Command line argument: --add-opens=java.rmi/sun.rmi.transport=ALL-UNNAMED
09-Apr-2025 16:41:18.520 INFO [main] org.apache.catalina.startup.VersionLoggerListener.log Command line argument: -Dcatalina.home=C:\Program Files\Apache Software Foundation\Tomcat 9.0
09-Apr-2025 16:41:18.520 INFO [main] org.apache.catalina.startup.VersionLoggerListener.log Command line argument: -Dcatalina.base=C:\Users\OSHADHA\IdeaProjects\OOP-projectnew
09-Apr-2025 16:41:18.520 INFO [main] org.apache.catalina.startup.VersionLoggerListener.log Command line argument: -Djava.io.tmpdir=C:\Users\OSHADHA\IdeaProjects\OOP-projectnew\temp
09-Apr-2025 16:41:18.520 INFO [main] org.apache.catalina.startup.VersionLoggerListener.log Command line argument: -Djava.util.logging.config.file=C:\Users\OSHADHA\IdeaProjects\OOP-projectnew\conf\logging.properties
09-Apr-2025 16:41:18.520 INFO [main] org.apache.catalina.startup.VersionLoggerListener.log Command line argument: -Djava.util.logging.manager=org.apache.juli.ClassLoaderLogManager
09-Apr-2025 16:41:18.521 INFO [main] org.apache.catalina.startup.VersionLoggerListener.log Command line argument: -javaagent:C:\Program Files\JetBrains\IntelliJ IDEA 2024.3.5\lib\idea_rt.jar=49707
09-Apr-2025 16:41:18.521 INFO [main] org.apache.catalina.startup.VersionLoggerListener.log Command line argument: -Dfile.encoding=UTF-8
09-Apr-2025 16:41:18.521 INFO [main] org.apache.catalina.startup.VersionLoggerListener.log Command line argument: -Dsun.stdout.encoding=UTF-8
09-Apr-2025 16:41:18.521 INFO [main] org.apache.catalina.startup.VersionLoggerListener.log Command line argument: -Dsun.stderr.encoding=UTF-8
09-Apr-2025 16:41:18.525 INFO [main] org.apache.catalina.core.AprLifecycleListener.lifecycleEvent Loaded Apache Tomcat Native library [1.3.1] using APR version [1.7.4].
09-Apr-2025 16:41:18.526 INFO [main] org.apache.catalina.core.AprLifecycleListener.lifecycleEvent APR capabilities: IPv6 [true], sendfile [true], accept filters [false], random [true], UDS [true].
09-Apr-2025 16:41:18.526 INFO [main] org.apache.catalina.core.AprLifecycleListener.lifecycleEvent APR/OpenSSL configuration: useAprConnector [false], useOpenSSL [true]
09-Apr-2025 16:41:18.534 INFO [main] org.apache.catalina.core.AprLifecycleListener.initializeSSL OpenSSL successfully initialized [OpenSSL 3.0.14 4 Jun 2024]
09-Apr-2025 16:41:18.950 INFO [main] org.apache.coyote.AbstractProtocol.init Initializing ProtocolHandler ["http-nio-8080"]
09-Apr-2025 16:41:18.968 INFO [main] org.apache.catalina.startup.Catalina.load Server initialization in [668] milliseconds
09-Apr-2025 16:41:19.020 INFO [main] org.apache.catalina.core.StandardService.startInternal Starting service [Catalina]
09-Apr-2025 16:41:19.020 INFO [main] org.apache.catalina.core.StandardEngine.startInternal Starting Servlet engine: [Apache Tomcat/9.0.102]
09-Apr-2025 16:41:19.029 INFO [main] org.apache.catalina.startup.HostConfig.deployDescriptor Deploying deployment descriptor [C:\Users\OSHADHA\IdeaProjects\OOP-projectnew\conf\Catalina\localhost\OOP-projectnew.xml]
09-Apr-2025 16:41:19.419 INFO [main] org.apache.catalina.startup.HostConfig.deployDescriptor Deployment of deployment descriptor [C:\Users\OSHADHA\IdeaProjects\OOP-projectnew\conf\Catalina\localhost\OOP-projectnew.xml] has finished in [390] ms
09-Apr-2025 16:41:19.422 INFO [main] org.apache.coyote.AbstractProtocol.start Starting ProtocolHandler ["http-nio-8080"]
09-Apr-2025 16:41:19.441 INFO [main] org.apache.catalina.startup.Catalina.start Server startup in [471] milliseconds
09-Apr-2025 16:41:44.569 INFO [Thread-1] org.apache.coyote.AbstractProtocol.pause Pausing ProtocolHandler ["http-nio-8080"]
09-Apr-2025 16:41:44.580 INFO [Thread-1] org.apache.catalina.core.StandardService.stopInternal Stopping service [Catalina]
09-Apr-2025 16:41:44.590 INFO [Thread-1] org.apache.coyote.AbstractProtocol.stop Stopping ProtocolHandler ["http-nio-8080"]
09-Apr-2025 16:41:44.593 INFO [Thread-1] org.apache.coyote.AbstractProtocol.destroy Destroying ProtocolHandler ["http-nio-8080"]
09-Apr-2025 16:48:29.002 INFO [main] org.apache.catalina.startup.VersionLoggerListener.log Server version name:   Apache Tomcat/9.0.102
09-Apr-2025 16:48:29.009 INFO [main] org.apache.catalina.startup.VersionLoggerListener.log Server built:          Mar 3 2025 19:33:14 UTC
09-Apr-2025 16:48:29.009 INFO [main] org.apache.catalina.startup.VersionLoggerListener.log Server version number: 9.0.102.0
09-Apr-2025 16:48:29.009 INFO [main] org.apache.catalina.startup.VersionLoggerListener.log OS Name:               Windows 10
09-Apr-2025 16:48:29.009 INFO [main] org.apache.catalina.startup.VersionLoggerListener.log OS Version:            10.0
09-Apr-2025 16:48:29.009 INFO [main] org.apache.catalina.startup.VersionLoggerListener.log Architecture:          amd64
09-Apr-2025 16:48:29.010 INFO [main] org.apache.catalina.startup.VersionLoggerListener.log Java Home:             C:\Program Files\Java\jdk-22
09-Apr-2025 16:48:29.010 INFO [main] org.apache.catalina.startup.VersionLoggerListener.log JVM Version:           22.0.1+8-16
09-Apr-2025 16:48:29.010 INFO [main] org.apache.catalina.startup.VersionLoggerListener.log JVM Vendor:            Oracle Corporation
09-Apr-2025 16:48:29.010 INFO [main] org.apache.catalina.startup.VersionLoggerListener.log CATALINA_BASE:         C:\Users\OSHADHA\IdeaProjects\OOP-projectnew
09-Apr-2025 16:48:29.010 INFO [main] org.apache.catalina.startup.VersionLoggerListener.log CATALINA_HOME:         C:\Program Files\Apache Software Foundation\Tomcat 9.0
09-Apr-2025 16:48:29.022 INFO [main] org.apache.catalina.startup.VersionLoggerListener.log Command line argument: --add-opens=java.base/java.lang=ALL-UNNAMED
09-Apr-2025 16:48:29.022 INFO [main] org.apache.catalina.startup.VersionLoggerListener.log Command line argument: --add-opens=java.base/java.io=ALL-UNNAMED
09-Apr-2025 16:48:29.022 INFO [main] org.apache.catalina.startup.VersionLoggerListener.log Command line argument: --add-opens=java.base/java.util=ALL-UNNAMED
09-Apr-2025 16:48:29.022 INFO [main] org.apache.catalina.startup.VersionLoggerListener.log Command line argument: --add-opens=java.base/java.util.concurrent=ALL-UNNAMED
09-Apr-2025 16:48:29.022 INFO [main] org.apache.catalina.startup.VersionLoggerListener.log Command line argument: --add-opens=java.rmi/sun.rmi.transport=ALL-UNNAMED
09-Apr-2025 16:48:29.022 INFO [main] org.apache.catalina.startup.VersionLoggerListener.log Command line argument: -Dcatalina.home=C:\Program Files\Apache Software Foundation\Tomcat 9.0
09-Apr-2025 16:48:29.022 INFO [main] org.apache.catalina.startup.VersionLoggerListener.log Command line argument: -Dcatalina.base=C:\Users\OSHADHA\IdeaProjects\OOP-projectnew
09-Apr-2025 16:48:29.022 INFO [main] org.apache.catalina.startup.VersionLoggerListener.log Command line argument: -Djava.io.tmpdir=C:\Users\OSHADHA\IdeaProjects\OOP-projectnew\temp
09-Apr-2025 16:48:29.022 INFO [main] org.apache.catalina.startup.VersionLoggerListener.log Command line argument: -Djava.util.logging.config.file=C:\Users\OSHADHA\IdeaProjects\OOP-projectnew\conf\logging.properties
09-Apr-2025 16:48:29.022 INFO [main] org.apache.catalina.startup.VersionLoggerListener.log Command line argument: -Djava.util.logging.manager=org.apache.juli.ClassLoaderLogManager
09-Apr-2025 16:48:29.022 INFO [main] org.apache.catalina.startup.VersionLoggerListener.log Command line argument: -javaagent:C:\Program Files\JetBrains\IntelliJ IDEA 2024.3.5\lib\idea_rt.jar=49840
09-Apr-2025 16:48:29.023 INFO [main] org.apache.catalina.startup.VersionLoggerListener.log Command line argument: -Dfile.encoding=UTF-8
09-Apr-2025 16:48:29.023 INFO [main] org.apache.catalina.startup.VersionLoggerListener.log Command line argument: -Dsun.stdout.encoding=UTF-8
09-Apr-2025 16:48:29.023 INFO [main] org.apache.catalina.startup.VersionLoggerListener.log Command line argument: -Dsun.stderr.encoding=UTF-8
09-Apr-2025 16:48:29.027 INFO [main] org.apache.catalina.core.AprLifecycleListener.lifecycleEvent Loaded Apache Tomcat Native library [1.3.1] using APR version [1.7.4].
09-Apr-2025 16:48:29.028 INFO [main] org.apache.catalina.core.AprLifecycleListener.lifecycleEvent APR capabilities: IPv6 [true], sendfile [true], accept filters [false], random [true], UDS [true].
09-Apr-2025 16:48:29.028 INFO [main] org.apache.catalina.core.AprLifecycleListener.lifecycleEvent APR/OpenSSL configuration: useAprConnector [false], useOpenSSL [true]
09-Apr-2025 16:48:29.035 INFO [main] org.apache.catalina.core.AprLifecycleListener.initializeSSL OpenSSL successfully initialized [OpenSSL 3.0.14 4 Jun 2024]
09-Apr-2025 16:48:29.486 INFO [main] org.apache.coyote.AbstractProtocol.init Initializing ProtocolHandler ["http-nio-8080"]
09-Apr-2025 16:48:29.515 INFO [main] org.apache.catalina.startup.Catalina.load Server initialization in [770] milliseconds
09-Apr-2025 16:48:29.591 INFO [main] org.apache.catalina.core.StandardService.startInternal Starting service [Catalina]
09-Apr-2025 16:48:29.591 INFO [main] org.apache.catalina.core.StandardEngine.startInternal Starting Servlet engine: [Apache Tomcat/9.0.102]
09-Apr-2025 16:48:29.600 INFO [main] org.apache.catalina.startup.HostConfig.deployDescriptor Deploying deployment descriptor [C:\Users\OSHADHA\IdeaProjects\OOP-projectnew\conf\Catalina\localhost\OOP-projectnew.xml]
09-Apr-2025 16:49:21.656 INFO [main] org.apache.catalina.startup.VersionLoggerListener.log Server version name:   Apache Tomcat/9.0.102
09-Apr-2025 16:49:21.662 INFO [main] org.apache.catalina.startup.VersionLoggerListener.log Server built:          Mar 3 2025 19:33:14 UTC
09-Apr-2025 16:49:21.662 INFO [main] org.apache.catalina.startup.VersionLoggerListener.log Server version number: 9.0.102.0
09-Apr-2025 16:49:21.663 INFO [main] org.apache.catalina.startup.VersionLoggerListener.log OS Name:               Windows 10
09-Apr-2025 16:49:21.663 INFO [main] org.apache.catalina.startup.VersionLoggerListener.log OS Version:            10.0
09-Apr-2025 16:49:21.663 INFO [main] org.apache.catalina.startup.VersionLoggerListener.log Architecture:          amd64
09-Apr-2025 16:49:21.663 INFO [main] org.apache.catalina.startup.VersionLoggerListener.log Java Home:             C:\Program Files\Java\jdk-22
09-Apr-2025 16:49:21.663 INFO [main] org.apache.catalina.startup.VersionLoggerListener.log JVM Version:           22.0.1+8-16
09-Apr-2025 16:49:21.663 INFO [main] org.apache.catalina.startup.VersionLoggerListener.log JVM Vendor:            Oracle Corporation
09-Apr-2025 16:49:21.663 INFO [main] org.apache.catalina.startup.VersionLoggerListener.log CATALINA_BASE:         C:\Users\OSHADHA\IdeaProjects\OOP-projectnew
09-Apr-2025 16:49:21.664 INFO [main] org.apache.catalina.startup.VersionLoggerListener.log CATALINA_HOME:         C:\Program Files\Apache Software Foundation\Tomcat 9.0
09-Apr-2025 16:49:21.675 INFO [main] org.apache.catalina.startup.VersionLoggerListener.log Command line argument: --add-opens=java.base/java.lang=ALL-UNNAMED
09-Apr-2025 16:49:21.675 INFO [main] org.apache.catalina.startup.VersionLoggerListener.log Command line argument: --add-opens=java.base/java.io=ALL-UNNAMED
09-Apr-2025 16:49:21.675 INFO [main] org.apache.catalina.startup.VersionLoggerListener.log Command line argument: --add-opens=java.base/java.util=ALL-UNNAMED
09-Apr-2025 16:49:21.675 INFO [main] org.apache.catalina.startup.VersionLoggerListener.log Command line argument: --add-opens=java.base/java.util.concurrent=ALL-UNNAMED
09-Apr-2025 16:49:21.675 INFO [main] org.apache.catalina.startup.VersionLoggerListener.log Command line argument: --add-opens=java.rmi/sun.rmi.transport=ALL-UNNAMED
09-Apr-2025 16:49:21.675 INFO [main] org.apache.catalina.startup.VersionLoggerListener.log Command line argument: -Dcatalina.home=C:\Program Files\Apache Software Foundation\Tomcat 9.0
09-Apr-2025 16:49:21.675 INFO [main] org.apache.catalina.startup.VersionLoggerListener.log Command line argument: -Dcatalina.base=C:\Users\OSHADHA\IdeaProjects\OOP-projectnew
09-Apr-2025 16:49:21.675 INFO [main] org.apache.catalina.startup.VersionLoggerListener.log Command line argument: -Djava.io.tmpdir=C:\Users\OSHADHA\IdeaProjects\OOP-projectnew\temp
09-Apr-2025 16:49:21.676 INFO [main] org.apache.catalina.startup.VersionLoggerListener.log Command line argument: -Djava.util.logging.config.file=C:\Users\OSHADHA\IdeaProjects\OOP-projectnew\conf\logging.properties
09-Apr-2025 16:49:21.676 INFO [main] org.apache.catalina.startup.VersionLoggerListener.log Command line argument: -Djava.util.logging.manager=org.apache.juli.ClassLoaderLogManager
09-Apr-2025 16:49:21.676 INFO [main] org.apache.catalina.startup.VersionLoggerListener.log Command line argument: -javaagent:C:\Program Files\JetBrains\IntelliJ IDEA 2024.3.5\lib\idea_rt.jar=49921
09-Apr-2025 16:49:21.676 INFO [main] org.apache.catalina.startup.VersionLoggerListener.log Command line argument: -Dfile.encoding=UTF-8
09-Apr-2025 16:49:21.676 INFO [main] org.apache.catalina.startup.VersionLoggerListener.log Command line argument: -Dsun.stdout.encoding=UTF-8
09-Apr-2025 16:49:21.676 INFO [main] org.apache.catalina.startup.VersionLoggerListener.log Command line argument: -Dsun.stderr.encoding=UTF-8
09-Apr-2025 16:49:21.679 INFO [main] org.apache.catalina.core.AprLifecycleListener.lifecycleEvent Loaded Apache Tomcat Native library [1.3.1] using APR version [1.7.4].
09-Apr-2025 16:49:21.680 INFO [main] org.apache.catalina.core.AprLifecycleListener.lifecycleEvent APR capabilities: IPv6 [true], sendfile [true], accept filters [false], random [true], UDS [true].
09-Apr-2025 16:49:21.680 INFO [main] org.apache.catalina.core.AprLifecycleListener.lifecycleEvent APR/OpenSSL configuration: useAprConnector [false], useOpenSSL [true]
09-Apr-2025 16:49:21.687 INFO [main] org.apache.catalina.core.AprLifecycleListener.initializeSSL OpenSSL successfully initialized [OpenSSL 3.0.14 4 Jun 2024]
09-Apr-2025 16:49:22.112 INFO [main] org.apache.coyote.AbstractProtocol.init Initializing ProtocolHandler ["http-nio-8080"]
09-Apr-2025 16:49:22.134 INFO [main] org.apache.catalina.startup.Catalina.load Server initialization in [796] milliseconds
09-Apr-2025 16:49:22.194 INFO [main] org.apache.catalina.core.StandardService.startInternal Starting service [Catalina]
09-Apr-2025 16:49:22.194 INFO [main] org.apache.catalina.core.StandardEngine.startInternal Starting Servlet engine: [Apache Tomcat/9.0.102]
09-Apr-2025 16:49:22.207 INFO [main] org.apache.catalina.startup.HostConfig.deployDescriptor Deploying deployment descriptor [C:\Users\OSHADHA\IdeaProjects\OOP-projectnew\conf\Catalina\localhost\OOP-projectnew.xml]
09-Apr-2025 16:49:22.644 INFO [main] org.apache.catalina.startup.HostConfig.deployDescriptor Deployment of deployment descriptor [C:\Users\OSHADHA\IdeaProjects\OOP-projectnew\conf\Catalina\localhost\OOP-projectnew.xml] has finished in [437] ms
09-Apr-2025 16:49:22.648 INFO [main] org.apache.coyote.AbstractProtocol.start Starting ProtocolHandler ["http-nio-8080"]
09-Apr-2025 16:49:22.671 INFO [main] org.apache.catalina.startup.Catalina.start Server startup in [535] milliseconds
09-Apr-2025 16:50:13.263 INFO [Thread-1] org.apache.coyote.AbstractProtocol.pause Pausing ProtocolHandler ["http-nio-8080"]
09-Apr-2025 16:50:13.275 INFO [Thread-1] org.apache.catalina.core.StandardService.stopInternal Stopping service [Catalina]
09-Apr-2025 16:50:13.285 INFO [Thread-1] org.apache.coyote.AbstractProtocol.stop Stopping ProtocolHandler ["http-nio-8080"]
09-Apr-2025 16:50:13.288 INFO [Thread-1] org.apache.coyote.AbstractProtocol.destroy Destroying ProtocolHandler ["http-nio-8080"]
09-Apr-2025 16:50:52.892 INFO [main] org.apache.catalina.startup.VersionLoggerListener.log Server version name:   Apache Tomcat/9.0.102
09-Apr-2025 16:50:52.898 INFO [main] org.apache.catalina.startup.VersionLoggerListener.log Server built:          Mar 3 2025 19:33:14 UTC
09-Apr-2025 16:50:52.898 INFO [main] org.apache.catalina.startup.VersionLoggerListener.log Server version number: 9.0.102.0
09-Apr-2025 16:50:52.899 INFO [main] org.apache.catalina.startup.VersionLoggerListener.log OS Name:               Windows 10
09-Apr-2025 16:50:52.899 INFO [main] org.apache.catalina.startup.VersionLoggerListener.log OS Version:            10.0
09-Apr-2025 16:50:52.899 INFO [main] org.apache.catalina.startup.VersionLoggerListener.log Architecture:          amd64
09-Apr-2025 16:50:52.899 INFO [main] org.apache.catalina.startup.VersionLoggerListener.log Java Home:             C:\Program Files\Java\jdk-22
09-Apr-2025 16:50:52.899 INFO [main] org.apache.catalina.startup.VersionLoggerListener.log JVM Version:           22.0.1+8-16
09-Apr-2025 16:50:52.899 INFO [main] org.apache.catalina.startup.VersionLoggerListener.log JVM Vendor:            Oracle Corporation
09-Apr-2025 16:50:52.899 INFO [main] org.apache.catalina.startup.VersionLoggerListener.log CATALINA_BASE:         C:\Users\OSHADHA\IdeaProjects\OOP-projectnew
09-Apr-2025 16:50:52.899 INFO [main] org.apache.catalina.startup.VersionLoggerListener.log CATALINA_HOME:         C:\Program Files\Apache Software Foundation\Tomcat 9.0
09-Apr-2025 16:50:52.911 INFO [main] org.apache.catalina.startup.VersionLoggerListener.log Command line argument: --add-opens=java.base/java.lang=ALL-UNNAMED
09-Apr-2025 16:50:52.911 INFO [main] org.apache.catalina.startup.VersionLoggerListener.log Command line argument: --add-opens=java.base/java.io=ALL-UNNAMED
09-Apr-2025 16:50:52.912 INFO [main] org.apache.catalina.startup.VersionLoggerListener.log Command line argument: --add-opens=java.base/java.util=ALL-UNNAMED
09-Apr-2025 16:50:52.912 INFO [main] org.apache.catalina.startup.VersionLoggerListener.log Command line argument: --add-opens=java.base/java.util.concurrent=ALL-UNNAMED
09-Apr-2025 16:50:52.912 INFO [main] org.apache.catalina.startup.VersionLoggerListener.log Command line argument: --add-opens=java.rmi/sun.rmi.transport=ALL-UNNAMED
09-Apr-2025 16:50:52.912 INFO [main] org.apache.catalina.startup.VersionLoggerListener.log Command line argument: -Dcatalina.home=C:\Program Files\Apache Software Foundation\Tomcat 9.0
09-Apr-2025 16:50:52.912 INFO [main] org.apache.catalina.startup.VersionLoggerListener.log Command line argument: -Dcatalina.base=C:\Users\OSHADHA\IdeaProjects\OOP-projectnew
09-Apr-2025 16:50:52.912 INFO [main] org.apache.catalina.startup.VersionLoggerListener.log Command line argument: -Djava.io.tmpdir=C:\Users\OSHADHA\IdeaProjects\OOP-projectnew\temp
09-Apr-2025 16:50:52.912 INFO [main] org.apache.catalina.startup.VersionLoggerListener.log Command line argument: -Djava.util.logging.config.file=C:\Users\OSHADHA\IdeaProjects\OOP-projectnew\conf\logging.properties
09-Apr-2025 16:50:52.913 INFO [main] org.apache.catalina.startup.VersionLoggerListener.log Command line argument: -Djava.util.logging.manager=org.apache.juli.ClassLoaderLogManager
09-Apr-2025 16:50:52.913 INFO [main] org.apache.catalina.startup.VersionLoggerListener.log Command line argument: -javaagent:C:\Program Files\JetBrains\IntelliJ IDEA 2024.3.5\lib\idea_rt.jar=49954
09-Apr-2025 16:50:52.913 INFO [main] org.apache.catalina.startup.VersionLoggerListener.log Command line argument: -Dfile.encoding=UTF-8
09-Apr-2025 16:50:52.913 INFO [main] org.apache.catalina.startup.VersionLoggerListener.log Command line argument: -Dsun.stdout.encoding=UTF-8
09-Apr-2025 16:50:52.913 INFO [main] org.apache.catalina.startup.VersionLoggerListener.log Command line argument: -Dsun.stderr.encoding=UTF-8
09-Apr-2025 16:50:52.918 INFO [main] org.apache.catalina.core.AprLifecycleListener.lifecycleEvent Loaded Apache Tomcat Native library [1.3.1] using APR version [1.7.4].
09-Apr-2025 16:50:52.918 INFO [main] org.apache.catalina.core.AprLifecycleListener.lifecycleEvent APR capabilities: IPv6 [true], sendfile [true], accept filters [false], random [true], UDS [true].
09-Apr-2025 16:50:52.918 INFO [main] org.apache.catalina.core.AprLifecycleListener.lifecycleEvent APR/OpenSSL configuration: useAprConnector [false], useOpenSSL [true]
09-Apr-2025 16:50:52.926 INFO [main] org.apache.catalina.core.AprLifecycleListener.initializeSSL OpenSSL successfully initialized [OpenSSL 3.0.14 4 Jun 2024]
09-Apr-2025 16:50:53.395 INFO [main] org.apache.coyote.AbstractProtocol.init Initializing ProtocolHandler ["http-nio-8080"]
09-Apr-2025 16:50:53.418 INFO [main] org.apache.catalina.startup.Catalina.load Server initialization in [763] milliseconds
09-Apr-2025 16:50:53.481 INFO [main] org.apache.catalina.core.StandardService.startInternal Starting service [Catalina]
09-Apr-2025 16:50:53.481 INFO [main] org.apache.catalina.core.StandardEngine.startInternal Starting Servlet engine: [Apache Tomcat/9.0.102]
09-Apr-2025 16:50:53.490 INFO [main] org.apache.catalina.startup.HostConfig.deployDescriptor Deploying deployment descriptor [C:\Users\OSHADHA\IdeaProjects\OOP-projectnew\conf\Catalina\localhost\OOP-projectnew.xml]
09-Apr-2025 16:50:53.911 INFO [main] org.apache.catalina.startup.HostConfig.deployDescriptor Deployment of deployment descriptor [C:\Users\OSHADHA\IdeaProjects\OOP-projectnew\conf\Catalina\localhost\OOP-projectnew.xml] has finished in [420] ms
09-Apr-2025 16:50:53.915 INFO [main] org.apache.coyote.AbstractProtocol.start Starting ProtocolHandler ["http-nio-8080"]
09-Apr-2025 16:50:53.936 INFO [main] org.apache.catalina.startup.Catalina.start Server startup in [516] milliseconds
09-Apr-2025 16:52:31.525 INFO [Thread-1] org.apache.coyote.AbstractProtocol.pause Pausing ProtocolHandler ["http-nio-8080"]
09-Apr-2025 16:52:31.535 INFO [Thread-1] org.apache.catalina.core.StandardService.stopInternal Stopping service [Catalina]
09-Apr-2025 16:52:31.545 INFO [Thread-1] org.apache.coyote.AbstractProtocol.stop Stopping ProtocolHandler ["http-nio-8080"]
09-Apr-2025 16:52:31.549 INFO [Thread-1] org.apache.coyote.AbstractProtocol.destroy Destroying ProtocolHandler ["http-nio-8080"]
09-Apr-2025 16:53:28.881 INFO [main] org.apache.catalina.startup.VersionLoggerListener.log Server version name:   Apache Tomcat/9.0.102
09-Apr-2025 16:53:28.885 INFO [main] org.apache.catalina.startup.VersionLoggerListener.log Server built:          Mar 3 2025 19:33:14 UTC
09-Apr-2025 16:53:28.885 INFO [main] org.apache.catalina.startup.VersionLoggerListener.log Server version number: 9.0.102.0
09-Apr-2025 16:53:28.885 INFO [main] org.apache.catalina.startup.VersionLoggerListener.log OS Name:               Windows 10
09-Apr-2025 16:53:28.885 INFO [main] org.apache.catalina.startup.VersionLoggerListener.log OS Version:            10.0
09-Apr-2025 16:53:28.886 INFO [main] org.apache.catalina.startup.VersionLoggerListener.log Architecture:          amd64
09-Apr-2025 16:53:28.886 INFO [main] org.apache.catalina.startup.VersionLoggerListener.log Java Home:             C:\Program Files\Java\jdk-22
09-Apr-2025 16:53:28.886 INFO [main] org.apache.catalina.startup.VersionLoggerListener.log JVM Version:           22.0.1+8-16
09-Apr-2025 16:53:28.886 INFO [main] org.apache.catalina.startup.VersionLoggerListener.log JVM Vendor:            Oracle Corporation
09-Apr-2025 16:53:28.886 INFO [main] org.apache.catalina.startup.VersionLoggerListener.log CATALINA_BASE:         C:\Users\OSHADHA\IdeaProjects\OOP-projectnew
09-Apr-2025 16:53:28.886 INFO [main] org.apache.catalina.startup.VersionLoggerListener.log CATALINA_HOME:         C:\Program Files\Apache Software Foundation\Tomcat 9.0
09-Apr-2025 16:53:28.892 INFO [main] org.apache.catalina.startup.VersionLoggerListener.log Command line argument: --add-opens=java.base/java.lang=ALL-UNNAMED
09-Apr-2025 16:53:28.893 INFO [main] org.apache.catalina.startup.VersionLoggerListener.log Command line argument: --add-opens=java.base/java.io=ALL-UNNAMED
09-Apr-2025 16:53:28.893 INFO [main] org.apache.catalina.startup.VersionLoggerListener.log Command line argument: --add-opens=java.base/java.util=ALL-UNNAMED
09-Apr-2025 16:53:28.893 INFO [main] org.apache.catalina.startup.VersionLoggerListener.log Command line argument: --add-opens=java.base/java.util.concurrent=ALL-UNNAMED
09-Apr-2025 16:53:28.893 INFO [main] org.apache.catalina.startup.VersionLoggerListener.log Command line argument: --add-opens=java.rmi/sun.rmi.transport=ALL-UNNAMED
09-Apr-2025 16:53:28.893 INFO [main] org.apache.catalina.startup.VersionLoggerListener.log Command line argument: -Dcatalina.home=C:\Program Files\Apache Software Foundation\Tomcat 9.0
09-Apr-2025 16:53:28.893 INFO [main] org.apache.catalina.startup.VersionLoggerListener.log Command line argument: -Dcatalina.base=C:\Users\OSHADHA\IdeaProjects\OOP-projectnew
09-Apr-2025 16:53:28.893 INFO [main] org.apache.catalina.startup.VersionLoggerListener.log Command line argument: -Djava.io.tmpdir=C:\Users\OSHADHA\IdeaProjects\OOP-projectnew\temp
09-Apr-2025 16:53:28.893 INFO [main] org.apache.catalina.startup.VersionLoggerListener.log Command line argument: -Djava.util.logging.config.file=C:\Users\OSHADHA\IdeaProjects\OOP-projectnew\conf\logging.properties
09-Apr-2025 16:53:28.893 INFO [main] org.apache.catalina.startup.VersionLoggerListener.log Command line argument: -Djava.util.logging.manager=org.apache.juli.ClassLoaderLogManager
09-Apr-2025 16:53:28.893 INFO [main] org.apache.catalina.startup.VersionLoggerListener.log Command line argument: -javaagent:C:\Program Files\JetBrains\IntelliJ IDEA 2024.3.5\lib\idea_rt.jar=49967
09-Apr-2025 16:53:28.893 INFO [main] org.apache.catalina.startup.VersionLoggerListener.log Command line argument: -Dfile.encoding=UTF-8
09-Apr-2025 16:53:28.893 INFO [main] org.apache.catalina.startup.VersionLoggerListener.log Command line argument: -Dsun.stdout.encoding=UTF-8
09-Apr-2025 16:53:28.893 INFO [main] org.apache.catalina.startup.VersionLoggerListener.log Command line argument: -Dsun.stderr.encoding=UTF-8
09-Apr-2025 16:53:28.896 INFO [main] org.apache.catalina.core.AprLifecycleListener.lifecycleEvent Loaded Apache Tomcat Native library [1.3.1] using APR version [1.7.4].
09-Apr-2025 16:53:28.896 INFO [main] org.apache.catalina.core.AprLifecycleListener.lifecycleEvent APR capabilities: IPv6 [true], sendfile [true], accept filters [false], random [true], UDS [true].
09-Apr-2025 16:53:28.897 INFO [main] org.apache.catalina.core.AprLifecycleListener.lifecycleEvent APR/OpenSSL configuration: useAprConnector [false], useOpenSSL [true]
09-Apr-2025 16:53:28.904 INFO [main] org.apache.catalina.core.AprLifecycleListener.initializeSSL OpenSSL successfully initialized [OpenSSL 3.0.14 4 Jun 2024]
09-Apr-2025 16:53:29.352 INFO [main] org.apache.coyote.AbstractProtocol.init Initializing ProtocolHandler ["http-nio-8080"]
09-Apr-2025 16:53:29.371 INFO [main] org.apache.catalina.startup.Catalina.load Server initialization in [704] milliseconds
09-Apr-2025 16:53:29.425 INFO [main] org.apache.catalina.core.StandardService.startInternal Starting service [Catalina]
09-Apr-2025 16:53:29.425 INFO [main] org.apache.catalina.core.StandardEngine.startInternal Starting Servlet engine: [Apache Tomcat/9.0.102]
09-Apr-2025 16:53:29.434 INFO [main] org.apache.catalina.startup.HostConfig.deployDescriptor Deploying deployment descriptor [C:\Users\OSHADHA\IdeaProjects\OOP-projectnew\conf\Catalina\localhost\OOP-projectnew.xml]
09-Apr-2025 16:53:29.829 INFO [main] org.apache.catalina.startup.HostConfig.deployDescriptor Deployment of deployment descriptor [C:\Users\OSHADHA\IdeaProjects\OOP-projectnew\conf\Catalina\localhost\OOP-projectnew.xml] has finished in [395] ms
09-Apr-2025 16:53:29.833 INFO [main] org.apache.coyote.AbstractProtocol.start Starting ProtocolHandler ["http-nio-8080"]
09-Apr-2025 16:53:29.855 INFO [main] org.apache.catalina.startup.Catalina.start Server startup in [481] milliseconds
09-Apr-2025 16:53:53.562 INFO [Thread-1] org.apache.coyote.AbstractProtocol.pause Pausing ProtocolHandler ["http-nio-8080"]
09-Apr-2025 16:53:53.571 INFO [Thread-1] org.apache.catalina.core.StandardService.stopInternal Stopping service [Catalina]
09-Apr-2025 16:53:53.581 INFO [Thread-1] org.apache.coyote.AbstractProtocol.stop Stopping ProtocolHandler ["http-nio-8080"]
09-Apr-2025 16:53:53.584 INFO [Thread-1] org.apache.coyote.AbstractProtocol.destroy Destroying ProtocolHandler ["http-nio-8080"]
09-Apr-2025 16:55:06.266 INFO [main] org.apache.catalina.startup.VersionLoggerListener.log Server version name:   Apache Tomcat/9.0.102
09-Apr-2025 16:55:06.270 INFO [main] org.apache.catalina.startup.VersionLoggerListener.log Server built:          Mar 3 2025 19:33:14 UTC
09-Apr-2025 16:55:06.270 INFO [main] org.apache.catalina.startup.VersionLoggerListener.log Server version number: 9.0.102.0
09-Apr-2025 16:55:06.270 INFO [main] org.apache.catalina.startup.VersionLoggerListener.log OS Name:               Windows 10
09-Apr-2025 16:55:06.270 INFO [main] org.apache.catalina.startup.VersionLoggerListener.log OS Version:            10.0
09-Apr-2025 16:55:06.270 INFO [main] org.apache.catalina.startup.VersionLoggerListener.log Architecture:          amd64
09-Apr-2025 16:55:06.270 INFO [main] org.apache.catalina.startup.VersionLoggerListener.log Java Home:             C:\Program Files\Java\jdk-22
09-Apr-2025 16:55:06.271 INFO [main] org.apache.catalina.startup.VersionLoggerListener.log JVM Version:           22.0.1+8-16
09-Apr-2025 16:55:06.271 INFO [main] org.apache.catalina.startup.VersionLoggerListener.log JVM Vendor:            Oracle Corporation
09-Apr-2025 16:55:06.271 INFO [main] org.apache.catalina.startup.VersionLoggerListener.log CATALINA_BASE:         C:\Users\OSHADHA\IdeaProjects\OOP-projectnew
09-Apr-2025 16:55:06.271 INFO [main] org.apache.catalina.startup.VersionLoggerListener.log CATALINA_HOME:         C:\Program Files\Apache Software Foundation\Tomcat 9.0
09-Apr-2025 16:55:06.278 INFO [main] org.apache.catalina.startup.VersionLoggerListener.log Command line argument: --add-opens=java.base/java.lang=ALL-UNNAMED
09-Apr-2025 16:55:06.278 INFO [main] org.apache.catalina.startup.VersionLoggerListener.log Command line argument: --add-opens=java.base/java.io=ALL-UNNAMED
09-Apr-2025 16:55:06.278 INFO [main] org.apache.catalina.startup.VersionLoggerListener.log Command line argument: --add-opens=java.base/java.util=ALL-UNNAMED
09-Apr-2025 16:55:06.278 INFO [main] org.apache.catalina.startup.VersionLoggerListener.log Command line argument: --add-opens=java.base/java.util.concurrent=ALL-UNNAMED
09-Apr-2025 16:55:06.278 INFO [main] org.apache.catalina.startup.VersionLoggerListener.log Command line argument: --add-opens=java.rmi/sun.rmi.transport=ALL-UNNAMED
09-Apr-2025 16:55:06.279 INFO [main] org.apache.catalina.startup.VersionLoggerListener.log Command line argument: -Dcatalina.home=C:\Program Files\Apache Software Foundation\Tomcat 9.0
09-Apr-2025 16:55:06.279 INFO [main] org.apache.catalina.startup.VersionLoggerListener.log Command line argument: -Dcatalina.base=C:\Users\OSHADHA\IdeaProjects\OOP-projectnew
09-Apr-2025 16:55:06.279 INFO [main] org.apache.catalina.startup.VersionLoggerListener.log Command line argument: -Djava.io.tmpdir=C:\Users\OSHADHA\IdeaProjects\OOP-projectnew\temp
09-Apr-2025 16:55:06.279 INFO [main] org.apache.catalina.startup.VersionLoggerListener.log Command line argument: -Djava.util.logging.config.file=C:\Users\OSHADHA\IdeaProjects\OOP-projectnew\conf\logging.properties
09-Apr-2025 16:55:06.279 INFO [main] org.apache.catalina.startup.VersionLoggerListener.log Command line argument: -Djava.util.logging.manager=org.apache.juli.ClassLoaderLogManager
09-Apr-2025 16:55:06.279 INFO [main] org.apache.catalina.startup.VersionLoggerListener.log Command line argument: -javaagent:C:\Program Files\JetBrains\IntelliJ IDEA 2024.3.5\lib\idea_rt.jar=49999
09-Apr-2025 16:55:06.279 INFO [main] org.apache.catalina.startup.VersionLoggerListener.log Command line argument: -Dfile.encoding=UTF-8
09-Apr-2025 16:55:06.279 INFO [main] org.apache.catalina.startup.VersionLoggerListener.log Command line argument: -Dsun.stdout.encoding=UTF-8
09-Apr-2025 16:55:06.279 INFO [main] org.apache.catalina.startup.VersionLoggerListener.log Command line argument: -Dsun.stderr.encoding=UTF-8
09-Apr-2025 16:55:06.282 INFO [main] org.apache.catalina.core.AprLifecycleListener.lifecycleEvent Loaded Apache Tomcat Native library [1.3.1] using APR version [1.7.4].
09-Apr-2025 16:55:06.282 INFO [main] org.apache.catalina.core.AprLifecycleListener.lifecycleEvent APR capabilities: IPv6 [true], sendfile [true], accept filters [false], random [true], UDS [true].
09-Apr-2025 16:55:06.282 INFO [main] org.apache.catalina.core.AprLifecycleListener.lifecycleEvent APR/OpenSSL configuration: useAprConnector [false], useOpenSSL [true]
09-Apr-2025 16:55:06.288 INFO [main] org.apache.catalina.core.AprLifecycleListener.initializeSSL OpenSSL successfully initialized [OpenSSL 3.0.14 4 Jun 2024]
09-Apr-2025 16:55:06.765 INFO [main] org.apache.coyote.AbstractProtocol.init Initializing ProtocolHandler ["http-nio-8080"]
09-Apr-2025 16:55:06.785 INFO [main] org.apache.catalina.startup.Catalina.load Server initialization in [718] milliseconds
09-Apr-2025 16:55:06.840 INFO [main] org.apache.catalina.core.StandardService.startInternal Starting service [Catalina]
09-Apr-2025 16:55:06.840 INFO [main] org.apache.catalina.core.StandardEngine.startInternal Starting Servlet engine: [Apache Tomcat/9.0.102]
09-Apr-2025 16:55:06.850 INFO [main] org.apache.catalina.startup.HostConfig.deployDescriptor Deploying deployment descriptor [C:\Users\OSHADHA\IdeaProjects\OOP-projectnew\conf\Catalina\localhost\OOP-projectnew.xml]
09-Apr-2025 16:55:07.261 INFO [main] org.apache.catalina.startup.HostConfig.deployDescriptor Deployment of deployment descriptor [C:\Users\OSHADHA\IdeaProjects\OOP-projectnew\conf\Catalina\localhost\OOP-projectnew.xml] has finished in [411] ms
09-Apr-2025 16:55:07.265 INFO [main] org.apache.coyote.AbstractProtocol.start Starting ProtocolHandler ["http-nio-8080"]
09-Apr-2025 16:55:07.287 INFO [main] org.apache.catalina.startup.Catalina.start Server startup in [501] milliseconds
09-Apr-2025 16:57:56.388 INFO [Thread-1] org.apache.coyote.AbstractProtocol.pause Pausing ProtocolHandler ["http-nio-8080"]
09-Apr-2025 16:57:56.400 INFO [Thread-1] org.apache.catalina.core.StandardService.stopInternal Stopping service [Catalina]
09-Apr-2025 16:57:56.409 INFO [Thread-1] org.apache.coyote.AbstractProtocol.stop Stopping ProtocolHandler ["http-nio-8080"]
09-Apr-2025 16:57:56.411 INFO [Thread-1] org.apache.coyote.AbstractProtocol.destroy Destroying ProtocolHandler ["http-nio-8080"]
09-Apr-2025 17:02:26.564 INFO [main] org.apache.catalina.startup.VersionLoggerListener.log Server version name:   Apache Tomcat/9.0.102
09-Apr-2025 17:02:26.569 INFO [main] org.apache.catalina.startup.VersionLoggerListener.log Server built:          Mar 3 2025 19:33:14 UTC
09-Apr-2025 17:02:26.570 INFO [main] org.apache.catalina.startup.VersionLoggerListener.log Server version number: 9.0.102.0
09-Apr-2025 17:02:26.570 INFO [main] org.apache.catalina.startup.VersionLoggerListener.log OS Name:               Windows 10
09-Apr-2025 17:02:26.570 INFO [main] org.apache.catalina.startup.VersionLoggerListener.log OS Version:            10.0
09-Apr-2025 17:02:26.570 INFO [main] org.apache.catalina.startup.VersionLoggerListener.log Architecture:          amd64
09-Apr-2025 17:02:26.570 INFO [main] org.apache.catalina.startup.VersionLoggerListener.log Java Home:             C:\Program Files\Java\jdk-22
09-Apr-2025 17:02:26.570 INFO [main] org.apache.catalina.startup.VersionLoggerListener.log JVM Version:           22.0.1+8-16
09-Apr-2025 17:02:26.570 INFO [main] org.apache.catalina.startup.VersionLoggerListener.log JVM Vendor:            Oracle Corporation
09-Apr-2025 17:02:26.570 INFO [main] org.apache.catalina.startup.VersionLoggerListener.log CATALINA_BASE:         C:\Users\OSHADHA\IdeaProjects\OOP-projectnew
09-Apr-2025 17:02:26.571 INFO [main] org.apache.catalina.startup.VersionLoggerListener.log CATALINA_HOME:         C:\Program Files\Apache Software Foundation\Tomcat 9.0
09-Apr-2025 17:02:26.581 INFO [main] org.apache.catalina.startup.VersionLoggerListener.log Command line argument: --add-opens=java.base/java.lang=ALL-UNNAMED
09-Apr-2025 17:02:26.581 INFO [main] org.apache.catalina.startup.VersionLoggerListener.log Command line argument: --add-opens=java.base/java.io=ALL-UNNAMED
09-Apr-2025 17:02:26.581 INFO [main] org.apache.catalina.startup.VersionLoggerListener.log Command line argument: --add-opens=java.base/java.util=ALL-UNNAMED
09-Apr-2025 17:02:26.581 INFO [main] org.apache.catalina.startup.VersionLoggerListener.log Command line argument: --add-opens=java.base/java.util.concurrent=ALL-UNNAMED
09-Apr-2025 17:02:26.582 INFO [main] org.apache.catalina.startup.VersionLoggerListener.log Command line argument: --add-opens=java.rmi/sun.rmi.transport=ALL-UNNAMED
09-Apr-2025 17:02:26.582 INFO [main] org.apache.catalina.startup.VersionLoggerListener.log Command line argument: -Dcatalina.home=C:\Program Files\Apache Software Foundation\Tomcat 9.0
09-Apr-2025 17:02:26.582 INFO [main] org.apache.catalina.startup.VersionLoggerListener.log Command line argument: -Dcatalina.base=C:\Users\OSHADHA\IdeaProjects\OOP-projectnew
09-Apr-2025 17:02:26.582 INFO [main] org.apache.catalina.startup.VersionLoggerListener.log Command line argument: -Djava.io.tmpdir=C:\Users\OSHADHA\IdeaProjects\OOP-projectnew\temp
09-Apr-2025 17:02:26.582 INFO [main] org.apache.catalina.startup.VersionLoggerListener.log Command line argument: -Djava.util.logging.config.file=C:\Users\OSHADHA\IdeaProjects\OOP-projectnew\conf\logging.properties
09-Apr-2025 17:02:26.582 INFO [main] org.apache.catalina.startup.VersionLoggerListener.log Command line argument: -Djava.util.logging.manager=org.apache.juli.ClassLoaderLogManager
09-Apr-2025 17:02:26.582 INFO [main] org.apache.catalina.startup.VersionLoggerListener.log Command line argument: -javaagent:C:\Program Files\JetBrains\IntelliJ IDEA 2024.3.5\lib\idea_rt.jar=50113
09-Apr-2025 17:02:26.582 INFO [main] org.apache.catalina.startup.VersionLoggerListener.log Command line argument: -Dfile.encoding=UTF-8
09-Apr-2025 17:02:26.582 INFO [main] org.apache.catalina.startup.VersionLoggerListener.log Command line argument: -Dsun.stdout.encoding=UTF-8
09-Apr-2025 17:02:26.583 INFO [main] org.apache.catalina.startup.VersionLoggerListener.log Command line argument: -Dsun.stderr.encoding=UTF-8
09-Apr-2025 17:02:26.586 INFO [main] org.apache.catalina.core.AprLifecycleListener.lifecycleEvent Loaded Apache Tomcat Native library [1.3.1] using APR version [1.7.4].
09-Apr-2025 17:02:26.587 INFO [main] org.apache.catalina.core.AprLifecycleListener.lifecycleEvent APR capabilities: IPv6 [true], sendfile [true], accept filters [false], random [true], UDS [true].
09-Apr-2025 17:02:26.587 INFO [main] org.apache.catalina.core.AprLifecycleListener.lifecycleEvent APR/OpenSSL configuration: useAprConnector [false], useOpenSSL [true]
09-Apr-2025 17:02:26.594 INFO [main] org.apache.catalina.core.AprLifecycleListener.initializeSSL OpenSSL successfully initialized [OpenSSL 3.0.14 4 Jun 2024]
09-Apr-2025 17:02:27.009 INFO [main] org.apache.coyote.AbstractProtocol.init Initializing ProtocolHandler ["http-nio-8080"]
09-Apr-2025 17:02:27.032 INFO [main] org.apache.catalina.startup.Catalina.load Server initialization in [707] milliseconds
09-Apr-2025 17:02:27.082 INFO [main] org.apache.catalina.core.StandardService.startInternal Starting service [Catalina]
09-Apr-2025 17:02:27.082 INFO [main] org.apache.catalina.core.StandardEngine.startInternal Starting Servlet engine: [Apache Tomcat/9.0.102]
09-Apr-2025 17:02:27.093 INFO [main] org.apache.catalina.startup.HostConfig.deployDescriptor Deploying deployment descriptor [C:\Users\OSHADHA\IdeaProjects\OOP-projectnew\conf\Catalina\localhost\OOP-projectnew.xml]
09-Apr-2025 17:02:27.515 INFO [main] org.apache.catalina.startup.HostConfig.deployDescriptor Deployment of deployment descriptor [C:\Users\OSHADHA\IdeaProjects\OOP-projectnew\conf\Catalina\localhost\OOP-projectnew.xml] has finished in [421] ms
09-Apr-2025 17:02:27.518 INFO [main] org.apache.coyote.AbstractProtocol.start Starting ProtocolHandler ["http-nio-8080"]
09-Apr-2025 17:02:27.539 INFO [main] org.apache.catalina.startup.Catalina.start Server startup in [505] milliseconds
09-Apr-2025 17:03:29.349 INFO [Thread-1] org.apache.coyote.AbstractProtocol.pause Pausing ProtocolHandler ["http-nio-8080"]
09-Apr-2025 17:03:29.359 INFO [Thread-1] org.apache.catalina.core.StandardService.stopInternal Stopping service [Catalina]
09-Apr-2025 17:03:29.368 INFO [Thread-1] org.apache.coyote.AbstractProtocol.stop Stopping ProtocolHandler ["http-nio-8080"]
09-Apr-2025 17:03:29.371 INFO [Thread-1] org.apache.coyote.AbstractProtocol.destroy Destroying ProtocolHandler ["http-nio-8080"]
09-Apr-2025 17:26:20.475 INFO [main] org.apache.catalina.startup.VersionLoggerListener.log Server version name:   Apache Tomcat/9.0.102
09-Apr-2025 17:26:20.481 INFO [main] org.apache.catalina.startup.VersionLoggerListener.log Server built:          Mar 3 2025 19:33:14 UTC
09-Apr-2025 17:26:20.481 INFO [main] org.apache.catalina.startup.VersionLoggerListener.log Server version number: 9.0.102.0
09-Apr-2025 17:26:20.481 INFO [main] org.apache.catalina.startup.VersionLoggerListener.log OS Name:               Windows 10
09-Apr-2025 17:26:20.482 INFO [main] org.apache.catalina.startup.VersionLoggerListener.log OS Version:            10.0
09-Apr-2025 17:26:20.482 INFO [main] org.apache.catalina.startup.VersionLoggerListener.log Architecture:          amd64
09-Apr-2025 17:26:20.482 INFO [main] org.apache.catalina.startup.VersionLoggerListener.log Java Home:             C:\Program Files\Java\jdk-22
09-Apr-2025 17:26:20.482 INFO [main] org.apache.catalina.startup.VersionLoggerListener.log JVM Version:           22.0.1+8-16
09-Apr-2025 17:26:20.482 INFO [main] org.apache.catalina.startup.VersionLoggerListener.log JVM Vendor:            Oracle Corporation
09-Apr-2025 17:26:20.482 INFO [main] org.apache.catalina.startup.VersionLoggerListener.log CATALINA_BASE:         C:\Users\OSHADHA\IdeaProjects\OOP-projectnew
09-Apr-2025 17:26:20.482 INFO [main] org.apache.catalina.startup.VersionLoggerListener.log CATALINA_HOME:         C:\Program Files\Apache Software Foundation\Tomcat 9.0
09-Apr-2025 17:26:20.493 INFO [main] org.apache.catalina.startup.VersionLoggerListener.log Command line argument: --add-opens=java.base/java.lang=ALL-UNNAMED
09-Apr-2025 17:26:20.493 INFO [main] org.apache.catalina.startup.VersionLoggerListener.log Command line argument: --add-opens=java.base/java.io=ALL-UNNAMED
09-Apr-2025 17:26:20.493 INFO [main] org.apache.catalina.startup.VersionLoggerListener.log Command line argument: --add-opens=java.base/java.util=ALL-UNNAMED
09-Apr-2025 17:26:20.494 INFO [main] org.apache.catalina.startup.VersionLoggerListener.log Command line argument: --add-opens=java.base/java.util.concurrent=ALL-UNNAMED
09-Apr-2025 17:26:20.494 INFO [main] org.apache.catalina.startup.VersionLoggerListener.log Command line argument: --add-opens=java.rmi/sun.rmi.transport=ALL-UNNAMED
09-Apr-2025 17:26:20.494 INFO [main] org.apache.catalina.startup.VersionLoggerListener.log Command line argument: -Dcatalina.home=C:\Program Files\Apache Software Foundation\Tomcat 9.0
09-Apr-2025 17:26:20.494 INFO [main] org.apache.catalina.startup.VersionLoggerListener.log Command line argument: -Dcatalina.base=C:\Users\OSHADHA\IdeaProjects\OOP-projectnew
09-Apr-2025 17:26:20.494 INFO [main] org.apache.catalina.startup.VersionLoggerListener.log Command line argument: -Djava.io.tmpdir=C:\Users\OSHADHA\IdeaProjects\OOP-projectnew\temp
09-Apr-2025 17:26:20.494 INFO [main] org.apache.catalina.startup.VersionLoggerListener.log Command line argument: -Djava.util.logging.config.file=C:\Users\OSHADHA\IdeaProjects\OOP-projectnew\conf\logging.properties
09-Apr-2025 17:26:20.494 INFO [main] org.apache.catalina.startup.VersionLoggerListener.log Command line argument: -Djava.util.logging.manager=org.apache.juli.ClassLoaderLogManager
09-Apr-2025 17:26:20.494 INFO [main] org.apache.catalina.startup.VersionLoggerListener.log Command line argument: -javaagent:C:\Program Files\JetBrains\IntelliJ IDEA 2024.3.5\lib\idea_rt.jar=50904
09-Apr-2025 17:26:20.494 INFO [main] org.apache.catalina.startup.VersionLoggerListener.log Command line argument: -Dfile.encoding=UTF-8
09-Apr-2025 17:26:20.494 INFO [main] org.apache.catalina.startup.VersionLoggerListener.log Command line argument: -Dsun.stdout.encoding=UTF-8
09-Apr-2025 17:26:20.494 INFO [main] org.apache.catalina.startup.VersionLoggerListener.log Command line argument: -Dsun.stderr.encoding=UTF-8
09-Apr-2025 17:26:20.501 INFO [main] org.apache.catalina.core.AprLifecycleListener.lifecycleEvent Loaded Apache Tomcat Native library [1.3.1] using APR version [1.7.4].
09-Apr-2025 17:26:20.502 INFO [main] org.apache.catalina.core.AprLifecycleListener.lifecycleEvent APR capabilities: IPv6 [true], sendfile [true], accept filters [false], random [true], UDS [true].
09-Apr-2025 17:26:20.502 INFO [main] org.apache.catalina.core.AprLifecycleListener.lifecycleEvent APR/OpenSSL configuration: useAprConnector [false], useOpenSSL [true]
09-Apr-2025 17:26:20.521 INFO [main] org.apache.catalina.core.AprLifecycleListener.initializeSSL OpenSSL successfully initialized [OpenSSL 3.0.14 4 Jun 2024]
09-Apr-2025 17:26:20.942 INFO [main] org.apache.coyote.AbstractProtocol.init Initializing ProtocolHandler ["http-nio-8080"]
09-Apr-2025 17:26:20.960 INFO [main] org.apache.catalina.startup.Catalina.load Server initialization in [778] milliseconds
09-Apr-2025 17:26:21.021 INFO [main] org.apache.catalina.core.StandardService.startInternal Starting service [Catalina]
09-Apr-2025 17:26:21.022 INFO [main] org.apache.catalina.core.StandardEngine.startInternal Starting Servlet engine: [Apache Tomcat/9.0.102]
09-Apr-2025 17:26:21.032 INFO [main] org.apache.catalina.startup.HostConfig.deployDescriptor Deploying deployment descriptor [C:\Users\OSHADHA\IdeaProjects\OOP-projectnew\conf\Catalina\localhost\OOP-projectnew.xml]
09-Apr-2025 17:26:21.440 INFO [main] org.apache.catalina.startup.HostConfig.deployDescriptor Deployment of deployment descriptor [C:\Users\OSHADHA\IdeaProjects\OOP-projectnew\conf\Catalina\localhost\OOP-projectnew.xml] has finished in [408] ms
09-Apr-2025 17:26:21.444 INFO [main] org.apache.coyote.AbstractProtocol.start Starting ProtocolHandler ["http-nio-8080"]
09-Apr-2025 17:26:21.465 INFO [main] org.apache.catalina.startup.Catalina.start Server startup in [503] milliseconds
09-Apr-2025 17:27:05.737 INFO [Thread-1] org.apache.coyote.AbstractProtocol.pause Pausing ProtocolHandler ["http-nio-8080"]
09-Apr-2025 17:27:05.748 INFO [Thread-1] org.apache.catalina.core.StandardService.stopInternal Stopping service [Catalina]
09-Apr-2025 17:27:05.760 INFO [Thread-1] org.apache.coyote.AbstractProtocol.stop Stopping ProtocolHandler ["http-nio-8080"]
09-Apr-2025 17:27:05.782 INFO [Thread-1] org.apache.coyote.AbstractProtocol.destroy Destroying ProtocolHandler ["http-nio-8080"]
09-Apr-2025 17:29:01.860 INFO [main] org.apache.catalina.startup.VersionLoggerListener.log Server version name:   Apache Tomcat/9.0.102
09-Apr-2025 17:29:01.867 INFO [main] org.apache.catalina.startup.VersionLoggerListener.log Server built:          Mar 3 2025 19:33:14 UTC
09-Apr-2025 17:29:01.867 INFO [main] org.apache.catalina.startup.VersionLoggerListener.log Server version number: 9.0.102.0
09-Apr-2025 17:29:01.868 INFO [main] org.apache.catalina.startup.VersionLoggerListener.log OS Name:               Windows 10
09-Apr-2025 17:29:01.868 INFO [main] org.apache.catalina.startup.VersionLoggerListener.log OS Version:            10.0
09-Apr-2025 17:29:01.868 INFO [main] org.apache.catalina.startup.VersionLoggerListener.log Architecture:          amd64
09-Apr-2025 17:29:01.868 INFO [main] org.apache.catalina.startup.VersionLoggerListener.log Java Home:             C:\Program Files\Java\jdk-22
09-Apr-2025 17:29:01.868 INFO [main] org.apache.catalina.startup.VersionLoggerListener.log JVM Version:           22.0.1+8-16
09-Apr-2025 17:29:01.869 INFO [main] org.apache.catalina.startup.VersionLoggerListener.log JVM Vendor:            Oracle Corporation
09-Apr-2025 17:29:01.869 INFO [main] org.apache.catalina.startup.VersionLoggerListener.log CATALINA_BASE:         C:\Users\OSHADHA\IdeaProjects\OOP-projectnew
09-Apr-2025 17:29:01.869 INFO [main] org.apache.catalina.startup.VersionLoggerListener.log CATALINA_HOME:         C:\Program Files\Apache Software Foundation\Tomcat 9.0
09-Apr-2025 17:29:01.882 INFO [main] org.apache.catalina.startup.VersionLoggerListener.log Command line argument: --add-opens=java.base/java.lang=ALL-UNNAMED
09-Apr-2025 17:29:01.882 INFO [main] org.apache.catalina.startup.VersionLoggerListener.log Command line argument: --add-opens=java.base/java.io=ALL-UNNAMED
09-Apr-2025 17:29:01.882 INFO [main] org.apache.catalina.startup.VersionLoggerListener.log Command line argument: --add-opens=java.base/java.util=ALL-UNNAMED
09-Apr-2025 17:29:01.882 INFO [main] org.apache.catalina.startup.VersionLoggerListener.log Command line argument: --add-opens=java.base/java.util.concurrent=ALL-UNNAMED
09-Apr-2025 17:29:01.883 INFO [main] org.apache.catalina.startup.VersionLoggerListener.log Command line argument: --add-opens=java.rmi/sun.rmi.transport=ALL-UNNAMED
09-Apr-2025 17:29:01.883 INFO [main] org.apache.catalina.startup.VersionLoggerListener.log Command line argument: -Dcatalina.home=C:\Program Files\Apache Software Foundation\Tomcat 9.0
09-Apr-2025 17:29:01.883 INFO [main] org.apache.catalina.startup.VersionLoggerListener.log Command line argument: -Dcatalina.base=C:\Users\OSHADHA\IdeaProjects\OOP-projectnew
09-Apr-2025 17:29:01.883 INFO [main] org.apache.catalina.startup.VersionLoggerListener.log Command line argument: -Djava.io.tmpdir=C:\Users\OSHADHA\IdeaProjects\OOP-projectnew\temp
09-Apr-2025 17:29:01.883 INFO [main] org.apache.catalina.startup.VersionLoggerListener.log Command line argument: -Djava.util.logging.config.file=C:\Users\OSHADHA\IdeaProjects\OOP-projectnew\conf\logging.properties
09-Apr-2025 17:29:01.883 INFO [main] org.apache.catalina.startup.VersionLoggerListener.log Command line argument: -Djava.util.logging.manager=org.apache.juli.ClassLoaderLogManager
09-Apr-2025 17:29:01.883 INFO [main] org.apache.catalina.startup.VersionLoggerListener.log Command line argument: -javaagent:C:\Program Files\JetBrains\IntelliJ IDEA 2024.3.5\lib\idea_rt.jar=50927
09-Apr-2025 17:29:01.883 INFO [main] org.apache.catalina.startup.VersionLoggerListener.log Command line argument: -Dfile.encoding=UTF-8
09-Apr-2025 17:29:01.883 INFO [main] org.apache.catalina.startup.VersionLoggerListener.log Command line argument: -Dsun.stdout.encoding=UTF-8
09-Apr-2025 17:29:01.884 INFO [main] org.apache.catalina.startup.VersionLoggerListener.log Command line argument: -Dsun.stderr.encoding=UTF-8
09-Apr-2025 17:29:01.889 INFO [main] org.apache.catalina.core.AprLifecycleListener.lifecycleEvent Loaded Apache Tomcat Native library [1.3.1] using APR version [1.7.4].
09-Apr-2025 17:29:01.889 INFO [main] org.apache.catalina.core.AprLifecycleListener.lifecycleEvent APR capabilities: IPv6 [true], sendfile [true], accept filters [false], random [true], UDS [true].
09-Apr-2025 17:29:01.889 INFO [main] org.apache.catalina.core.AprLifecycleListener.lifecycleEvent APR/OpenSSL configuration: useAprConnector [false], useOpenSSL [true]
09-Apr-2025 17:29:01.900 INFO [main] org.apache.catalina.core.AprLifecycleListener.initializeSSL OpenSSL successfully initialized [OpenSSL 3.0.14 4 Jun 2024]
09-Apr-2025 17:29:02.405 INFO [main] org.apache.coyote.AbstractProtocol.init Initializing ProtocolHandler ["http-nio-8080"]
09-Apr-2025 17:29:02.432 INFO [main] org.apache.catalina.startup.Catalina.load Server initialization in [1067] milliseconds
09-Apr-2025 17:29:02.491 INFO [main] org.apache.catalina.core.StandardService.startInternal Starting service [Catalina]
09-Apr-2025 17:29:02.491 INFO [main] org.apache.catalina.core.StandardEngine.startInternal Starting Servlet engine: [Apache Tomcat/9.0.102]
09-Apr-2025 17:29:02.502 INFO [main] org.apache.catalina.startup.HostConfig.deployDescriptor Deploying deployment descriptor [C:\Users\OSHADHA\IdeaProjects\OOP-projectnew\conf\Catalina\localhost\OOP-projectnew.xml]
09-Apr-2025 17:29:03.022 INFO [main] org.apache.catalina.startup.HostConfig.deployDescriptor Deployment of deployment descriptor [C:\Users\OSHADHA\IdeaProjects\OOP-projectnew\conf\Catalina\localhost\OOP-projectnew.xml] has finished in [519] ms
09-Apr-2025 17:29:03.027 INFO [main] org.apache.coyote.AbstractProtocol.start Starting ProtocolHandler ["http-nio-8080"]
09-Apr-2025 17:29:03.055 INFO [main] org.apache.catalina.startup.Catalina.start Server startup in [620] milliseconds
09-Apr-2025 17:29:39.671 INFO [Thread-1] org.apache.coyote.AbstractProtocol.pause Pausing ProtocolHandler ["http-nio-8080"]
09-Apr-2025 17:29:39.683 INFO [Thread-1] org.apache.catalina.core.StandardService.stopInternal Stopping service [Catalina]
09-Apr-2025 17:29:39.693 INFO [Thread-1] org.apache.coyote.AbstractProtocol.stop Stopping ProtocolHandler ["http-nio-8080"]
09-Apr-2025 17:29:39.708 INFO [Thread-1] org.apache.coyote.AbstractProtocol.destroy Destroying ProtocolHandler ["http-nio-8080"]
09-Apr-2025 17:32:38.219 INFO [main] org.apache.catalina.startup.VersionLoggerListener.log Server version name:   Apache Tomcat/9.0.102
09-Apr-2025 17:32:38.223 INFO [main] org.apache.catalina.startup.VersionLoggerListener.log Server built:          Mar 3 2025 19:33:14 UTC
09-Apr-2025 17:32:38.224 INFO [main] org.apache.catalina.startup.VersionLoggerListener.log Server version number: 9.0.102.0
09-Apr-2025 17:32:38.224 INFO [main] org.apache.catalina.startup.VersionLoggerListener.log OS Name:               Windows 10
09-Apr-2025 17:32:38.224 INFO [main] org.apache.catalina.startup.VersionLoggerListener.log OS Version:            10.0
09-Apr-2025 17:32:38.224 INFO [main] org.apache.catalina.startup.VersionLoggerListener.log Architecture:          amd64
09-Apr-2025 17:32:38.224 INFO [main] org.apache.catalina.startup.VersionLoggerListener.log Java Home:             C:\Program Files\Java\jdk-22
09-Apr-2025 17:32:38.224 INFO [main] org.apache.catalina.startup.VersionLoggerListener.log JVM Version:           22.0.1+8-16
09-Apr-2025 17:32:38.224 INFO [main] org.apache.catalina.startup.VersionLoggerListener.log JVM Vendor:            Oracle Corporation
09-Apr-2025 17:32:38.224 INFO [main] org.apache.catalina.startup.VersionLoggerListener.log CATALINA_BASE:         C:\Users\OSHADHA\IdeaProjects\OOP-projectnew
09-Apr-2025 17:32:38.224 INFO [main] org.apache.catalina.startup.VersionLoggerListener.log CATALINA_HOME:         C:\Program Files\Apache Software Foundation\Tomcat 9.0
09-Apr-2025 17:32:38.235 INFO [main] org.apache.catalina.startup.VersionLoggerListener.log Command line argument: --add-opens=java.base/java.lang=ALL-UNNAMED
09-Apr-2025 17:32:38.235 INFO [main] org.apache.catalina.startup.VersionLoggerListener.log Command line argument: --add-opens=java.base/java.io=ALL-UNNAMED
09-Apr-2025 17:32:38.235 INFO [main] org.apache.catalina.startup.VersionLoggerListener.log Command line argument: --add-opens=java.base/java.util=ALL-UNNAMED
09-Apr-2025 17:32:38.235 INFO [main] org.apache.catalina.startup.VersionLoggerListener.log Command line argument: --add-opens=java.base/java.util.concurrent=ALL-UNNAMED
09-Apr-2025 17:32:38.235 INFO [main] org.apache.catalina.startup.VersionLoggerListener.log Command line argument: --add-opens=java.rmi/sun.rmi.transport=ALL-UNNAMED
09-Apr-2025 17:32:38.235 INFO [main] org.apache.catalina.startup.VersionLoggerListener.log Command line argument: -Dcatalina.home=C:\Program Files\Apache Software Foundation\Tomcat 9.0
09-Apr-2025 17:32:38.236 INFO [main] org.apache.catalina.startup.VersionLoggerListener.log Command line argument: -Dcatalina.base=C:\Users\OSHADHA\IdeaProjects\OOP-projectnew
09-Apr-2025 17:32:38.236 INFO [main] org.apache.catalina.startup.VersionLoggerListener.log Command line argument: -Djava.io.tmpdir=C:\Users\OSHADHA\IdeaProjects\OOP-projectnew\temp
09-Apr-2025 17:32:38.236 INFO [main] org.apache.catalina.startup.VersionLoggerListener.log Command line argument: -Djava.util.logging.config.file=C:\Users\OSHADHA\IdeaProjects\OOP-projectnew\conf\logging.properties
09-Apr-2025 17:32:38.236 INFO [main] org.apache.catalina.startup.VersionLoggerListener.log Command line argument: -Djava.util.logging.manager=org.apache.juli.ClassLoaderLogManager
09-Apr-2025 17:32:38.236 INFO [main] org.apache.catalina.startup.VersionLoggerListener.log Command line argument: -javaagent:C:\Program Files\JetBrains\IntelliJ IDEA 2024.3.5\lib\idea_rt.jar=50979
09-Apr-2025 17:32:38.236 INFO [main] org.apache.catalina.startup.VersionLoggerListener.log Command line argument: -Dfile.encoding=UTF-8
09-Apr-2025 17:32:38.236 INFO [main] org.apache.catalina.startup.VersionLoggerListener.log Command line argument: -Dsun.stdout.encoding=UTF-8
09-Apr-2025 17:32:38.236 INFO [main] org.apache.catalina.startup.VersionLoggerListener.log Command line argument: -Dsun.stderr.encoding=UTF-8
09-Apr-2025 17:32:38.240 INFO [main] org.apache.catalina.core.AprLifecycleListener.lifecycleEvent Loaded Apache Tomcat Native library [1.3.1] using APR version [1.7.4].
09-Apr-2025 17:32:38.240 INFO [main] org.apache.catalina.core.AprLifecycleListener.lifecycleEvent APR capabilities: IPv6 [true], sendfile [true], accept filters [false], random [true], UDS [true].
09-Apr-2025 17:32:38.241 INFO [main] org.apache.catalina.core.AprLifecycleListener.lifecycleEvent APR/OpenSSL configuration: useAprConnector [false], useOpenSSL [true]
09-Apr-2025 17:32:38.250 INFO [main] org.apache.catalina.core.AprLifecycleListener.initializeSSL OpenSSL successfully initialized [OpenSSL 3.0.14 4 Jun 2024]
09-Apr-2025 17:32:38.669 INFO [main] org.apache.coyote.AbstractProtocol.init Initializing ProtocolHandler ["http-nio-8080"]
09-Apr-2025 17:32:38.693 INFO [main] org.apache.catalina.startup.Catalina.load Server initialization in [680] milliseconds
09-Apr-2025 17:32:38.750 INFO [main] org.apache.catalina.core.StandardService.startInternal Starting service [Catalina]
09-Apr-2025 17:32:38.750 INFO [main] org.apache.catalina.core.StandardEngine.startInternal Starting Servlet engine: [Apache Tomcat/9.0.102]
09-Apr-2025 17:32:38.760 INFO [main] org.apache.catalina.startup.HostConfig.deployDescriptor Deploying deployment descriptor [C:\Users\OSHADHA\IdeaProjects\OOP-projectnew\conf\Catalina\localhost\OOP-projectnew.xml]
09-Apr-2025 17:32:39.156 INFO [main] org.apache.catalina.startup.HostConfig.deployDescriptor Deployment of deployment descriptor [C:\Users\OSHADHA\IdeaProjects\OOP-projectnew\conf\Catalina\localhost\OOP-projectnew.xml] has finished in [395] ms
09-Apr-2025 17:32:39.160 INFO [main] org.apache.coyote.AbstractProtocol.start Starting ProtocolHandler ["http-nio-8080"]
09-Apr-2025 17:32:39.184 INFO [main] org.apache.catalina.startup.Catalina.start Server startup in [490] milliseconds
09-Apr-2025 17:37:46.828 INFO [Thread-1] org.apache.coyote.AbstractProtocol.pause Pausing ProtocolHandler ["http-nio-8080"]
09-Apr-2025 17:37:46.838 INFO [Thread-1] org.apache.catalina.core.StandardService.stopInternal Stopping service [Catalina]
09-Apr-2025 17:37:46.849 INFO [Thread-1] org.apache.coyote.AbstractProtocol.stop Stopping ProtocolHandler ["http-nio-8080"]
09-Apr-2025 17:37:46.876 INFO [Thread-1] org.apache.coyote.AbstractProtocol.destroy Destroying ProtocolHandler ["http-nio-8080"]
09-Apr-2025 17:37:48.612 INFO [main] org.apache.catalina.startup.VersionLoggerListener.log Server version name:   Apache Tomcat/9.0.102
09-Apr-2025 17:37:48.615 INFO [main] org.apache.catalina.startup.VersionLoggerListener.log Server built:          Mar 3 2025 19:33:14 UTC
09-Apr-2025 17:37:48.616 INFO [main] org.apache.catalina.startup.VersionLoggerListener.log Server version number: 9.0.102.0
09-Apr-2025 17:37:48.616 INFO [main] org.apache.catalina.startup.VersionLoggerListener.log OS Name:               Windows 10
09-Apr-2025 17:37:48.616 INFO [main] org.apache.catalina.startup.VersionLoggerListener.log OS Version:            10.0
09-Apr-2025 17:37:48.616 INFO [main] org.apache.catalina.startup.VersionLoggerListener.log Architecture:          amd64
09-Apr-2025 17:37:48.616 INFO [main] org.apache.catalina.startup.VersionLoggerListener.log Java Home:             C:\Program Files\Java\jdk-22
09-Apr-2025 17:37:48.616 INFO [main] org.apache.catalina.startup.VersionLoggerListener.log JVM Version:           22.0.1+8-16
09-Apr-2025 17:37:48.616 INFO [main] org.apache.catalina.startup.VersionLoggerListener.log JVM Vendor:            Oracle Corporation
09-Apr-2025 17:37:48.616 INFO [main] org.apache.catalina.startup.VersionLoggerListener.log CATALINA_BASE:         C:\Users\OSHADHA\IdeaProjects\OOP-projectnew
09-Apr-2025 17:37:48.616 INFO [main] org.apache.catalina.startup.VersionLoggerListener.log CATALINA_HOME:         C:\Program Files\Apache Software Foundation\Tomcat 9.0
09-Apr-2025 17:37:48.624 INFO [main] org.apache.catalina.startup.VersionLoggerListener.log Command line argument: --add-opens=java.base/java.lang=ALL-UNNAMED
09-Apr-2025 17:37:48.624 INFO [main] org.apache.catalina.startup.VersionLoggerListener.log Command line argument: --add-opens=java.base/java.io=ALL-UNNAMED
09-Apr-2025 17:37:48.624 INFO [main] org.apache.catalina.startup.VersionLoggerListener.log Command line argument: --add-opens=java.base/java.util=ALL-UNNAMED
09-Apr-2025 17:37:48.624 INFO [main] org.apache.catalina.startup.VersionLoggerListener.log Command line argument: --add-opens=java.base/java.util.concurrent=ALL-UNNAMED
09-Apr-2025 17:37:48.624 INFO [main] org.apache.catalina.startup.VersionLoggerListener.log Command line argument: --add-opens=java.rmi/sun.rmi.transport=ALL-UNNAMED
09-Apr-2025 17:37:48.624 INFO [main] org.apache.catalina.startup.VersionLoggerListener.log Command line argument: -Dcatalina.home=C:\Program Files\Apache Software Foundation\Tomcat 9.0
09-Apr-2025 17:37:48.624 INFO [main] org.apache.catalina.startup.VersionLoggerListener.log Command line argument: -Dcatalina.base=C:\Users\OSHADHA\IdeaProjects\OOP-projectnew
09-Apr-2025 17:37:48.625 INFO [main] org.apache.catalina.startup.VersionLoggerListener.log Command line argument: -Djava.io.tmpdir=C:\Users\OSHADHA\IdeaProjects\OOP-projectnew\temp
09-Apr-2025 17:37:48.625 INFO [main] org.apache.catalina.startup.VersionLoggerListener.log Command line argument: -Djava.util.logging.config.file=C:\Users\OSHADHA\IdeaProjects\OOP-projectnew\conf\logging.properties
09-Apr-2025 17:37:48.625 INFO [main] org.apache.catalina.startup.VersionLoggerListener.log Command line argument: -Djava.util.logging.manager=org.apache.juli.ClassLoaderLogManager
09-Apr-2025 17:37:48.625 INFO [main] org.apache.catalina.startup.VersionLoggerListener.log Command line argument: -javaagent:C:\Program Files\JetBrains\IntelliJ IDEA 2024.3.5\lib\idea_rt.jar=51030
09-Apr-2025 17:37:48.625 INFO [main] org.apache.catalina.startup.VersionLoggerListener.log Command line argument: -Dfile.encoding=UTF-8
09-Apr-2025 17:37:48.625 INFO [main] org.apache.catalina.startup.VersionLoggerListener.log Command line argument: -Dsun.stdout.encoding=UTF-8
09-Apr-2025 17:37:48.625 INFO [main] org.apache.catalina.startup.VersionLoggerListener.log Command line argument: -Dsun.stderr.encoding=UTF-8
09-Apr-2025 17:37:48.628 INFO [main] org.apache.catalina.core.AprLifecycleListener.lifecycleEvent Loaded Apache Tomcat Native library [1.3.1] using APR version [1.7.4].
09-Apr-2025 17:37:48.629 INFO [main] org.apache.catalina.core.AprLifecycleListener.lifecycleEvent APR capabilities: IPv6 [true], sendfile [true], accept filters [false], random [true], UDS [true].
09-Apr-2025 17:37:48.629 INFO [main] org.apache.catalina.core.AprLifecycleListener.lifecycleEvent APR/OpenSSL configuration: useAprConnector [false], useOpenSSL [true]
09-Apr-2025 17:37:48.636 INFO [main] org.apache.catalina.core.AprLifecycleListener.initializeSSL OpenSSL successfully initialized [OpenSSL 3.0.14 4 Jun 2024]
09-Apr-2025 17:37:49.066 INFO [main] org.apache.coyote.AbstractProtocol.init Initializing ProtocolHandler ["http-nio-8080"]
09-Apr-2025 17:37:49.090 INFO [main] org.apache.catalina.startup.Catalina.load Server initialization in [926] milliseconds
09-Apr-2025 17:37:49.140 INFO [main] org.apache.catalina.core.StandardService.startInternal Starting service [Catalina]
09-Apr-2025 17:37:49.141 INFO [main] org.apache.catalina.core.StandardEngine.startInternal Starting Servlet engine: [Apache Tomcat/9.0.102]
09-Apr-2025 17:37:49.150 INFO [main] org.apache.catalina.startup.HostConfig.deployDescriptor Deploying deployment descriptor [C:\Users\OSHADHA\IdeaProjects\OOP-projectnew\conf\Catalina\localhost\OOP-projectnew.xml]
09-Apr-2025 17:37:49.554 INFO [main] org.apache.catalina.startup.HostConfig.deployDescriptor Deployment of deployment descriptor [C:\Users\OSHADHA\IdeaProjects\OOP-projectnew\conf\Catalina\localhost\OOP-projectnew.xml] has finished in [403] ms
09-Apr-2025 17:37:49.556 INFO [main] org.apache.coyote.AbstractProtocol.start Starting ProtocolHandler ["http-nio-8080"]
09-Apr-2025 17:37:49.576 INFO [main] org.apache.catalina.startup.Catalina.start Server startup in [484] milliseconds
09-Apr-2025 17:37:50.637 INFO [Thread-1] org.apache.coyote.AbstractProtocol.pause Pausing ProtocolHandler ["http-nio-8080"]
09-Apr-2025 17:37:50.648 INFO [Thread-1] org.apache.catalina.core.StandardService.stopInternal Stopping service [Catalina]
09-Apr-2025 17:37:50.660 INFO [Thread-1] org.apache.coyote.AbstractProtocol.stop Stopping ProtocolHandler ["http-nio-8080"]
09-Apr-2025 17:37:50.671 INFO [Thread-1] org.apache.coyote.AbstractProtocol.destroy Destroying ProtocolHandler ["http-nio-8080"]
09-Apr-2025 17:38:08.428 INFO [main] org.apache.catalina.startup.VersionLoggerListener.log Server version name:   Apache Tomcat/9.0.102
09-Apr-2025 17:38:08.434 INFO [main] org.apache.catalina.startup.VersionLoggerListener.log Server built:          Mar 3 2025 19:33:14 UTC
09-Apr-2025 17:38:08.435 INFO [main] org.apache.catalina.startup.VersionLoggerListener.log Server version number: 9.0.102.0
09-Apr-2025 17:38:08.435 INFO [main] org.apache.catalina.startup.VersionLoggerListener.log OS Name:               Windows 10
09-Apr-2025 17:38:08.435 INFO [main] org.apache.catalina.startup.VersionLoggerListener.log OS Version:            10.0
09-Apr-2025 17:38:08.435 INFO [main] org.apache.catalina.startup.VersionLoggerListener.log Architecture:          amd64
09-Apr-2025 17:38:08.435 INFO [main] org.apache.catalina.startup.VersionLoggerListener.log Java Home:             C:\Program Files\Java\jdk-22
09-Apr-2025 17:38:08.435 INFO [main] org.apache.catalina.startup.VersionLoggerListener.log JVM Version:           22.0.1+8-16
09-Apr-2025 17:38:08.435 INFO [main] org.apache.catalina.startup.VersionLoggerListener.log JVM Vendor:            Oracle Corporation
09-Apr-2025 17:38:08.435 INFO [main] org.apache.catalina.startup.VersionLoggerListener.log CATALINA_BASE:         C:\Users\OSHADHA\IdeaProjects\OOP-projectnew
09-Apr-2025 17:38:08.436 INFO [main] org.apache.catalina.startup.VersionLoggerListener.log CATALINA_HOME:         C:\Program Files\Apache Software Foundation\Tomcat 9.0
09-Apr-2025 17:38:08.448 INFO [main] org.apache.catalina.startup.VersionLoggerListener.log Command line argument: --add-opens=java.base/java.lang=ALL-UNNAMED
09-Apr-2025 17:38:08.448 INFO [main] org.apache.catalina.startup.VersionLoggerListener.log Command line argument: --add-opens=java.base/java.io=ALL-UNNAMED
09-Apr-2025 17:38:08.449 INFO [main] org.apache.catalina.startup.VersionLoggerListener.log Command line argument: --add-opens=java.base/java.util=ALL-UNNAMED
09-Apr-2025 17:38:08.449 INFO [main] org.apache.catalina.startup.VersionLoggerListener.log Command line argument: --add-opens=java.base/java.util.concurrent=ALL-UNNAMED
09-Apr-2025 17:38:08.449 INFO [main] org.apache.catalina.startup.VersionLoggerListener.log Command line argument: --add-opens=java.rmi/sun.rmi.transport=ALL-UNNAMED
09-Apr-2025 17:38:08.449 INFO [main] org.apache.catalina.startup.VersionLoggerListener.log Command line argument: -Dcatalina.home=C:\Program Files\Apache Software Foundation\Tomcat 9.0
09-Apr-2025 17:38:08.449 INFO [main] org.apache.catalina.startup.VersionLoggerListener.log Command line argument: -Dcatalina.base=C:\Users\OSHADHA\IdeaProjects\OOP-projectnew
09-Apr-2025 17:38:08.449 INFO [main] org.apache.catalina.startup.VersionLoggerListener.log Command line argument: -Djava.io.tmpdir=C:\Users\OSHADHA\IdeaProjects\OOP-projectnew\temp
09-Apr-2025 17:38:08.449 INFO [main] org.apache.catalina.startup.VersionLoggerListener.log Command line argument: -Djava.util.logging.config.file=C:\Users\OSHADHA\IdeaProjects\OOP-projectnew\conf\logging.properties
09-Apr-2025 17:38:08.449 INFO [main] org.apache.catalina.startup.VersionLoggerListener.log Command line argument: -Djava.util.logging.manager=org.apache.juli.ClassLoaderLogManager
09-Apr-2025 17:38:08.450 INFO [main] org.apache.catalina.startup.VersionLoggerListener.log Command line argument: -javaagent:C:\Program Files\JetBrains\IntelliJ IDEA 2024.3.5\lib\idea_rt.jar=51039
09-Apr-2025 17:38:08.450 INFO [main] org.apache.catalina.startup.VersionLoggerListener.log Command line argument: -Dfile.encoding=UTF-8
09-Apr-2025 17:38:08.450 INFO [main] org.apache.catalina.startup.VersionLoggerListener.log Command line argument: -Dsun.stdout.encoding=UTF-8
09-Apr-2025 17:38:08.450 INFO [main] org.apache.catalina.startup.VersionLoggerListener.log Command line argument: -Dsun.stderr.encoding=UTF-8
09-Apr-2025 17:38:08.456 INFO [main] org.apache.catalina.core.AprLifecycleListener.lifecycleEvent Loaded Apache Tomcat Native library [1.3.1] using APR version [1.7.4].
09-Apr-2025 17:38:08.456 INFO [main] org.apache.catalina.core.AprLifecycleListener.lifecycleEvent APR capabilities: IPv6 [true], sendfile [true], accept filters [false], random [true], UDS [true].
09-Apr-2025 17:38:08.456 INFO [main] org.apache.catalina.core.AprLifecycleListener.lifecycleEvent APR/OpenSSL configuration: useAprConnector [false], useOpenSSL [true]
09-Apr-2025 17:38:08.466 INFO [main] org.apache.catalina.core.AprLifecycleListener.initializeSSL OpenSSL successfully initialized [OpenSSL 3.0.14 4 Jun 2024]
09-Apr-2025 17:38:08.916 INFO [main] org.apache.coyote.AbstractProtocol.init Initializing ProtocolHandler ["http-nio-8080"]
09-Apr-2025 17:38:08.939 INFO [main] org.apache.catalina.startup.Catalina.load Server initialization in [805] milliseconds
09-Apr-2025 17:38:09.001 INFO [main] org.apache.catalina.core.StandardService.startInternal Starting service [Catalina]
09-Apr-2025 17:38:09.001 INFO [main] org.apache.catalina.core.StandardEngine.startInternal Starting Servlet engine: [Apache Tomcat/9.0.102]
09-Apr-2025 17:38:09.015 INFO [main] org.apache.catalina.startup.HostConfig.deployDescriptor Deploying deployment descriptor [C:\Users\OSHADHA\IdeaProjects\OOP-projectnew\conf\Catalina\localhost\OOP-projectnew.xml]
09-Apr-2025 17:38:09.411 INFO [main] org.apache.catalina.startup.HostConfig.deployDescriptor Deployment of deployment descriptor [C:\Users\OSHADHA\IdeaProjects\OOP-projectnew\conf\Catalina\localhost\OOP-projectnew.xml] has finished in [397] ms
09-Apr-2025 17:38:09.416 INFO [main] org.apache.coyote.AbstractProtocol.start Starting ProtocolHandler ["http-nio-8080"]
09-Apr-2025 17:38:09.436 INFO [main] org.apache.catalina.startup.Catalina.start Server startup in [495] milliseconds
09-Apr-2025 17:42:09.408 INFO [Thread-1] org.apache.coyote.AbstractProtocol.pause Pausing ProtocolHandler ["http-nio-8080"]
09-Apr-2025 17:42:09.419 INFO [Thread-1] org.apache.catalina.core.StandardService.stopInternal Stopping service [Catalina]
09-Apr-2025 17:42:09.431 INFO [Thread-1] org.apache.coyote.AbstractProtocol.stop Stopping ProtocolHandler ["http-nio-8080"]
09-Apr-2025 17:42:09.450 INFO [Thread-1] org.apache.coyote.AbstractProtocol.destroy Destroying ProtocolHandler ["http-nio-8080"]
09-Apr-2025 17:42:11.058 INFO [main] org.apache.catalina.startup.VersionLoggerListener.log Server version name:   Apache Tomcat/9.0.102
09-Apr-2025 17:42:11.063 INFO [main] org.apache.catalina.startup.VersionLoggerListener.log Server built:          Mar 3 2025 19:33:14 UTC
09-Apr-2025 17:42:11.064 INFO [main] org.apache.catalina.startup.VersionLoggerListener.log Server version number: 9.0.102.0
09-Apr-2025 17:42:11.064 INFO [main] org.apache.catalina.startup.VersionLoggerListener.log OS Name:               Windows 10
09-Apr-2025 17:42:11.064 INFO [main] org.apache.catalina.startup.VersionLoggerListener.log OS Version:            10.0
09-Apr-2025 17:42:11.064 INFO [main] org.apache.catalina.startup.VersionLoggerListener.log Architecture:          amd64
09-Apr-2025 17:42:11.064 INFO [main] org.apache.catalina.startup.VersionLoggerListener.log Java Home:             C:\Program Files\Java\jdk-22
09-Apr-2025 17:42:11.064 INFO [main] org.apache.catalina.startup.VersionLoggerListener.log JVM Version:           22.0.1+8-16
09-Apr-2025 17:42:11.064 INFO [main] org.apache.catalina.startup.VersionLoggerListener.log JVM Vendor:            Oracle Corporation
09-Apr-2025 17:42:11.064 INFO [main] org.apache.catalina.startup.VersionLoggerListener.log CATALINA_BASE:         C:\Users\OSHADHA\IdeaProjects\OOP-projectnew
09-Apr-2025 17:42:11.065 INFO [main] org.apache.catalina.startup.VersionLoggerListener.log CATALINA_HOME:         C:\Program Files\Apache Software Foundation\Tomcat 9.0
09-Apr-2025 17:42:11.074 INFO [main] org.apache.catalina.startup.VersionLoggerListener.log Command line argument: --add-opens=java.base/java.lang=ALL-UNNAMED
09-Apr-2025 17:42:11.075 INFO [main] org.apache.catalina.startup.VersionLoggerListener.log Command line argument: --add-opens=java.base/java.io=ALL-UNNAMED
09-Apr-2025 17:42:11.075 INFO [main] org.apache.catalina.startup.VersionLoggerListener.log Command line argument: --add-opens=java.base/java.util=ALL-UNNAMED
09-Apr-2025 17:42:11.075 INFO [main] org.apache.catalina.startup.VersionLoggerListener.log Command line argument: --add-opens=java.base/java.util.concurrent=ALL-UNNAMED
09-Apr-2025 17:42:11.075 INFO [main] org.apache.catalina.startup.VersionLoggerListener.log Command line argument: --add-opens=java.rmi/sun.rmi.transport=ALL-UNNAMED
09-Apr-2025 17:42:11.075 INFO [main] org.apache.catalina.startup.VersionLoggerListener.log Command line argument: -Dcatalina.home=C:\Program Files\Apache Software Foundation\Tomcat 9.0
09-Apr-2025 17:42:11.075 INFO [main] org.apache.catalina.startup.VersionLoggerListener.log Command line argument: -Dcatalina.base=C:\Users\OSHADHA\IdeaProjects\OOP-projectnew
09-Apr-2025 17:42:11.075 INFO [main] org.apache.catalina.startup.VersionLoggerListener.log Command line argument: -Djava.io.tmpdir=C:\Users\OSHADHA\IdeaProjects\OOP-projectnew\temp
09-Apr-2025 17:42:11.076 INFO [main] org.apache.catalina.startup.VersionLoggerListener.log Command line argument: -Djava.util.logging.config.file=C:\Users\OSHADHA\IdeaProjects\OOP-projectnew\conf\logging.properties
09-Apr-2025 17:42:11.076 INFO [main] org.apache.catalina.startup.VersionLoggerListener.log Command line argument: -Djava.util.logging.manager=org.apache.juli.ClassLoaderLogManager
09-Apr-2025 17:42:11.076 INFO [main] org.apache.catalina.startup.VersionLoggerListener.log Command line argument: -javaagent:C:\Program Files\JetBrains\IntelliJ IDEA 2024.3.5\lib\idea_rt.jar=51118
09-Apr-2025 17:42:11.076 INFO [main] org.apache.catalina.startup.VersionLoggerListener.log Command line argument: -Dfile.encoding=UTF-8
09-Apr-2025 17:42:11.076 INFO [main] org.apache.catalina.startup.VersionLoggerListener.log Command line argument: -Dsun.stdout.encoding=UTF-8
09-Apr-2025 17:42:11.076 INFO [main] org.apache.catalina.startup.VersionLoggerListener.log Command line argument: -Dsun.stderr.encoding=UTF-8
09-Apr-2025 17:42:11.080 INFO [main] org.apache.catalina.core.AprLifecycleListener.lifecycleEvent Loaded Apache Tomcat Native library [1.3.1] using APR version [1.7.4].
09-Apr-2025 17:42:11.080 INFO [main] org.apache.catalina.core.AprLifecycleListener.lifecycleEvent APR capabilities: IPv6 [true], sendfile [true], accept filters [false], random [true], UDS [true].
09-Apr-2025 17:42:11.080 INFO [main] org.apache.catalina.core.AprLifecycleListener.lifecycleEvent APR/OpenSSL configuration: useAprConnector [false], useOpenSSL [true]
09-Apr-2025 17:42:11.087 INFO [main] org.apache.catalina.core.AprLifecycleListener.initializeSSL OpenSSL successfully initialized [OpenSSL 3.0.14 4 Jun 2024]
09-Apr-2025 17:42:11.494 INFO [main] org.apache.coyote.AbstractProtocol.init Initializing ProtocolHandler ["http-nio-8080"]
09-Apr-2025 17:42:11.520 INFO [main] org.apache.catalina.startup.Catalina.load Server initialization in [774] milliseconds
09-Apr-2025 17:42:11.571 INFO [main] org.apache.catalina.core.StandardService.startInternal Starting service [Catalina]
09-Apr-2025 17:42:11.571 INFO [main] org.apache.catalina.core.StandardEngine.startInternal Starting Servlet engine: [Apache Tomcat/9.0.102]
09-Apr-2025 17:42:11.580 INFO [main] org.apache.catalina.startup.HostConfig.deployDescriptor Deploying deployment descriptor [C:\Users\OSHADHA\IdeaProjects\OOP-projectnew\conf\Catalina\localhost\OOP-projectnew.xml]
09-Apr-2025 17:42:12.057 INFO [main] org.apache.catalina.startup.HostConfig.deployDescriptor Deployment of deployment descriptor [C:\Users\OSHADHA\IdeaProjects\OOP-projectnew\conf\Catalina\localhost\OOP-projectnew.xml] has finished in [476] ms
09-Apr-2025 17:42:12.062 INFO [main] org.apache.coyote.AbstractProtocol.start Starting ProtocolHandler ["http-nio-8080"]
09-Apr-2025 17:42:12.085 INFO [main] org.apache.catalina.startup.Catalina.start Server startup in [563] milliseconds
09-Apr-2025 18:03:10.146 INFO [Thread-1] org.apache.coyote.AbstractProtocol.pause Pausing ProtocolHandler ["http-nio-8080"]
09-Apr-2025 18:03:10.157 INFO [Thread-1] org.apache.catalina.core.StandardService.stopInternal Stopping service [Catalina]
09-Apr-2025 18:03:10.174 INFO [Thread-1] org.apache.coyote.AbstractProtocol.stop Stopping ProtocolHandler ["http-nio-8080"]
09-Apr-2025 18:03:10.184 INFO [Thread-1] org.apache.coyote.AbstractProtocol.destroy Destroying ProtocolHandler ["http-nio-8080"]
09-Apr-2025 18:03:12.487 INFO [main] org.apache.catalina.startup.VersionLoggerListener.log Server version name:   Apache Tomcat/9.0.102
09-Apr-2025 18:03:12.493 INFO [main] org.apache.catalina.startup.VersionLoggerListener.log Server built:          Mar 3 2025 19:33:14 UTC
09-Apr-2025 18:03:12.496 INFO [main] org.apache.catalina.startup.VersionLoggerListener.log Server version number: 9.0.102.0
09-Apr-2025 18:03:12.496 INFO [main] org.apache.catalina.startup.VersionLoggerListener.log OS Name:               Windows 10
09-Apr-2025 18:03:12.497 INFO [main] org.apache.catalina.startup.VersionLoggerListener.log OS Version:            10.0
09-Apr-2025 18:03:12.497 INFO [main] org.apache.catalina.startup.VersionLoggerListener.log Architecture:          amd64
09-Apr-2025 18:03:12.497 INFO [main] org.apache.catalina.startup.VersionLoggerListener.log Java Home:             C:\Program Files\Java\jdk-22
09-Apr-2025 18:03:12.497 INFO [main] org.apache.catalina.startup.VersionLoggerListener.log JVM Version:           22.0.1+8-16
09-Apr-2025 18:03:12.497 INFO [main] org.apache.catalina.startup.VersionLoggerListener.log JVM Vendor:            Oracle Corporation
09-Apr-2025 18:03:12.497 INFO [main] org.apache.catalina.startup.VersionLoggerListener.log CATALINA_BASE:         C:\Users\OSHADHA\IdeaProjects\OOP-projectnew
09-Apr-2025 18:03:12.498 INFO [main] org.apache.catalina.startup.VersionLoggerListener.log CATALINA_HOME:         C:\Program Files\Apache Software Foundation\Tomcat 9.0
09-Apr-2025 18:03:12.507 INFO [main] org.apache.catalina.startup.VersionLoggerListener.log Command line argument: --add-opens=java.base/java.lang=ALL-UNNAMED
09-Apr-2025 18:03:12.507 INFO [main] org.apache.catalina.startup.VersionLoggerListener.log Command line argument: --add-opens=java.base/java.io=ALL-UNNAMED
09-Apr-2025 18:03:12.507 INFO [main] org.apache.catalina.startup.VersionLoggerListener.log Command line argument: --add-opens=java.base/java.util=ALL-UNNAMED
09-Apr-2025 18:03:12.508 INFO [main] org.apache.catalina.startup.VersionLoggerListener.log Command line argument: --add-opens=java.base/java.util.concurrent=ALL-UNNAMED
09-Apr-2025 18:03:12.508 INFO [main] org.apache.catalina.startup.VersionLoggerListener.log Command line argument: --add-opens=java.rmi/sun.rmi.transport=ALL-UNNAMED
09-Apr-2025 18:03:12.508 INFO [main] org.apache.catalina.startup.VersionLoggerListener.log Command line argument: -Dcatalina.home=C:\Program Files\Apache Software Foundation\Tomcat 9.0
09-Apr-2025 18:03:12.508 INFO [main] org.apache.catalina.startup.VersionLoggerListener.log Command line argument: -Dcatalina.base=C:\Users\OSHADHA\IdeaProjects\OOP-projectnew
09-Apr-2025 18:03:12.508 INFO [main] org.apache.catalina.startup.VersionLoggerListener.log Command line argument: -Djava.io.tmpdir=C:\Users\OSHADHA\IdeaProjects\OOP-projectnew\temp
09-Apr-2025 18:03:12.508 INFO [main] org.apache.catalina.startup.VersionLoggerListener.log Command line argument: -Djava.util.logging.config.file=C:\Users\OSHADHA\IdeaProjects\OOP-projectnew\conf\logging.properties
09-Apr-2025 18:03:12.508 INFO [main] org.apache.catalina.startup.VersionLoggerListener.log Command line argument: -Djava.util.logging.manager=org.apache.juli.ClassLoaderLogManager
09-Apr-2025 18:03:12.509 INFO [main] org.apache.catalina.startup.VersionLoggerListener.log Command line argument: -javaagent:C:\Program Files\JetBrains\IntelliJ IDEA 2024.3.5\lib\idea_rt.jar=51433
09-Apr-2025 18:03:12.509 INFO [main] org.apache.catalina.startup.VersionLoggerListener.log Command line argument: -Dfile.encoding=UTF-8
09-Apr-2025 18:03:12.509 INFO [main] org.apache.catalina.startup.VersionLoggerListener.log Command line argument: -Dsun.stdout.encoding=UTF-8
09-Apr-2025 18:03:12.509 INFO [main] org.apache.catalina.startup.VersionLoggerListener.log Command line argument: -Dsun.stderr.encoding=UTF-8
09-Apr-2025 18:03:12.516 INFO [main] org.apache.catalina.core.AprLifecycleListener.lifecycleEvent Loaded Apache Tomcat Native library [1.3.1] using APR version [1.7.4].
09-Apr-2025 18:03:12.517 INFO [main] org.apache.catalina.core.AprLifecycleListener.lifecycleEvent APR capabilities: IPv6 [true], sendfile [true], accept filters [false], random [true], UDS [true].
09-Apr-2025 18:03:12.517 INFO [main] org.apache.catalina.core.AprLifecycleListener.lifecycleEvent APR/OpenSSL configuration: useAprConnector [false], useOpenSSL [true]
09-Apr-2025 18:03:12.526 INFO [main] org.apache.catalina.core.AprLifecycleListener.initializeSSL OpenSSL successfully initialized [OpenSSL 3.0.14 4 Jun 2024]
09-Apr-2025 18:03:13.026 INFO [main] org.apache.coyote.AbstractProtocol.init Initializing ProtocolHandler ["http-nio-8080"]
09-Apr-2025 18:03:13.052 INFO [main] org.apache.catalina.startup.Catalina.load Server initialization in [862] milliseconds
09-Apr-2025 18:03:13.119 INFO [main] org.apache.catalina.core.StandardService.startInternal Starting service [Catalina]
09-Apr-2025 18:03:13.119 INFO [main] org.apache.catalina.core.StandardEngine.startInternal Starting Servlet engine: [Apache Tomcat/9.0.102]
09-Apr-2025 18:03:13.128 INFO [main] org.apache.catalina.startup.HostConfig.deployDescriptor Deploying deployment descriptor [C:\Users\OSHADHA\IdeaProjects\OOP-projectnew\conf\Catalina\localhost\OOP-projectnew.xml]
09-Apr-2025 18:03:13.581 INFO [main] org.apache.catalina.startup.HostConfig.deployDescriptor Deployment of deployment descriptor [C:\Users\OSHADHA\IdeaProjects\OOP-projectnew\conf\Catalina\localhost\OOP-projectnew.xml] has finished in [452] ms
09-Apr-2025 18:03:13.585 INFO [main] org.apache.coyote.AbstractProtocol.start Starting ProtocolHandler ["http-nio-8080"]
09-Apr-2025 18:03:13.609 INFO [main] org.apache.catalina.startup.Catalina.start Server startup in [555] milliseconds
09-Apr-2025 18:21:19.775 INFO [Thread-1] org.apache.coyote.AbstractProtocol.pause Pausing ProtocolHandler ["http-nio-8080"]
09-Apr-2025 18:21:19.786 INFO [Thread-1] org.apache.catalina.core.StandardService.stopInternal Stopping service [Catalina]
09-Apr-2025 18:21:19.802 INFO [Thread-1] org.apache.coyote.AbstractProtocol.stop Stopping ProtocolHandler ["http-nio-8080"]
09-Apr-2025 18:21:19.819 INFO [Thread-1] org.apache.coyote.AbstractProtocol.destroy Destroying ProtocolHandler ["http-nio-8080"]
09-Apr-2025 19:34:01.060 INFO [main] org.apache.catalina.startup.VersionLoggerListener.log Server version name:   Apache Tomcat/9.0.102
09-Apr-2025 19:34:01.065 INFO [main] org.apache.catalina.startup.VersionLoggerListener.log Server built:          Mar 3 2025 19:33:14 UTC
09-Apr-2025 19:34:01.066 INFO [main] org.apache.catalina.startup.VersionLoggerListener.log Server version number: 9.0.102.0
09-Apr-2025 19:34:01.066 INFO [main] org.apache.catalina.startup.VersionLoggerListener.log OS Name:               Windows 10
09-Apr-2025 19:34:01.067 INFO [main] org.apache.catalina.startup.VersionLoggerListener.log OS Version:            10.0
09-Apr-2025 19:34:01.067 INFO [main] org.apache.catalina.startup.VersionLoggerListener.log Architecture:          amd64
09-Apr-2025 19:34:01.067 INFO [main] org.apache.catalina.startup.VersionLoggerListener.log Java Home:             C:\Program Files\Java\jdk-22
09-Apr-2025 19:34:01.067 INFO [main] org.apache.catalina.startup.VersionLoggerListener.log JVM Version:           22.0.1+8-16
09-Apr-2025 19:34:01.067 INFO [main] org.apache.catalina.startup.VersionLoggerListener.log JVM Vendor:            Oracle Corporation
09-Apr-2025 19:34:01.067 INFO [main] org.apache.catalina.startup.VersionLoggerListener.log CATALINA_BASE:         C:\Users\OSHADHA\IdeaProjects\OOP-projectnew
09-Apr-2025 19:34:01.067 INFO [main] org.apache.catalina.startup.VersionLoggerListener.log CATALINA_HOME:         C:\Program Files\Apache Software Foundation\Tomcat 9.0
09-Apr-2025 19:34:01.074 INFO [main] org.apache.catalina.startup.VersionLoggerListener.log Command line argument: --add-opens=java.base/java.lang=ALL-UNNAMED
09-Apr-2025 19:34:01.074 INFO [main] org.apache.catalina.startup.VersionLoggerListener.log Command line argument: --add-opens=java.base/java.io=ALL-UNNAMED
09-Apr-2025 19:34:01.074 INFO [main] org.apache.catalina.startup.VersionLoggerListener.log Command line argument: --add-opens=java.base/java.util=ALL-UNNAMED
09-Apr-2025 19:34:01.075 INFO [main] org.apache.catalina.startup.VersionLoggerListener.log Command line argument: --add-opens=java.base/java.util.concurrent=ALL-UNNAMED
09-Apr-2025 19:34:01.075 INFO [main] org.apache.catalina.startup.VersionLoggerListener.log Command line argument: --add-opens=java.rmi/sun.rmi.transport=ALL-UNNAMED
09-Apr-2025 19:34:01.075 INFO [main] org.apache.catalina.startup.VersionLoggerListener.log Command line argument: -Dcatalina.home=C:\Program Files\Apache Software Foundation\Tomcat 9.0
09-Apr-2025 19:34:01.075 INFO [main] org.apache.catalina.startup.VersionLoggerListener.log Command line argument: -Dcatalina.base=C:\Users\OSHADHA\IdeaProjects\OOP-projectnew
09-Apr-2025 19:34:01.075 INFO [main] org.apache.catalina.startup.VersionLoggerListener.log Command line argument: -Djava.io.tmpdir=C:\Users\OSHADHA\IdeaProjects\OOP-projectnew\temp
09-Apr-2025 19:34:01.075 INFO [main] org.apache.catalina.startup.VersionLoggerListener.log Command line argument: -Djava.util.logging.config.file=C:\Users\OSHADHA\IdeaProjects\OOP-projectnew\conf\logging.properties
09-Apr-2025 19:34:01.075 INFO [main] org.apache.catalina.startup.VersionLoggerListener.log Command line argument: -Djava.util.logging.manager=org.apache.juli.ClassLoaderLogManager
09-Apr-2025 19:34:01.075 INFO [main] org.apache.catalina.startup.VersionLoggerListener.log Command line argument: -javaagent:C:\Program Files\JetBrains\IntelliJ IDEA 2024.3.5\lib\idea_rt.jar=52479
09-Apr-2025 19:34:01.075 INFO [main] org.apache.catalina.startup.VersionLoggerListener.log Command line argument: -Dfile.encoding=UTF-8
09-Apr-2025 19:34:01.075 INFO [main] org.apache.catalina.startup.VersionLoggerListener.log Command line argument: -Dsun.stdout.encoding=UTF-8
09-Apr-2025 19:34:01.075 INFO [main] org.apache.catalina.startup.VersionLoggerListener.log Command line argument: -Dsun.stderr.encoding=UTF-8
09-Apr-2025 19:34:01.082 INFO [main] org.apache.catalina.core.AprLifecycleListener.lifecycleEvent Loaded Apache Tomcat Native library [1.3.1] using APR version [1.7.4].
09-Apr-2025 19:34:01.082 INFO [main] org.apache.catalina.core.AprLifecycleListener.lifecycleEvent APR capabilities: IPv6 [true], sendfile [true], accept filters [false], random [true], UDS [true].
09-Apr-2025 19:34:01.082 INFO [main] org.apache.catalina.core.AprLifecycleListener.lifecycleEvent APR/OpenSSL configuration: useAprConnector [false], useOpenSSL [true]
09-Apr-2025 19:34:01.100 INFO [main] org.apache.catalina.core.AprLifecycleListener.initializeSSL OpenSSL successfully initialized [OpenSSL 3.0.14 4 Jun 2024]
09-Apr-2025 19:34:01.556 INFO [main] org.apache.coyote.AbstractProtocol.init Initializing ProtocolHandler ["http-nio-8080"]
09-Apr-2025 19:34:01.582 INFO [main] org.apache.catalina.startup.Catalina.load Server initialization in [820] milliseconds
09-Apr-2025 19:34:01.653 INFO [main] org.apache.catalina.core.StandardService.startInternal Starting service [Catalina]
09-Apr-2025 19:34:01.654 INFO [main] org.apache.catalina.core.StandardEngine.startInternal Starting Servlet engine: [Apache Tomcat/9.0.102]
09-Apr-2025 19:34:01.663 INFO [main] org.apache.catalina.startup.HostConfig.deployDescriptor Deploying deployment descriptor [C:\Users\OSHADHA\IdeaProjects\OOP-projectnew\conf\Catalina\localhost\OOP-projectnew.xml]
09-Apr-2025 19:34:02.043 INFO [main] org.apache.catalina.startup.HostConfig.deployDescriptor Deployment of deployment descriptor [C:\Users\OSHADHA\IdeaProjects\OOP-projectnew\conf\Catalina\localhost\OOP-projectnew.xml] has finished in [379] ms
09-Apr-2025 19:34:02.045 INFO [main] org.apache.coyote.AbstractProtocol.start Starting ProtocolHandler ["http-nio-8080"]
09-Apr-2025 19:34:02.067 INFO [main] org.apache.catalina.startup.Catalina.start Server startup in [483] milliseconds
09-Apr-2025 19:38:45.591 INFO [Thread-1] org.apache.coyote.AbstractProtocol.pause Pausing ProtocolHandler ["http-nio-8080"]
09-Apr-2025 19:38:45.603 INFO [Thread-1] org.apache.catalina.core.StandardService.stopInternal Stopping service [Catalina]
09-Apr-2025 19:38:45.619 INFO [Thread-1] org.apache.coyote.AbstractProtocol.stop Stopping ProtocolHandler ["http-nio-8080"]
09-Apr-2025 19:38:45.631 INFO [Thread-1] org.apache.coyote.AbstractProtocol.destroy Destroying ProtocolHandler ["http-nio-8080"]
09-Apr-2025 19:39:10.933 INFO [main] org.apache.catalina.startup.VersionLoggerListener.log Server version name:   Apache Tomcat/9.0.102
09-Apr-2025 19:39:10.939 INFO [main] org.apache.catalina.startup.VersionLoggerListener.log Server built:          Mar 3 2025 19:33:14 UTC
09-Apr-2025 19:39:10.940 INFO [main] org.apache.catalina.startup.VersionLoggerListener.log Server version number: 9.0.102.0
09-Apr-2025 19:39:10.940 INFO [main] org.apache.catalina.startup.VersionLoggerListener.log OS Name:               Windows 10
09-Apr-2025 19:39:10.940 INFO [main] org.apache.catalina.startup.VersionLoggerListener.log OS Version:            10.0
09-Apr-2025 19:39:10.940 INFO [main] org.apache.catalina.startup.VersionLoggerListener.log Architecture:          amd64
09-Apr-2025 19:39:10.940 INFO [main] org.apache.catalina.startup.VersionLoggerListener.log Java Home:             C:\Program Files\Java\jdk-22
09-Apr-2025 19:39:10.940 INFO [main] org.apache.catalina.startup.VersionLoggerListener.log JVM Version:           22.0.1+8-16
09-Apr-2025 19:39:10.940 INFO [main] org.apache.catalina.startup.VersionLoggerListener.log JVM Vendor:            Oracle Corporation
09-Apr-2025 19:39:10.941 INFO [main] org.apache.catalina.startup.VersionLoggerListener.log CATALINA_BASE:         C:\Users\OSHADHA\IdeaProjects\OOP-projectnew
09-Apr-2025 19:39:10.941 INFO [main] org.apache.catalina.startup.VersionLoggerListener.log CATALINA_HOME:         C:\Program Files\Apache Software Foundation\Tomcat 9.0
09-Apr-2025 19:39:10.950 INFO [main] org.apache.catalina.startup.VersionLoggerListener.log Command line argument: --add-opens=java.base/java.lang=ALL-UNNAMED
09-Apr-2025 19:39:10.950 INFO [main] org.apache.catalina.startup.VersionLoggerListener.log Command line argument: --add-opens=java.base/java.io=ALL-UNNAMED
09-Apr-2025 19:39:10.950 INFO [main] org.apache.catalina.startup.VersionLoggerListener.log Command line argument: --add-opens=java.base/java.util=ALL-UNNAMED
09-Apr-2025 19:39:10.950 INFO [main] org.apache.catalina.startup.VersionLoggerListener.log Command line argument: --add-opens=java.base/java.util.concurrent=ALL-UNNAMED
09-Apr-2025 19:39:10.950 INFO [main] org.apache.catalina.startup.VersionLoggerListener.log Command line argument: --add-opens=java.rmi/sun.rmi.transport=ALL-UNNAMED
09-Apr-2025 19:39:10.950 INFO [main] org.apache.catalina.startup.VersionLoggerListener.log Command line argument: -Dcatalina.home=C:\Program Files\Apache Software Foundation\Tomcat 9.0
09-Apr-2025 19:39:10.951 INFO [main] org.apache.catalina.startup.VersionLoggerListener.log Command line argument: -Dcatalina.base=C:\Users\OSHADHA\IdeaProjects\OOP-projectnew
09-Apr-2025 19:39:10.951 INFO [main] org.apache.catalina.startup.VersionLoggerListener.log Command line argument: -Djava.io.tmpdir=C:\Users\OSHADHA\IdeaProjects\OOP-projectnew\temp
09-Apr-2025 19:39:10.951 INFO [main] org.apache.catalina.startup.VersionLoggerListener.log Command line argument: -Djava.util.logging.config.file=C:\Users\OSHADHA\IdeaProjects\OOP-projectnew\conf\logging.properties
09-Apr-2025 19:39:10.951 INFO [main] org.apache.catalina.startup.VersionLoggerListener.log Command line argument: -Djava.util.logging.manager=org.apache.juli.ClassLoaderLogManager
09-Apr-2025 19:39:10.951 INFO [main] org.apache.catalina.startup.VersionLoggerListener.log Command line argument: -javaagent:C:\Program Files\JetBrains\IntelliJ IDEA 2024.3.5\lib\idea_rt.jar=52571
09-Apr-2025 19:39:10.951 INFO [main] org.apache.catalina.startup.VersionLoggerListener.log Command line argument: -Dfile.encoding=UTF-8
09-Apr-2025 19:39:10.951 INFO [main] org.apache.catalina.startup.VersionLoggerListener.log Command line argument: -Dsun.stdout.encoding=UTF-8
09-Apr-2025 19:39:10.951 INFO [main] org.apache.catalina.startup.VersionLoggerListener.log Command line argument: -Dsun.stderr.encoding=UTF-8
09-Apr-2025 19:39:10.956 INFO [main] org.apache.catalina.core.AprLifecycleListener.lifecycleEvent Loaded Apache Tomcat Native library [1.3.1] using APR version [1.7.4].
09-Apr-2025 19:39:10.956 INFO [main] org.apache.catalina.core.AprLifecycleListener.lifecycleEvent APR capabilities: IPv6 [true], sendfile [true], accept filters [false], random [true], UDS [true].
09-Apr-2025 19:39:10.957 INFO [main] org.apache.catalina.core.AprLifecycleListener.lifecycleEvent APR/OpenSSL configuration: useAprConnector [false], useOpenSSL [true]
09-Apr-2025 19:39:10.965 INFO [main] org.apache.catalina.core.AprLifecycleListener.initializeSSL OpenSSL successfully initialized [OpenSSL 3.0.14 4 Jun 2024]
09-Apr-2025 19:39:11.381 INFO [main] org.apache.coyote.AbstractProtocol.init Initializing ProtocolHandler ["http-nio-8080"]
09-Apr-2025 19:39:11.402 INFO [main] org.apache.catalina.startup.Catalina.load Server initialization in [739] milliseconds
09-Apr-2025 19:39:11.456 INFO [main] org.apache.catalina.core.StandardService.startInternal Starting service [Catalina]
09-Apr-2025 19:39:11.456 INFO [main] org.apache.catalina.core.StandardEngine.startInternal Starting Servlet engine: [Apache Tomcat/9.0.102]
09-Apr-2025 19:39:11.465 INFO [main] org.apache.catalina.startup.HostConfig.deployDescriptor Deploying deployment descriptor [C:\Users\OSHADHA\IdeaProjects\OOP-projectnew\conf\Catalina\localhost\OOP-projectnew.xml]
09-Apr-2025 19:39:11.999 INFO [main] org.apache.catalina.startup.HostConfig.deployDescriptor Deployment of deployment descriptor [C:\Users\OSHADHA\IdeaProjects\OOP-projectnew\conf\Catalina\localhost\OOP-projectnew.xml] has finished in [533] ms
09-Apr-2025 19:39:12.001 INFO [main] org.apache.coyote.AbstractProtocol.start Starting ProtocolHandler ["http-nio-8080"]
09-Apr-2025 19:39:12.021 INFO [main] org.apache.catalina.startup.Catalina.start Server startup in [618] milliseconds
09-Apr-2025 19:46:49.107 INFO [Thread-1] org.apache.coyote.AbstractProtocol.pause Pausing ProtocolHandler ["http-nio-8080"]
09-Apr-2025 19:46:49.118 INFO [Thread-1] org.apache.catalina.core.StandardService.stopInternal Stopping service [Catalina]
09-Apr-2025 19:46:49.133 INFO [Thread-1] org.apache.coyote.AbstractProtocol.stop Stopping ProtocolHandler ["http-nio-8080"]
09-Apr-2025 19:46:49.153 INFO [Thread-1] org.apache.coyote.AbstractProtocol.destroy Destroying ProtocolHandler ["http-nio-8080"]
09-Apr-2025 19:50:14.049 INFO [main] org.apache.catalina.startup.VersionLoggerListener.log Server version name:   Apache Tomcat/9.0.102
09-Apr-2025 19:50:14.054 INFO [main] org.apache.catalina.startup.VersionLoggerListener.log Server built:          Mar 3 2025 19:33:14 UTC
09-Apr-2025 19:50:14.055 INFO [main] org.apache.catalina.startup.VersionLoggerListener.log Server version number: 9.0.102.0
09-Apr-2025 19:50:14.055 INFO [main] org.apache.catalina.startup.VersionLoggerListener.log OS Name:               Windows 10
09-Apr-2025 19:50:14.055 INFO [main] org.apache.catalina.startup.VersionLoggerListener.log OS Version:            10.0
09-Apr-2025 19:50:14.055 INFO [main] org.apache.catalina.startup.VersionLoggerListener.log Architecture:          amd64
09-Apr-2025 19:50:14.055 INFO [main] org.apache.catalina.startup.VersionLoggerListener.log Java Home:             C:\Program Files\Java\jdk-22
09-Apr-2025 19:50:14.056 INFO [main] org.apache.catalina.startup.VersionLoggerListener.log JVM Version:           22.0.1+8-16
09-Apr-2025 19:50:14.056 INFO [main] org.apache.catalina.startup.VersionLoggerListener.log JVM Vendor:            Oracle Corporation
09-Apr-2025 19:50:14.056 INFO [main] org.apache.catalina.startup.VersionLoggerListener.log CATALINA_BASE:         C:\Users\OSHADHA\IdeaProjects\OOP-projectnew
09-Apr-2025 19:50:14.056 INFO [main] org.apache.catalina.startup.VersionLoggerListener.log CATALINA_HOME:         C:\Program Files\Apache Software Foundation\Tomcat 9.0
09-Apr-2025 19:50:14.067 INFO [main] org.apache.catalina.startup.VersionLoggerListener.log Command line argument: --add-opens=java.base/java.lang=ALL-UNNAMED
09-Apr-2025 19:50:14.067 INFO [main] org.apache.catalina.startup.VersionLoggerListener.log Command line argument: --add-opens=java.base/java.io=ALL-UNNAMED
09-Apr-2025 19:50:14.067 INFO [main] org.apache.catalina.startup.VersionLoggerListener.log Command line argument: --add-opens=java.base/java.util=ALL-UNNAMED
09-Apr-2025 19:50:14.067 INFO [main] org.apache.catalina.startup.VersionLoggerListener.log Command line argument: --add-opens=java.base/java.util.concurrent=ALL-UNNAMED
09-Apr-2025 19:50:14.067 INFO [main] org.apache.catalina.startup.VersionLoggerListener.log Command line argument: --add-opens=java.rmi/sun.rmi.transport=ALL-UNNAMED
09-Apr-2025 19:50:14.067 INFO [main] org.apache.catalina.startup.VersionLoggerListener.log Command line argument: -Dcatalina.home=C:\Program Files\Apache Software Foundation\Tomcat 9.0
09-Apr-2025 19:50:14.068 INFO [main] org.apache.catalina.startup.VersionLoggerListener.log Command line argument: -Dcatalina.base=C:\Users\OSHADHA\IdeaProjects\OOP-projectnew
09-Apr-2025 19:50:14.068 INFO [main] org.apache.catalina.startup.VersionLoggerListener.log Command line argument: -Djava.io.tmpdir=C:\Users\OSHADHA\IdeaProjects\OOP-projectnew\temp
09-Apr-2025 19:50:14.068 INFO [main] org.apache.catalina.startup.VersionLoggerListener.log Command line argument: -Djava.util.logging.config.file=C:\Users\OSHADHA\IdeaProjects\OOP-projectnew\conf\logging.properties
09-Apr-2025 19:50:14.068 INFO [main] org.apache.catalina.startup.VersionLoggerListener.log Command line argument: -Djava.util.logging.manager=org.apache.juli.ClassLoaderLogManager
09-Apr-2025 19:50:14.068 INFO [main] org.apache.catalina.startup.VersionLoggerListener.log Command line argument: -javaagent:C:\Program Files\JetBrains\IntelliJ IDEA 2024.3.5\lib\idea_rt.jar=52665
09-Apr-2025 19:50:14.068 INFO [main] org.apache.catalina.startup.VersionLoggerListener.log Command line argument: -Dfile.encoding=UTF-8
09-Apr-2025 19:50:14.068 INFO [main] org.apache.catalina.startup.VersionLoggerListener.log Command line argument: -Dsun.stdout.encoding=UTF-8
09-Apr-2025 19:50:14.068 INFO [main] org.apache.catalina.startup.VersionLoggerListener.log Command line argument: -Dsun.stderr.encoding=UTF-8
09-Apr-2025 19:50:14.073 INFO [main] org.apache.catalina.core.AprLifecycleListener.lifecycleEvent Loaded Apache Tomcat Native library [1.3.1] using APR version [1.7.4].
09-Apr-2025 19:50:14.073 INFO [main] org.apache.catalina.core.AprLifecycleListener.lifecycleEvent APR capabilities: IPv6 [true], sendfile [true], accept filters [false], random [true], UDS [true].
09-Apr-2025 19:50:14.073 INFO [main] org.apache.catalina.core.AprLifecycleListener.lifecycleEvent APR/OpenSSL configuration: useAprConnector [false], useOpenSSL [true]
09-Apr-2025 19:50:14.081 INFO [main] org.apache.catalina.core.AprLifecycleListener.initializeSSL OpenSSL successfully initialized [OpenSSL 3.0.14 4 Jun 2024]
09-Apr-2025 19:50:14.510 INFO [main] org.apache.coyote.AbstractProtocol.init Initializing ProtocolHandler ["http-nio-8080"]
09-Apr-2025 19:50:14.529 INFO [main] org.apache.catalina.startup.Catalina.load Server initialization in [706] milliseconds
09-Apr-2025 19:50:14.584 INFO [main] org.apache.catalina.core.StandardService.startInternal Starting service [Catalina]
09-Apr-2025 19:50:14.584 INFO [main] org.apache.catalina.core.StandardEngine.startInternal Starting Servlet engine: [Apache Tomcat/9.0.102]
09-Apr-2025 19:50:14.596 INFO [main] org.apache.catalina.startup.HostConfig.deployDescriptor Deploying deployment descriptor [C:\Users\OSHADHA\IdeaProjects\OOP-projectnew\conf\Catalina\localhost\OOP-projectnew.xml]
09-Apr-2025 19:50:14.993 INFO [main] org.apache.catalina.startup.HostConfig.deployDescriptor Deployment of deployment descriptor [C:\Users\OSHADHA\IdeaProjects\OOP-projectnew\conf\Catalina\localhost\OOP-projectnew.xml] has finished in [397] ms
09-Apr-2025 19:50:14.997 INFO [main] org.apache.coyote.AbstractProtocol.start Starting ProtocolHandler ["http-nio-8080"]
09-Apr-2025 19:50:15.017 INFO [main] org.apache.catalina.startup.Catalina.start Server startup in [486] milliseconds
09-Apr-2025 19:52:13.784 INFO [Thread-1] org.apache.coyote.AbstractProtocol.pause Pausing ProtocolHandler ["http-nio-8080"]
09-Apr-2025 19:52:13.794 INFO [Thread-1] org.apache.catalina.core.StandardService.stopInternal Stopping service [Catalina]
09-Apr-2025 19:52:13.805 INFO [Thread-1] org.apache.coyote.AbstractProtocol.stop Stopping ProtocolHandler ["http-nio-8080"]
09-Apr-2025 19:52:13.832 INFO [Thread-1] org.apache.coyote.AbstractProtocol.destroy Destroying ProtocolHandler ["http-nio-8080"]
09-Apr-2025 19:52:15.547 INFO [main] org.apache.catalina.startup.VersionLoggerListener.log Server version name:   Apache Tomcat/9.0.102
09-Apr-2025 19:52:15.561 INFO [main] org.apache.catalina.startup.VersionLoggerListener.log Server built:          Mar 3 2025 19:33:14 UTC
09-Apr-2025 19:52:15.562 INFO [main] org.apache.catalina.startup.VersionLoggerListener.log Server version number: 9.0.102.0
09-Apr-2025 19:52:15.562 INFO [main] org.apache.catalina.startup.VersionLoggerListener.log OS Name:               Windows 10
09-Apr-2025 19:52:15.563 INFO [main] org.apache.catalina.startup.VersionLoggerListener.log OS Version:            10.0
09-Apr-2025 19:52:15.563 INFO [main] org.apache.catalina.startup.VersionLoggerListener.log Architecture:          amd64
09-Apr-2025 19:52:15.563 INFO [main] org.apache.catalina.startup.VersionLoggerListener.log Java Home:             C:\Program Files\Java\jdk-22
09-Apr-2025 19:52:15.563 INFO [main] org.apache.catalina.startup.VersionLoggerListener.log JVM Version:           22.0.1+8-16
09-Apr-2025 19:52:15.563 INFO [main] org.apache.catalina.startup.VersionLoggerListener.log JVM Vendor:            Oracle Corporation
09-Apr-2025 19:52:15.563 INFO [main] org.apache.catalina.startup.VersionLoggerListener.log CATALINA_BASE:         C:\Users\OSHADHA\IdeaProjects\OOP-projectnew
09-Apr-2025 19:52:15.563 INFO [main] org.apache.catalina.startup.VersionLoggerListener.log CATALINA_HOME:         C:\Program Files\Apache Software Foundation\Tomcat 9.0
09-Apr-2025 19:52:15.577 INFO [main] org.apache.catalina.startup.VersionLoggerListener.log Command line argument: --add-opens=java.base/java.lang=ALL-UNNAMED
09-Apr-2025 19:52:15.577 INFO [main] org.apache.catalina.startup.VersionLoggerListener.log Command line argument: --add-opens=java.base/java.io=ALL-UNNAMED
09-Apr-2025 19:52:15.577 INFO [main] org.apache.catalina.startup.VersionLoggerListener.log Command line argument: --add-opens=java.base/java.util=ALL-UNNAMED
09-Apr-2025 19:52:15.577 INFO [main] org.apache.catalina.startup.VersionLoggerListener.log Command line argument: --add-opens=java.base/java.util.concurrent=ALL-UNNAMED
09-Apr-2025 19:52:15.578 INFO [main] org.apache.catalina.startup.VersionLoggerListener.log Command line argument: --add-opens=java.rmi/sun.rmi.transport=ALL-UNNAMED
09-Apr-2025 19:52:15.578 INFO [main] org.apache.catalina.startup.VersionLoggerListener.log Command line argument: -Dcatalina.home=C:\Program Files\Apache Software Foundation\Tomcat 9.0
09-Apr-2025 19:52:15.578 INFO [main] org.apache.catalina.startup.VersionLoggerListener.log Command line argument: -Dcatalina.base=C:\Users\OSHADHA\IdeaProjects\OOP-projectnew
09-Apr-2025 19:52:15.578 INFO [main] org.apache.catalina.startup.VersionLoggerListener.log Command line argument: -Djava.io.tmpdir=C:\Users\OSHADHA\IdeaProjects\OOP-projectnew\temp
09-Apr-2025 19:52:15.578 INFO [main] org.apache.catalina.startup.VersionLoggerListener.log Command line argument: -Djava.util.logging.config.file=C:\Users\OSHADHA\IdeaProjects\OOP-projectnew\conf\logging.properties
09-Apr-2025 19:52:15.578 INFO [main] org.apache.catalina.startup.VersionLoggerListener.log Command line argument: -Djava.util.logging.manager=org.apache.juli.ClassLoaderLogManager
09-Apr-2025 19:52:15.578 INFO [main] org.apache.catalina.startup.VersionLoggerListener.log Command line argument: -javaagent:C:\Program Files\JetBrains\IntelliJ IDEA 2024.3.5\lib\idea_rt.jar=52677
09-Apr-2025 19:52:15.578 INFO [main] org.apache.catalina.startup.VersionLoggerListener.log Command line argument: -Dfile.encoding=UTF-8
09-Apr-2025 19:52:15.578 INFO [main] org.apache.catalina.startup.VersionLoggerListener.log Command line argument: -Dsun.stdout.encoding=UTF-8
09-Apr-2025 19:52:15.578 INFO [main] org.apache.catalina.startup.VersionLoggerListener.log Command line argument: -Dsun.stderr.encoding=UTF-8
09-Apr-2025 19:52:15.583 INFO [main] org.apache.catalina.core.AprLifecycleListener.lifecycleEvent Loaded Apache Tomcat Native library [1.3.1] using APR version [1.7.4].
09-Apr-2025 19:52:15.583 INFO [main] org.apache.catalina.core.AprLifecycleListener.lifecycleEvent APR capabilities: IPv6 [true], sendfile [true], accept filters [false], random [true], UDS [true].
09-Apr-2025 19:52:15.583 INFO [main] org.apache.catalina.core.AprLifecycleListener.lifecycleEvent APR/OpenSSL configuration: useAprConnector [false], useOpenSSL [true]
09-Apr-2025 19:52:15.592 INFO [main] org.apache.catalina.core.AprLifecycleListener.initializeSSL OpenSSL successfully initialized [OpenSSL 3.0.14 4 Jun 2024]
09-Apr-2025 19:52:16.011 INFO [main] org.apache.coyote.AbstractProtocol.init Initializing ProtocolHandler ["http-nio-8080"]
09-Apr-2025 19:52:16.029 INFO [main] org.apache.catalina.startup.Catalina.load Server initialization in [1025] milliseconds
09-Apr-2025 19:52:16.071 INFO [main] org.apache.catalina.core.StandardService.startInternal Starting service [Catalina]
09-Apr-2025 19:52:16.072 INFO [main] org.apache.catalina.core.StandardEngine.startInternal Starting Servlet engine: [Apache Tomcat/9.0.102]
09-Apr-2025 19:52:16.080 INFO [main] org.apache.catalina.startup.HostConfig.deployDescriptor Deploying deployment descriptor [C:\Users\OSHADHA\IdeaProjects\OOP-projectnew\conf\Catalina\localhost\OOP-projectnew.xml]
09-Apr-2025 19:52:16.480 INFO [main] org.apache.catalina.startup.HostConfig.deployDescriptor Deployment of deployment descriptor [C:\Users\OSHADHA\IdeaProjects\OOP-projectnew\conf\Catalina\localhost\OOP-projectnew.xml] has finished in [399] ms
09-Apr-2025 19:52:16.484 INFO [main] org.apache.coyote.AbstractProtocol.start Starting ProtocolHandler ["http-nio-8080"]
09-Apr-2025 19:52:16.508 INFO [main] org.apache.catalina.startup.Catalina.start Server startup in [478] milliseconds
09-Apr-2025 19:54:25.844 INFO [Thread-1] org.apache.coyote.AbstractProtocol.pause Pausing ProtocolHandler ["http-nio-8080"]
09-Apr-2025 19:54:25.857 INFO [Thread-1] org.apache.catalina.core.StandardService.stopInternal Stopping service [Catalina]
09-Apr-2025 19:54:25.868 INFO [Thread-1] org.apache.coyote.AbstractProtocol.stop Stopping ProtocolHandler ["http-nio-8080"]
09-Apr-2025 19:54:25.874 INFO [Thread-1] org.apache.coyote.AbstractProtocol.destroy Destroying ProtocolHandler ["http-nio-8080"]
09-Apr-2025 19:54:27.819 INFO [main] org.apache.catalina.startup.VersionLoggerListener.log Server version name:   Apache Tomcat/9.0.102
09-Apr-2025 19:54:27.824 INFO [main] org.apache.catalina.startup.VersionLoggerListener.log Server built:          Mar 3 2025 19:33:14 UTC
09-Apr-2025 19:54:27.825 INFO [main] org.apache.catalina.startup.VersionLoggerListener.log Server version number: 9.0.102.0
09-Apr-2025 19:54:27.825 INFO [main] org.apache.catalina.startup.VersionLoggerListener.log OS Name:               Windows 10
09-Apr-2025 19:54:27.825 INFO [main] org.apache.catalina.startup.VersionLoggerListener.log OS Version:            10.0
09-Apr-2025 19:54:27.825 INFO [main] org.apache.catalina.startup.VersionLoggerListener.log Architecture:          amd64
09-Apr-2025 19:54:27.825 INFO [main] org.apache.catalina.startup.VersionLoggerListener.log Java Home:             C:\Program Files\Java\jdk-22
09-Apr-2025 19:54:27.826 INFO [main] org.apache.catalina.startup.VersionLoggerListener.log JVM Version:           22.0.1+8-16
09-Apr-2025 19:54:27.826 INFO [main] org.apache.catalina.startup.VersionLoggerListener.log JVM Vendor:            Oracle Corporation
09-Apr-2025 19:54:27.826 INFO [main] org.apache.catalina.startup.VersionLoggerListener.log CATALINA_BASE:         C:\Users\OSHADHA\IdeaProjects\OOP-projectnew
09-Apr-2025 19:54:27.826 INFO [main] org.apache.catalina.startup.VersionLoggerListener.log CATALINA_HOME:         C:\Program Files\Apache Software Foundation\Tomcat 9.0
09-Apr-2025 19:54:27.835 INFO [main] org.apache.catalina.startup.VersionLoggerListener.log Command line argument: --add-opens=java.base/java.lang=ALL-UNNAMED
09-Apr-2025 19:54:27.836 INFO [main] org.apache.catalina.startup.VersionLoggerListener.log Command line argument: --add-opens=java.base/java.io=ALL-UNNAMED
09-Apr-2025 19:54:27.836 INFO [main] org.apache.catalina.startup.VersionLoggerListener.log Command line argument: --add-opens=java.base/java.util=ALL-UNNAMED
09-Apr-2025 19:54:27.836 INFO [main] org.apache.catalina.startup.VersionLoggerListener.log Command line argument: --add-opens=java.base/java.util.concurrent=ALL-UNNAMED
09-Apr-2025 19:54:27.836 INFO [main] org.apache.catalina.startup.VersionLoggerListener.log Command line argument: --add-opens=java.rmi/sun.rmi.transport=ALL-UNNAMED
09-Apr-2025 19:54:27.836 INFO [main] org.apache.catalina.startup.VersionLoggerListener.log Command line argument: -Dcatalina.home=C:\Program Files\Apache Software Foundation\Tomcat 9.0
09-Apr-2025 19:54:27.837 INFO [main] org.apache.catalina.startup.VersionLoggerListener.log Command line argument: -Dcatalina.base=C:\Users\OSHADHA\IdeaProjects\OOP-projectnew
09-Apr-2025 19:54:27.837 INFO [main] org.apache.catalina.startup.VersionLoggerListener.log Command line argument: -Djava.io.tmpdir=C:\Users\OSHADHA\IdeaProjects\OOP-projectnew\temp
09-Apr-2025 19:54:27.837 INFO [main] org.apache.catalina.startup.VersionLoggerListener.log Command line argument: -Djava.util.logging.config.file=C:\Users\OSHADHA\IdeaProjects\OOP-projectnew\conf\logging.properties
09-Apr-2025 19:54:27.837 INFO [main] org.apache.catalina.startup.VersionLoggerListener.log Command line argument: -Djava.util.logging.manager=org.apache.juli.ClassLoaderLogManager
09-Apr-2025 19:54:27.837 INFO [main] org.apache.catalina.startup.VersionLoggerListener.log Command line argument: -javaagent:C:\Program Files\JetBrains\IntelliJ IDEA 2024.3.5\lib\idea_rt.jar=52696
09-Apr-2025 19:54:27.837 INFO [main] org.apache.catalina.startup.VersionLoggerListener.log Command line argument: -Dfile.encoding=UTF-8
09-Apr-2025 19:54:27.837 INFO [main] org.apache.catalina.startup.VersionLoggerListener.log Command line argument: -Dsun.stdout.encoding=UTF-8
09-Apr-2025 19:54:27.837 INFO [main] org.apache.catalina.startup.VersionLoggerListener.log Command line argument: -Dsun.stderr.encoding=UTF-8
09-Apr-2025 19:54:27.842 INFO [main] org.apache.catalina.core.AprLifecycleListener.lifecycleEvent Loaded Apache Tomcat Native library [1.3.1] using APR version [1.7.4].
09-Apr-2025 19:54:27.842 INFO [main] org.apache.catalina.core.AprLifecycleListener.lifecycleEvent APR capabilities: IPv6 [true], sendfile [true], accept filters [false], random [true], UDS [true].
09-Apr-2025 19:54:27.842 INFO [main] org.apache.catalina.core.AprLifecycleListener.lifecycleEvent APR/OpenSSL configuration: useAprConnector [false], useOpenSSL [true]
09-Apr-2025 19:54:27.850 INFO [main] org.apache.catalina.core.AprLifecycleListener.initializeSSL OpenSSL successfully initialized [OpenSSL 3.0.14 4 Jun 2024]
09-Apr-2025 19:54:28.319 INFO [main] org.apache.coyote.AbstractProtocol.init Initializing ProtocolHandler ["http-nio-8080"]
09-Apr-2025 19:54:28.354 INFO [main] org.apache.catalina.startup.Catalina.load Server initialization in [1168] milliseconds
09-Apr-2025 19:54:28.426 INFO [main] org.apache.catalina.core.StandardService.startInternal Starting service [Catalina]
09-Apr-2025 19:54:28.426 INFO [main] org.apache.catalina.core.StandardEngine.startInternal Starting Servlet engine: [Apache Tomcat/9.0.102]
09-Apr-2025 19:54:28.438 INFO [main] org.apache.catalina.startup.HostConfig.deployDescriptor Deploying deployment descriptor [C:\Users\OSHADHA\IdeaProjects\OOP-projectnew\conf\Catalina\localhost\OOP-projectnew.xml]
09-Apr-2025 19:54:28.981 INFO [main] org.apache.catalina.startup.HostConfig.deployDescriptor Deployment of deployment descriptor [C:\Users\OSHADHA\IdeaProjects\OOP-projectnew\conf\Catalina\localhost\OOP-projectnew.xml] has finished in [542] ms
09-Apr-2025 19:54:28.985 INFO [main] org.apache.coyote.AbstractProtocol.start Starting ProtocolHandler ["http-nio-8080"]
09-Apr-2025 19:54:29.012 INFO [main] org.apache.catalina.startup.Catalina.start Server startup in [655] milliseconds
09-Apr-2025 20:13:21.379 INFO [Thread-1] org.apache.coyote.AbstractProtocol.pause Pausing ProtocolHandler ["http-nio-8080"]
09-Apr-2025 20:13:21.396 INFO [Thread-1] org.apache.catalina.core.StandardService.stopInternal Stopping service [Catalina]
09-Apr-2025 20:13:21.444 INFO [Thread-1] org.apache.coyote.AbstractProtocol.stop Stopping ProtocolHandler ["http-nio-8080"]
09-Apr-2025 20:13:21.464 INFO [Thread-1] org.apache.coyote.AbstractProtocol.destroy Destroying ProtocolHandler ["http-nio-8080"]
09-Apr-2025 20:13:24.031 INFO [main] org.apache.catalina.startup.VersionLoggerListener.log Server version name:   Apache Tomcat/9.0.102
09-Apr-2025 20:13:24.046 INFO [main] org.apache.catalina.startup.VersionLoggerListener.log Server built:          Mar 3 2025 19:33:14 UTC
09-Apr-2025 20:13:24.054 INFO [main] org.apache.catalina.startup.VersionLoggerListener.log Server version number: 9.0.102.0
09-Apr-2025 20:13:24.054 INFO [main] org.apache.catalina.startup.VersionLoggerListener.log OS Name:               Windows 10
09-Apr-2025 20:13:24.054 INFO [main] org.apache.catalina.startup.VersionLoggerListener.log OS Version:            10.0
09-Apr-2025 20:13:24.054 INFO [main] org.apache.catalina.startup.VersionLoggerListener.log Architecture:          amd64
09-Apr-2025 20:13:24.055 INFO [main] org.apache.catalina.startup.VersionLoggerListener.log Java Home:             C:\Program Files\Java\jdk-22
09-Apr-2025 20:13:24.055 INFO [main] org.apache.catalina.startup.VersionLoggerListener.log JVM Version:           22.0.1+8-16
09-Apr-2025 20:13:24.055 INFO [main] org.apache.catalina.startup.VersionLoggerListener.log JVM Vendor:            Oracle Corporation
09-Apr-2025 20:13:24.055 INFO [main] org.apache.catalina.startup.VersionLoggerListener.log CATALINA_BASE:         C:\Users\OSHADHA\IdeaProjects\OOP-projectnew
09-Apr-2025 20:13:24.055 INFO [main] org.apache.catalina.startup.VersionLoggerListener.log CATALINA_HOME:         C:\Program Files\Apache Software Foundation\Tomcat 9.0
09-Apr-2025 20:13:24.130 INFO [main] org.apache.catalina.startup.VersionLoggerListener.log Command line argument: --add-opens=java.base/java.lang=ALL-UNNAMED
09-Apr-2025 20:13:24.131 INFO [main] org.apache.catalina.startup.VersionLoggerListener.log Command line argument: --add-opens=java.base/java.io=ALL-UNNAMED
09-Apr-2025 20:13:24.131 INFO [main] org.apache.catalina.startup.VersionLoggerListener.log Command line argument: --add-opens=java.base/java.util=ALL-UNNAMED
09-Apr-2025 20:13:24.131 INFO [main] org.apache.catalina.startup.VersionLoggerListener.log Command line argument: --add-opens=java.base/java.util.concurrent=ALL-UNNAMED
09-Apr-2025 20:13:24.131 INFO [main] org.apache.catalina.startup.VersionLoggerListener.log Command line argument: --add-opens=java.rmi/sun.rmi.transport=ALL-UNNAMED
09-Apr-2025 20:13:24.131 INFO [main] org.apache.catalina.startup.VersionLoggerListener.log Command line argument: -Dcatalina.home=C:\Program Files\Apache Software Foundation\Tomcat 9.0
09-Apr-2025 20:13:24.131 INFO [main] org.apache.catalina.startup.VersionLoggerListener.log Command line argument: -Dcatalina.base=C:\Users\OSHADHA\IdeaProjects\OOP-projectnew
09-Apr-2025 20:13:24.131 INFO [main] org.apache.catalina.startup.VersionLoggerListener.log Command line argument: -Djava.io.tmpdir=C:\Users\OSHADHA\IdeaProjects\OOP-projectnew\temp
09-Apr-2025 20:13:24.131 INFO [main] org.apache.catalina.startup.VersionLoggerListener.log Command line argument: -Djava.util.logging.config.file=C:\Users\OSHADHA\IdeaProjects\OOP-projectnew\conf\logging.properties
09-Apr-2025 20:13:24.131 INFO [main] org.apache.catalina.startup.VersionLoggerListener.log Command line argument: -Djava.util.logging.manager=org.apache.juli.ClassLoaderLogManager
09-Apr-2025 20:13:24.131 INFO [main] org.apache.catalina.startup.VersionLoggerListener.log Command line argument: -javaagent:C:\Program Files\JetBrains\IntelliJ IDEA 2024.3.5\lib\idea_rt.jar=52967
09-Apr-2025 20:13:24.132 INFO [main] org.apache.catalina.startup.VersionLoggerListener.log Command line argument: -Dfile.encoding=UTF-8
09-Apr-2025 20:13:24.132 INFO [main] org.apache.catalina.startup.VersionLoggerListener.log Command line argument: -Dsun.stdout.encoding=UTF-8
09-Apr-2025 20:13:24.132 INFO [main] org.apache.catalina.startup.VersionLoggerListener.log Command line argument: -Dsun.stderr.encoding=UTF-8
09-Apr-2025 20:13:24.182 INFO [main] org.apache.catalina.core.AprLifecycleListener.lifecycleEvent Loaded Apache Tomcat Native library [1.3.1] using APR version [1.7.4].
09-Apr-2025 20:13:24.183 INFO [main] org.apache.catalina.core.AprLifecycleListener.lifecycleEvent APR capabilities: IPv6 [true], sendfile [true], accept filters [false], random [true], UDS [true].
09-Apr-2025 20:13:24.183 INFO [main] org.apache.catalina.core.AprLifecycleListener.lifecycleEvent APR/OpenSSL configuration: useAprConnector [false], useOpenSSL [true]
09-Apr-2025 20:13:24.202 INFO [main] org.apache.catalina.core.AprLifecycleListener.initializeSSL OpenSSL successfully initialized [OpenSSL 3.0.14 4 Jun 2024]
09-Apr-2025 20:13:25.995 INFO [main] org.apache.coyote.AbstractProtocol.init Initializing ProtocolHandler ["http-nio-8080"]
09-Apr-2025 20:13:26.012 INFO [main] org.apache.catalina.startup.Catalina.load Server initialization in [2289] milliseconds
09-Apr-2025 20:13:26.057 INFO [main] org.apache.catalina.core.StandardService.startInternal Starting service [Catalina]
09-Apr-2025 20:13:26.057 INFO [main] org.apache.catalina.core.StandardEngine.startInternal Starting Servlet engine: [Apache Tomcat/9.0.102]
09-Apr-2025 20:13:26.065 INFO [main] org.apache.catalina.startup.HostConfig.deployDescriptor Deploying deployment descriptor [C:\Users\OSHADHA\IdeaProjects\OOP-projectnew\conf\Catalina\localhost\OOP-projectnew.xml]
09-Apr-2025 20:13:26.403 INFO [main] org.apache.catalina.startup.HostConfig.deployDescriptor Deployment of deployment descriptor [C:\Users\OSHADHA\IdeaProjects\OOP-projectnew\conf\Catalina\localhost\OOP-projectnew.xml] has finished in [338] ms
09-Apr-2025 20:13:26.407 INFO [main] org.apache.coyote.AbstractProtocol.start Starting ProtocolHandler ["http-nio-8080"]
09-Apr-2025 20:13:26.428 INFO [main] org.apache.catalina.startup.Catalina.start Server startup in [414] milliseconds
09-Apr-2025 20:21:37.930 INFO [Thread-1] org.apache.coyote.AbstractProtocol.pause Pausing ProtocolHandler ["http-nio-8080"]
09-Apr-2025 20:21:37.940 INFO [Thread-1] org.apache.catalina.core.StandardService.stopInternal Stopping service [Catalina]
09-Apr-2025 20:21:37.951 INFO [Thread-1] org.apache.coyote.AbstractProtocol.stop Stopping ProtocolHandler ["http-nio-8080"]
09-Apr-2025 20:21:37.978 INFO [Thread-1] org.apache.coyote.AbstractProtocol.destroy Destroying ProtocolHandler ["http-nio-8080"]
09-Apr-2025 20:34:41.675 INFO [main] org.apache.catalina.startup.VersionLoggerListener.log Server version name:   Apache Tomcat/9.0.102
09-Apr-2025 20:34:41.681 INFO [main] org.apache.catalina.startup.VersionLoggerListener.log Server built:          Mar 3 2025 19:33:14 UTC
09-Apr-2025 20:34:41.682 INFO [main] org.apache.catalina.startup.VersionLoggerListener.log Server version number: 9.0.102.0
09-Apr-2025 20:34:41.682 INFO [main] org.apache.catalina.startup.VersionLoggerListener.log OS Name:               Windows 10
09-Apr-2025 20:34:41.682 INFO [main] org.apache.catalina.startup.VersionLoggerListener.log OS Version:            10.0
09-Apr-2025 20:34:41.682 INFO [main] org.apache.catalina.startup.VersionLoggerListener.log Architecture:          amd64
09-Apr-2025 20:34:41.682 INFO [main] org.apache.catalina.startup.VersionLoggerListener.log Java Home:             C:\Program Files\Java\jdk-22
09-Apr-2025 20:34:41.682 INFO [main] org.apache.catalina.startup.VersionLoggerListener.log JVM Version:           22.0.1+8-16
09-Apr-2025 20:34:41.682 INFO [main] org.apache.catalina.startup.VersionLoggerListener.log JVM Vendor:            Oracle Corporation
09-Apr-2025 20:34:41.683 INFO [main] org.apache.catalina.startup.VersionLoggerListener.log CATALINA_BASE:         C:\Users\OSHADHA\IdeaProjects\OOP-projectnew
09-Apr-2025 20:34:41.683 INFO [main] org.apache.catalina.startup.VersionLoggerListener.log CATALINA_HOME:         C:\Program Files\Apache Software Foundation\Tomcat 9.0
09-Apr-2025 20:34:41.690 INFO [main] org.apache.catalina.startup.VersionLoggerListener.log Command line argument: --add-opens=java.base/java.lang=ALL-UNNAMED
09-Apr-2025 20:34:41.690 INFO [main] org.apache.catalina.startup.VersionLoggerListener.log Command line argument: --add-opens=java.base/java.io=ALL-UNNAMED
09-Apr-2025 20:34:41.690 INFO [main] org.apache.catalina.startup.VersionLoggerListener.log Command line argument: --add-opens=java.base/java.util=ALL-UNNAMED
09-Apr-2025 20:34:41.691 INFO [main] org.apache.catalina.startup.VersionLoggerListener.log Command line argument: --add-opens=java.base/java.util.concurrent=ALL-UNNAMED
09-Apr-2025 20:34:41.691 INFO [main] org.apache.catalina.startup.VersionLoggerListener.log Command line argument: --add-opens=java.rmi/sun.rmi.transport=ALL-UNNAMED
09-Apr-2025 20:34:41.691 INFO [main] org.apache.catalina.startup.VersionLoggerListener.log Command line argument: -Dcatalina.home=C:\Program Files\Apache Software Foundation\Tomcat 9.0
09-Apr-2025 20:34:41.691 INFO [main] org.apache.catalina.startup.VersionLoggerListener.log Command line argument: -Dcatalina.base=C:\Users\OSHADHA\IdeaProjects\OOP-projectnew
09-Apr-2025 20:34:41.691 INFO [main] org.apache.catalina.startup.VersionLoggerListener.log Command line argument: -Djava.io.tmpdir=C:\Users\OSHADHA\IdeaProjects\OOP-projectnew\temp
09-Apr-2025 20:34:41.691 INFO [main] org.apache.catalina.startup.VersionLoggerListener.log Command line argument: -Djava.util.logging.config.file=C:\Users\OSHADHA\IdeaProjects\OOP-projectnew\conf\logging.properties
09-Apr-2025 20:34:41.691 INFO [main] org.apache.catalina.startup.VersionLoggerListener.log Command line argument: -Djava.util.logging.manager=org.apache.juli.ClassLoaderLogManager
09-Apr-2025 20:34:41.692 INFO [main] org.apache.catalina.startup.VersionLoggerListener.log Command line argument: -javaagent:C:\Program Files\JetBrains\IntelliJ IDEA 2024.3.5\lib\idea_rt.jar=53149
09-Apr-2025 20:34:41.692 INFO [main] org.apache.catalina.startup.VersionLoggerListener.log Command line argument: -Dfile.encoding=UTF-8
09-Apr-2025 20:34:41.692 INFO [main] org.apache.catalina.startup.VersionLoggerListener.log Command line argument: -Dsun.stdout.encoding=UTF-8
09-Apr-2025 20:34:41.692 INFO [main] org.apache.catalina.startup.VersionLoggerListener.log Command line argument: -Dsun.stderr.encoding=UTF-8
09-Apr-2025 20:34:41.696 INFO [main] org.apache.catalina.core.AprLifecycleListener.lifecycleEvent Loaded Apache Tomcat Native library [1.3.1] using APR version [1.7.4].
09-Apr-2025 20:34:41.696 INFO [main] org.apache.catalina.core.AprLifecycleListener.lifecycleEvent APR capabilities: IPv6 [true], sendfile [true], accept filters [false], random [true], UDS [true].
09-Apr-2025 20:34:41.696 INFO [main] org.apache.catalina.core.AprLifecycleListener.lifecycleEvent APR/OpenSSL configuration: useAprConnector [false], useOpenSSL [true]
09-Apr-2025 20:34:41.704 INFO [main] org.apache.catalina.core.AprLifecycleListener.initializeSSL OpenSSL successfully initialized [OpenSSL 3.0.14 4 Jun 2024]
09-Apr-2025 20:34:42.141 INFO [main] org.apache.coyote.AbstractProtocol.init Initializing ProtocolHandler ["http-nio-8080"]
09-Apr-2025 20:34:42.162 INFO [main] org.apache.catalina.startup.Catalina.load Server initialization in [746] milliseconds
09-Apr-2025 20:34:42.223 INFO [main] org.apache.catalina.core.StandardService.startInternal Starting service [Catalina]
09-Apr-2025 20:34:42.223 INFO [main] org.apache.catalina.core.StandardEngine.startInternal Starting Servlet engine: [Apache Tomcat/9.0.102]
09-Apr-2025 20:34:42.232 INFO [main] org.apache.catalina.startup.HostConfig.deployDescriptor Deploying deployment descriptor [C:\Users\OSHADHA\IdeaProjects\OOP-projectnew\conf\Catalina\localhost\OOP-projectnew.xml]
09-Apr-2025 20:34:42.688 INFO [main] org.apache.catalina.startup.HostConfig.deployDescriptor Deployment of deployment descriptor [C:\Users\OSHADHA\IdeaProjects\OOP-projectnew\conf\Catalina\localhost\OOP-projectnew.xml] has finished in [456] ms
09-Apr-2025 20:34:42.692 INFO [main] org.apache.coyote.AbstractProtocol.start Starting ProtocolHandler ["http-nio-8080"]
09-Apr-2025 20:34:42.721 INFO [main] org.apache.catalina.startup.Catalina.start Server startup in [557] milliseconds
09-Apr-2025 20:36:06.939 INFO [Thread-1] org.apache.coyote.AbstractProtocol.pause Pausing ProtocolHandler ["http-nio-8080"]
09-Apr-2025 20:36:06.950 INFO [Thread-1] org.apache.catalina.core.StandardService.stopInternal Stopping service [Catalina]
09-Apr-2025 20:36:06.966 INFO [Thread-1] org.apache.coyote.AbstractProtocol.stop Stopping ProtocolHandler ["http-nio-8080"]
09-Apr-2025 20:36:06.979 INFO [Thread-1] org.apache.coyote.AbstractProtocol.destroy Destroying ProtocolHandler ["http-nio-8080"]
09-Apr-2025 20:37:46.104 INFO [main] org.apache.catalina.startup.VersionLoggerListener.log Server version name:   Apache Tomcat/9.0.102
09-Apr-2025 20:37:46.108 INFO [main] org.apache.catalina.startup.VersionLoggerListener.log Server built:          Mar 3 2025 19:33:14 UTC
09-Apr-2025 20:37:46.109 INFO [main] org.apache.catalina.startup.VersionLoggerListener.log Server version number: 9.0.102.0
09-Apr-2025 20:37:46.109 INFO [main] org.apache.catalina.startup.VersionLoggerListener.log OS Name:               Windows 10
09-Apr-2025 20:37:46.109 INFO [main] org.apache.catalina.startup.VersionLoggerListener.log OS Version:            10.0
09-Apr-2025 20:37:46.109 INFO [main] org.apache.catalina.startup.VersionLoggerListener.log Architecture:          amd64
09-Apr-2025 20:37:46.109 INFO [main] org.apache.catalina.startup.VersionLoggerListener.log Java Home:             C:\Program Files\Java\jdk-22
09-Apr-2025 20:37:46.109 INFO [main] org.apache.catalina.startup.VersionLoggerListener.log JVM Version:           22.0.1+8-16
09-Apr-2025 20:37:46.109 INFO [main] org.apache.catalina.startup.VersionLoggerListener.log JVM Vendor:            Oracle Corporation
09-Apr-2025 20:37:46.109 INFO [main] org.apache.catalina.startup.VersionLoggerListener.log CATALINA_BASE:         C:\Users\OSHADHA\IdeaProjects\OOP-projectnew
09-Apr-2025 20:37:46.109 INFO [main] org.apache.catalina.startup.VersionLoggerListener.log CATALINA_HOME:         C:\Program Files\Apache Software Foundation\Tomcat 9.0
09-Apr-2025 20:37:46.117 INFO [main] org.apache.catalina.startup.VersionLoggerListener.log Command line argument: --add-opens=java.base/java.lang=ALL-UNNAMED
09-Apr-2025 20:37:46.117 INFO [main] org.apache.catalina.startup.VersionLoggerListener.log Command line argument: --add-opens=java.base/java.io=ALL-UNNAMED
09-Apr-2025 20:37:46.117 INFO [main] org.apache.catalina.startup.VersionLoggerListener.log Command line argument: --add-opens=java.base/java.util=ALL-UNNAMED
09-Apr-2025 20:37:46.117 INFO [main] org.apache.catalina.startup.VersionLoggerListener.log Command line argument: --add-opens=java.base/java.util.concurrent=ALL-UNNAMED
09-Apr-2025 20:37:46.117 INFO [main] org.apache.catalina.startup.VersionLoggerListener.log Command line argument: --add-opens=java.rmi/sun.rmi.transport=ALL-UNNAMED
09-Apr-2025 20:37:46.117 INFO [main] org.apache.catalina.startup.VersionLoggerListener.log Command line argument: -Dcatalina.home=C:\Program Files\Apache Software Foundation\Tomcat 9.0
09-Apr-2025 20:37:46.117 INFO [main] org.apache.catalina.startup.VersionLoggerListener.log Command line argument: -Dcatalina.base=C:\Users\OSHADHA\IdeaProjects\OOP-projectnew
09-Apr-2025 20:37:46.117 INFO [main] org.apache.catalina.startup.VersionLoggerListener.log Command line argument: -Djava.io.tmpdir=C:\Users\OSHADHA\IdeaProjects\OOP-projectnew\temp
09-Apr-2025 20:37:46.118 INFO [main] org.apache.catalina.startup.VersionLoggerListener.log Command line argument: -Djava.util.logging.config.file=C:\Users\OSHADHA\IdeaProjects\OOP-projectnew\conf\logging.properties
09-Apr-2025 20:37:46.118 INFO [main] org.apache.catalina.startup.VersionLoggerListener.log Command line argument: -Djava.util.logging.manager=org.apache.juli.ClassLoaderLogManager
09-Apr-2025 20:37:46.118 INFO [main] org.apache.catalina.startup.VersionLoggerListener.log Command line argument: -javaagent:C:\Program Files\JetBrains\IntelliJ IDEA 2024.3.5\lib\idea_rt.jar=53238
09-Apr-2025 20:37:46.118 INFO [main] org.apache.catalina.startup.VersionLoggerListener.log Command line argument: -Dfile.encoding=UTF-8
09-Apr-2025 20:37:46.118 INFO [main] org.apache.catalina.startup.VersionLoggerListener.log Command line argument: -Dsun.stdout.encoding=UTF-8
09-Apr-2025 20:37:46.118 INFO [main] org.apache.catalina.startup.VersionLoggerListener.log Command line argument: -Dsun.stderr.encoding=UTF-8
09-Apr-2025 20:37:46.122 INFO [main] org.apache.catalina.core.AprLifecycleListener.lifecycleEvent Loaded Apache Tomcat Native library [1.3.1] using APR version [1.7.4].
09-Apr-2025 20:37:46.122 INFO [main] org.apache.catalina.core.AprLifecycleListener.lifecycleEvent APR capabilities: IPv6 [true], sendfile [true], accept filters [false], random [true], UDS [true].
09-Apr-2025 20:37:46.122 INFO [main] org.apache.catalina.core.AprLifecycleListener.lifecycleEvent APR/OpenSSL configuration: useAprConnector [false], useOpenSSL [true]
09-Apr-2025 20:37:46.128 INFO [main] org.apache.catalina.core.AprLifecycleListener.initializeSSL OpenSSL successfully initialized [OpenSSL 3.0.14 4 Jun 2024]
09-Apr-2025 20:37:46.543 INFO [main] org.apache.coyote.AbstractProtocol.init Initializing ProtocolHandler ["http-nio-8080"]
09-Apr-2025 20:37:46.572 INFO [main] org.apache.catalina.startup.Catalina.load Server initialization in [722] milliseconds
09-Apr-2025 20:37:46.621 INFO [main] org.apache.catalina.core.StandardService.startInternal Starting service [Catalina]
09-Apr-2025 20:37:46.622 INFO [main] org.apache.catalina.core.StandardEngine.startInternal Starting Servlet engine: [Apache Tomcat/9.0.102]
09-Apr-2025 20:37:46.629 INFO [main] org.apache.catalina.startup.HostConfig.deployDescriptor Deploying deployment descriptor [C:\Users\OSHADHA\IdeaProjects\OOP-projectnew\conf\Catalina\localhost\OOP-projectnew.xml]
09-Apr-2025 20:37:47.053 INFO [main] org.apache.catalina.startup.HostConfig.deployDescriptor Deployment of deployment descriptor [C:\Users\OSHADHA\IdeaProjects\OOP-projectnew\conf\Catalina\localhost\OOP-projectnew.xml] has finished in [424] ms
09-Apr-2025 20:37:47.057 INFO [main] org.apache.coyote.AbstractProtocol.start Starting ProtocolHandler ["http-nio-8080"]
09-Apr-2025 20:37:47.081 INFO [main] org.apache.catalina.startup.Catalina.start Server startup in [508] milliseconds
09-Apr-2025 20:39:06.685 INFO [Thread-1] org.apache.coyote.AbstractProtocol.pause Pausing ProtocolHandler ["http-nio-8080"]
09-Apr-2025 20:39:06.694 INFO [Thread-1] org.apache.catalina.core.StandardService.stopInternal Stopping service [Catalina]
09-Apr-2025 20:39:06.707 INFO [Thread-1] org.apache.coyote.AbstractProtocol.stop Stopping ProtocolHandler ["http-nio-8080"]
09-Apr-2025 20:39:06.723 INFO [Thread-1] org.apache.coyote.AbstractProtocol.destroy Destroying ProtocolHandler ["http-nio-8080"]
09-Apr-2025 20:46:34.287 INFO [main] org.apache.catalina.startup.VersionLoggerListener.log Server version name:   Apache Tomcat/9.0.102
09-Apr-2025 20:46:34.291 INFO [main] org.apache.catalina.startup.VersionLoggerListener.log Server built:          Mar 3 2025 19:33:14 UTC
09-Apr-2025 20:46:34.292 INFO [main] org.apache.catalina.startup.VersionLoggerListener.log Server version number: 9.0.102.0
09-Apr-2025 20:46:34.292 INFO [main] org.apache.catalina.startup.VersionLoggerListener.log OS Name:               Windows 10
09-Apr-2025 20:46:34.292 INFO [main] org.apache.catalina.startup.VersionLoggerListener.log OS Version:            10.0
09-Apr-2025 20:46:34.292 INFO [main] org.apache.catalina.startup.VersionLoggerListener.log Architecture:          amd64
09-Apr-2025 20:46:34.292 INFO [main] org.apache.catalina.startup.VersionLoggerListener.log Java Home:             C:\Program Files\Java\jdk-22
09-Apr-2025 20:46:34.292 INFO [main] org.apache.catalina.startup.VersionLoggerListener.log JVM Version:           22.0.1+8-16
09-Apr-2025 20:46:34.292 INFO [main] org.apache.catalina.startup.VersionLoggerListener.log JVM Vendor:            Oracle Corporation
09-Apr-2025 20:46:34.292 INFO [main] org.apache.catalina.startup.VersionLoggerListener.log CATALINA_BASE:         C:\Users\OSHADHA\IdeaProjects\OOP-projectnew
09-Apr-2025 20:46:34.292 INFO [main] org.apache.catalina.startup.VersionLoggerListener.log CATALINA_HOME:         C:\Program Files\Apache Software Foundation\Tomcat 9.0
09-Apr-2025 20:46:34.301 INFO [main] org.apache.catalina.startup.VersionLoggerListener.log Command line argument: --add-opens=java.base/java.lang=ALL-UNNAMED
09-Apr-2025 20:46:34.301 INFO [main] org.apache.catalina.startup.VersionLoggerListener.log Command line argument: --add-opens=java.base/java.io=ALL-UNNAMED
09-Apr-2025 20:46:34.302 INFO [main] org.apache.catalina.startup.VersionLoggerListener.log Command line argument: --add-opens=java.base/java.util=ALL-UNNAMED
09-Apr-2025 20:46:34.302 INFO [main] org.apache.catalina.startup.VersionLoggerListener.log Command line argument: --add-opens=java.base/java.util.concurrent=ALL-UNNAMED
09-Apr-2025 20:46:34.302 INFO [main] org.apache.catalina.startup.VersionLoggerListener.log Command line argument: --add-opens=java.rmi/sun.rmi.transport=ALL-UNNAMED
09-Apr-2025 20:46:34.302 INFO [main] org.apache.catalina.startup.VersionLoggerListener.log Command line argument: -Dcatalina.home=C:\Program Files\Apache Software Foundation\Tomcat 9.0
09-Apr-2025 20:46:34.302 INFO [main] org.apache.catalina.startup.VersionLoggerListener.log Command line argument: -Dcatalina.base=C:\Users\OSHADHA\IdeaProjects\OOP-projectnew
09-Apr-2025 20:46:34.302 INFO [main] org.apache.catalina.startup.VersionLoggerListener.log Command line argument: -Djava.io.tmpdir=C:\Users\OSHADHA\IdeaProjects\OOP-projectnew\temp
09-Apr-2025 20:46:34.302 INFO [main] org.apache.catalina.startup.VersionLoggerListener.log Command line argument: -Djava.util.logging.config.file=C:\Users\OSHADHA\IdeaProjects\OOP-projectnew\conf\logging.properties
09-Apr-2025 20:46:34.302 INFO [main] org.apache.catalina.startup.VersionLoggerListener.log Command line argument: -Djava.util.logging.manager=org.apache.juli.ClassLoaderLogManager
09-Apr-2025 20:46:34.303 INFO [main] org.apache.catalina.startup.VersionLoggerListener.log Command line argument: -javaagent:C:\Program Files\JetBrains\IntelliJ IDEA 2024.3.5\lib\idea_rt.jar=53706
09-Apr-2025 20:46:34.303 INFO [main] org.apache.catalina.startup.VersionLoggerListener.log Command line argument: -Dfile.encoding=UTF-8
09-Apr-2025 20:46:34.303 INFO [main] org.apache.catalina.startup.VersionLoggerListener.log Command line argument: -Dsun.stdout.encoding=UTF-8
09-Apr-2025 20:46:34.303 INFO [main] org.apache.catalina.startup.VersionLoggerListener.log Command line argument: -Dsun.stderr.encoding=UTF-8
09-Apr-2025 20:46:34.311 INFO [main] org.apache.catalina.core.AprLifecycleListener.lifecycleEvent Loaded Apache Tomcat Native library [1.3.1] using APR version [1.7.4].
09-Apr-2025 20:46:34.311 INFO [main] org.apache.catalina.core.AprLifecycleListener.lifecycleEvent APR capabilities: IPv6 [true], sendfile [true], accept filters [false], random [true], UDS [true].
09-Apr-2025 20:46:34.311 INFO [main] org.apache.catalina.core.AprLifecycleListener.lifecycleEvent APR/OpenSSL configuration: useAprConnector [false], useOpenSSL [true]
09-Apr-2025 20:46:34.330 INFO [main] org.apache.catalina.core.AprLifecycleListener.initializeSSL OpenSSL successfully initialized [OpenSSL 3.0.14 4 Jun 2024]
09-Apr-2025 20:46:35.094 INFO [main] org.apache.coyote.AbstractProtocol.init Initializing ProtocolHandler ["http-nio-8080"]
09-Apr-2025 20:46:35.203 INFO [main] org.apache.catalina.startup.Catalina.load Server initialization in [1201] milliseconds
09-Apr-2025 20:46:35.272 INFO [main] org.apache.catalina.core.StandardService.startInternal Starting service [Catalina]
09-Apr-2025 20:46:35.272 INFO [main] org.apache.catalina.core.StandardEngine.startInternal Starting Servlet engine: [Apache Tomcat/9.0.102]
09-Apr-2025 20:46:35.281 INFO [main] org.apache.catalina.startup.HostConfig.deployDescriptor Deploying deployment descriptor [C:\Users\OSHADHA\IdeaProjects\OOP-projectnew\conf\Catalina\localhost\OOP-projectnew.xml]
09-Apr-2025 20:46:35.638 INFO [main] org.apache.catalina.startup.HostConfig.deployDescriptor Deployment of deployment descriptor [C:\Users\OSHADHA\IdeaProjects\OOP-projectnew\conf\Catalina\localhost\OOP-projectnew.xml] has finished in [356] ms
09-Apr-2025 20:46:35.642 INFO [main] org.apache.coyote.AbstractProtocol.start Starting ProtocolHandler ["http-nio-8080"]
09-Apr-2025 20:46:35.665 INFO [main] org.apache.catalina.startup.Catalina.start Server startup in [460] milliseconds
09-Apr-2025 20:56:03.407 INFO [Thread-1] org.apache.coyote.AbstractProtocol.pause Pausing ProtocolHandler ["http-nio-8080"]
09-Apr-2025 20:56:03.418 INFO [Thread-1] org.apache.catalina.core.StandardService.stopInternal Stopping service [Catalina]
09-Apr-2025 20:56:03.435 INFO [Thread-1] org.apache.coyote.AbstractProtocol.stop Stopping ProtocolHandler ["http-nio-8080"]
09-Apr-2025 20:56:03.445 INFO [Thread-1] org.apache.coyote.AbstractProtocol.destroy Destroying ProtocolHandler ["http-nio-8080"]
09-Apr-2025 21:00:50.680 INFO [main] org.apache.catalina.startup.VersionLoggerListener.log Server version name:   Apache Tomcat/9.0.102
09-Apr-2025 21:00:50.686 INFO [main] org.apache.catalina.startup.VersionLoggerListener.log Server built:          Mar 3 2025 19:33:14 UTC
09-Apr-2025 21:00:50.687 INFO [main] org.apache.catalina.startup.VersionLoggerListener.log Server version number: 9.0.102.0
09-Apr-2025 21:00:50.687 INFO [main] org.apache.catalina.startup.VersionLoggerListener.log OS Name:               Windows 10
09-Apr-2025 21:00:50.687 INFO [main] org.apache.catalina.startup.VersionLoggerListener.log OS Version:            10.0
09-Apr-2025 21:00:50.687 INFO [main] org.apache.catalina.startup.VersionLoggerListener.log Architecture:          amd64
09-Apr-2025 21:00:50.688 INFO [main] org.apache.catalina.startup.VersionLoggerListener.log Java Home:             C:\Program Files\Java\jdk-22
09-Apr-2025 21:00:50.688 INFO [main] org.apache.catalina.startup.VersionLoggerListener.log JVM Version:           22.0.1+8-16
09-Apr-2025 21:00:50.688 INFO [main] org.apache.catalina.startup.VersionLoggerListener.log JVM Vendor:            Oracle Corporation
09-Apr-2025 21:00:50.688 INFO [main] org.apache.catalina.startup.VersionLoggerListener.log CATALINA_BASE:         C:\Users\OSHADHA\IdeaProjects\OOP-projectnew
09-Apr-2025 21:00:50.688 INFO [main] org.apache.catalina.startup.VersionLoggerListener.log CATALINA_HOME:         C:\Program Files\Apache Software Foundation\Tomcat 9.0
09-Apr-2025 21:00:50.698 INFO [main] org.apache.catalina.startup.VersionLoggerListener.log Command line argument: --add-opens=java.base/java.lang=ALL-UNNAMED
09-Apr-2025 21:00:50.698 INFO [main] org.apache.catalina.startup.VersionLoggerListener.log Command line argument: --add-opens=java.base/java.io=ALL-UNNAMED
09-Apr-2025 21:00:50.698 INFO [main] org.apache.catalina.startup.VersionLoggerListener.log Command line argument: --add-opens=java.base/java.util=ALL-UNNAMED
09-Apr-2025 21:00:50.699 INFO [main] org.apache.catalina.startup.VersionLoggerListener.log Command line argument: --add-opens=java.base/java.util.concurrent=ALL-UNNAMED
09-Apr-2025 21:00:50.699 INFO [main] org.apache.catalina.startup.VersionLoggerListener.log Command line argument: --add-opens=java.rmi/sun.rmi.transport=ALL-UNNAMED
09-Apr-2025 21:00:50.699 INFO [main] org.apache.catalina.startup.VersionLoggerListener.log Command line argument: -Dcatalina.home=C:\Program Files\Apache Software Foundation\Tomcat 9.0
09-Apr-2025 21:00:50.699 INFO [main] org.apache.catalina.startup.VersionLoggerListener.log Command line argument: -Dcatalina.base=C:\Users\OSHADHA\IdeaProjects\OOP-projectnew
09-Apr-2025 21:00:50.699 INFO [main] org.apache.catalina.startup.VersionLoggerListener.log Command line argument: -Djava.io.tmpdir=C:\Users\OSHADHA\IdeaProjects\OOP-projectnew\temp
09-Apr-2025 21:00:50.699 INFO [main] org.apache.catalina.startup.VersionLoggerListener.log Command line argument: -Djava.util.logging.config.file=C:\Users\OSHADHA\IdeaProjects\OOP-projectnew\conf\logging.properties
09-Apr-2025 21:00:50.699 INFO [main] org.apache.catalina.startup.VersionLoggerListener.log Command line argument: -Djava.util.logging.manager=org.apache.juli.ClassLoaderLogManager
09-Apr-2025 21:00:50.699 INFO [main] org.apache.catalina.startup.VersionLoggerListener.log Command line argument: -javaagent:C:\Program Files\JetBrains\IntelliJ IDEA 2024.3.5\lib\idea_rt.jar=53934
09-Apr-2025 21:00:50.699 INFO [main] org.apache.catalina.startup.VersionLoggerListener.log Command line argument: -Dfile.encoding=UTF-8
09-Apr-2025 21:00:50.699 INFO [main] org.apache.catalina.startup.VersionLoggerListener.log Command line argument: -Dsun.stdout.encoding=UTF-8
09-Apr-2025 21:00:50.699 INFO [main] org.apache.catalina.startup.VersionLoggerListener.log Command line argument: -Dsun.stderr.encoding=UTF-8
09-Apr-2025 21:00:50.705 INFO [main] org.apache.catalina.core.AprLifecycleListener.lifecycleEvent Loaded Apache Tomcat Native library [1.3.1] using APR version [1.7.4].
09-Apr-2025 21:00:50.705 INFO [main] org.apache.catalina.core.AprLifecycleListener.lifecycleEvent APR capabilities: IPv6 [true], sendfile [true], accept filters [false], random [true], UDS [true].
09-Apr-2025 21:00:50.705 INFO [main] org.apache.catalina.core.AprLifecycleListener.lifecycleEvent APR/OpenSSL configuration: useAprConnector [false], useOpenSSL [true]
09-Apr-2025 21:00:50.713 INFO [main] org.apache.catalina.core.AprLifecycleListener.initializeSSL OpenSSL successfully initialized [OpenSSL 3.0.14 4 Jun 2024]
09-Apr-2025 21:00:51.144 INFO [main] org.apache.coyote.AbstractProtocol.init Initializing ProtocolHandler ["http-nio-8080"]
09-Apr-2025 21:00:51.167 INFO [main] org.apache.catalina.startup.Catalina.load Server initialization in [785] milliseconds
09-Apr-2025 21:00:51.223 INFO [main] org.apache.catalina.core.StandardService.startInternal Starting service [Catalina]
09-Apr-2025 21:00:51.223 INFO [main] org.apache.catalina.core.StandardEngine.startInternal Starting Servlet engine: [Apache Tomcat/9.0.102]
09-Apr-2025 21:00:51.231 INFO [main] org.apache.catalina.startup.HostConfig.deployDescriptor Deploying deployment descriptor [C:\Users\OSHADHA\IdeaProjects\OOP-projectnew\conf\Catalina\localhost\OOP-projectnew.xml]
09-Apr-2025 21:00:51.634 INFO [main] org.apache.catalina.startup.HostConfig.deployDescriptor Deployment of deployment descriptor [C:\Users\OSHADHA\IdeaProjects\OOP-projectnew\conf\Catalina\localhost\OOP-projectnew.xml] has finished in [402] ms
09-Apr-2025 21:00:51.639 INFO [main] org.apache.coyote.AbstractProtocol.start Starting ProtocolHandler ["http-nio-8080"]
09-Apr-2025 21:00:51.662 INFO [main] org.apache.catalina.startup.Catalina.start Server startup in [494] milliseconds
09-Apr-2025 21:01:40.891 INFO [Thread-1] org.apache.coyote.AbstractProtocol.pause Pausing ProtocolHandler ["http-nio-8080"]
09-Apr-2025 21:01:40.902 INFO [Thread-1] org.apache.catalina.core.StandardService.stopInternal Stopping service [Catalina]
09-Apr-2025 21:01:40.911 INFO [Thread-1] org.apache.coyote.AbstractProtocol.stop Stopping ProtocolHandler ["http-nio-8080"]
09-Apr-2025 21:01:40.914 INFO [Thread-1] org.apache.coyote.AbstractProtocol.destroy Destroying ProtocolHandler ["http-nio-8080"]
09-Apr-2025 21:01:42.846 INFO [main] org.apache.catalina.startup.VersionLoggerListener.log Server version name:   Apache Tomcat/9.0.102
09-Apr-2025 21:01:42.850 INFO [main] org.apache.catalina.startup.VersionLoggerListener.log Server built:          Mar 3 2025 19:33:14 UTC
09-Apr-2025 21:01:42.851 INFO [main] org.apache.catalina.startup.VersionLoggerListener.log Server version number: 9.0.102.0
09-Apr-2025 21:01:42.851 INFO [main] org.apache.catalina.startup.VersionLoggerListener.log OS Name:               Windows 10
09-Apr-2025 21:01:42.851 INFO [main] org.apache.catalina.startup.VersionLoggerListener.log OS Version:            10.0
09-Apr-2025 21:01:42.851 INFO [main] org.apache.catalina.startup.VersionLoggerListener.log Architecture:          amd64
09-Apr-2025 21:01:42.851 INFO [main] org.apache.catalina.startup.VersionLoggerListener.log Java Home:             C:\Program Files\Java\jdk-22
09-Apr-2025 21:01:42.851 INFO [main] org.apache.catalina.startup.VersionLoggerListener.log JVM Version:           22.0.1+8-16
09-Apr-2025 21:01:42.851 INFO [main] org.apache.catalina.startup.VersionLoggerListener.log JVM Vendor:            Oracle Corporation
09-Apr-2025 21:01:42.852 INFO [main] org.apache.catalina.startup.VersionLoggerListener.log CATALINA_BASE:         C:\Users\OSHADHA\IdeaProjects\OOP-projectnew
09-Apr-2025 21:01:42.852 INFO [main] org.apache.catalina.startup.VersionLoggerListener.log CATALINA_HOME:         C:\Program Files\Apache Software Foundation\Tomcat 9.0
09-Apr-2025 21:01:42.859 INFO [main] org.apache.catalina.startup.VersionLoggerListener.log Command line argument: --add-opens=java.base/java.lang=ALL-UNNAMED
09-Apr-2025 21:01:42.860 INFO [main] org.apache.catalina.startup.VersionLoggerListener.log Command line argument: --add-opens=java.base/java.io=ALL-UNNAMED
09-Apr-2025 21:01:42.860 INFO [main] org.apache.catalina.startup.VersionLoggerListener.log Command line argument: --add-opens=java.base/java.util=ALL-UNNAMED
09-Apr-2025 21:01:42.860 INFO [main] org.apache.catalina.startup.VersionLoggerListener.log Command line argument: --add-opens=java.base/java.util.concurrent=ALL-UNNAMED
09-Apr-2025 21:01:42.860 INFO [main] org.apache.catalina.startup.VersionLoggerListener.log Command line argument: --add-opens=java.rmi/sun.rmi.transport=ALL-UNNAMED
09-Apr-2025 21:01:42.860 INFO [main] org.apache.catalina.startup.VersionLoggerListener.log Command line argument: -Dcatalina.home=C:\Program Files\Apache Software Foundation\Tomcat 9.0
09-Apr-2025 21:01:42.860 INFO [main] org.apache.catalina.startup.VersionLoggerListener.log Command line argument: -Dcatalina.base=C:\Users\OSHADHA\IdeaProjects\OOP-projectnew
09-Apr-2025 21:01:42.860 INFO [main] org.apache.catalina.startup.VersionLoggerListener.log Command line argument: -Djava.io.tmpdir=C:\Users\OSHADHA\IdeaProjects\OOP-projectnew\temp
09-Apr-2025 21:01:42.860 INFO [main] org.apache.catalina.startup.VersionLoggerListener.log Command line argument: -Djava.util.logging.config.file=C:\Users\OSHADHA\IdeaProjects\OOP-projectnew\conf\logging.properties
09-Apr-2025 21:01:42.860 INFO [main] org.apache.catalina.startup.VersionLoggerListener.log Command line argument: -Djava.util.logging.manager=org.apache.juli.ClassLoaderLogManager
09-Apr-2025 21:01:42.860 INFO [main] org.apache.catalina.startup.VersionLoggerListener.log Command line argument: -javaagent:C:\Program Files\JetBrains\IntelliJ IDEA 2024.3.5\lib\idea_rt.jar=53939
09-Apr-2025 21:01:42.860 INFO [main] org.apache.catalina.startup.VersionLoggerListener.log Command line argument: -Dfile.encoding=UTF-8
09-Apr-2025 21:01:42.861 INFO [main] org.apache.catalina.startup.VersionLoggerListener.log Command line argument: -Dsun.stdout.encoding=UTF-8
09-Apr-2025 21:01:42.861 INFO [main] org.apache.catalina.startup.VersionLoggerListener.log Command line argument: -Dsun.stderr.encoding=UTF-8
09-Apr-2025 21:01:42.864 INFO [main] org.apache.catalina.core.AprLifecycleListener.lifecycleEvent Loaded Apache Tomcat Native library [1.3.1] using APR version [1.7.4].
09-Apr-2025 21:01:42.864 INFO [main] org.apache.catalina.core.AprLifecycleListener.lifecycleEvent APR capabilities: IPv6 [true], sendfile [true], accept filters [false], random [true], UDS [true].
09-Apr-2025 21:01:42.865 INFO [main] org.apache.catalina.core.AprLifecycleListener.lifecycleEvent APR/OpenSSL configuration: useAprConnector [false], useOpenSSL [true]
09-Apr-2025 21:01:42.872 INFO [main] org.apache.catalina.core.AprLifecycleListener.initializeSSL OpenSSL successfully initialized [OpenSSL 3.0.14 4 Jun 2024]
09-Apr-2025 21:01:43.281 INFO [main] org.apache.coyote.AbstractProtocol.init Initializing ProtocolHandler ["http-nio-8080"]
09-Apr-2025 21:01:43.302 INFO [main] org.apache.catalina.startup.Catalina.load Server initialization in [1080] milliseconds
09-Apr-2025 21:01:43.354 INFO [main] org.apache.catalina.core.StandardService.startInternal Starting service [Catalina]
09-Apr-2025 21:01:43.354 INFO [main] org.apache.catalina.core.StandardEngine.startInternal Starting Servlet engine: [Apache Tomcat/9.0.102]
09-Apr-2025 21:01:43.363 INFO [main] org.apache.catalina.startup.HostConfig.deployDescriptor Deploying deployment descriptor [C:\Users\OSHADHA\IdeaProjects\OOP-projectnew\conf\Catalina\localhost\OOP-projectnew.xml]
09-Apr-2025 21:01:43.776 INFO [main] org.apache.catalina.startup.HostConfig.deployDescriptor Deployment of deployment descriptor [C:\Users\OSHADHA\IdeaProjects\OOP-projectnew\conf\Catalina\localhost\OOP-projectnew.xml] has finished in [413] ms
09-Apr-2025 21:01:43.780 INFO [main] org.apache.coyote.AbstractProtocol.start Starting ProtocolHandler ["http-nio-8080"]
09-Apr-2025 21:01:43.800 INFO [main] org.apache.catalina.startup.Catalina.start Server startup in [495] milliseconds
09-Apr-2025 21:03:09.661 INFO [Thread-1] org.apache.coyote.AbstractProtocol.pause Pausing ProtocolHandler ["http-nio-8080"]
09-Apr-2025 21:03:09.676 INFO [Thread-1] org.apache.catalina.core.StandardService.stopInternal Stopping service [Catalina]
09-Apr-2025 21:03:09.685 INFO [Thread-1] org.apache.coyote.AbstractProtocol.stop Stopping ProtocolHandler ["http-nio-8080"]
09-Apr-2025 21:03:09.688 INFO [Thread-1] org.apache.coyote.AbstractProtocol.destroy Destroying ProtocolHandler ["http-nio-8080"]
09-Apr-2025 21:03:11.960 INFO [main] org.apache.catalina.startup.VersionLoggerListener.log Server version name:   Apache Tomcat/9.0.102
09-Apr-2025 21:03:11.963 INFO [main] org.apache.catalina.startup.VersionLoggerListener.log Server built:          Mar 3 2025 19:33:14 UTC
09-Apr-2025 21:03:11.963 INFO [main] org.apache.catalina.startup.VersionLoggerListener.log Server version number: 9.0.102.0
09-Apr-2025 21:03:11.963 INFO [main] org.apache.catalina.startup.VersionLoggerListener.log OS Name:               Windows 10
09-Apr-2025 21:03:11.963 INFO [main] org.apache.catalina.startup.VersionLoggerListener.log OS Version:            10.0
09-Apr-2025 21:03:11.964 INFO [main] org.apache.catalina.startup.VersionLoggerListener.log Architecture:          amd64
09-Apr-2025 21:03:11.964 INFO [main] org.apache.catalina.startup.VersionLoggerListener.log Java Home:             C:\Program Files\Java\jdk-22
09-Apr-2025 21:03:11.964 INFO [main] org.apache.catalina.startup.VersionLoggerListener.log JVM Version:           22.0.1+8-16
09-Apr-2025 21:03:11.964 INFO [main] org.apache.catalina.startup.VersionLoggerListener.log JVM Vendor:            Oracle Corporation
09-Apr-2025 21:03:11.964 INFO [main] org.apache.catalina.startup.VersionLoggerListener.log CATALINA_BASE:         C:\Users\OSHADHA\IdeaProjects\OOP-projectnew
09-Apr-2025 21:03:11.964 INFO [main] org.apache.catalina.startup.VersionLoggerListener.log CATALINA_HOME:         C:\Program Files\Apache Software Foundation\Tomcat 9.0
09-Apr-2025 21:03:11.972 INFO [main] org.apache.catalina.startup.VersionLoggerListener.log Command line argument: --add-opens=java.base/java.lang=ALL-UNNAMED
09-Apr-2025 21:03:11.972 INFO [main] org.apache.catalina.startup.VersionLoggerListener.log Command line argument: --add-opens=java.base/java.io=ALL-UNNAMED
09-Apr-2025 21:03:11.973 INFO [main] org.apache.catalina.startup.VersionLoggerListener.log Command line argument: --add-opens=java.base/java.util=ALL-UNNAMED
09-Apr-2025 21:03:11.973 INFO [main] org.apache.catalina.startup.VersionLoggerListener.log Command line argument: --add-opens=java.base/java.util.concurrent=ALL-UNNAMED
09-Apr-2025 21:03:11.973 INFO [main] org.apache.catalina.startup.VersionLoggerListener.log Command line argument: --add-opens=java.rmi/sun.rmi.transport=ALL-UNNAMED
09-Apr-2025 21:03:11.973 INFO [main] org.apache.catalina.startup.VersionLoggerListener.log Command line argument: -Dcatalina.home=C:\Program Files\Apache Software Foundation\Tomcat 9.0
09-Apr-2025 21:03:11.973 INFO [main] org.apache.catalina.startup.VersionLoggerListener.log Command line argument: -Dcatalina.base=C:\Users\OSHADHA\IdeaProjects\OOP-projectnew
09-Apr-2025 21:03:11.973 INFO [main] org.apache.catalina.startup.VersionLoggerListener.log Command line argument: -Djava.io.tmpdir=C:\Users\OSHADHA\IdeaProjects\OOP-projectnew\temp
09-Apr-2025 21:03:11.973 INFO [main] org.apache.catalina.startup.VersionLoggerListener.log Command line argument: -Djava.util.logging.config.file=C:\Users\OSHADHA\IdeaProjects\OOP-projectnew\conf\logging.properties
09-Apr-2025 21:03:11.973 INFO [main] org.apache.catalina.startup.VersionLoggerListener.log Command line argument: -Djava.util.logging.manager=org.apache.juli.ClassLoaderLogManager
09-Apr-2025 21:03:11.973 INFO [main] org.apache.catalina.startup.VersionLoggerListener.log Command line argument: -javaagent:C:\Program Files\JetBrains\IntelliJ IDEA 2024.3.5\lib\idea_rt.jar=53954
09-Apr-2025 21:03:11.974 INFO [main] org.apache.catalina.startup.VersionLoggerListener.log Command line argument: -Dfile.encoding=UTF-8
09-Apr-2025 21:03:11.974 INFO [main] org.apache.catalina.startup.VersionLoggerListener.log Command line argument: -Dsun.stdout.encoding=UTF-8
09-Apr-2025 21:03:11.974 INFO [main] org.apache.catalina.startup.VersionLoggerListener.log Command line argument: -Dsun.stderr.encoding=UTF-8
09-Apr-2025 21:03:11.978 INFO [main] org.apache.catalina.core.AprLifecycleListener.lifecycleEvent Loaded Apache Tomcat Native library [1.3.1] using APR version [1.7.4].
09-Apr-2025 21:03:11.978 INFO [main] org.apache.catalina.core.AprLifecycleListener.lifecycleEvent APR capabilities: IPv6 [true], sendfile [true], accept filters [false], random [true], UDS [true].
09-Apr-2025 21:03:11.978 INFO [main] org.apache.catalina.core.AprLifecycleListener.lifecycleEvent APR/OpenSSL configuration: useAprConnector [false], useOpenSSL [true]
09-Apr-2025 21:03:11.984 INFO [main] org.apache.catalina.core.AprLifecycleListener.initializeSSL OpenSSL successfully initialized [OpenSSL 3.0.14 4 Jun 2024]
09-Apr-2025 21:03:12.393 INFO [main] org.apache.coyote.AbstractProtocol.init Initializing ProtocolHandler ["http-nio-8080"]
09-Apr-2025 21:03:12.414 INFO [main] org.apache.catalina.startup.Catalina.load Server initialization in [966] milliseconds
09-Apr-2025 21:03:12.471 INFO [main] org.apache.catalina.core.StandardService.startInternal Starting service [Catalina]
09-Apr-2025 21:03:12.471 INFO [main] org.apache.catalina.core.StandardEngine.startInternal Starting Servlet engine: [Apache Tomcat/9.0.102]
09-Apr-2025 21:03:12.481 INFO [main] org.apache.catalina.startup.HostConfig.deployDescriptor Deploying deployment descriptor [C:\Users\OSHADHA\IdeaProjects\OOP-projectnew\conf\Catalina\localhost\OOP-projectnew.xml]
09-Apr-2025 21:03:12.906 INFO [main] org.apache.catalina.startup.HostConfig.deployDescriptor Deployment of deployment descriptor [C:\Users\OSHADHA\IdeaProjects\OOP-projectnew\conf\Catalina\localhost\OOP-projectnew.xml] has finished in [424] ms
09-Apr-2025 21:03:12.909 INFO [main] org.apache.coyote.AbstractProtocol.start Starting ProtocolHandler ["http-nio-8080"]
09-Apr-2025 21:03:12.929 INFO [main] org.apache.catalina.startup.Catalina.start Server startup in [513] milliseconds
09-Apr-2025 21:05:36.474 INFO [Thread-1] org.apache.coyote.AbstractProtocol.pause Pausing ProtocolHandler ["http-nio-8080"]
09-Apr-2025 21:05:36.492 INFO [Thread-1] org.apache.catalina.core.StandardService.stopInternal Stopping service [Catalina]
09-Apr-2025 21:05:36.501 INFO [Thread-1] org.apache.coyote.AbstractProtocol.stop Stopping ProtocolHandler ["http-nio-8080"]
09-Apr-2025 21:05:36.513 INFO [Thread-1] org.apache.coyote.AbstractProtocol.destroy Destroying ProtocolHandler ["http-nio-8080"]
09-Apr-2025 21:05:57.031 INFO [main] org.apache.catalina.startup.VersionLoggerListener.log Server version name:   Apache Tomcat/9.0.102
09-Apr-2025 21:05:57.036 INFO [main] org.apache.catalina.startup.VersionLoggerListener.log Server built:          Mar 3 2025 19:33:14 UTC
09-Apr-2025 21:05:57.036 INFO [main] org.apache.catalina.startup.VersionLoggerListener.log Server version number: 9.0.102.0
09-Apr-2025 21:05:57.036 INFO [main] org.apache.catalina.startup.VersionLoggerListener.log OS Name:               Windows 10
09-Apr-2025 21:05:57.036 INFO [main] org.apache.catalina.startup.VersionLoggerListener.log OS Version:            10.0
09-Apr-2025 21:05:57.037 INFO [main] org.apache.catalina.startup.VersionLoggerListener.log Architecture:          amd64
09-Apr-2025 21:05:57.037 INFO [main] org.apache.catalina.startup.VersionLoggerListener.log Java Home:             C:\Program Files\Java\jdk-22
09-Apr-2025 21:05:57.037 INFO [main] org.apache.catalina.startup.VersionLoggerListener.log JVM Version:           22.0.1+8-16
09-Apr-2025 21:05:57.037 INFO [main] org.apache.catalina.startup.VersionLoggerListener.log JVM Vendor:            Oracle Corporation
09-Apr-2025 21:05:57.037 INFO [main] org.apache.catalina.startup.VersionLoggerListener.log CATALINA_BASE:         C:\Users\OSHADHA\IdeaProjects\OOP-projectnew
09-Apr-2025 21:05:57.037 INFO [main] org.apache.catalina.startup.VersionLoggerListener.log CATALINA_HOME:         C:\Program Files\Apache Software Foundation\Tomcat 9.0
09-Apr-2025 21:05:57.047 INFO [main] org.apache.catalina.startup.VersionLoggerListener.log Command line argument: --add-opens=java.base/java.lang=ALL-UNNAMED
09-Apr-2025 21:05:57.047 INFO [main] org.apache.catalina.startup.VersionLoggerListener.log Command line argument: --add-opens=java.base/java.io=ALL-UNNAMED
09-Apr-2025 21:05:57.047 INFO [main] org.apache.catalina.startup.VersionLoggerListener.log Command line argument: --add-opens=java.base/java.util=ALL-UNNAMED
09-Apr-2025 21:05:57.047 INFO [main] org.apache.catalina.startup.VersionLoggerListener.log Command line argument: --add-opens=java.base/java.util.concurrent=ALL-UNNAMED
09-Apr-2025 21:05:57.047 INFO [main] org.apache.catalina.startup.VersionLoggerListener.log Command line argument: --add-opens=java.rmi/sun.rmi.transport=ALL-UNNAMED
09-Apr-2025 21:05:57.047 INFO [main] org.apache.catalina.startup.VersionLoggerListener.log Command line argument: -Dcatalina.home=C:\Program Files\Apache Software Foundation\Tomcat 9.0
09-Apr-2025 21:05:57.047 INFO [main] org.apache.catalina.startup.VersionLoggerListener.log Command line argument: -Dcatalina.base=C:\Users\OSHADHA\IdeaProjects\OOP-projectnew
09-Apr-2025 21:05:57.047 INFO [main] org.apache.catalina.startup.VersionLoggerListener.log Command line argument: -Djava.io.tmpdir=C:\Users\OSHADHA\IdeaProjects\OOP-projectnew\temp
09-Apr-2025 21:05:57.048 INFO [main] org.apache.catalina.startup.VersionLoggerListener.log Command line argument: -Djava.util.logging.config.file=C:\Users\OSHADHA\IdeaProjects\OOP-projectnew\conf\logging.properties
09-Apr-2025 21:05:57.048 INFO [main] org.apache.catalina.startup.VersionLoggerListener.log Command line argument: -Djava.util.logging.manager=org.apache.juli.ClassLoaderLogManager
09-Apr-2025 21:05:57.048 INFO [main] org.apache.catalina.startup.VersionLoggerListener.log Command line argument: -javaagent:C:\Program Files\JetBrains\IntelliJ IDEA 2024.3.5\lib\idea_rt.jar=53996
09-Apr-2025 21:05:57.048 INFO [main] org.apache.catalina.startup.VersionLoggerListener.log Command line argument: -Dfile.encoding=UTF-8
09-Apr-2025 21:05:57.048 INFO [main] org.apache.catalina.startup.VersionLoggerListener.log Command line argument: -Dsun.stdout.encoding=UTF-8
09-Apr-2025 21:05:57.048 INFO [main] org.apache.catalina.startup.VersionLoggerListener.log Command line argument: -Dsun.stderr.encoding=UTF-8
09-Apr-2025 21:05:57.051 INFO [main] org.apache.catalina.core.AprLifecycleListener.lifecycleEvent Loaded Apache Tomcat Native library [1.3.1] using APR version [1.7.4].
09-Apr-2025 21:05:57.051 INFO [main] org.apache.catalina.core.AprLifecycleListener.lifecycleEvent APR capabilities: IPv6 [true], sendfile [true], accept filters [false], random [true], UDS [true].
09-Apr-2025 21:05:57.052 INFO [main] org.apache.catalina.core.AprLifecycleListener.lifecycleEvent APR/OpenSSL configuration: useAprConnector [false], useOpenSSL [true]
09-Apr-2025 21:05:57.059 INFO [main] org.apache.catalina.core.AprLifecycleListener.initializeSSL OpenSSL successfully initialized [OpenSSL 3.0.14 4 Jun 2024]
09-Apr-2025 21:05:57.479 INFO [main] org.apache.coyote.AbstractProtocol.init Initializing ProtocolHandler ["http-nio-8080"]
09-Apr-2025 21:05:57.502 INFO [main] org.apache.catalina.startup.Catalina.load Server initialization in [692] milliseconds
09-Apr-2025 21:05:57.556 INFO [main] org.apache.catalina.core.StandardService.startInternal Starting service [Catalina]
09-Apr-2025 21:05:57.556 INFO [main] org.apache.catalina.core.StandardEngine.startInternal Starting Servlet engine: [Apache Tomcat/9.0.102]
09-Apr-2025 21:05:57.565 INFO [main] org.apache.catalina.startup.HostConfig.deployDescriptor Deploying deployment descriptor [C:\Users\OSHADHA\IdeaProjects\OOP-projectnew\conf\Catalina\localhost\OOP-projectnew.xml]
09-Apr-2025 21:05:57.959 INFO [main] org.apache.catalina.startup.HostConfig.deployDescriptor Deployment of deployment descriptor [C:\Users\OSHADHA\IdeaProjects\OOP-projectnew\conf\Catalina\localhost\OOP-projectnew.xml] has finished in [393] ms
09-Apr-2025 21:05:57.963 INFO [main] org.apache.coyote.AbstractProtocol.start Starting ProtocolHandler ["http-nio-8080"]
09-Apr-2025 21:05:57.983 INFO [main] org.apache.catalina.startup.Catalina.start Server startup in [478] milliseconds
09-Apr-2025 21:06:40.679 INFO [Thread-1] org.apache.coyote.AbstractProtocol.pause Pausing ProtocolHandler ["http-nio-8080"]
09-Apr-2025 21:06:40.690 INFO [Thread-1] org.apache.catalina.core.StandardService.stopInternal Stopping service [Catalina]
09-Apr-2025 21:06:40.701 INFO [Thread-1] org.apache.coyote.AbstractProtocol.stop Stopping ProtocolHandler ["http-nio-8080"]
09-Apr-2025 21:06:40.704 INFO [Thread-1] org.apache.coyote.AbstractProtocol.destroy Destroying ProtocolHandler ["http-nio-8080"]
09-Apr-2025 21:07:07.231 INFO [main] org.apache.catalina.startup.VersionLoggerListener.log Server version name:   Apache Tomcat/9.0.102
09-Apr-2025 21:07:07.235 INFO [main] org.apache.catalina.startup.VersionLoggerListener.log Server built:          Mar 3 2025 19:33:14 UTC
09-Apr-2025 21:07:07.235 INFO [main] org.apache.catalina.startup.VersionLoggerListener.log Server version number: 9.0.102.0
09-Apr-2025 21:07:07.235 INFO [main] org.apache.catalina.startup.VersionLoggerListener.log OS Name:               Windows 10
09-Apr-2025 21:07:07.235 INFO [main] org.apache.catalina.startup.VersionLoggerListener.log OS Version:            10.0
09-Apr-2025 21:07:07.235 INFO [main] org.apache.catalina.startup.VersionLoggerListener.log Architecture:          amd64
09-Apr-2025 21:07:07.235 INFO [main] org.apache.catalina.startup.VersionLoggerListener.log Java Home:             C:\Program Files\Java\jdk-22
09-Apr-2025 21:07:07.236 INFO [main] org.apache.catalina.startup.VersionLoggerListener.log JVM Version:           22.0.1+8-16
09-Apr-2025 21:07:07.236 INFO [main] org.apache.catalina.startup.VersionLoggerListener.log JVM Vendor:            Oracle Corporation
09-Apr-2025 21:07:07.236 INFO [main] org.apache.catalina.startup.VersionLoggerListener.log CATALINA_BASE:         C:\Users\OSHADHA\IdeaProjects\OOP-projectnew
09-Apr-2025 21:07:07.236 INFO [main] org.apache.catalina.startup.VersionLoggerListener.log CATALINA_HOME:         C:\Program Files\Apache Software Foundation\Tomcat 9.0
09-Apr-2025 21:07:07.248 INFO [main] org.apache.catalina.startup.VersionLoggerListener.log Command line argument: --add-opens=java.base/java.lang=ALL-UNNAMED
09-Apr-2025 21:07:07.248 INFO [main] org.apache.catalina.startup.VersionLoggerListener.log Command line argument: --add-opens=java.base/java.io=ALL-UNNAMED
09-Apr-2025 21:07:07.249 INFO [main] org.apache.catalina.startup.VersionLoggerListener.log Command line argument: --add-opens=java.base/java.util=ALL-UNNAMED
09-Apr-2025 21:07:07.249 INFO [main] org.apache.catalina.startup.VersionLoggerListener.log Command line argument: --add-opens=java.base/java.util.concurrent=ALL-UNNAMED
09-Apr-2025 21:07:07.249 INFO [main] org.apache.catalina.startup.VersionLoggerListener.log Command line argument: --add-opens=java.rmi/sun.rmi.transport=ALL-UNNAMED
09-Apr-2025 21:07:07.249 INFO [main] org.apache.catalina.startup.VersionLoggerListener.log Command line argument: -Dcatalina.home=C:\Program Files\Apache Software Foundation\Tomcat 9.0
09-Apr-2025 21:07:07.249 INFO [main] org.apache.catalina.startup.VersionLoggerListener.log Command line argument: -Dcatalina.base=C:\Users\OSHADHA\IdeaProjects\OOP-projectnew
09-Apr-2025 21:07:07.249 INFO [main] org.apache.catalina.startup.VersionLoggerListener.log Command line argument: -Djava.io.tmpdir=C:\Users\OSHADHA\IdeaProjects\OOP-projectnew\temp
09-Apr-2025 21:07:07.249 INFO [main] org.apache.catalina.startup.VersionLoggerListener.log Command line argument: -Djava.util.logging.config.file=C:\Users\OSHADHA\IdeaProjects\OOP-projectnew\conf\logging.properties
09-Apr-2025 21:07:07.249 INFO [main] org.apache.catalina.startup.VersionLoggerListener.log Command line argument: -Djava.util.logging.manager=org.apache.juli.ClassLoaderLogManager
09-Apr-2025 21:07:07.250 INFO [main] org.apache.catalina.startup.VersionLoggerListener.log Command line argument: -javaagent:C:\Program Files\JetBrains\IntelliJ IDEA 2024.3.5\lib\idea_rt.jar=54014
09-Apr-2025 21:07:07.250 INFO [main] org.apache.catalina.startup.VersionLoggerListener.log Command line argument: -Dfile.encoding=UTF-8
09-Apr-2025 21:07:07.250 INFO [main] org.apache.catalina.startup.VersionLoggerListener.log Command line argument: -Dsun.stdout.encoding=UTF-8
09-Apr-2025 21:07:07.250 INFO [main] org.apache.catalina.startup.VersionLoggerListener.log Command line argument: -Dsun.stderr.encoding=UTF-8
09-Apr-2025 21:07:07.254 INFO [main] org.apache.catalina.core.AprLifecycleListener.lifecycleEvent Loaded Apache Tomcat Native library [1.3.1] using APR version [1.7.4].
09-Apr-2025 21:07:07.255 INFO [main] org.apache.catalina.core.AprLifecycleListener.lifecycleEvent APR capabilities: IPv6 [true], sendfile [true], accept filters [false], random [true], UDS [true].
09-Apr-2025 21:07:07.255 INFO [main] org.apache.catalina.core.AprLifecycleListener.lifecycleEvent APR/OpenSSL configuration: useAprConnector [false], useOpenSSL [true]
09-Apr-2025 21:07:07.262 INFO [main] org.apache.catalina.core.AprLifecycleListener.initializeSSL OpenSSL successfully initialized [OpenSSL 3.0.14 4 Jun 2024]
09-Apr-2025 21:07:07.694 INFO [main] org.apache.coyote.AbstractProtocol.init Initializing ProtocolHandler ["http-nio-8080"]
09-Apr-2025 21:07:07.716 INFO [main] org.apache.catalina.startup.Catalina.load Server initialization in [699] milliseconds
09-Apr-2025 21:07:07.769 INFO [main] org.apache.catalina.core.StandardService.startInternal Starting service [Catalina]
09-Apr-2025 21:07:07.770 INFO [main] org.apache.catalina.core.StandardEngine.startInternal Starting Servlet engine: [Apache Tomcat/9.0.102]
09-Apr-2025 21:07:07.778 INFO [main] org.apache.catalina.startup.HostConfig.deployDescriptor Deploying deployment descriptor [C:\Users\OSHADHA\IdeaProjects\OOP-projectnew\conf\Catalina\localhost\OOP-projectnew.xml]
09-Apr-2025 21:07:08.175 INFO [main] org.apache.catalina.startup.HostConfig.deployDescriptor Deployment of deployment descriptor [C:\Users\OSHADHA\IdeaProjects\OOP-projectnew\conf\Catalina\localhost\OOP-projectnew.xml] has finished in [396] ms
09-Apr-2025 21:07:08.178 INFO [main] org.apache.coyote.AbstractProtocol.start Starting ProtocolHandler ["http-nio-8080"]
09-Apr-2025 21:07:08.199 INFO [main] org.apache.catalina.startup.Catalina.start Server startup in [481] milliseconds
09-Apr-2025 21:07:31.044 INFO [Thread-1] org.apache.coyote.AbstractProtocol.pause Pausing ProtocolHandler ["http-nio-8080"]
09-Apr-2025 21:07:31.054 INFO [Thread-1] org.apache.catalina.core.StandardService.stopInternal Stopping service [Catalina]
09-Apr-2025 21:07:31.064 INFO [Thread-1] org.apache.coyote.AbstractProtocol.stop Stopping ProtocolHandler ["http-nio-8080"]
09-Apr-2025 21:07:31.067 INFO [Thread-1] org.apache.coyote.AbstractProtocol.destroy Destroying ProtocolHandler ["http-nio-8080"]
09-Apr-2025 21:11:59.103 INFO [main] org.apache.catalina.startup.VersionLoggerListener.log Server version name:   Apache Tomcat/9.0.102
09-Apr-2025 21:11:59.108 INFO [main] org.apache.catalina.startup.VersionLoggerListener.log Server built:          Mar 3 2025 19:33:14 UTC
09-Apr-2025 21:11:59.109 INFO [main] org.apache.catalina.startup.VersionLoggerListener.log Server version number: 9.0.102.0
09-Apr-2025 21:11:59.109 INFO [main] org.apache.catalina.startup.VersionLoggerListener.log OS Name:               Windows 10
09-Apr-2025 21:11:59.109 INFO [main] org.apache.catalina.startup.VersionLoggerListener.log OS Version:            10.0
09-Apr-2025 21:11:59.109 INFO [main] org.apache.catalina.startup.VersionLoggerListener.log Architecture:          amd64
09-Apr-2025 21:11:59.109 INFO [main] org.apache.catalina.startup.VersionLoggerListener.log Java Home:             C:\Program Files\Java\jdk-22
09-Apr-2025 21:11:59.109 INFO [main] org.apache.catalina.startup.VersionLoggerListener.log JVM Version:           22.0.1+8-16
09-Apr-2025 21:11:59.109 INFO [main] org.apache.catalina.startup.VersionLoggerListener.log JVM Vendor:            Oracle Corporation
09-Apr-2025 21:11:59.109 INFO [main] org.apache.catalina.startup.VersionLoggerListener.log CATALINA_BASE:         C:\Users\OSHADHA\IdeaProjects\OOP-projectnew
09-Apr-2025 21:11:59.109 INFO [main] org.apache.catalina.startup.VersionLoggerListener.log CATALINA_HOME:         C:\Program Files\Apache Software Foundation\Tomcat 9.0
09-Apr-2025 21:11:59.117 INFO [main] org.apache.catalina.startup.VersionLoggerListener.log Command line argument: --add-opens=java.base/java.lang=ALL-UNNAMED
09-Apr-2025 21:11:59.117 INFO [main] org.apache.catalina.startup.VersionLoggerListener.log Command line argument: --add-opens=java.base/java.io=ALL-UNNAMED
09-Apr-2025 21:11:59.117 INFO [main] org.apache.catalina.startup.VersionLoggerListener.log Command line argument: --add-opens=java.base/java.util=ALL-UNNAMED
09-Apr-2025 21:11:59.117 INFO [main] org.apache.catalina.startup.VersionLoggerListener.log Command line argument: --add-opens=java.base/java.util.concurrent=ALL-UNNAMED
09-Apr-2025 21:11:59.117 INFO [main] org.apache.catalina.startup.VersionLoggerListener.log Command line argument: --add-opens=java.rmi/sun.rmi.transport=ALL-UNNAMED
09-Apr-2025 21:11:59.118 INFO [main] org.apache.catalina.startup.VersionLoggerListener.log Command line argument: -Dcatalina.home=C:\Program Files\Apache Software Foundation\Tomcat 9.0
09-Apr-2025 21:11:59.118 INFO [main] org.apache.catalina.startup.VersionLoggerListener.log Command line argument: -Dcatalina.base=C:\Users\OSHADHA\IdeaProjects\OOP-projectnew
09-Apr-2025 21:11:59.118 INFO [main] org.apache.catalina.startup.VersionLoggerListener.log Command line argument: -Djava.io.tmpdir=C:\Users\OSHADHA\IdeaProjects\OOP-projectnew\temp
09-Apr-2025 21:11:59.118 INFO [main] org.apache.catalina.startup.VersionLoggerListener.log Command line argument: -Djava.util.logging.config.file=C:\Users\OSHADHA\IdeaProjects\OOP-projectnew\conf\logging.properties
09-Apr-2025 21:11:59.118 INFO [main] org.apache.catalina.startup.VersionLoggerListener.log Command line argument: -Djava.util.logging.manager=org.apache.juli.ClassLoaderLogManager
09-Apr-2025 21:11:59.118 INFO [main] org.apache.catalina.startup.VersionLoggerListener.log Command line argument: -javaagent:C:\Program Files\JetBrains\IntelliJ IDEA 2024.3.5\lib\idea_rt.jar=54095
09-Apr-2025 21:11:59.118 INFO [main] org.apache.catalina.startup.VersionLoggerListener.log Command line argument: -Dfile.encoding=UTF-8
09-Apr-2025 21:11:59.118 INFO [main] org.apache.catalina.startup.VersionLoggerListener.log Command line argument: -Dsun.stdout.encoding=UTF-8
09-Apr-2025 21:11:59.119 INFO [main] org.apache.catalina.startup.VersionLoggerListener.log Command line argument: -Dsun.stderr.encoding=UTF-8
09-Apr-2025 21:11:59.123 INFO [main] org.apache.catalina.core.AprLifecycleListener.lifecycleEvent Loaded Apache Tomcat Native library [1.3.1] using APR version [1.7.4].
09-Apr-2025 21:11:59.123 INFO [main] org.apache.catalina.core.AprLifecycleListener.lifecycleEvent APR capabilities: IPv6 [true], sendfile [true], accept filters [false], random [true], UDS [true].
09-Apr-2025 21:11:59.123 INFO [main] org.apache.catalina.core.AprLifecycleListener.lifecycleEvent APR/OpenSSL configuration: useAprConnector [false], useOpenSSL [true]
09-Apr-2025 21:11:59.131 INFO [main] org.apache.catalina.core.AprLifecycleListener.initializeSSL OpenSSL successfully initialized [OpenSSL 3.0.14 4 Jun 2024]
09-Apr-2025 21:11:59.637 INFO [main] org.apache.coyote.AbstractProtocol.init Initializing ProtocolHandler ["http-nio-8080"]
09-Apr-2025 21:11:59.656 INFO [main] org.apache.catalina.startup.Catalina.load Server initialization in [759] milliseconds
09-Apr-2025 21:11:59.707 INFO [main] org.apache.catalina.core.StandardService.startInternal Starting service [Catalina]
09-Apr-2025 21:11:59.708 INFO [main] org.apache.catalina.core.StandardEngine.startInternal Starting Servlet engine: [Apache Tomcat/9.0.102]
09-Apr-2025 21:11:59.717 INFO [main] org.apache.catalina.startup.HostConfig.deployDescriptor Deploying deployment descriptor [C:\Users\OSHADHA\IdeaProjects\OOP-projectnew\conf\Catalina\localhost\OOP-projectnew.xml]
09-Apr-2025 21:12:00.148 INFO [main] org.apache.catalina.startup.HostConfig.deployDescriptor Deployment of deployment descriptor [C:\Users\OSHADHA\IdeaProjects\OOP-projectnew\conf\Catalina\localhost\OOP-projectnew.xml] has finished in [430] ms
09-Apr-2025 21:12:00.151 INFO [main] org.apache.coyote.AbstractProtocol.start Starting ProtocolHandler ["http-nio-8080"]
09-Apr-2025 21:12:00.170 INFO [main] org.apache.catalina.startup.Catalina.start Server startup in [512] milliseconds
09-Apr-2025 21:12:40.403 INFO [Thread-1] org.apache.coyote.AbstractProtocol.pause Pausing ProtocolHandler ["http-nio-8080"]
09-Apr-2025 21:12:40.414 INFO [Thread-1] org.apache.catalina.core.StandardService.stopInternal Stopping service [Catalina]
09-Apr-2025 21:12:40.424 INFO [Thread-1] org.apache.coyote.AbstractProtocol.stop Stopping ProtocolHandler ["http-nio-8080"]
09-Apr-2025 21:12:40.427 INFO [Thread-1] org.apache.coyote.AbstractProtocol.destroy Destroying ProtocolHandler ["http-nio-8080"]
09-Apr-2025 21:13:46.523 INFO [main] org.apache.catalina.startup.VersionLoggerListener.log Server version name:   Apache Tomcat/9.0.102
09-Apr-2025 21:13:46.527 INFO [main] org.apache.catalina.startup.VersionLoggerListener.log Server built:          Mar 3 2025 19:33:14 UTC
09-Apr-2025 21:13:46.527 INFO [main] org.apache.catalina.startup.VersionLoggerListener.log Server version number: 9.0.102.0
09-Apr-2025 21:13:46.527 INFO [main] org.apache.catalina.startup.VersionLoggerListener.log OS Name:               Windows 10
09-Apr-2025 21:13:46.527 INFO [main] org.apache.catalina.startup.VersionLoggerListener.log OS Version:            10.0
09-Apr-2025 21:13:46.527 INFO [main] org.apache.catalina.startup.VersionLoggerListener.log Architecture:          amd64
09-Apr-2025 21:13:46.528 INFO [main] org.apache.catalina.startup.VersionLoggerListener.log Java Home:             C:\Program Files\Java\jdk-22
09-Apr-2025 21:13:46.528 INFO [main] org.apache.catalina.startup.VersionLoggerListener.log JVM Version:           22.0.1+8-16
09-Apr-2025 21:13:46.528 INFO [main] org.apache.catalina.startup.VersionLoggerListener.log JVM Vendor:            Oracle Corporation
09-Apr-2025 21:13:46.528 INFO [main] org.apache.catalina.startup.VersionLoggerListener.log CATALINA_BASE:         C:\Users\OSHADHA\IdeaProjects\OOP-projectnew
09-Apr-2025 21:13:46.528 INFO [main] org.apache.catalina.startup.VersionLoggerListener.log CATALINA_HOME:         C:\Program Files\Apache Software Foundation\Tomcat 9.0
09-Apr-2025 21:13:46.535 INFO [main] org.apache.catalina.startup.VersionLoggerListener.log Command line argument: --add-opens=java.base/java.lang=ALL-UNNAMED
09-Apr-2025 21:13:46.535 INFO [main] org.apache.catalina.startup.VersionLoggerListener.log Command line argument: --add-opens=java.base/java.io=ALL-UNNAMED
09-Apr-2025 21:13:46.536 INFO [main] org.apache.catalina.startup.VersionLoggerListener.log Command line argument: --add-opens=java.base/java.util=ALL-UNNAMED
09-Apr-2025 21:13:46.536 INFO [main] org.apache.catalina.startup.VersionLoggerListener.log Command line argument: --add-opens=java.base/java.util.concurrent=ALL-UNNAMED
09-Apr-2025 21:13:46.536 INFO [main] org.apache.catalina.startup.VersionLoggerListener.log Command line argument: --add-opens=java.rmi/sun.rmi.transport=ALL-UNNAMED
09-Apr-2025 21:13:46.536 INFO [main] org.apache.catalina.startup.VersionLoggerListener.log Command line argument: -Dcatalina.home=C:\Program Files\Apache Software Foundation\Tomcat 9.0
09-Apr-2025 21:13:46.536 INFO [main] org.apache.catalina.startup.VersionLoggerListener.log Command line argument: -Dcatalina.base=C:\Users\OSHADHA\IdeaProjects\OOP-projectnew
09-Apr-2025 21:13:46.536 INFO [main] org.apache.catalina.startup.VersionLoggerListener.log Command line argument: -Djava.io.tmpdir=C:\Users\OSHADHA\IdeaProjects\OOP-projectnew\temp
09-Apr-2025 21:13:46.536 INFO [main] org.apache.catalina.startup.VersionLoggerListener.log Command line argument: -Djava.util.logging.config.file=C:\Users\OSHADHA\IdeaProjects\OOP-projectnew\conf\logging.properties
09-Apr-2025 21:13:46.536 INFO [main] org.apache.catalina.startup.VersionLoggerListener.log Command line argument: -Djava.util.logging.manager=org.apache.juli.ClassLoaderLogManager
09-Apr-2025 21:13:46.536 INFO [main] org.apache.catalina.startup.VersionLoggerListener.log Command line argument: -javaagent:C:\Program Files\JetBrains\IntelliJ IDEA 2024.3.5\lib\idea_rt.jar=54110
09-Apr-2025 21:13:46.536 INFO [main] org.apache.catalina.startup.VersionLoggerListener.log Command line argument: -Dfile.encoding=UTF-8
09-Apr-2025 21:13:46.536 INFO [main] org.apache.catalina.startup.VersionLoggerListener.log Command line argument: -Dsun.stdout.encoding=UTF-8
09-Apr-2025 21:13:46.536 INFO [main] org.apache.catalina.startup.VersionLoggerListener.log Command line argument: -Dsun.stderr.encoding=UTF-8
09-Apr-2025 21:13:46.540 INFO [main] org.apache.catalina.core.AprLifecycleListener.lifecycleEvent Loaded Apache Tomcat Native library [1.3.1] using APR version [1.7.4].
09-Apr-2025 21:13:46.540 INFO [main] org.apache.catalina.core.AprLifecycleListener.lifecycleEvent APR capabilities: IPv6 [true], sendfile [true], accept filters [false], random [true], UDS [true].
09-Apr-2025 21:13:46.540 INFO [main] org.apache.catalina.core.AprLifecycleListener.lifecycleEvent APR/OpenSSL configuration: useAprConnector [false], useOpenSSL [true]
09-Apr-2025 21:13:46.546 INFO [main] org.apache.catalina.core.AprLifecycleListener.initializeSSL OpenSSL successfully initialized [OpenSSL 3.0.14 4 Jun 2024]
09-Apr-2025 21:13:46.994 INFO [main] org.apache.coyote.AbstractProtocol.init Initializing ProtocolHandler ["http-nio-8080"]
09-Apr-2025 21:13:47.019 INFO [main] org.apache.catalina.startup.Catalina.load Server initialization in [712] milliseconds
09-Apr-2025 21:13:47.071 INFO [main] org.apache.catalina.core.StandardService.startInternal Starting service [Catalina]
09-Apr-2025 21:13:47.071 INFO [main] org.apache.catalina.core.StandardEngine.startInternal Starting Servlet engine: [Apache Tomcat/9.0.102]
09-Apr-2025 21:13:47.081 INFO [main] org.apache.catalina.startup.HostConfig.deployDescriptor Deploying deployment descriptor [C:\Users\OSHADHA\IdeaProjects\OOP-projectnew\conf\Catalina\localhost\OOP-projectnew.xml]
09-Apr-2025 21:13:47.471 INFO [main] org.apache.catalina.startup.HostConfig.deployDescriptor Deployment of deployment descriptor [C:\Users\OSHADHA\IdeaProjects\OOP-projectnew\conf\Catalina\localhost\OOP-projectnew.xml] has finished in [389] ms
09-Apr-2025 21:13:47.474 INFO [main] org.apache.coyote.AbstractProtocol.start Starting ProtocolHandler ["http-nio-8080"]
09-Apr-2025 21:13:47.494 INFO [main] org.apache.catalina.startup.Catalina.start Server startup in [473] milliseconds
09-Apr-2025 21:14:01.056 INFO [Thread-1] org.apache.coyote.AbstractProtocol.pause Pausing ProtocolHandler ["http-nio-8080"]
09-Apr-2025 21:14:01.068 INFO [Thread-1] org.apache.catalina.core.StandardService.stopInternal Stopping service [Catalina]
09-Apr-2025 21:14:01.079 INFO [Thread-1] org.apache.coyote.AbstractProtocol.stop Stopping ProtocolHandler ["http-nio-8080"]
09-Apr-2025 21:14:01.106 INFO [Thread-1] org.apache.coyote.AbstractProtocol.destroy Destroying ProtocolHandler ["http-nio-8080"]
09-Apr-2025 21:15:09.052 INFO [main] org.apache.catalina.startup.VersionLoggerListener.log Server version name:   Apache Tomcat/9.0.102
09-Apr-2025 21:15:09.058 INFO [main] org.apache.catalina.startup.VersionLoggerListener.log Server built:          Mar 3 2025 19:33:14 UTC
09-Apr-2025 21:15:09.058 INFO [main] org.apache.catalina.startup.VersionLoggerListener.log Server version number: 9.0.102.0
09-Apr-2025 21:15:09.058 INFO [main] org.apache.catalina.startup.VersionLoggerListener.log OS Name:               Windows 10
09-Apr-2025 21:15:09.058 INFO [main] org.apache.catalina.startup.VersionLoggerListener.log OS Version:            10.0
09-Apr-2025 21:15:09.058 INFO [main] org.apache.catalina.startup.VersionLoggerListener.log Architecture:          amd64
09-Apr-2025 21:15:09.058 INFO [main] org.apache.catalina.startup.VersionLoggerListener.log Java Home:             C:\Program Files\Java\jdk-22
09-Apr-2025 21:15:09.059 INFO [main] org.apache.catalina.startup.VersionLoggerListener.log JVM Version:           22.0.1+8-16
09-Apr-2025 21:15:09.059 INFO [main] org.apache.catalina.startup.VersionLoggerListener.log JVM Vendor:            Oracle Corporation
09-Apr-2025 21:15:09.059 INFO [main] org.apache.catalina.startup.VersionLoggerListener.log CATALINA_BASE:         C:\Users\OSHADHA\IdeaProjects\OOP-projectnew
09-Apr-2025 21:15:09.059 INFO [main] org.apache.catalina.startup.VersionLoggerListener.log CATALINA_HOME:         C:\Program Files\Apache Software Foundation\Tomcat 9.0
09-Apr-2025 21:15:09.067 INFO [main] org.apache.catalina.startup.VersionLoggerListener.log Command line argument: --add-opens=java.base/java.lang=ALL-UNNAMED
09-Apr-2025 21:15:09.067 INFO [main] org.apache.catalina.startup.VersionLoggerListener.log Command line argument: --add-opens=java.base/java.io=ALL-UNNAMED
09-Apr-2025 21:15:09.068 INFO [main] org.apache.catalina.startup.VersionLoggerListener.log Command line argument: --add-opens=java.base/java.util=ALL-UNNAMED
09-Apr-2025 21:15:09.068 INFO [main] org.apache.catalina.startup.VersionLoggerListener.log Command line argument: --add-opens=java.base/java.util.concurrent=ALL-UNNAMED
09-Apr-2025 21:15:09.068 INFO [main] org.apache.catalina.startup.VersionLoggerListener.log Command line argument: --add-opens=java.rmi/sun.rmi.transport=ALL-UNNAMED
09-Apr-2025 21:15:09.068 INFO [main] org.apache.catalina.startup.VersionLoggerListener.log Command line argument: -Dcatalina.home=C:\Program Files\Apache Software Foundation\Tomcat 9.0
09-Apr-2025 21:15:09.068 INFO [main] org.apache.catalina.startup.VersionLoggerListener.log Command line argument: -Dcatalina.base=C:\Users\OSHADHA\IdeaProjects\OOP-projectnew
09-Apr-2025 21:15:09.068 INFO [main] org.apache.catalina.startup.VersionLoggerListener.log Command line argument: -Djava.io.tmpdir=C:\Users\OSHADHA\IdeaProjects\OOP-projectnew\temp
09-Apr-2025 21:15:09.068 INFO [main] org.apache.catalina.startup.VersionLoggerListener.log Command line argument: -Djava.util.logging.config.file=C:\Users\OSHADHA\IdeaProjects\OOP-projectnew\conf\logging.properties
09-Apr-2025 21:15:09.068 INFO [main] org.apache.catalina.startup.VersionLoggerListener.log Command line argument: -Djava.util.logging.manager=org.apache.juli.ClassLoaderLogManager
09-Apr-2025 21:15:09.068 INFO [main] org.apache.catalina.startup.VersionLoggerListener.log Command line argument: -javaagent:C:\Program Files\JetBrains\IntelliJ IDEA 2024.3.5\lib\idea_rt.jar=54118
09-Apr-2025 21:15:09.068 INFO [main] org.apache.catalina.startup.VersionLoggerListener.log Command line argument: -Dfile.encoding=UTF-8
09-Apr-2025 21:15:09.068 INFO [main] org.apache.catalina.startup.VersionLoggerListener.log Command line argument: -Dsun.stdout.encoding=UTF-8
09-Apr-2025 21:15:09.068 INFO [main] org.apache.catalina.startup.VersionLoggerListener.log Command line argument: -Dsun.stderr.encoding=UTF-8
09-Apr-2025 21:15:09.072 INFO [main] org.apache.catalina.core.AprLifecycleListener.lifecycleEvent Loaded Apache Tomcat Native library [1.3.1] using APR version [1.7.4].
09-Apr-2025 21:15:09.072 INFO [main] org.apache.catalina.core.AprLifecycleListener.lifecycleEvent APR capabilities: IPv6 [true], sendfile [true], accept filters [false], random [true], UDS [true].
09-Apr-2025 21:15:09.072 INFO [main] org.apache.catalina.core.AprLifecycleListener.lifecycleEvent APR/OpenSSL configuration: useAprConnector [false], useOpenSSL [true]
09-Apr-2025 21:15:09.079 INFO [main] org.apache.catalina.core.AprLifecycleListener.initializeSSL OpenSSL successfully initialized [OpenSSL 3.0.14 4 Jun 2024]
09-Apr-2025 21:15:09.509 INFO [main] org.apache.coyote.AbstractProtocol.init Initializing ProtocolHandler ["http-nio-8080"]
09-Apr-2025 21:15:09.532 INFO [main] org.apache.catalina.startup.Catalina.load Server initialization in [689] milliseconds
09-Apr-2025 21:15:09.589 INFO [main] org.apache.catalina.core.StandardService.startInternal Starting service [Catalina]
09-Apr-2025 21:15:09.590 INFO [main] org.apache.catalina.core.StandardEngine.startInternal Starting Servlet engine: [Apache Tomcat/9.0.102]
09-Apr-2025 21:15:09.600 INFO [main] org.apache.catalina.startup.HostConfig.deployDescriptor Deploying deployment descriptor [C:\Users\OSHADHA\IdeaProjects\OOP-projectnew\conf\Catalina\localhost\OOP-projectnew.xml]
09-Apr-2025 21:15:09.991 INFO [main] org.apache.catalina.startup.HostConfig.deployDescriptor Deployment of deployment descriptor [C:\Users\OSHADHA\IdeaProjects\OOP-projectnew\conf\Catalina\localhost\OOP-projectnew.xml] has finished in [391] ms
09-Apr-2025 21:15:09.994 INFO [main] org.apache.coyote.AbstractProtocol.start Starting ProtocolHandler ["http-nio-8080"]
09-Apr-2025 21:15:10.015 INFO [main] org.apache.catalina.startup.Catalina.start Server startup in [481] milliseconds
09-Apr-2025 21:32:35.174 INFO [Thread-1] org.apache.coyote.AbstractProtocol.pause Pausing ProtocolHandler ["http-nio-8080"]
09-Apr-2025 21:32:35.185 INFO [Thread-1] org.apache.catalina.core.StandardService.stopInternal Stopping service [Catalina]
09-Apr-2025 21:32:35.195 INFO [Thread-1] org.apache.coyote.AbstractProtocol.stop Stopping ProtocolHandler ["http-nio-8080"]
09-Apr-2025 21:32:35.211 INFO [Thread-1] org.apache.coyote.AbstractProtocol.destroy Destroying ProtocolHandler ["http-nio-8080"]
09-Apr-2025 21:35:08.796 INFO [main] org.apache.catalina.startup.VersionLoggerListener.log Server version name:   Apache Tomcat/9.0.102
09-Apr-2025 21:35:08.800 INFO [main] org.apache.catalina.startup.VersionLoggerListener.log Server built:          Mar 3 2025 19:33:14 UTC
09-Apr-2025 21:35:08.800 INFO [main] org.apache.catalina.startup.VersionLoggerListener.log Server version number: 9.0.102.0
09-Apr-2025 21:35:08.800 INFO [main] org.apache.catalina.startup.VersionLoggerListener.log OS Name:               Windows 10
09-Apr-2025 21:35:08.800 INFO [main] org.apache.catalina.startup.VersionLoggerListener.log OS Version:            10.0
09-Apr-2025 21:35:08.800 INFO [main] org.apache.catalina.startup.VersionLoggerListener.log Architecture:          amd64
09-Apr-2025 21:35:08.800 INFO [main] org.apache.catalina.startup.VersionLoggerListener.log Java Home:             C:\Program Files\Java\jdk-22
09-Apr-2025 21:35:08.800 INFO [main] org.apache.catalina.startup.VersionLoggerListener.log JVM Version:           22.0.1+8-16
09-Apr-2025 21:35:08.801 INFO [main] org.apache.catalina.startup.VersionLoggerListener.log JVM Vendor:            Oracle Corporation
09-Apr-2025 21:35:08.801 INFO [main] org.apache.catalina.startup.VersionLoggerListener.log CATALINA_BASE:         C:\Users\OSHADHA\IdeaProjects\OOP-projectnew
09-Apr-2025 21:35:08.801 INFO [main] org.apache.catalina.startup.VersionLoggerListener.log CATALINA_HOME:         C:\Program Files\Apache Software Foundation\Tomcat 9.0
09-Apr-2025 21:35:08.809 INFO [main] org.apache.catalina.startup.VersionLoggerListener.log Command line argument: --add-opens=java.base/java.lang=ALL-UNNAMED
09-Apr-2025 21:35:08.809 INFO [main] org.apache.catalina.startup.VersionLoggerListener.log Command line argument: --add-opens=java.base/java.io=ALL-UNNAMED
09-Apr-2025 21:35:08.809 INFO [main] org.apache.catalina.startup.VersionLoggerListener.log Command line argument: --add-opens=java.base/java.util=ALL-UNNAMED
09-Apr-2025 21:35:08.809 INFO [main] org.apache.catalina.startup.VersionLoggerListener.log Command line argument: --add-opens=java.base/java.util.concurrent=ALL-UNNAMED
09-Apr-2025 21:35:08.809 INFO [main] org.apache.catalina.startup.VersionLoggerListener.log Command line argument: --add-opens=java.rmi/sun.rmi.transport=ALL-UNNAMED
09-Apr-2025 21:35:08.809 INFO [main] org.apache.catalina.startup.VersionLoggerListener.log Command line argument: -Dcatalina.home=C:\Program Files\Apache Software Foundation\Tomcat 9.0
09-Apr-2025 21:35:08.809 INFO [main] org.apache.catalina.startup.VersionLoggerListener.log Command line argument: -Dcatalina.base=C:\Users\OSHADHA\IdeaProjects\OOP-projectnew
09-Apr-2025 21:35:08.809 INFO [main] org.apache.catalina.startup.VersionLoggerListener.log Command line argument: -Djava.io.tmpdir=C:\Users\OSHADHA\IdeaProjects\OOP-projectnew\temp
09-Apr-2025 21:35:08.810 INFO [main] org.apache.catalina.startup.VersionLoggerListener.log Command line argument: -Djava.util.logging.config.file=C:\Users\OSHADHA\IdeaProjects\OOP-projectnew\conf\logging.properties
09-Apr-2025 21:35:08.810 INFO [main] org.apache.catalina.startup.VersionLoggerListener.log Command line argument: -Djava.util.logging.manager=org.apache.juli.ClassLoaderLogManager
09-Apr-2025 21:35:08.810 INFO [main] org.apache.catalina.startup.VersionLoggerListener.log Command line argument: -javaagent:C:\Program Files\JetBrains\IntelliJ IDEA 2024.3.5\lib\idea_rt.jar=54288
09-Apr-2025 21:35:08.810 INFO [main] org.apache.catalina.startup.VersionLoggerListener.log Command line argument: -Dfile.encoding=UTF-8
09-Apr-2025 21:35:08.810 INFO [main] org.apache.catalina.startup.VersionLoggerListener.log Command line argument: -Dsun.stdout.encoding=UTF-8
09-Apr-2025 21:35:08.810 INFO [main] org.apache.catalina.startup.VersionLoggerListener.log Command line argument: -Dsun.stderr.encoding=UTF-8
09-Apr-2025 21:35:08.814 INFO [main] org.apache.catalina.core.AprLifecycleListener.lifecycleEvent Loaded Apache Tomcat Native library [1.3.1] using APR version [1.7.4].
09-Apr-2025 21:35:08.814 INFO [main] org.apache.catalina.core.AprLifecycleListener.lifecycleEvent APR capabilities: IPv6 [true], sendfile [true], accept filters [false], random [true], UDS [true].
09-Apr-2025 21:35:08.814 INFO [main] org.apache.catalina.core.AprLifecycleListener.lifecycleEvent APR/OpenSSL configuration: useAprConnector [false], useOpenSSL [true]
09-Apr-2025 21:35:08.822 INFO [main] org.apache.catalina.core.AprLifecycleListener.initializeSSL OpenSSL successfully initialized [OpenSSL 3.0.14 4 Jun 2024]
09-Apr-2025 21:35:09.268 INFO [main] org.apache.coyote.AbstractProtocol.init Initializing ProtocolHandler ["http-nio-8080"]
09-Apr-2025 21:35:09.286 INFO [main] org.apache.catalina.startup.Catalina.load Server initialization in [710] milliseconds
09-Apr-2025 21:35:09.339 INFO [main] org.apache.catalina.core.StandardService.startInternal Starting service [Catalina]
09-Apr-2025 21:35:09.339 INFO [main] org.apache.catalina.core.StandardEngine.startInternal Starting Servlet engine: [Apache Tomcat/9.0.102]
09-Apr-2025 21:35:09.353 INFO [main] org.apache.catalina.startup.HostConfig.deployDescriptor Deploying deployment descriptor [C:\Users\OSHADHA\IdeaProjects\OOP-projectnew\conf\Catalina\localhost\OOP-projectnew.xml]
09-Apr-2025 21:35:09.784 INFO [main] org.apache.catalina.startup.HostConfig.deployDescriptor Deployment of deployment descriptor [C:\Users\OSHADHA\IdeaProjects\OOP-projectnew\conf\Catalina\localhost\OOP-projectnew.xml] has finished in [432] ms
09-Apr-2025 21:35:09.788 INFO [main] org.apache.coyote.AbstractProtocol.start Starting ProtocolHandler ["http-nio-8080"]
09-Apr-2025 21:35:09.812 INFO [main] org.apache.catalina.startup.Catalina.start Server startup in [524] milliseconds
09-Apr-2025 21:38:13.794 INFO [Thread-1] org.apache.coyote.AbstractProtocol.pause Pausing ProtocolHandler ["http-nio-8080"]
09-Apr-2025 21:38:13.805 INFO [Thread-1] org.apache.catalina.core.StandardService.stopInternal Stopping service [Catalina]
09-Apr-2025 21:38:13.816 INFO [Thread-1] org.apache.coyote.AbstractProtocol.stop Stopping ProtocolHandler ["http-nio-8080"]
09-Apr-2025 21:38:13.819 INFO [Thread-1] org.apache.coyote.AbstractProtocol.destroy Destroying ProtocolHandler ["http-nio-8080"]
09-Apr-2025 21:39:06.566 INFO [main] org.apache.catalina.startup.VersionLoggerListener.log Server version name:   Apache Tomcat/9.0.102
09-Apr-2025 21:39:06.570 INFO [main] org.apache.catalina.startup.VersionLoggerListener.log Server built:          Mar 3 2025 19:33:14 UTC
09-Apr-2025 21:39:06.570 INFO [main] org.apache.catalina.startup.VersionLoggerListener.log Server version number: 9.0.102.0
09-Apr-2025 21:39:06.570 INFO [main] org.apache.catalina.startup.VersionLoggerListener.log OS Name:               Windows 10
09-Apr-2025 21:39:06.570 INFO [main] org.apache.catalina.startup.VersionLoggerListener.log OS Version:            10.0
09-Apr-2025 21:39:06.570 INFO [main] org.apache.catalina.startup.VersionLoggerListener.log Architecture:          amd64
09-Apr-2025 21:39:06.570 INFO [main] org.apache.catalina.startup.VersionLoggerListener.log Java Home:             C:\Program Files\Java\jdk-22
09-Apr-2025 21:39:06.570 INFO [main] org.apache.catalina.startup.VersionLoggerListener.log JVM Version:           22.0.1+8-16
09-Apr-2025 21:39:06.570 INFO [main] org.apache.catalina.startup.VersionLoggerListener.log JVM Vendor:            Oracle Corporation
09-Apr-2025 21:39:06.570 INFO [main] org.apache.catalina.startup.VersionLoggerListener.log CATALINA_BASE:         C:\Users\OSHADHA\IdeaProjects\OOP-projectnew
09-Apr-2025 21:39:06.570 INFO [main] org.apache.catalina.startup.VersionLoggerListener.log CATALINA_HOME:         C:\Program Files\Apache Software Foundation\Tomcat 9.0
09-Apr-2025 21:39:06.577 INFO [main] org.apache.catalina.startup.VersionLoggerListener.log Command line argument: --add-opens=java.base/java.lang=ALL-UNNAMED
09-Apr-2025 21:39:06.577 INFO [main] org.apache.catalina.startup.VersionLoggerListener.log Command line argument: --add-opens=java.base/java.io=ALL-UNNAMED
09-Apr-2025 21:39:06.577 INFO [main] org.apache.catalina.startup.VersionLoggerListener.log Command line argument: --add-opens=java.base/java.util=ALL-UNNAMED
09-Apr-2025 21:39:06.578 INFO [main] org.apache.catalina.startup.VersionLoggerListener.log Command line argument: --add-opens=java.base/java.util.concurrent=ALL-UNNAMED
09-Apr-2025 21:39:06.578 INFO [main] org.apache.catalina.startup.VersionLoggerListener.log Command line argument: --add-opens=java.rmi/sun.rmi.transport=ALL-UNNAMED
09-Apr-2025 21:39:06.578 INFO [main] org.apache.catalina.startup.VersionLoggerListener.log Command line argument: -Dcatalina.home=C:\Program Files\Apache Software Foundation\Tomcat 9.0
09-Apr-2025 21:39:06.578 INFO [main] org.apache.catalina.startup.VersionLoggerListener.log Command line argument: -Dcatalina.base=C:\Users\OSHADHA\IdeaProjects\OOP-projectnew
09-Apr-2025 21:39:06.578 INFO [main] org.apache.catalina.startup.VersionLoggerListener.log Command line argument: -Djava.io.tmpdir=C:\Users\OSHADHA\IdeaProjects\OOP-projectnew\temp
09-Apr-2025 21:39:06.578 INFO [main] org.apache.catalina.startup.VersionLoggerListener.log Command line argument: -Djava.util.logging.config.file=C:\Users\OSHADHA\IdeaProjects\OOP-projectnew\conf\logging.properties
09-Apr-2025 21:39:06.578 INFO [main] org.apache.catalina.startup.VersionLoggerListener.log Command line argument: -Djava.util.logging.manager=org.apache.juli.ClassLoaderLogManager
09-Apr-2025 21:39:06.578 INFO [main] org.apache.catalina.startup.VersionLoggerListener.log Command line argument: -javaagent:C:\Program Files\JetBrains\IntelliJ IDEA 2024.3.5\lib\idea_rt.jar=54372
09-Apr-2025 21:39:06.578 INFO [main] org.apache.catalina.startup.VersionLoggerListener.log Command line argument: -Dfile.encoding=UTF-8
09-Apr-2025 21:39:06.578 INFO [main] org.apache.catalina.startup.VersionLoggerListener.log Command line argument: -Dsun.stdout.encoding=UTF-8
09-Apr-2025 21:39:06.578 INFO [main] org.apache.catalina.startup.VersionLoggerListener.log Command line argument: -Dsun.stderr.encoding=UTF-8
09-Apr-2025 21:39:06.583 INFO [main] org.apache.catalina.core.AprLifecycleListener.lifecycleEvent Loaded Apache Tomcat Native library [1.3.1] using APR version [1.7.4].
09-Apr-2025 21:39:06.583 INFO [main] org.apache.catalina.core.AprLifecycleListener.lifecycleEvent APR capabilities: IPv6 [true], sendfile [true], accept filters [false], random [true], UDS [true].
09-Apr-2025 21:39:06.583 INFO [main] org.apache.catalina.core.AprLifecycleListener.lifecycleEvent APR/OpenSSL configuration: useAprConnector [false], useOpenSSL [true]
09-Apr-2025 21:39:06.589 INFO [main] org.apache.catalina.core.AprLifecycleListener.initializeSSL OpenSSL successfully initialized [OpenSSL 3.0.14 4 Jun 2024]
09-Apr-2025 21:39:07.015 INFO [main] org.apache.coyote.AbstractProtocol.init Initializing ProtocolHandler ["http-nio-8080"]
09-Apr-2025 21:39:07.038 INFO [main] org.apache.catalina.startup.Catalina.load Server initialization in [681] milliseconds
09-Apr-2025 21:39:07.097 INFO [main] org.apache.catalina.core.StandardService.startInternal Starting service [Catalina]
09-Apr-2025 21:39:07.097 INFO [main] org.apache.catalina.core.StandardEngine.startInternal Starting Servlet engine: [Apache Tomcat/9.0.102]
09-Apr-2025 21:39:07.107 INFO [main] org.apache.catalina.startup.HostConfig.deployDescriptor Deploying deployment descriptor [C:\Users\OSHADHA\IdeaProjects\OOP-projectnew\conf\Catalina\localhost\OOP-projectnew.xml]
09-Apr-2025 21:39:07.503 INFO [main] org.apache.catalina.startup.HostConfig.deployDescriptor Deployment of deployment descriptor [C:\Users\OSHADHA\IdeaProjects\OOP-projectnew\conf\Catalina\localhost\OOP-projectnew.xml] has finished in [396] ms
09-Apr-2025 21:39:07.505 INFO [main] org.apache.coyote.AbstractProtocol.start Starting ProtocolHandler ["http-nio-8080"]
09-Apr-2025 21:39:07.526 INFO [main] org.apache.catalina.startup.Catalina.start Server startup in [486] milliseconds
09-Apr-2025 21:40:36.711 INFO [Thread-1] org.apache.coyote.AbstractProtocol.pause Pausing ProtocolHandler ["http-nio-8080"]
09-Apr-2025 21:40:36.722 INFO [Thread-1] org.apache.catalina.core.StandardService.stopInternal Stopping service [Catalina]
09-Apr-2025 21:40:36.733 INFO [Thread-1] org.apache.coyote.AbstractProtocol.stop Stopping ProtocolHandler ["http-nio-8080"]
09-Apr-2025 21:40:36.758 INFO [Thread-1] org.apache.coyote.AbstractProtocol.destroy Destroying ProtocolHandler ["http-nio-8080"]
09-Apr-2025 21:40:38.447 INFO [main] org.apache.catalina.startup.VersionLoggerListener.log Server version name:   Apache Tomcat/9.0.102
09-Apr-2025 21:40:38.453 INFO [main] org.apache.catalina.startup.VersionLoggerListener.log Server built:          Mar 3 2025 19:33:14 UTC
09-Apr-2025 21:40:38.453 INFO [main] org.apache.catalina.startup.VersionLoggerListener.log Server version number: 9.0.102.0
09-Apr-2025 21:40:38.453 INFO [main] org.apache.catalina.startup.VersionLoggerListener.log OS Name:               Windows 10
09-Apr-2025 21:40:38.453 INFO [main] org.apache.catalina.startup.VersionLoggerListener.log OS Version:            10.0
09-Apr-2025 21:40:38.453 INFO [main] org.apache.catalina.startup.VersionLoggerListener.log Architecture:          amd64
09-Apr-2025 21:40:38.453 INFO [main] org.apache.catalina.startup.VersionLoggerListener.log Java Home:             C:\Program Files\Java\jdk-22
09-Apr-2025 21:40:38.453 INFO [main] org.apache.catalina.startup.VersionLoggerListener.log JVM Version:           22.0.1+8-16
09-Apr-2025 21:40:38.454 INFO [main] org.apache.catalina.startup.VersionLoggerListener.log JVM Vendor:            Oracle Corporation
09-Apr-2025 21:40:38.454 INFO [main] org.apache.catalina.startup.VersionLoggerListener.log CATALINA_BASE:         C:\Users\OSHADHA\IdeaProjects\OOP-projectnew
09-Apr-2025 21:40:38.454 INFO [main] org.apache.catalina.startup.VersionLoggerListener.log CATALINA_HOME:         C:\Program Files\Apache Software Foundation\Tomcat 9.0
09-Apr-2025 21:40:38.464 INFO [main] org.apache.catalina.startup.VersionLoggerListener.log Command line argument: --add-opens=java.base/java.lang=ALL-UNNAMED
09-Apr-2025 21:40:38.464 INFO [main] org.apache.catalina.startup.VersionLoggerListener.log Command line argument: --add-opens=java.base/java.io=ALL-UNNAMED
09-Apr-2025 21:40:38.464 INFO [main] org.apache.catalina.startup.VersionLoggerListener.log Command line argument: --add-opens=java.base/java.util=ALL-UNNAMED
09-Apr-2025 21:40:38.465 INFO [main] org.apache.catalina.startup.VersionLoggerListener.log Command line argument: --add-opens=java.base/java.util.concurrent=ALL-UNNAMED
09-Apr-2025 21:40:38.465 INFO [main] org.apache.catalina.startup.VersionLoggerListener.log Command line argument: --add-opens=java.rmi/sun.rmi.transport=ALL-UNNAMED
09-Apr-2025 21:40:38.465 INFO [main] org.apache.catalina.startup.VersionLoggerListener.log Command line argument: -Dcatalina.home=C:\Program Files\Apache Software Foundation\Tomcat 9.0
09-Apr-2025 21:40:38.465 INFO [main] org.apache.catalina.startup.VersionLoggerListener.log Command line argument: -Dcatalina.base=C:\Users\OSHADHA\IdeaProjects\OOP-projectnew
09-Apr-2025 21:40:38.465 INFO [main] org.apache.catalina.startup.VersionLoggerListener.log Command line argument: -Djava.io.tmpdir=C:\Users\OSHADHA\IdeaProjects\OOP-projectnew\temp
09-Apr-2025 21:40:38.465 INFO [main] org.apache.catalina.startup.VersionLoggerListener.log Command line argument: -Djava.util.logging.config.file=C:\Users\OSHADHA\IdeaProjects\OOP-projectnew\conf\logging.properties
09-Apr-2025 21:40:38.465 INFO [main] org.apache.catalina.startup.VersionLoggerListener.log Command line argument: -Djava.util.logging.manager=org.apache.juli.ClassLoaderLogManager
09-Apr-2025 21:40:38.465 INFO [main] org.apache.catalina.startup.VersionLoggerListener.log Command line argument: -javaagent:C:\Program Files\JetBrains\IntelliJ IDEA 2024.3.5\lib\idea_rt.jar=54402
09-Apr-2025 21:40:38.466 INFO [main] org.apache.catalina.startup.VersionLoggerListener.log Command line argument: -Dfile.encoding=UTF-8
09-Apr-2025 21:40:38.466 INFO [main] org.apache.catalina.startup.VersionLoggerListener.log Command line argument: -Dsun.stdout.encoding=UTF-8
09-Apr-2025 21:40:38.466 INFO [main] org.apache.catalina.startup.VersionLoggerListener.log Command line argument: -Dsun.stderr.encoding=UTF-8
09-Apr-2025 21:40:38.471 INFO [main] org.apache.catalina.core.AprLifecycleListener.lifecycleEvent Loaded Apache Tomcat Native library [1.3.1] using APR version [1.7.4].
09-Apr-2025 21:40:38.471 INFO [main] org.apache.catalina.core.AprLifecycleListener.lifecycleEvent APR capabilities: IPv6 [true], sendfile [true], accept filters [false], random [true], UDS [true].
09-Apr-2025 21:40:38.471 INFO [main] org.apache.catalina.core.AprLifecycleListener.lifecycleEvent APR/OpenSSL configuration: useAprConnector [false], useOpenSSL [true]
09-Apr-2025 21:40:38.478 INFO [main] org.apache.catalina.core.AprLifecycleListener.initializeSSL OpenSSL successfully initialized [OpenSSL 3.0.14 4 Jun 2024]
09-Apr-2025 21:40:38.917 INFO [main] org.apache.coyote.AbstractProtocol.init Initializing ProtocolHandler ["http-nio-8080"]
09-Apr-2025 21:40:38.937 INFO [main] org.apache.catalina.startup.Catalina.load Server initialization in [898] milliseconds
09-Apr-2025 21:40:38.992 INFO [main] org.apache.catalina.core.StandardService.startInternal Starting service [Catalina]
09-Apr-2025 21:40:38.993 INFO [main] org.apache.catalina.core.StandardEngine.startInternal Starting Servlet engine: [Apache Tomcat/9.0.102]
09-Apr-2025 21:40:39.003 INFO [main] org.apache.catalina.startup.HostConfig.deployDescriptor Deploying deployment descriptor [C:\Users\OSHADHA\IdeaProjects\OOP-projectnew\conf\Catalina\localhost\OOP-projectnew.xml]
09-Apr-2025 21:40:39.456 INFO [main] org.apache.catalina.startup.HostConfig.deployDescriptor Deployment of deployment descriptor [C:\Users\OSHADHA\IdeaProjects\OOP-projectnew\conf\Catalina\localhost\OOP-projectnew.xml] has finished in [453] ms
09-Apr-2025 21:40:39.460 INFO [main] org.apache.coyote.AbstractProtocol.start Starting ProtocolHandler ["http-nio-8080"]
09-Apr-2025 21:40:39.482 INFO [main] org.apache.catalina.startup.Catalina.start Server startup in [543] milliseconds
09-Apr-2025 21:42:03.677 INFO [Thread-1] org.apache.coyote.AbstractProtocol.pause Pausing ProtocolHandler ["http-nio-8080"]
09-Apr-2025 21:42:03.687 INFO [Thread-1] org.apache.catalina.core.StandardService.stopInternal Stopping service [Catalina]
09-Apr-2025 21:42:03.698 INFO [Thread-1] org.apache.coyote.AbstractProtocol.stop Stopping ProtocolHandler ["http-nio-8080"]
09-Apr-2025 21:42:03.700 INFO [Thread-1] org.apache.coyote.AbstractProtocol.destroy Destroying ProtocolHandler ["http-nio-8080"]
09-Apr-2025 21:42:05.911 INFO [main] org.apache.catalina.startup.VersionLoggerListener.log Server version name:   Apache Tomcat/9.0.102
09-Apr-2025 21:42:05.917 INFO [main] org.apache.catalina.startup.VersionLoggerListener.log Server built:          Mar 3 2025 19:33:14 UTC
09-Apr-2025 21:42:05.917 INFO [main] org.apache.catalina.startup.VersionLoggerListener.log Server version number: 9.0.102.0
09-Apr-2025 21:42:05.917 INFO [main] org.apache.catalina.startup.VersionLoggerListener.log OS Name:               Windows 10
09-Apr-2025 21:42:05.917 INFO [main] org.apache.catalina.startup.VersionLoggerListener.log OS Version:            10.0
09-Apr-2025 21:42:05.917 INFO [main] org.apache.catalina.startup.VersionLoggerListener.log Architecture:          amd64
09-Apr-2025 21:42:05.917 INFO [main] org.apache.catalina.startup.VersionLoggerListener.log Java Home:             C:\Program Files\Java\jdk-22
09-Apr-2025 21:42:05.918 INFO [main] org.apache.catalina.startup.VersionLoggerListener.log JVM Version:           22.0.1+8-16
09-Apr-2025 21:42:05.918 INFO [main] org.apache.catalina.startup.VersionLoggerListener.log JVM Vendor:            Oracle Corporation
09-Apr-2025 21:42:05.918 INFO [main] org.apache.catalina.startup.VersionLoggerListener.log CATALINA_BASE:         C:\Users\OSHADHA\IdeaProjects\OOP-projectnew
09-Apr-2025 21:42:05.918 INFO [main] org.apache.catalina.startup.VersionLoggerListener.log CATALINA_HOME:         C:\Program Files\Apache Software Foundation\Tomcat 9.0
09-Apr-2025 21:42:05.929 INFO [main] org.apache.catalina.startup.VersionLoggerListener.log Command line argument: --add-opens=java.base/java.lang=ALL-UNNAMED
09-Apr-2025 21:42:05.929 INFO [main] org.apache.catalina.startup.VersionLoggerListener.log Command line argument: --add-opens=java.base/java.io=ALL-UNNAMED
09-Apr-2025 21:42:05.929 INFO [main] org.apache.catalina.startup.VersionLoggerListener.log Command line argument: --add-opens=java.base/java.util=ALL-UNNAMED
09-Apr-2025 21:42:05.929 INFO [main] org.apache.catalina.startup.VersionLoggerListener.log Command line argument: --add-opens=java.base/java.util.concurrent=ALL-UNNAMED
09-Apr-2025 21:42:05.930 INFO [main] org.apache.catalina.startup.VersionLoggerListener.log Command line argument: --add-opens=java.rmi/sun.rmi.transport=ALL-UNNAMED
09-Apr-2025 21:42:05.930 INFO [main] org.apache.catalina.startup.VersionLoggerListener.log Command line argument: -Dcatalina.home=C:\Program Files\Apache Software Foundation\Tomcat 9.0
09-Apr-2025 21:42:05.930 INFO [main] org.apache.catalina.startup.VersionLoggerListener.log Command line argument: -Dcatalina.base=C:\Users\OSHADHA\IdeaProjects\OOP-projectnew
09-Apr-2025 21:42:05.930 INFO [main] org.apache.catalina.startup.VersionLoggerListener.log Command line argument: -Djava.io.tmpdir=C:\Users\OSHADHA\IdeaProjects\OOP-projectnew\temp
09-Apr-2025 21:42:05.930 INFO [main] org.apache.catalina.startup.VersionLoggerListener.log Command line argument: -Djava.util.logging.config.file=C:\Users\OSHADHA\IdeaProjects\OOP-projectnew\conf\logging.properties
09-Apr-2025 21:42:05.930 INFO [main] org.apache.catalina.startup.VersionLoggerListener.log Command line argument: -Djava.util.logging.manager=org.apache.juli.ClassLoaderLogManager
09-Apr-2025 21:42:05.930 INFO [main] org.apache.catalina.startup.VersionLoggerListener.log Command line argument: -javaagent:C:\Program Files\JetBrains\IntelliJ IDEA 2024.3.5\lib\idea_rt.jar=54426
09-Apr-2025 21:42:05.930 INFO [main] org.apache.catalina.startup.VersionLoggerListener.log Command line argument: -Dfile.encoding=UTF-8
09-Apr-2025 21:42:05.930 INFO [main] org.apache.catalina.startup.VersionLoggerListener.log Command line argument: -Dsun.stdout.encoding=UTF-8
09-Apr-2025 21:42:05.930 INFO [main] org.apache.catalina.startup.VersionLoggerListener.log Command line argument: -Dsun.stderr.encoding=UTF-8
09-Apr-2025 21:42:05.935 INFO [main] org.apache.catalina.core.AprLifecycleListener.lifecycleEvent Loaded Apache Tomcat Native library [1.3.1] using APR version [1.7.4].
09-Apr-2025 21:42:05.935 INFO [main] org.apache.catalina.core.AprLifecycleListener.lifecycleEvent APR capabilities: IPv6 [true], sendfile [true], accept filters [false], random [true], UDS [true].
09-Apr-2025 21:42:05.935 INFO [main] org.apache.catalina.core.AprLifecycleListener.lifecycleEvent APR/OpenSSL configuration: useAprConnector [false], useOpenSSL [true]
09-Apr-2025 21:42:05.944 INFO [main] org.apache.catalina.core.AprLifecycleListener.initializeSSL OpenSSL successfully initialized [OpenSSL 3.0.14 4 Jun 2024]
09-Apr-2025 21:42:06.392 INFO [main] org.apache.coyote.AbstractProtocol.init Initializing ProtocolHandler ["http-nio-8080"]
09-Apr-2025 21:42:06.410 INFO [main] org.apache.catalina.startup.Catalina.load Server initialization in [842] milliseconds
09-Apr-2025 21:42:06.465 INFO [main] org.apache.catalina.core.StandardService.startInternal Starting service [Catalina]
09-Apr-2025 21:42:06.465 INFO [main] org.apache.catalina.core.StandardEngine.startInternal Starting Servlet engine: [Apache Tomcat/9.0.102]
09-Apr-2025 21:42:06.475 INFO [main] org.apache.catalina.startup.HostConfig.deployDescriptor Deploying deployment descriptor [C:\Users\OSHADHA\IdeaProjects\OOP-projectnew\conf\Catalina\localhost\OOP-projectnew.xml]
09-Apr-2025 21:42:06.914 INFO [main] org.apache.catalina.startup.HostConfig.deployDescriptor Deployment of deployment descriptor [C:\Users\OSHADHA\IdeaProjects\OOP-projectnew\conf\Catalina\localhost\OOP-projectnew.xml] has finished in [439] ms
09-Apr-2025 21:42:06.920 INFO [main] org.apache.coyote.AbstractProtocol.start Starting ProtocolHandler ["http-nio-8080"]
09-Apr-2025 21:42:06.945 INFO [main] org.apache.catalina.startup.Catalina.start Server startup in [532] milliseconds
09-Apr-2025 21:47:11.264 INFO [Thread-1] org.apache.coyote.AbstractProtocol.pause Pausing ProtocolHandler ["http-nio-8080"]
09-Apr-2025 21:47:11.274 INFO [Thread-1] org.apache.catalina.core.StandardService.stopInternal Stopping service [Catalina]
09-Apr-2025 21:47:11.285 INFO [Thread-1] org.apache.coyote.AbstractProtocol.stop Stopping ProtocolHandler ["http-nio-8080"]
09-Apr-2025 21:47:11.297 INFO [Thread-1] org.apache.coyote.AbstractProtocol.destroy Destroying ProtocolHandler ["http-nio-8080"]
09-Apr-2025 21:53:37.776 INFO [main] org.apache.catalina.startup.VersionLoggerListener.log Server version name:   Apache Tomcat/9.0.102
09-Apr-2025 21:53:37.781 INFO [main] org.apache.catalina.startup.VersionLoggerListener.log Server built:          Mar 3 2025 19:33:14 UTC
09-Apr-2025 21:53:37.782 INFO [main] org.apache.catalina.startup.VersionLoggerListener.log Server version number: 9.0.102.0
09-Apr-2025 21:53:37.782 INFO [main] org.apache.catalina.startup.VersionLoggerListener.log OS Name:               Windows 10
09-Apr-2025 21:53:37.782 INFO [main] org.apache.catalina.startup.VersionLoggerListener.log OS Version:            10.0
09-Apr-2025 21:53:37.782 INFO [main] org.apache.catalina.startup.VersionLoggerListener.log Architecture:          amd64
09-Apr-2025 21:53:37.782 INFO [main] org.apache.catalina.startup.VersionLoggerListener.log Java Home:             C:\Program Files\Java\jdk-22
09-Apr-2025 21:53:37.782 INFO [main] org.apache.catalina.startup.VersionLoggerListener.log JVM Version:           22.0.1+8-16
09-Apr-2025 21:53:37.782 INFO [main] org.apache.catalina.startup.VersionLoggerListener.log JVM Vendor:            Oracle Corporation
09-Apr-2025 21:53:37.782 INFO [main] org.apache.catalina.startup.VersionLoggerListener.log CATALINA_BASE:         C:\Users\OSHADHA\IdeaProjects\OOP-projectnew
09-Apr-2025 21:53:37.782 INFO [main] org.apache.catalina.startup.VersionLoggerListener.log CATALINA_HOME:         C:\Program Files\Apache Software Foundation\Tomcat 9.0
09-Apr-2025 21:53:37.794 INFO [main] org.apache.catalina.startup.VersionLoggerListener.log Command line argument: --add-opens=java.base/java.lang=ALL-UNNAMED
09-Apr-2025 21:53:37.794 INFO [main] org.apache.catalina.startup.VersionLoggerListener.log Command line argument: --add-opens=java.base/java.io=ALL-UNNAMED
09-Apr-2025 21:53:37.794 INFO [main] org.apache.catalina.startup.VersionLoggerListener.log Command line argument: --add-opens=java.base/java.util=ALL-UNNAMED
09-Apr-2025 21:53:37.794 INFO [main] org.apache.catalina.startup.VersionLoggerListener.log Command line argument: --add-opens=java.base/java.util.concurrent=ALL-UNNAMED
09-Apr-2025 21:53:37.794 INFO [main] org.apache.catalina.startup.VersionLoggerListener.log Command line argument: --add-opens=java.rmi/sun.rmi.transport=ALL-UNNAMED
09-Apr-2025 21:53:37.795 INFO [main] org.apache.catalina.startup.VersionLoggerListener.log Command line argument: -Dcatalina.home=C:\Program Files\Apache Software Foundation\Tomcat 9.0
09-Apr-2025 21:53:37.795 INFO [main] org.apache.catalina.startup.VersionLoggerListener.log Command line argument: -Dcatalina.base=C:\Users\OSHADHA\IdeaProjects\OOP-projectnew
09-Apr-2025 21:53:37.795 INFO [main] org.apache.catalina.startup.VersionLoggerListener.log Command line argument: -Djava.io.tmpdir=C:\Users\OSHADHA\IdeaProjects\OOP-projectnew\temp
09-Apr-2025 21:53:37.795 INFO [main] org.apache.catalina.startup.VersionLoggerListener.log Command line argument: -Djava.util.logging.config.file=C:\Users\OSHADHA\IdeaProjects\OOP-projectnew\conf\logging.properties
09-Apr-2025 21:53:37.795 INFO [main] org.apache.catalina.startup.VersionLoggerListener.log Command line argument: -Djava.util.logging.manager=org.apache.juli.ClassLoaderLogManager
09-Apr-2025 21:53:37.795 INFO [main] org.apache.catalina.startup.VersionLoggerListener.log Command line argument: -javaagent:C:\Program Files\JetBrains\IntelliJ IDEA 2024.3.5\lib\idea_rt.jar=54568
09-Apr-2025 21:53:37.795 INFO [main] org.apache.catalina.startup.VersionLoggerListener.log Command line argument: -Dfile.encoding=UTF-8
09-Apr-2025 21:53:37.795 INFO [main] org.apache.catalina.startup.VersionLoggerListener.log Command line argument: -Dsun.stdout.encoding=UTF-8
09-Apr-2025 21:53:37.795 INFO [main] org.apache.catalina.startup.VersionLoggerListener.log Command line argument: -Dsun.stderr.encoding=UTF-8
09-Apr-2025 21:53:37.801 INFO [main] org.apache.catalina.core.AprLifecycleListener.lifecycleEvent Loaded Apache Tomcat Native library [1.3.1] using APR version [1.7.4].
09-Apr-2025 21:53:37.801 INFO [main] org.apache.catalina.core.AprLifecycleListener.lifecycleEvent APR capabilities: IPv6 [true], sendfile [true], accept filters [false], random [true], UDS [true].
09-Apr-2025 21:53:37.801 INFO [main] org.apache.catalina.core.AprLifecycleListener.lifecycleEvent APR/OpenSSL configuration: useAprConnector [false], useOpenSSL [true]
09-Apr-2025 21:53:37.809 INFO [main] org.apache.catalina.core.AprLifecycleListener.initializeSSL OpenSSL successfully initialized [OpenSSL 3.0.14 4 Jun 2024]
09-Apr-2025 21:53:38.323 INFO [main] org.apache.coyote.AbstractProtocol.init Initializing ProtocolHandler ["http-nio-8080"]
09-Apr-2025 21:53:38.345 INFO [main] org.apache.catalina.startup.Catalina.load Server initialization in [816] milliseconds
09-Apr-2025 21:53:38.404 INFO [main] org.apache.catalina.core.StandardService.startInternal Starting service [Catalina]
09-Apr-2025 21:53:38.404 INFO [main] org.apache.catalina.core.StandardEngine.startInternal Starting Servlet engine: [Apache Tomcat/9.0.102]
09-Apr-2025 21:53:38.414 INFO [main] org.apache.catalina.startup.HostConfig.deployDescriptor Deploying deployment descriptor [C:\Users\OSHADHA\IdeaProjects\OOP-projectnew\conf\Catalina\localhost\OOP-projectnew.xml]
09-Apr-2025 21:53:38.895 INFO [main] org.apache.catalina.startup.HostConfig.deployDescriptor Deployment of deployment descriptor [C:\Users\OSHADHA\IdeaProjects\OOP-projectnew\conf\Catalina\localhost\OOP-projectnew.xml] has finished in [481] ms
09-Apr-2025 21:53:38.901 INFO [main] org.apache.coyote.AbstractProtocol.start Starting ProtocolHandler ["http-nio-8080"]
09-Apr-2025 21:53:38.923 INFO [main] org.apache.catalina.startup.Catalina.start Server startup in [575] milliseconds
09-Apr-2025 21:54:25.102 INFO [Thread-1] org.apache.coyote.AbstractProtocol.pause Pausing ProtocolHandler ["http-nio-8080"]
09-Apr-2025 21:54:25.113 INFO [Thread-1] org.apache.catalina.core.StandardService.stopInternal Stopping service [Catalina]
09-Apr-2025 21:54:25.123 INFO [Thread-1] org.apache.coyote.AbstractProtocol.stop Stopping ProtocolHandler ["http-nio-8080"]
09-Apr-2025 21:54:25.127 INFO [Thread-1] org.apache.coyote.AbstractProtocol.destroy Destroying ProtocolHandler ["http-nio-8080"]
09-Apr-2025 22:20:54.974 INFO [main] org.apache.catalina.startup.VersionLoggerListener.log Server version name:   Apache Tomcat/9.0.102
09-Apr-2025 22:20:54.979 INFO [main] org.apache.catalina.startup.VersionLoggerListener.log Server built:          Mar 3 2025 19:33:14 UTC
09-Apr-2025 22:20:54.980 INFO [main] org.apache.catalina.startup.VersionLoggerListener.log Server version number: 9.0.102.0
09-Apr-2025 22:20:54.980 INFO [main] org.apache.catalina.startup.VersionLoggerListener.log OS Name:               Windows 10
09-Apr-2025 22:20:54.980 INFO [main] org.apache.catalina.startup.VersionLoggerListener.log OS Version:            10.0
09-Apr-2025 22:20:54.980 INFO [main] org.apache.catalina.startup.VersionLoggerListener.log Architecture:          amd64
09-Apr-2025 22:20:54.980 INFO [main] org.apache.catalina.startup.VersionLoggerListener.log Java Home:             C:\Program Files\Java\jdk-22
09-Apr-2025 22:20:54.981 INFO [main] org.apache.catalina.startup.VersionLoggerListener.log JVM Version:           22.0.1+8-16
09-Apr-2025 22:20:54.981 INFO [main] org.apache.catalina.startup.VersionLoggerListener.log JVM Vendor:            Oracle Corporation
09-Apr-2025 22:20:54.981 INFO [main] org.apache.catalina.startup.VersionLoggerListener.log CATALINA_BASE:         C:\Users\OSHADHA\IdeaProjects\OOP-projectnew
09-Apr-2025 22:20:54.981 INFO [main] org.apache.catalina.startup.VersionLoggerListener.log CATALINA_HOME:         C:\Program Files\Apache Software Foundation\Tomcat 9.0
09-Apr-2025 22:20:54.990 INFO [main] org.apache.catalina.startup.VersionLoggerListener.log Command line argument: --add-opens=java.base/java.lang=ALL-UNNAMED
09-Apr-2025 22:20:54.990 INFO [main] org.apache.catalina.startup.VersionLoggerListener.log Command line argument: --add-opens=java.base/java.io=ALL-UNNAMED
09-Apr-2025 22:20:54.990 INFO [main] org.apache.catalina.startup.VersionLoggerListener.log Command line argument: --add-opens=java.base/java.util=ALL-UNNAMED
09-Apr-2025 22:20:54.990 INFO [main] org.apache.catalina.startup.VersionLoggerListener.log Command line argument: --add-opens=java.base/java.util.concurrent=ALL-UNNAMED
09-Apr-2025 22:20:54.990 INFO [main] org.apache.catalina.startup.VersionLoggerListener.log Command line argument: --add-opens=java.rmi/sun.rmi.transport=ALL-UNNAMED
09-Apr-2025 22:20:54.990 INFO [main] org.apache.catalina.startup.VersionLoggerListener.log Command line argument: -Dcatalina.home=C:\Program Files\Apache Software Foundation\Tomcat 9.0
09-Apr-2025 22:20:54.991 INFO [main] org.apache.catalina.startup.VersionLoggerListener.log Command line argument: -Dcatalina.base=C:\Users\OSHADHA\IdeaProjects\OOP-projectnew
09-Apr-2025 22:20:54.991 INFO [main] org.apache.catalina.startup.VersionLoggerListener.log Command line argument: -Djava.io.tmpdir=C:\Users\OSHADHA\IdeaProjects\OOP-projectnew\temp
09-Apr-2025 22:20:54.991 INFO [main] org.apache.catalina.startup.VersionLoggerListener.log Command line argument: -Djava.util.logging.config.file=C:\Users\OSHADHA\IdeaProjects\OOP-projectnew\conf\logging.properties
09-Apr-2025 22:20:54.991 INFO [main] org.apache.catalina.startup.VersionLoggerListener.log Command line argument: -Djava.util.logging.manager=org.apache.juli.ClassLoaderLogManager
09-Apr-2025 22:20:54.991 INFO [main] org.apache.catalina.startup.VersionLoggerListener.log Command line argument: -javaagent:C:\Program Files\JetBrains\IntelliJ IDEA 2024.3.5\lib\idea_rt.jar=54942
09-Apr-2025 22:20:54.991 INFO [main] org.apache.catalina.startup.VersionLoggerListener.log Command line argument: -Dfile.encoding=UTF-8
09-Apr-2025 22:20:54.991 INFO [main] org.apache.catalina.startup.VersionLoggerListener.log Command line argument: -Dsun.stdout.encoding=UTF-8
09-Apr-2025 22:20:54.991 INFO [main] org.apache.catalina.startup.VersionLoggerListener.log Command line argument: -Dsun.stderr.encoding=UTF-8
09-Apr-2025 22:20:54.999 INFO [main] org.apache.catalina.core.AprLifecycleListener.lifecycleEvent Loaded Apache Tomcat Native library [1.3.1] using APR version [1.7.4].
09-Apr-2025 22:20:54.999 INFO [main] org.apache.catalina.core.AprLifecycleListener.lifecycleEvent APR capabilities: IPv6 [true], sendfile [true], accept filters [false], random [true], UDS [true].
09-Apr-2025 22:20:54.999 INFO [main] org.apache.catalina.core.AprLifecycleListener.lifecycleEvent APR/OpenSSL configuration: useAprConnector [false], useOpenSSL [true]
09-Apr-2025 22:20:55.018 INFO [main] org.apache.catalina.core.AprLifecycleListener.initializeSSL OpenSSL successfully initialized [OpenSSL 3.0.14 4 Jun 2024]
09-Apr-2025 22:20:55.441 INFO [main] org.apache.coyote.AbstractProtocol.init Initializing ProtocolHandler ["http-nio-8080"]
09-Apr-2025 22:20:55.461 INFO [main] org.apache.catalina.startup.Catalina.load Server initialization in [774] milliseconds
09-Apr-2025 22:20:55.521 INFO [main] org.apache.catalina.core.StandardService.startInternal Starting service [Catalina]
09-Apr-2025 22:20:55.521 INFO [main] org.apache.catalina.core.StandardEngine.startInternal Starting Servlet engine: [Apache Tomcat/9.0.102]
09-Apr-2025 22:20:55.532 INFO [main] org.apache.catalina.startup.HostConfig.deployDescriptor Deploying deployment descriptor [C:\Users\OSHADHA\IdeaProjects\OOP-projectnew\conf\Catalina\localhost\OOP-projectnew.xml]
09-Apr-2025 22:20:55.941 INFO [main] org.apache.catalina.startup.HostConfig.deployDescriptor Deployment of deployment descriptor [C:\Users\OSHADHA\IdeaProjects\OOP-projectnew\conf\Catalina\localhost\OOP-projectnew.xml] has finished in [409] ms
09-Apr-2025 22:20:55.945 INFO [main] org.apache.coyote.AbstractProtocol.start Starting ProtocolHandler ["http-nio-8080"]
09-Apr-2025 22:20:55.969 INFO [main] org.apache.catalina.startup.Catalina.start Server startup in [506] milliseconds
09-Apr-2025 22:48:19.834 INFO [Thread-1] org.apache.coyote.AbstractProtocol.pause Pausing ProtocolHandler ["http-nio-8080"]
09-Apr-2025 22:48:19.845 INFO [Thread-1] org.apache.catalina.core.StandardService.stopInternal Stopping service [Catalina]
09-Apr-2025 22:48:19.861 INFO [Thread-1] org.apache.coyote.AbstractProtocol.stop Stopping ProtocolHandler ["http-nio-8080"]
09-Apr-2025 22:48:19.883 INFO [Thread-1] org.apache.coyote.AbstractProtocol.destroy Destroying ProtocolHandler ["http-nio-8080"]
09-Apr-2025 22:52:36.535 INFO [main] org.apache.catalina.startup.VersionLoggerListener.log Server version name:   Apache Tomcat/9.0.102
09-Apr-2025 22:52:36.541 INFO [main] org.apache.catalina.startup.VersionLoggerListener.log Server built:          Mar 3 2025 19:33:14 UTC
09-Apr-2025 22:52:36.541 INFO [main] org.apache.catalina.startup.VersionLoggerListener.log Server version number: 9.0.102.0
09-Apr-2025 22:52:36.541 INFO [main] org.apache.catalina.startup.VersionLoggerListener.log OS Name:               Windows 10
09-Apr-2025 22:52:36.541 INFO [main] org.apache.catalina.startup.VersionLoggerListener.log OS Version:            10.0
09-Apr-2025 22:52:36.541 INFO [main] org.apache.catalina.startup.VersionLoggerListener.log Architecture:          amd64
09-Apr-2025 22:52:36.541 INFO [main] org.apache.catalina.startup.VersionLoggerListener.log Java Home:             C:\Program Files\Java\jdk-22
09-Apr-2025 22:52:36.542 INFO [main] org.apache.catalina.startup.VersionLoggerListener.log JVM Version:           22.0.1+8-16
09-Apr-2025 22:52:36.542 INFO [main] org.apache.catalina.startup.VersionLoggerListener.log JVM Vendor:            Oracle Corporation
09-Apr-2025 22:52:36.542 INFO [main] org.apache.catalina.startup.VersionLoggerListener.log CATALINA_BASE:         C:\Users\OSHADHA\IdeaProjects\OOP-projectnew
09-Apr-2025 22:52:36.542 INFO [main] org.apache.catalina.startup.VersionLoggerListener.log CATALINA_HOME:         C:\Program Files\Apache Software Foundation\Tomcat 9.0
09-Apr-2025 22:52:36.551 INFO [main] org.apache.catalina.startup.VersionLoggerListener.log Command line argument: --add-opens=java.base/java.lang=ALL-UNNAMED
09-Apr-2025 22:52:36.551 INFO [main] org.apache.catalina.startup.VersionLoggerListener.log Command line argument: --add-opens=java.base/java.io=ALL-UNNAMED
09-Apr-2025 22:52:36.551 INFO [main] org.apache.catalina.startup.VersionLoggerListener.log Command line argument: --add-opens=java.base/java.util=ALL-UNNAMED
09-Apr-2025 22:52:36.551 INFO [main] org.apache.catalina.startup.VersionLoggerListener.log Command line argument: --add-opens=java.base/java.util.concurrent=ALL-UNNAMED
09-Apr-2025 22:52:36.551 INFO [main] org.apache.catalina.startup.VersionLoggerListener.log Command line argument: --add-opens=java.rmi/sun.rmi.transport=ALL-UNNAMED
09-Apr-2025 22:52:36.551 INFO [main] org.apache.catalina.startup.VersionLoggerListener.log Command line argument: -Dcatalina.home=C:\Program Files\Apache Software Foundation\Tomcat 9.0
09-Apr-2025 22:52:36.551 INFO [main] org.apache.catalina.startup.VersionLoggerListener.log Command line argument: -Dcatalina.base=C:\Users\OSHADHA\IdeaProjects\OOP-projectnew
09-Apr-2025 22:52:36.551 INFO [main] org.apache.catalina.startup.VersionLoggerListener.log Command line argument: -Djava.io.tmpdir=C:\Users\OSHADHA\IdeaProjects\OOP-projectnew\temp
09-Apr-2025 22:52:36.551 INFO [main] org.apache.catalina.startup.VersionLoggerListener.log Command line argument: -Djava.util.logging.config.file=C:\Users\OSHADHA\IdeaProjects\OOP-projectnew\conf\logging.properties
09-Apr-2025 22:52:36.551 INFO [main] org.apache.catalina.startup.VersionLoggerListener.log Command line argument: -Djava.util.logging.manager=org.apache.juli.ClassLoaderLogManager
09-Apr-2025 22:52:36.551 INFO [main] org.apache.catalina.startup.VersionLoggerListener.log Command line argument: -javaagent:C:\Program Files\JetBrains\IntelliJ IDEA 2024.3.5\lib\idea_rt.jar=55246
09-Apr-2025 22:52:36.551 INFO [main] org.apache.catalina.startup.VersionLoggerListener.log Command line argument: -Dfile.encoding=UTF-8
09-Apr-2025 22:52:36.551 INFO [main] org.apache.catalina.startup.VersionLoggerListener.log Command line argument: -Dsun.stdout.encoding=UTF-8
09-Apr-2025 22:52:36.552 INFO [main] org.apache.catalina.startup.VersionLoggerListener.log Command line argument: -Dsun.stderr.encoding=UTF-8
09-Apr-2025 22:52:36.559 INFO [main] org.apache.catalina.core.AprLifecycleListener.lifecycleEvent Loaded Apache Tomcat Native library [1.3.1] using APR version [1.7.4].
09-Apr-2025 22:52:36.559 INFO [main] org.apache.catalina.core.AprLifecycleListener.lifecycleEvent APR capabilities: IPv6 [true], sendfile [true], accept filters [false], random [true], UDS [true].
09-Apr-2025 22:52:36.559 INFO [main] org.apache.catalina.core.AprLifecycleListener.lifecycleEvent APR/OpenSSL configuration: useAprConnector [false], useOpenSSL [true]
09-Apr-2025 22:52:36.591 INFO [main] org.apache.catalina.core.AprLifecycleListener.initializeSSL OpenSSL successfully initialized [OpenSSL 3.0.14 4 Jun 2024]
09-Apr-2025 22:52:37.055 INFO [main] org.apache.coyote.AbstractProtocol.init Initializing ProtocolHandler ["http-nio-8080"]
09-Apr-2025 22:52:37.079 INFO [main] org.apache.catalina.startup.Catalina.load Server initialization in [837] milliseconds
09-Apr-2025 22:52:37.137 INFO [main] org.apache.catalina.core.StandardService.startInternal Starting service [Catalina]
09-Apr-2025 22:52:37.137 INFO [main] org.apache.catalina.core.StandardEngine.startInternal Starting Servlet engine: [Apache Tomcat/9.0.102]
09-Apr-2025 22:52:37.147 INFO [main] org.apache.catalina.startup.HostConfig.deployDescriptor Deploying deployment descriptor [C:\Users\OSHADHA\IdeaProjects\OOP-projectnew\conf\Catalina\localhost\OOP-projectnew.xml]
09-Apr-2025 22:52:37.607 INFO [main] org.apache.catalina.startup.HostConfig.deployDescriptor Deployment of deployment descriptor [C:\Users\OSHADHA\IdeaProjects\OOP-projectnew\conf\Catalina\localhost\OOP-projectnew.xml] has finished in [459] ms
09-Apr-2025 22:52:37.613 INFO [main] org.apache.coyote.AbstractProtocol.start Starting ProtocolHandler ["http-nio-8080"]
09-Apr-2025 22:52:37.645 INFO [main] org.apache.catalina.startup.Catalina.start Server startup in [564] milliseconds
09-Apr-2025 22:57:54.086 INFO [Thread-1] org.apache.coyote.AbstractProtocol.pause Pausing ProtocolHandler ["http-nio-8080"]
09-Apr-2025 22:57:54.097 INFO [Thread-1] org.apache.catalina.core.StandardService.stopInternal Stopping service [Catalina]
09-Apr-2025 22:57:54.112 INFO [Thread-1] org.apache.coyote.AbstractProtocol.stop Stopping ProtocolHandler ["http-nio-8080"]
09-Apr-2025 22:57:54.131 INFO [Thread-1] org.apache.coyote.AbstractProtocol.destroy Destroying ProtocolHandler ["http-nio-8080"]
09-Apr-2025 22:57:56.434 INFO [main] org.apache.catalina.startup.VersionLoggerListener.log Server version name:   Apache Tomcat/9.0.102
09-Apr-2025 22:57:56.438 INFO [main] org.apache.catalina.startup.VersionLoggerListener.log Server built:          Mar 3 2025 19:33:14 UTC
09-Apr-2025 22:57:56.438 INFO [main] org.apache.catalina.startup.VersionLoggerListener.log Server version number: 9.0.102.0
09-Apr-2025 22:57:56.438 INFO [main] org.apache.catalina.startup.VersionLoggerListener.log OS Name:               Windows 10
09-Apr-2025 22:57:56.438 INFO [main] org.apache.catalina.startup.VersionLoggerListener.log OS Version:            10.0
09-Apr-2025 22:57:56.438 INFO [main] org.apache.catalina.startup.VersionLoggerListener.log Architecture:          amd64
09-Apr-2025 22:57:56.438 INFO [main] org.apache.catalina.startup.VersionLoggerListener.log Java Home:             C:\Program Files\Java\jdk-22
09-Apr-2025 22:57:56.438 INFO [main] org.apache.catalina.startup.VersionLoggerListener.log JVM Version:           22.0.1+8-16
09-Apr-2025 22:57:56.439 INFO [main] org.apache.catalina.startup.VersionLoggerListener.log JVM Vendor:            Oracle Corporation
09-Apr-2025 22:57:56.439 INFO [main] org.apache.catalina.startup.VersionLoggerListener.log CATALINA_BASE:         C:\Users\OSHADHA\IdeaProjects\OOP-projectnew
09-Apr-2025 22:57:56.439 INFO [main] org.apache.catalina.startup.VersionLoggerListener.log CATALINA_HOME:         C:\Program Files\Apache Software Foundation\Tomcat 9.0
09-Apr-2025 22:57:56.447 INFO [main] org.apache.catalina.startup.VersionLoggerListener.log Command line argument: --add-opens=java.base/java.lang=ALL-UNNAMED
09-Apr-2025 22:57:56.447 INFO [main] org.apache.catalina.startup.VersionLoggerListener.log Command line argument: --add-opens=java.base/java.io=ALL-UNNAMED
09-Apr-2025 22:57:56.447 INFO [main] org.apache.catalina.startup.VersionLoggerListener.log Command line argument: --add-opens=java.base/java.util=ALL-UNNAMED
09-Apr-2025 22:57:56.447 INFO [main] org.apache.catalina.startup.VersionLoggerListener.log Command line argument: --add-opens=java.base/java.util.concurrent=ALL-UNNAMED
09-Apr-2025 22:57:56.447 INFO [main] org.apache.catalina.startup.VersionLoggerListener.log Command line argument: --add-opens=java.rmi/sun.rmi.transport=ALL-UNNAMED
09-Apr-2025 22:57:56.447 INFO [main] org.apache.catalina.startup.VersionLoggerListener.log Command line argument: -Dcatalina.home=C:\Program Files\Apache Software Foundation\Tomcat 9.0
09-Apr-2025 22:57:56.447 INFO [main] org.apache.catalina.startup.VersionLoggerListener.log Command line argument: -Dcatalina.base=C:\Users\OSHADHA\IdeaProjects\OOP-projectnew
09-Apr-2025 22:57:56.447 INFO [main] org.apache.catalina.startup.VersionLoggerListener.log Command line argument: -Djava.io.tmpdir=C:\Users\OSHADHA\IdeaProjects\OOP-projectnew\temp
09-Apr-2025 22:57:56.448 INFO [main] org.apache.catalina.startup.VersionLoggerListener.log Command line argument: -Djava.util.logging.config.file=C:\Users\OSHADHA\IdeaProjects\OOP-projectnew\conf\logging.properties
09-Apr-2025 22:57:56.448 INFO [main] org.apache.catalina.startup.VersionLoggerListener.log Command line argument: -Djava.util.logging.manager=org.apache.juli.ClassLoaderLogManager
09-Apr-2025 22:57:56.448 INFO [main] org.apache.catalina.startup.VersionLoggerListener.log Command line argument: -javaagent:C:\Program Files\JetBrains\IntelliJ IDEA 2024.3.5\lib\idea_rt.jar=55312
09-Apr-2025 22:57:56.448 INFO [main] org.apache.catalina.startup.VersionLoggerListener.log Command line argument: -Dfile.encoding=UTF-8
09-Apr-2025 22:57:56.448 INFO [main] org.apache.catalina.startup.VersionLoggerListener.log Command line argument: -Dsun.stdout.encoding=UTF-8
09-Apr-2025 22:57:56.448 INFO [main] org.apache.catalina.startup.VersionLoggerListener.log Command line argument: -Dsun.stderr.encoding=UTF-8
09-Apr-2025 22:57:56.452 INFO [main] org.apache.catalina.core.AprLifecycleListener.lifecycleEvent Loaded Apache Tomcat Native library [1.3.1] using APR version [1.7.4].
09-Apr-2025 22:57:56.452 INFO [main] org.apache.catalina.core.AprLifecycleListener.lifecycleEvent APR capabilities: IPv6 [true], sendfile [true], accept filters [false], random [true], UDS [true].
09-Apr-2025 22:57:56.452 INFO [main] org.apache.catalina.core.AprLifecycleListener.lifecycleEvent APR/OpenSSL configuration: useAprConnector [false], useOpenSSL [true]
09-Apr-2025 22:57:56.460 INFO [main] org.apache.catalina.core.AprLifecycleListener.initializeSSL OpenSSL successfully initialized [OpenSSL 3.0.14 4 Jun 2024]
09-Apr-2025 22:57:56.902 INFO [main] org.apache.coyote.AbstractProtocol.init Initializing ProtocolHandler ["http-nio-8080"]
09-Apr-2025 22:57:56.924 INFO [main] org.apache.catalina.startup.Catalina.load Server initialization in [772] milliseconds
09-Apr-2025 22:57:56.979 INFO [main] org.apache.catalina.core.StandardService.startInternal Starting service [Catalina]
09-Apr-2025 22:57:56.979 INFO [main] org.apache.catalina.core.StandardEngine.startInternal Starting Servlet engine: [Apache Tomcat/9.0.102]
09-Apr-2025 22:57:56.988 INFO [main] org.apache.catalina.startup.HostConfig.deployDescriptor Deploying deployment descriptor [C:\Users\OSHADHA\IdeaProjects\OOP-projectnew\conf\Catalina\localhost\OOP-projectnew.xml]
09-Apr-2025 22:57:57.454 INFO [main] org.apache.catalina.startup.HostConfig.deployDescriptor Deployment of deployment descriptor [C:\Users\OSHADHA\IdeaProjects\OOP-projectnew\conf\Catalina\localhost\OOP-projectnew.xml] has finished in [466] ms
09-Apr-2025 22:57:57.458 INFO [main] org.apache.coyote.AbstractProtocol.start Starting ProtocolHandler ["http-nio-8080"]
09-Apr-2025 22:57:57.478 INFO [main] org.apache.catalina.startup.Catalina.start Server startup in [553] milliseconds
09-Apr-2025 23:01:51.343 INFO [Thread-1] org.apache.coyote.AbstractProtocol.pause Pausing ProtocolHandler ["http-nio-8080"]
09-Apr-2025 23:01:51.352 INFO [Thread-1] org.apache.catalina.core.StandardService.stopInternal Stopping service [Catalina]
09-Apr-2025 23:01:51.362 INFO [Thread-1] org.apache.coyote.AbstractProtocol.stop Stopping ProtocolHandler ["http-nio-8080"]
09-Apr-2025 23:01:51.365 INFO [Thread-1] org.apache.coyote.AbstractProtocol.destroy Destroying ProtocolHandler ["http-nio-8080"]
09-Apr-2025 23:03:24.452 INFO [main] org.apache.catalina.startup.VersionLoggerListener.log Server version name:   Apache Tomcat/9.0.102
09-Apr-2025 23:03:24.457 INFO [main] org.apache.catalina.startup.VersionLoggerListener.log Server built:          Mar 3 2025 19:33:14 UTC
09-Apr-2025 23:03:24.458 INFO [main] org.apache.catalina.startup.VersionLoggerListener.log Server version number: 9.0.102.0
09-Apr-2025 23:03:24.458 INFO [main] org.apache.catalina.startup.VersionLoggerListener.log OS Name:               Windows 10
09-Apr-2025 23:03:24.458 INFO [main] org.apache.catalina.startup.VersionLoggerListener.log OS Version:            10.0
09-Apr-2025 23:03:24.458 INFO [main] org.apache.catalina.startup.VersionLoggerListener.log Architecture:          amd64
09-Apr-2025 23:03:24.458 INFO [main] org.apache.catalina.startup.VersionLoggerListener.log Java Home:             C:\Program Files\Java\jdk-22
09-Apr-2025 23:03:24.458 INFO [main] org.apache.catalina.startup.VersionLoggerListener.log JVM Version:           22.0.1+8-16
09-Apr-2025 23:03:24.459 INFO [main] org.apache.catalina.startup.VersionLoggerListener.log JVM Vendor:            Oracle Corporation
09-Apr-2025 23:03:24.459 INFO [main] org.apache.catalina.startup.VersionLoggerListener.log CATALINA_BASE:         C:\Users\OSHADHA\IdeaProjects\OOP-projectnew
09-Apr-2025 23:03:24.459 INFO [main] org.apache.catalina.startup.VersionLoggerListener.log CATALINA_HOME:         C:\Program Files\Apache Software Foundation\Tomcat 9.0
09-Apr-2025 23:03:24.471 INFO [main] org.apache.catalina.startup.VersionLoggerListener.log Command line argument: --add-opens=java.base/java.lang=ALL-UNNAMED
09-Apr-2025 23:03:24.471 INFO [main] org.apache.catalina.startup.VersionLoggerListener.log Command line argument: --add-opens=java.base/java.io=ALL-UNNAMED
09-Apr-2025 23:03:24.471 INFO [main] org.apache.catalina.startup.VersionLoggerListener.log Command line argument: --add-opens=java.base/java.util=ALL-UNNAMED
09-Apr-2025 23:03:24.471 INFO [main] org.apache.catalina.startup.VersionLoggerListener.log Command line argument: --add-opens=java.base/java.util.concurrent=ALL-UNNAMED
09-Apr-2025 23:03:24.471 INFO [main] org.apache.catalina.startup.VersionLoggerListener.log Command line argument: --add-opens=java.rmi/sun.rmi.transport=ALL-UNNAMED
09-Apr-2025 23:03:24.471 INFO [main] org.apache.catalina.startup.VersionLoggerListener.log Command line argument: -Dcatalina.home=C:\Program Files\Apache Software Foundation\Tomcat 9.0
09-Apr-2025 23:03:24.471 INFO [main] org.apache.catalina.startup.VersionLoggerListener.log Command line argument: -Dcatalina.base=C:\Users\OSHADHA\IdeaProjects\OOP-projectnew
09-Apr-2025 23:03:24.471 INFO [main] org.apache.catalina.startup.VersionLoggerListener.log Command line argument: -Djava.io.tmpdir=C:\Users\OSHADHA\IdeaProjects\OOP-projectnew\temp
09-Apr-2025 23:03:24.471 INFO [main] org.apache.catalina.startup.VersionLoggerListener.log Command line argument: -Djava.util.logging.config.file=C:\Users\OSHADHA\IdeaProjects\OOP-projectnew\conf\logging.properties
09-Apr-2025 23:03:24.472 INFO [main] org.apache.catalina.startup.VersionLoggerListener.log Command line argument: -Djava.util.logging.manager=org.apache.juli.ClassLoaderLogManager
09-Apr-2025 23:03:24.472 INFO [main] org.apache.catalina.startup.VersionLoggerListener.log Command line argument: -javaagent:C:\Program Files\JetBrains\IntelliJ IDEA 2024.3.5\lib\idea_rt.jar=55381
09-Apr-2025 23:03:24.472 INFO [main] org.apache.catalina.startup.VersionLoggerListener.log Command line argument: -Dfile.encoding=UTF-8
09-Apr-2025 23:03:24.472 INFO [main] org.apache.catalina.startup.VersionLoggerListener.log Command line argument: -Dsun.stdout.encoding=UTF-8
09-Apr-2025 23:03:24.472 INFO [main] org.apache.catalina.startup.VersionLoggerListener.log Command line argument: -Dsun.stderr.encoding=UTF-8
09-Apr-2025 23:03:24.478 INFO [main] org.apache.catalina.core.AprLifecycleListener.lifecycleEvent Loaded Apache Tomcat Native library [1.3.1] using APR version [1.7.4].
09-Apr-2025 23:03:24.478 INFO [main] org.apache.catalina.core.AprLifecycleListener.lifecycleEvent APR capabilities: IPv6 [true], sendfile [true], accept filters [false], random [true], UDS [true].
09-Apr-2025 23:03:24.478 INFO [main] org.apache.catalina.core.AprLifecycleListener.lifecycleEvent APR/OpenSSL configuration: useAprConnector [false], useOpenSSL [true]
09-Apr-2025 23:03:24.489 INFO [main] org.apache.catalina.core.AprLifecycleListener.initializeSSL OpenSSL successfully initialized [OpenSSL 3.0.14 4 Jun 2024]
09-Apr-2025 23:03:24.892 INFO [main] org.apache.coyote.AbstractProtocol.init Initializing ProtocolHandler ["http-nio-8080"]
09-Apr-2025 23:03:24.910 INFO [main] org.apache.catalina.startup.Catalina.load Server initialization in [740] milliseconds
09-Apr-2025 23:03:24.963 INFO [main] org.apache.catalina.core.StandardService.startInternal Starting service [Catalina]
09-Apr-2025 23:03:24.964 INFO [main] org.apache.catalina.core.StandardEngine.startInternal Starting Servlet engine: [Apache Tomcat/9.0.102]
09-Apr-2025 23:03:24.974 INFO [main] org.apache.catalina.startup.HostConfig.deployDescriptor Deploying deployment descriptor [C:\Users\OSHADHA\IdeaProjects\OOP-projectnew\conf\Catalina\localhost\OOP-projectnew.xml]
09-Apr-2025 23:03:25.358 INFO [main] org.apache.catalina.startup.HostConfig.deployDescriptor Deployment of deployment descriptor [C:\Users\OSHADHA\IdeaProjects\OOP-projectnew\conf\Catalina\localhost\OOP-projectnew.xml] has finished in [384] ms
09-Apr-2025 23:03:25.361 INFO [main] org.apache.coyote.AbstractProtocol.start Starting ProtocolHandler ["http-nio-8080"]
09-Apr-2025 23:03:25.382 INFO [main] org.apache.catalina.startup.Catalina.start Server startup in [470] milliseconds
09-Apr-2025 23:04:56.004 INFO [Thread-1] org.apache.coyote.AbstractProtocol.pause Pausing ProtocolHandler ["http-nio-8080"]
09-Apr-2025 23:04:56.012 INFO [Thread-1] org.apache.catalina.core.StandardService.stopInternal Stopping service [Catalina]
09-Apr-2025 23:04:56.024 INFO [Thread-1] org.apache.coyote.AbstractProtocol.stop Stopping ProtocolHandler ["http-nio-8080"]
09-Apr-2025 23:04:56.036 INFO [Thread-1] org.apache.coyote.AbstractProtocol.destroy Destroying ProtocolHandler ["http-nio-8080"]
09-Apr-2025 23:04:58.639 INFO [main] org.apache.catalina.startup.VersionLoggerListener.log Server version name:   Apache Tomcat/9.0.102
09-Apr-2025 23:04:58.642 INFO [main] org.apache.catalina.startup.VersionLoggerListener.log Server built:          Mar 3 2025 19:33:14 UTC
09-Apr-2025 23:04:58.642 INFO [main] org.apache.catalina.startup.VersionLoggerListener.log Server version number: 9.0.102.0
09-Apr-2025 23:04:58.642 INFO [main] org.apache.catalina.startup.VersionLoggerListener.log OS Name:               Windows 10
09-Apr-2025 23:04:58.642 INFO [main] org.apache.catalina.startup.VersionLoggerListener.log OS Version:            10.0
09-Apr-2025 23:04:58.643 INFO [main] org.apache.catalina.startup.VersionLoggerListener.log Architecture:          amd64
09-Apr-2025 23:04:58.643 INFO [main] org.apache.catalina.startup.VersionLoggerListener.log Java Home:             C:\Program Files\Java\jdk-22
09-Apr-2025 23:04:58.643 INFO [main] org.apache.catalina.startup.VersionLoggerListener.log JVM Version:           22.0.1+8-16
09-Apr-2025 23:04:58.643 INFO [main] org.apache.catalina.startup.VersionLoggerListener.log JVM Vendor:            Oracle Corporation
09-Apr-2025 23:04:58.643 INFO [main] org.apache.catalina.startup.VersionLoggerListener.log CATALINA_BASE:         C:\Users\OSHADHA\IdeaProjects\OOP-projectnew
09-Apr-2025 23:04:58.643 INFO [main] org.apache.catalina.startup.VersionLoggerListener.log CATALINA_HOME:         C:\Program Files\Apache Software Foundation\Tomcat 9.0
09-Apr-2025 23:04:58.650 INFO [main] org.apache.catalina.startup.VersionLoggerListener.log Command line argument: --add-opens=java.base/java.lang=ALL-UNNAMED
09-Apr-2025 23:04:58.650 INFO [main] org.apache.catalina.startup.VersionLoggerListener.log Command line argument: --add-opens=java.base/java.io=ALL-UNNAMED
09-Apr-2025 23:04:58.650 INFO [main] org.apache.catalina.startup.VersionLoggerListener.log Command line argument: --add-opens=java.base/java.util=ALL-UNNAMED
09-Apr-2025 23:04:58.650 INFO [main] org.apache.catalina.startup.VersionLoggerListener.log Command line argument: --add-opens=java.base/java.util.concurrent=ALL-UNNAMED
09-Apr-2025 23:04:58.651 INFO [main] org.apache.catalina.startup.VersionLoggerListener.log Command line argument: --add-opens=java.rmi/sun.rmi.transport=ALL-UNNAMED
09-Apr-2025 23:04:58.651 INFO [main] org.apache.catalina.startup.VersionLoggerListener.log Command line argument: -Dcatalina.home=C:\Program Files\Apache Software Foundation\Tomcat 9.0
09-Apr-2025 23:04:58.651 INFO [main] org.apache.catalina.startup.VersionLoggerListener.log Command line argument: -Dcatalina.base=C:\Users\OSHADHA\IdeaProjects\OOP-projectnew
09-Apr-2025 23:04:58.651 INFO [main] org.apache.catalina.startup.VersionLoggerListener.log Command line argument: -Djava.io.tmpdir=C:\Users\OSHADHA\IdeaProjects\OOP-projectnew\temp
09-Apr-2025 23:04:58.651 INFO [main] org.apache.catalina.startup.VersionLoggerListener.log Command line argument: -Djava.util.logging.config.file=C:\Users\OSHADHA\IdeaProjects\OOP-projectnew\conf\logging.properties
09-Apr-2025 23:04:58.652 INFO [main] org.apache.catalina.startup.VersionLoggerListener.log Command line argument: -Djava.util.logging.manager=org.apache.juli.ClassLoaderLogManager
09-Apr-2025 23:04:58.652 INFO [main] org.apache.catalina.startup.VersionLoggerListener.log Command line argument: -javaagent:C:\Program Files\JetBrains\IntelliJ IDEA 2024.3.5\lib\idea_rt.jar=55401
09-Apr-2025 23:04:58.652 INFO [main] org.apache.catalina.startup.VersionLoggerListener.log Command line argument: -Dfile.encoding=UTF-8
09-Apr-2025 23:04:58.652 INFO [main] org.apache.catalina.startup.VersionLoggerListener.log Command line argument: -Dsun.stdout.encoding=UTF-8
09-Apr-2025 23:04:58.652 INFO [main] org.apache.catalina.startup.VersionLoggerListener.log Command line argument: -Dsun.stderr.encoding=UTF-8
09-Apr-2025 23:04:58.657 INFO [main] org.apache.catalina.core.AprLifecycleListener.lifecycleEvent Loaded Apache Tomcat Native library [1.3.1] using APR version [1.7.4].
09-Apr-2025 23:04:58.657 INFO [main] org.apache.catalina.core.AprLifecycleListener.lifecycleEvent APR capabilities: IPv6 [true], sendfile [true], accept filters [false], random [true], UDS [true].
09-Apr-2025 23:04:58.657 INFO [main] org.apache.catalina.core.AprLifecycleListener.lifecycleEvent APR/OpenSSL configuration: useAprConnector [false], useOpenSSL [true]
09-Apr-2025 23:04:58.665 INFO [main] org.apache.catalina.core.AprLifecycleListener.initializeSSL OpenSSL successfully initialized [OpenSSL 3.0.14 4 Jun 2024]
09-Apr-2025 23:04:59.198 INFO [main] org.apache.coyote.AbstractProtocol.init Initializing ProtocolHandler ["http-nio-8080"]
09-Apr-2025 23:04:59.220 INFO [main] org.apache.catalina.startup.Catalina.load Server initialization in [860] milliseconds
09-Apr-2025 23:04:59.273 INFO [main] org.apache.catalina.core.StandardService.startInternal Starting service [Catalina]
09-Apr-2025 23:04:59.273 INFO [main] org.apache.catalina.core.StandardEngine.startInternal Starting Servlet engine: [Apache Tomcat/9.0.102]
09-Apr-2025 23:04:59.281 INFO [main] org.apache.catalina.startup.HostConfig.deployDescriptor Deploying deployment descriptor [C:\Users\OSHADHA\IdeaProjects\OOP-projectnew\conf\Catalina\localhost\OOP-projectnew.xml]
09-Apr-2025 23:04:59.742 INFO [main] org.apache.catalina.startup.HostConfig.deployDescriptor Deployment of deployment descriptor [C:\Users\OSHADHA\IdeaProjects\OOP-projectnew\conf\Catalina\localhost\OOP-projectnew.xml] has finished in [461] ms
09-Apr-2025 23:04:59.745 INFO [main] org.apache.coyote.AbstractProtocol.start Starting ProtocolHandler ["http-nio-8080"]
09-Apr-2025 23:04:59.771 INFO [main] org.apache.catalina.startup.Catalina.start Server startup in [548] milliseconds
09-Apr-2025 23:09:15.316 INFO [Thread-1] org.apache.coyote.AbstractProtocol.pause Pausing ProtocolHandler ["http-nio-8080"]
09-Apr-2025 23:09:15.328 INFO [Thread-1] org.apache.catalina.core.StandardService.stopInternal Stopping service [Catalina]
09-Apr-2025 23:09:15.346 INFO [Thread-1] org.apache.coyote.AbstractProtocol.stop Stopping ProtocolHandler ["http-nio-8080"]
09-Apr-2025 23:09:15.366 INFO [Thread-1] org.apache.coyote.AbstractProtocol.destroy Destroying ProtocolHandler ["http-nio-8080"]
09-Apr-2025 23:11:47.540 INFO [main] org.apache.catalina.startup.VersionLoggerListener.log Server version name:   Apache Tomcat/9.0.102
09-Apr-2025 23:11:47.546 INFO [main] org.apache.catalina.startup.VersionLoggerListener.log Server built:          Mar 3 2025 19:33:14 UTC
09-Apr-2025 23:11:47.547 INFO [main] org.apache.catalina.startup.VersionLoggerListener.log Server version number: 9.0.102.0
09-Apr-2025 23:11:47.547 INFO [main] org.apache.catalina.startup.VersionLoggerListener.log OS Name:               Windows 10
09-Apr-2025 23:11:47.547 INFO [main] org.apache.catalina.startup.VersionLoggerListener.log OS Version:            10.0
09-Apr-2025 23:11:47.547 INFO [main] org.apache.catalina.startup.VersionLoggerListener.log Architecture:          amd64
09-Apr-2025 23:11:47.548 INFO [main] org.apache.catalina.startup.VersionLoggerListener.log Java Home:             C:\Program Files\Java\jdk-22
09-Apr-2025 23:11:47.548 INFO [main] org.apache.catalina.startup.VersionLoggerListener.log JVM Version:           22.0.1+8-16
09-Apr-2025 23:11:47.548 INFO [main] org.apache.catalina.startup.VersionLoggerListener.log JVM Vendor:            Oracle Corporation
09-Apr-2025 23:11:47.548 INFO [main] org.apache.catalina.startup.VersionLoggerListener.log CATALINA_BASE:         C:\Users\OSHADHA\IdeaProjects\OOP-projectnew
09-Apr-2025 23:11:47.548 INFO [main] org.apache.catalina.startup.VersionLoggerListener.log CATALINA_HOME:         C:\Program Files\Apache Software Foundation\Tomcat 9.0
09-Apr-2025 23:11:47.558 INFO [main] org.apache.catalina.startup.VersionLoggerListener.log Command line argument: --add-opens=java.base/java.lang=ALL-UNNAMED
09-Apr-2025 23:11:47.559 INFO [main] org.apache.catalina.startup.VersionLoggerListener.log Command line argument: --add-opens=java.base/java.io=ALL-UNNAMED
09-Apr-2025 23:11:47.559 INFO [main] org.apache.catalina.startup.VersionLoggerListener.log Command line argument: --add-opens=java.base/java.util=ALL-UNNAMED
09-Apr-2025 23:11:47.559 INFO [main] org.apache.catalina.startup.VersionLoggerListener.log Command line argument: --add-opens=java.base/java.util.concurrent=ALL-UNNAMED
09-Apr-2025 23:11:47.559 INFO [main] org.apache.catalina.startup.VersionLoggerListener.log Command line argument: --add-opens=java.rmi/sun.rmi.transport=ALL-UNNAMED
09-Apr-2025 23:11:47.559 INFO [main] org.apache.catalina.startup.VersionLoggerListener.log Command line argument: -Dcatalina.home=C:\Program Files\Apache Software Foundation\Tomcat 9.0
09-Apr-2025 23:11:47.559 INFO [main] org.apache.catalina.startup.VersionLoggerListener.log Command line argument: -Dcatalina.base=C:\Users\OSHADHA\IdeaProjects\OOP-projectnew
09-Apr-2025 23:11:47.559 INFO [main] org.apache.catalina.startup.VersionLoggerListener.log Command line argument: -Djava.io.tmpdir=C:\Users\OSHADHA\IdeaProjects\OOP-projectnew\temp
09-Apr-2025 23:11:47.560 INFO [main] org.apache.catalina.startup.VersionLoggerListener.log Command line argument: -Djava.util.logging.config.file=C:\Users\OSHADHA\IdeaProjects\OOP-projectnew\conf\logging.properties
09-Apr-2025 23:11:47.560 INFO [main] org.apache.catalina.startup.VersionLoggerListener.log Command line argument: -Djava.util.logging.manager=org.apache.juli.ClassLoaderLogManager
09-Apr-2025 23:11:47.560 INFO [main] org.apache.catalina.startup.VersionLoggerListener.log Command line argument: -javaagent:C:\Program Files\JetBrains\IntelliJ IDEA 2024.3.5\lib\idea_rt.jar=55600
09-Apr-2025 23:11:47.560 INFO [main] org.apache.catalina.startup.VersionLoggerListener.log Command line argument: -Dfile.encoding=UTF-8
09-Apr-2025 23:11:47.560 INFO [main] org.apache.catalina.startup.VersionLoggerListener.log Command line argument: -Dsun.stdout.encoding=UTF-8
09-Apr-2025 23:11:47.560 INFO [main] org.apache.catalina.startup.VersionLoggerListener.log Command line argument: -Dsun.stderr.encoding=UTF-8
09-Apr-2025 23:11:47.565 INFO [main] org.apache.catalina.core.AprLifecycleListener.lifecycleEvent Loaded Apache Tomcat Native library [1.3.1] using APR version [1.7.4].
09-Apr-2025 23:11:47.566 INFO [main] org.apache.catalina.core.AprLifecycleListener.lifecycleEvent APR capabilities: IPv6 [true], sendfile [true], accept filters [false], random [true], UDS [true].
09-Apr-2025 23:11:47.566 INFO [main] org.apache.catalina.core.AprLifecycleListener.lifecycleEvent APR/OpenSSL configuration: useAprConnector [false], useOpenSSL [true]
09-Apr-2025 23:11:47.574 INFO [main] org.apache.catalina.core.AprLifecycleListener.initializeSSL OpenSSL successfully initialized [OpenSSL 3.0.14 4 Jun 2024]
09-Apr-2025 23:11:48.002 INFO [main] org.apache.coyote.AbstractProtocol.init Initializing ProtocolHandler ["http-nio-8080"]
09-Apr-2025 23:11:48.023 INFO [main] org.apache.catalina.startup.Catalina.load Server initialization in [765] milliseconds
09-Apr-2025 23:11:48.076 INFO [main] org.apache.catalina.core.StandardService.startInternal Starting service [Catalina]
09-Apr-2025 23:11:48.077 INFO [main] org.apache.catalina.core.StandardEngine.startInternal Starting Servlet engine: [Apache Tomcat/9.0.102]
09-Apr-2025 23:11:48.086 INFO [main] org.apache.catalina.startup.HostConfig.deployDescriptor Deploying deployment descriptor [C:\Users\OSHADHA\IdeaProjects\OOP-projectnew\conf\Catalina\localhost\OOP-projectnew.xml]
09-Apr-2025 23:11:48.503 INFO [main] org.apache.catalina.startup.HostConfig.deployDescriptor Deployment of deployment descriptor [C:\Users\OSHADHA\IdeaProjects\OOP-projectnew\conf\Catalina\localhost\OOP-projectnew.xml] has finished in [417] ms
09-Apr-2025 23:11:48.506 INFO [main] org.apache.coyote.AbstractProtocol.start Starting ProtocolHandler ["http-nio-8080"]
09-Apr-2025 23:11:48.529 INFO [main] org.apache.catalina.startup.Catalina.start Server startup in [503] milliseconds
09-Apr-2025 23:14:59.976 INFO [Thread-1] org.apache.coyote.AbstractProtocol.pause Pausing ProtocolHandler ["http-nio-8080"]
09-Apr-2025 23:14:59.985 INFO [Thread-1] org.apache.catalina.core.StandardService.stopInternal Stopping service [Catalina]
09-Apr-2025 23:14:59.995 INFO [Thread-1] org.apache.coyote.AbstractProtocol.stop Stopping ProtocolHandler ["http-nio-8080"]
09-Apr-2025 23:14:59.998 INFO [Thread-1] org.apache.coyote.AbstractProtocol.destroy Destroying ProtocolHandler ["http-nio-8080"]
09-Apr-2025 23:15:01.852 INFO [main] org.apache.catalina.startup.VersionLoggerListener.log Server version name:   Apache Tomcat/9.0.102
09-Apr-2025 23:15:01.860 INFO [main] org.apache.catalina.startup.VersionLoggerListener.log Server built:          Mar 3 2025 19:33:14 UTC
09-Apr-2025 23:15:01.860 INFO [main] org.apache.catalina.startup.VersionLoggerListener.log Server version number: 9.0.102.0
09-Apr-2025 23:15:01.861 INFO [main] org.apache.catalina.startup.VersionLoggerListener.log OS Name:               Windows 10
09-Apr-2025 23:15:01.861 INFO [main] org.apache.catalina.startup.VersionLoggerListener.log OS Version:            10.0
09-Apr-2025 23:15:01.861 INFO [main] org.apache.catalina.startup.VersionLoggerListener.log Architecture:          amd64
09-Apr-2025 23:15:01.861 INFO [main] org.apache.catalina.startup.VersionLoggerListener.log Java Home:             C:\Program Files\Java\jdk-22
09-Apr-2025 23:15:01.861 INFO [main] org.apache.catalina.startup.VersionLoggerListener.log JVM Version:           22.0.1+8-16
09-Apr-2025 23:15:01.861 INFO [main] org.apache.catalina.startup.VersionLoggerListener.log JVM Vendor:            Oracle Corporation
09-Apr-2025 23:15:01.861 INFO [main] org.apache.catalina.startup.VersionLoggerListener.log CATALINA_BASE:         C:\Users\OSHADHA\IdeaProjects\OOP-projectnew
09-Apr-2025 23:15:01.861 INFO [main] org.apache.catalina.startup.VersionLoggerListener.log CATALINA_HOME:         C:\Program Files\Apache Software Foundation\Tomcat 9.0
09-Apr-2025 23:15:01.876 INFO [main] org.apache.catalina.startup.VersionLoggerListener.log Command line argument: --add-opens=java.base/java.lang=ALL-UNNAMED
09-Apr-2025 23:15:01.876 INFO [main] org.apache.catalina.startup.VersionLoggerListener.log Command line argument: --add-opens=java.base/java.io=ALL-UNNAMED
09-Apr-2025 23:15:01.876 INFO [main] org.apache.catalina.startup.VersionLoggerListener.log Command line argument: --add-opens=java.base/java.util=ALL-UNNAMED
09-Apr-2025 23:15:01.876 INFO [main] org.apache.catalina.startup.VersionLoggerListener.log Command line argument: --add-opens=java.base/java.util.concurrent=ALL-UNNAMED
09-Apr-2025 23:15:01.877 INFO [main] org.apache.catalina.startup.VersionLoggerListener.log Command line argument: --add-opens=java.rmi/sun.rmi.transport=ALL-UNNAMED
09-Apr-2025 23:15:01.877 INFO [main] org.apache.catalina.startup.VersionLoggerListener.log Command line argument: -Dcatalina.home=C:\Program Files\Apache Software Foundation\Tomcat 9.0
09-Apr-2025 23:15:01.877 INFO [main] org.apache.catalina.startup.VersionLoggerListener.log Command line argument: -Dcatalina.base=C:\Users\OSHADHA\IdeaProjects\OOP-projectnew
09-Apr-2025 23:15:01.877 INFO [main] org.apache.catalina.startup.VersionLoggerListener.log Command line argument: -Djava.io.tmpdir=C:\Users\OSHADHA\IdeaProjects\OOP-projectnew\temp
09-Apr-2025 23:15:01.877 INFO [main] org.apache.catalina.startup.VersionLoggerListener.log Command line argument: -Djava.util.logging.config.file=C:\Users\OSHADHA\IdeaProjects\OOP-projectnew\conf\logging.properties
09-Apr-2025 23:15:01.877 INFO [main] org.apache.catalina.startup.VersionLoggerListener.log Command line argument: -Djava.util.logging.manager=org.apache.juli.ClassLoaderLogManager
09-Apr-2025 23:15:01.877 INFO [main] org.apache.catalina.startup.VersionLoggerListener.log Command line argument: -javaagent:C:\Program Files\JetBrains\IntelliJ IDEA 2024.3.5\lib\idea_rt.jar=55626
09-Apr-2025 23:15:01.877 INFO [main] org.apache.catalina.startup.VersionLoggerListener.log Command line argument: -Dfile.encoding=UTF-8
09-Apr-2025 23:15:01.877 INFO [main] org.apache.catalina.startup.VersionLoggerListener.log Command line argument: -Dsun.stdout.encoding=UTF-8
09-Apr-2025 23:15:01.877 INFO [main] org.apache.catalina.startup.VersionLoggerListener.log Command line argument: -Dsun.stderr.encoding=UTF-8
09-Apr-2025 23:15:01.883 INFO [main] org.apache.catalina.core.AprLifecycleListener.lifecycleEvent Loaded Apache Tomcat Native library [1.3.1] using APR version [1.7.4].
09-Apr-2025 23:15:01.883 INFO [main] org.apache.catalina.core.AprLifecycleListener.lifecycleEvent APR capabilities: IPv6 [true], sendfile [true], accept filters [false], random [true], UDS [true].
09-Apr-2025 23:15:01.883 INFO [main] org.apache.catalina.core.AprLifecycleListener.lifecycleEvent APR/OpenSSL configuration: useAprConnector [false], useOpenSSL [true]
09-Apr-2025 23:15:01.900 INFO [main] org.apache.catalina.core.AprLifecycleListener.initializeSSL OpenSSL successfully initialized [OpenSSL 3.0.14 4 Jun 2024]
09-Apr-2025 23:15:02.312 INFO [main] org.apache.coyote.AbstractProtocol.init Initializing ProtocolHandler ["http-nio-8080"]
09-Apr-2025 23:15:02.335 INFO [main] org.apache.catalina.startup.Catalina.load Server initialization in [1075] milliseconds
09-Apr-2025 23:15:02.391 INFO [main] org.apache.catalina.core.StandardService.startInternal Starting service [Catalina]
09-Apr-2025 23:15:02.391 INFO [main] org.apache.catalina.core.StandardEngine.startInternal Starting Servlet engine: [Apache Tomcat/9.0.102]
09-Apr-2025 23:15:02.400 INFO [main] org.apache.catalina.startup.HostConfig.deployDescriptor Deploying deployment descriptor [C:\Users\OSHADHA\IdeaProjects\OOP-projectnew\conf\Catalina\localhost\OOP-projectnew.xml]
09-Apr-2025 23:15:02.831 INFO [main] org.apache.catalina.startup.HostConfig.deployDescriptor Deployment of deployment descriptor [C:\Users\OSHADHA\IdeaProjects\OOP-projectnew\conf\Catalina\localhost\OOP-projectnew.xml] has finished in [430] ms
09-Apr-2025 23:15:02.842 INFO [main] org.apache.coyote.AbstractProtocol.start Starting ProtocolHandler ["http-nio-8080"]
09-Apr-2025 23:15:02.877 INFO [main] org.apache.catalina.startup.Catalina.start Server startup in [539] milliseconds
09-Apr-2025 23:16:01.861 INFO [Thread-1] org.apache.coyote.AbstractProtocol.pause Pausing ProtocolHandler ["http-nio-8080"]
09-Apr-2025 23:16:01.871 INFO [Thread-1] org.apache.catalina.core.StandardService.stopInternal Stopping service [Catalina]
09-Apr-2025 23:16:01.880 INFO [Thread-1] org.apache.coyote.AbstractProtocol.stop Stopping ProtocolHandler ["http-nio-8080"]
09-Apr-2025 23:16:01.885 INFO [Thread-1] org.apache.coyote.AbstractProtocol.destroy Destroying ProtocolHandler ["http-nio-8080"]
09-Apr-2025 23:16:03.586 INFO [main] org.apache.catalina.startup.VersionLoggerListener.log Server version name:   Apache Tomcat/9.0.102
09-Apr-2025 23:16:03.590 INFO [main] org.apache.catalina.startup.VersionLoggerListener.log Server built:          Mar 3 2025 19:33:14 UTC
09-Apr-2025 23:16:03.591 INFO [main] org.apache.catalina.startup.VersionLoggerListener.log Server version number: 9.0.102.0
09-Apr-2025 23:16:03.591 INFO [main] org.apache.catalina.startup.VersionLoggerListener.log OS Name:               Windows 10
09-Apr-2025 23:16:03.591 INFO [main] org.apache.catalina.startup.VersionLoggerListener.log OS Version:            10.0
09-Apr-2025 23:16:03.591 INFO [main] org.apache.catalina.startup.VersionLoggerListener.log Architecture:          amd64
09-Apr-2025 23:16:03.591 INFO [main] org.apache.catalina.startup.VersionLoggerListener.log Java Home:             C:\Program Files\Java\jdk-22
09-Apr-2025 23:16:03.591 INFO [main] org.apache.catalina.startup.VersionLoggerListener.log JVM Version:           22.0.1+8-16
09-Apr-2025 23:16:03.591 INFO [main] org.apache.catalina.startup.VersionLoggerListener.log JVM Vendor:            Oracle Corporation
09-Apr-2025 23:16:03.591 INFO [main] org.apache.catalina.startup.VersionLoggerListener.log CATALINA_BASE:         C:\Users\OSHADHA\IdeaProjects\OOP-projectnew
09-Apr-2025 23:16:03.592 INFO [main] org.apache.catalina.startup.VersionLoggerListener.log CATALINA_HOME:         C:\Program Files\Apache Software Foundation\Tomcat 9.0
09-Apr-2025 23:16:03.599 INFO [main] org.apache.catalina.startup.VersionLoggerListener.log Command line argument: --add-opens=java.base/java.lang=ALL-UNNAMED
09-Apr-2025 23:16:03.599 INFO [main] org.apache.catalina.startup.VersionLoggerListener.log Command line argument: --add-opens=java.base/java.io=ALL-UNNAMED
09-Apr-2025 23:16:03.599 INFO [main] org.apache.catalina.startup.VersionLoggerListener.log Command line argument: --add-opens=java.base/java.util=ALL-UNNAMED
09-Apr-2025 23:16:03.599 INFO [main] org.apache.catalina.startup.VersionLoggerListener.log Command line argument: --add-opens=java.base/java.util.concurrent=ALL-UNNAMED
09-Apr-2025 23:16:03.599 INFO [main] org.apache.catalina.startup.VersionLoggerListener.log Command line argument: --add-opens=java.rmi/sun.rmi.transport=ALL-UNNAMED
09-Apr-2025 23:16:03.599 INFO [main] org.apache.catalina.startup.VersionLoggerListener.log Command line argument: -Dcatalina.home=C:\Program Files\Apache Software Foundation\Tomcat 9.0
09-Apr-2025 23:16:03.599 INFO [main] org.apache.catalina.startup.VersionLoggerListener.log Command line argument: -Dcatalina.base=C:\Users\OSHADHA\IdeaProjects\OOP-projectnew
09-Apr-2025 23:16:03.599 INFO [main] org.apache.catalina.startup.VersionLoggerListener.log Command line argument: -Djava.io.tmpdir=C:\Users\OSHADHA\IdeaProjects\OOP-projectnew\temp
09-Apr-2025 23:16:03.599 INFO [main] org.apache.catalina.startup.VersionLoggerListener.log Command line argument: -Djava.util.logging.config.file=C:\Users\OSHADHA\IdeaProjects\OOP-projectnew\conf\logging.properties
09-Apr-2025 23:16:03.600 INFO [main] org.apache.catalina.startup.VersionLoggerListener.log Command line argument: -Djava.util.logging.manager=org.apache.juli.ClassLoaderLogManager
09-Apr-2025 23:16:03.600 INFO [main] org.apache.catalina.startup.VersionLoggerListener.log Command line argument: -javaagent:C:\Program Files\JetBrains\IntelliJ IDEA 2024.3.5\lib\idea_rt.jar=55639
09-Apr-2025 23:16:03.600 INFO [main] org.apache.catalina.startup.VersionLoggerListener.log Command line argument: -Dfile.encoding=UTF-8
09-Apr-2025 23:16:03.600 INFO [main] org.apache.catalina.startup.VersionLoggerListener.log Command line argument: -Dsun.stdout.encoding=UTF-8
09-Apr-2025 23:16:03.600 INFO [main] org.apache.catalina.startup.VersionLoggerListener.log Command line argument: -Dsun.stderr.encoding=UTF-8
09-Apr-2025 23:16:03.603 INFO [main] org.apache.catalina.core.AprLifecycleListener.lifecycleEvent Loaded Apache Tomcat Native library [1.3.1] using APR version [1.7.4].
09-Apr-2025 23:16:03.603 INFO [main] org.apache.catalina.core.AprLifecycleListener.lifecycleEvent APR capabilities: IPv6 [true], sendfile [true], accept filters [false], random [true], UDS [true].
09-Apr-2025 23:16:03.603 INFO [main] org.apache.catalina.core.AprLifecycleListener.lifecycleEvent APR/OpenSSL configuration: useAprConnector [false], useOpenSSL [true]
09-Apr-2025 23:16:03.609 INFO [main] org.apache.catalina.core.AprLifecycleListener.initializeSSL OpenSSL successfully initialized [OpenSSL 3.0.14 4 Jun 2024]
09-Apr-2025 23:16:03.996 INFO [main] org.apache.coyote.AbstractProtocol.init Initializing ProtocolHandler ["http-nio-8080"]
09-Apr-2025 23:16:04.018 INFO [main] org.apache.catalina.startup.Catalina.load Server initialization in [861] milliseconds
09-Apr-2025 23:16:04.074 INFO [main] org.apache.catalina.core.StandardService.startInternal Starting service [Catalina]
09-Apr-2025 23:16:04.074 INFO [main] org.apache.catalina.core.StandardEngine.startInternal Starting Servlet engine: [Apache Tomcat/9.0.102]
09-Apr-2025 23:16:04.083 INFO [main] org.apache.catalina.startup.HostConfig.deployDescriptor Deploying deployment descriptor [C:\Users\OSHADHA\IdeaProjects\OOP-projectnew\conf\Catalina\localhost\OOP-projectnew.xml]
09-Apr-2025 23:16:04.499 INFO [main] org.apache.catalina.startup.HostConfig.deployDescriptor Deployment of deployment descriptor [C:\Users\OSHADHA\IdeaProjects\OOP-projectnew\conf\Catalina\localhost\OOP-projectnew.xml] has finished in [415] ms
09-Apr-2025 23:16:04.503 INFO [main] org.apache.coyote.AbstractProtocol.start Starting ProtocolHandler ["http-nio-8080"]
09-Apr-2025 23:16:04.523 INFO [main] org.apache.catalina.startup.Catalina.start Server startup in [503] milliseconds
09-Apr-2025 23:16:04.901 INFO [Thread-1] org.apache.coyote.AbstractProtocol.pause Pausing ProtocolHandler ["http-nio-8080"]
09-Apr-2025 23:16:04.912 INFO [Thread-1] org.apache.catalina.core.StandardService.stopInternal Stopping service [Catalina]
09-Apr-2025 23:16:04.923 INFO [Thread-1] org.apache.coyote.AbstractProtocol.stop Stopping ProtocolHandler ["http-nio-8080"]
09-Apr-2025 23:16:04.940 INFO [Thread-1] org.apache.coyote.AbstractProtocol.destroy Destroying ProtocolHandler ["http-nio-8080"]
09-Apr-2025 23:37:42.057 INFO [main] org.apache.catalina.startup.VersionLoggerListener.log Server version name:   Apache Tomcat/9.0.102
09-Apr-2025 23:37:42.062 INFO [main] org.apache.catalina.startup.VersionLoggerListener.log Server built:          Mar 3 2025 19:33:14 UTC
09-Apr-2025 23:37:42.062 INFO [main] org.apache.catalina.startup.VersionLoggerListener.log Server version number: 9.0.102.0
09-Apr-2025 23:37:42.062 INFO [main] org.apache.catalina.startup.VersionLoggerListener.log OS Name:               Windows 10
09-Apr-2025 23:37:42.063 INFO [main] org.apache.catalina.startup.VersionLoggerListener.log OS Version:            10.0
09-Apr-2025 23:37:42.063 INFO [main] org.apache.catalina.startup.VersionLoggerListener.log Architecture:          amd64
09-Apr-2025 23:37:42.063 INFO [main] org.apache.catalina.startup.VersionLoggerListener.log Java Home:             C:\Program Files\Java\jdk-22
09-Apr-2025 23:37:42.063 INFO [main] org.apache.catalina.startup.VersionLoggerListener.log JVM Version:           22.0.1+8-16
09-Apr-2025 23:37:42.063 INFO [main] org.apache.catalina.startup.VersionLoggerListener.log JVM Vendor:            Oracle Corporation
09-Apr-2025 23:37:42.063 INFO [main] org.apache.catalina.startup.VersionLoggerListener.log CATALINA_BASE:         C:\Users\OSHADHA\IdeaProjects\OOP-projectnew
09-Apr-2025 23:37:42.063 INFO [main] org.apache.catalina.startup.VersionLoggerListener.log CATALINA_HOME:         C:\Program Files\Apache Software Foundation\Tomcat 9.0
09-Apr-2025 23:37:42.076 INFO [main] org.apache.catalina.startup.VersionLoggerListener.log Command line argument: --add-opens=java.base/java.lang=ALL-UNNAMED
09-Apr-2025 23:37:42.076 INFO [main] org.apache.catalina.startup.VersionLoggerListener.log Command line argument: --add-opens=java.base/java.io=ALL-UNNAMED
09-Apr-2025 23:37:42.076 INFO [main] org.apache.catalina.startup.VersionLoggerListener.log Command line argument: --add-opens=java.base/java.util=ALL-UNNAMED
09-Apr-2025 23:37:42.076 INFO [main] org.apache.catalina.startup.VersionLoggerListener.log Command line argument: --add-opens=java.base/java.util.concurrent=ALL-UNNAMED
09-Apr-2025 23:37:42.076 INFO [main] org.apache.catalina.startup.VersionLoggerListener.log Command line argument: --add-opens=java.rmi/sun.rmi.transport=ALL-UNNAMED
09-Apr-2025 23:37:42.076 INFO [main] org.apache.catalina.startup.VersionLoggerListener.log Command line argument: -Dcatalina.home=C:\Program Files\Apache Software Foundation\Tomcat 9.0
09-Apr-2025 23:37:42.077 INFO [main] org.apache.catalina.startup.VersionLoggerListener.log Command line argument: -Dcatalina.base=C:\Users\OSHADHA\IdeaProjects\OOP-projectnew
09-Apr-2025 23:37:42.077 INFO [main] org.apache.catalina.startup.VersionLoggerListener.log Command line argument: -Djava.io.tmpdir=C:\Users\OSHADHA\IdeaProjects\OOP-projectnew\temp
09-Apr-2025 23:37:42.077 INFO [main] org.apache.catalina.startup.VersionLoggerListener.log Command line argument: -Djava.util.logging.config.file=C:\Users\OSHADHA\IdeaProjects\OOP-projectnew\conf\logging.properties
09-Apr-2025 23:37:42.077 INFO [main] org.apache.catalina.startup.VersionLoggerListener.log Command line argument: -Djava.util.logging.manager=org.apache.juli.ClassLoaderLogManager
09-Apr-2025 23:37:42.077 INFO [main] org.apache.catalina.startup.VersionLoggerListener.log Command line argument: -javaagent:C:\Program Files\JetBrains\IntelliJ IDEA 2024.3.5\lib\idea_rt.jar=55838
09-Apr-2025 23:37:42.077 INFO [main] org.apache.catalina.startup.VersionLoggerListener.log Command line argument: -Dfile.encoding=UTF-8
09-Apr-2025 23:37:42.077 INFO [main] org.apache.catalina.startup.VersionLoggerListener.log Command line argument: -Dsun.stdout.encoding=UTF-8
09-Apr-2025 23:37:42.077 INFO [main] org.apache.catalina.startup.VersionLoggerListener.log Command line argument: -Dsun.stderr.encoding=UTF-8
09-Apr-2025 23:37:42.083 INFO [main] org.apache.catalina.core.AprLifecycleListener.lifecycleEvent Loaded Apache Tomcat Native library [1.3.1] using APR version [1.7.4].
09-Apr-2025 23:37:42.083 INFO [main] org.apache.catalina.core.AprLifecycleListener.lifecycleEvent APR capabilities: IPv6 [true], sendfile [true], accept filters [false], random [true], UDS [true].
09-Apr-2025 23:37:42.083 INFO [main] org.apache.catalina.core.AprLifecycleListener.lifecycleEvent APR/OpenSSL configuration: useAprConnector [false], useOpenSSL [true]
09-Apr-2025 23:37:42.093 INFO [main] org.apache.catalina.core.AprLifecycleListener.initializeSSL OpenSSL successfully initialized [OpenSSL 3.0.14 4 Jun 2024]
09-Apr-2025 23:37:42.568 INFO [main] org.apache.coyote.AbstractProtocol.init Initializing ProtocolHandler ["http-nio-8080"]
09-Apr-2025 23:37:42.587 INFO [main] org.apache.catalina.startup.Catalina.load Server initialization in [831] milliseconds
09-Apr-2025 23:37:42.639 INFO [main] org.apache.catalina.core.StandardService.startInternal Starting service [Catalina]
09-Apr-2025 23:37:42.639 INFO [main] org.apache.catalina.core.StandardEngine.startInternal Starting Servlet engine: [Apache Tomcat/9.0.102]
09-Apr-2025 23:37:42.651 INFO [main] org.apache.catalina.startup.HostConfig.deployDescriptor Deploying deployment descriptor [C:\Users\OSHADHA\IdeaProjects\OOP-projectnew\conf\Catalina\localhost\OOP-projectnew.xml]
09-Apr-2025 23:37:43.095 INFO [main] org.apache.catalina.startup.HostConfig.deployDescriptor Deployment of deployment descriptor [C:\Users\OSHADHA\IdeaProjects\OOP-projectnew\conf\Catalina\localhost\OOP-projectnew.xml] has finished in [443] ms
09-Apr-2025 23:37:43.098 INFO [main] org.apache.coyote.AbstractProtocol.start Starting ProtocolHandler ["http-nio-8080"]
09-Apr-2025 23:37:43.118 INFO [main] org.apache.catalina.startup.Catalina.start Server startup in [530] milliseconds
09-Apr-2025 23:39:28.931 INFO [Thread-1] org.apache.coyote.AbstractProtocol.pause Pausing ProtocolHandler ["http-nio-8080"]
09-Apr-2025 23:39:28.942 INFO [Thread-1] org.apache.catalina.core.StandardService.stopInternal Stopping service [Catalina]
09-Apr-2025 23:39:28.950 INFO [Thread-1] org.apache.coyote.AbstractProtocol.stop Stopping ProtocolHandler ["http-nio-8080"]
09-Apr-2025 23:39:28.954 INFO [Thread-1] org.apache.coyote.AbstractProtocol.destroy Destroying ProtocolHandler ["http-nio-8080"]
09-Apr-2025 23:39:31.266 INFO [main] org.apache.catalina.startup.VersionLoggerListener.log Server version name:   Apache Tomcat/9.0.102
09-Apr-2025 23:39:31.272 INFO [main] org.apache.catalina.startup.VersionLoggerListener.log Server built:          Mar 3 2025 19:33:14 UTC
09-Apr-2025 23:39:31.272 INFO [main] org.apache.catalina.startup.VersionLoggerListener.log Server version number: 9.0.102.0
09-Apr-2025 23:39:31.273 INFO [main] org.apache.catalina.startup.VersionLoggerListener.log OS Name:               Windows 10
09-Apr-2025 23:39:31.273 INFO [main] org.apache.catalina.startup.VersionLoggerListener.log OS Version:            10.0
09-Apr-2025 23:39:31.273 INFO [main] org.apache.catalina.startup.VersionLoggerListener.log Architecture:          amd64
09-Apr-2025 23:39:31.273 INFO [main] org.apache.catalina.startup.VersionLoggerListener.log Java Home:             C:\Program Files\Java\jdk-22
09-Apr-2025 23:39:31.273 INFO [main] org.apache.catalina.startup.VersionLoggerListener.log JVM Version:           22.0.1+8-16
09-Apr-2025 23:39:31.273 INFO [main] org.apache.catalina.startup.VersionLoggerListener.log JVM Vendor:            Oracle Corporation
09-Apr-2025 23:39:31.273 INFO [main] org.apache.catalina.startup.VersionLoggerListener.log CATALINA_BASE:         C:\Users\OSHADHA\IdeaProjects\OOP-projectnew
09-Apr-2025 23:39:31.273 INFO [main] org.apache.catalina.startup.VersionLoggerListener.log CATALINA_HOME:         C:\Program Files\Apache Software Foundation\Tomcat 9.0
09-Apr-2025 23:39:31.284 INFO [main] org.apache.catalina.startup.VersionLoggerListener.log Command line argument: --add-opens=java.base/java.lang=ALL-UNNAMED
09-Apr-2025 23:39:31.285 INFO [main] org.apache.catalina.startup.VersionLoggerListener.log Command line argument: --add-opens=java.base/java.io=ALL-UNNAMED
09-Apr-2025 23:39:31.285 INFO [main] org.apache.catalina.startup.VersionLoggerListener.log Command line argument: --add-opens=java.base/java.util=ALL-UNNAMED
09-Apr-2025 23:39:31.285 INFO [main] org.apache.catalina.startup.VersionLoggerListener.log Command line argument: --add-opens=java.base/java.util.concurrent=ALL-UNNAMED
09-Apr-2025 23:39:31.285 INFO [main] org.apache.catalina.startup.VersionLoggerListener.log Command line argument: --add-opens=java.rmi/sun.rmi.transport=ALL-UNNAMED
09-Apr-2025 23:39:31.285 INFO [main] org.apache.catalina.startup.VersionLoggerListener.log Command line argument: -Dcatalina.home=C:\Program Files\Apache Software Foundation\Tomcat 9.0
09-Apr-2025 23:39:31.285 INFO [main] org.apache.catalina.startup.VersionLoggerListener.log Command line argument: -Dcatalina.base=C:\Users\OSHADHA\IdeaProjects\OOP-projectnew
09-Apr-2025 23:39:31.285 INFO [main] org.apache.catalina.startup.VersionLoggerListener.log Command line argument: -Djava.io.tmpdir=C:\Users\OSHADHA\IdeaProjects\OOP-projectnew\temp
09-Apr-2025 23:39:31.285 INFO [main] org.apache.catalina.startup.VersionLoggerListener.log Command line argument: -Djava.util.logging.config.file=C:\Users\OSHADHA\IdeaProjects\OOP-projectnew\conf\logging.properties
09-Apr-2025 23:39:31.285 INFO [main] org.apache.catalina.startup.VersionLoggerListener.log Command line argument: -Djava.util.logging.manager=org.apache.juli.ClassLoaderLogManager
09-Apr-2025 23:39:31.286 INFO [main] org.apache.catalina.startup.VersionLoggerListener.log Command line argument: -javaagent:C:\Program Files\JetBrains\IntelliJ IDEA 2024.3.5\lib\idea_rt.jar=55843
09-Apr-2025 23:39:31.286 INFO [main] org.apache.catalina.startup.VersionLoggerListener.log Command line argument: -Dfile.encoding=UTF-8
09-Apr-2025 23:39:31.286 INFO [main] org.apache.catalina.startup.VersionLoggerListener.log Command line argument: -Dsun.stdout.encoding=UTF-8
09-Apr-2025 23:39:31.286 INFO [main] org.apache.catalina.startup.VersionLoggerListener.log Command line argument: -Dsun.stderr.encoding=UTF-8
09-Apr-2025 23:39:31.290 INFO [main] org.apache.catalina.core.AprLifecycleListener.lifecycleEvent Loaded Apache Tomcat Native library [1.3.1] using APR version [1.7.4].
09-Apr-2025 23:39:31.290 INFO [main] org.apache.catalina.core.AprLifecycleListener.lifecycleEvent APR capabilities: IPv6 [true], sendfile [true], accept filters [false], random [true], UDS [true].
09-Apr-2025 23:39:31.290 INFO [main] org.apache.catalina.core.AprLifecycleListener.lifecycleEvent APR/OpenSSL configuration: useAprConnector [false], useOpenSSL [true]
09-Apr-2025 23:39:31.297 INFO [main] org.apache.catalina.core.AprLifecycleListener.initializeSSL OpenSSL successfully initialized [OpenSSL 3.0.14 4 Jun 2024]
09-Apr-2025 23:39:31.698 INFO [main] org.apache.coyote.AbstractProtocol.init Initializing ProtocolHandler ["http-nio-8080"]
09-Apr-2025 23:39:31.724 INFO [main] org.apache.catalina.startup.Catalina.load Server initialization in [697] milliseconds
09-Apr-2025 23:39:31.778 INFO [main] org.apache.catalina.core.StandardService.startInternal Starting service [Catalina]
09-Apr-2025 23:39:31.779 INFO [main] org.apache.catalina.core.StandardEngine.startInternal Starting Servlet engine: [Apache Tomcat/9.0.102]
09-Apr-2025 23:39:31.791 INFO [main] org.apache.catalina.startup.HostConfig.deployDescriptor Deploying deployment descriptor [C:\Users\OSHADHA\IdeaProjects\OOP-projectnew\conf\Catalina\localhost\OOP-projectnew.xml]
09-Apr-2025 23:39:32.212 INFO [main] org.apache.catalina.startup.HostConfig.deployDescriptor Deployment of deployment descriptor [C:\Users\OSHADHA\IdeaProjects\OOP-projectnew\conf\Catalina\localhost\OOP-projectnew.xml] has finished in [421] ms
09-Apr-2025 23:39:32.217 INFO [main] org.apache.coyote.AbstractProtocol.start Starting ProtocolHandler ["http-nio-8080"]
09-Apr-2025 23:39:32.237 INFO [main] org.apache.catalina.startup.Catalina.start Server startup in [511] milliseconds
09-Apr-2025 23:40:03.415 INFO [Thread-1] org.apache.coyote.AbstractProtocol.pause Pausing ProtocolHandler ["http-nio-8080"]
09-Apr-2025 23:40:03.427 INFO [Thread-1] org.apache.catalina.core.StandardService.stopInternal Stopping service [Catalina]
09-Apr-2025 23:40:03.434 INFO [Thread-1] org.apache.coyote.AbstractProtocol.stop Stopping ProtocolHandler ["http-nio-8080"]
09-Apr-2025 23:40:03.438 INFO [Thread-1] org.apache.coyote.AbstractProtocol.destroy Destroying ProtocolHandler ["http-nio-8080"]
09-Apr-2025 23:40:05.547 INFO [main] org.apache.catalina.startup.VersionLoggerListener.log Server version name:   Apache Tomcat/9.0.102
09-Apr-2025 23:40:05.550 INFO [main] org.apache.catalina.startup.VersionLoggerListener.log Server built:          Mar 3 2025 19:33:14 UTC
09-Apr-2025 23:40:05.551 INFO [main] org.apache.catalina.startup.VersionLoggerListener.log Server version number: 9.0.102.0
09-Apr-2025 23:40:05.551 INFO [main] org.apache.catalina.startup.VersionLoggerListener.log OS Name:               Windows 10
09-Apr-2025 23:40:05.551 INFO [main] org.apache.catalina.startup.VersionLoggerListener.log OS Version:            10.0
09-Apr-2025 23:40:05.551 INFO [main] org.apache.catalina.startup.VersionLoggerListener.log Architecture:          amd64
09-Apr-2025 23:40:05.551 INFO [main] org.apache.catalina.startup.VersionLoggerListener.log Java Home:             C:\Program Files\Java\jdk-22
09-Apr-2025 23:40:05.552 INFO [main] org.apache.catalina.startup.VersionLoggerListener.log JVM Version:           22.0.1+8-16
09-Apr-2025 23:40:05.552 INFO [main] org.apache.catalina.startup.VersionLoggerListener.log JVM Vendor:            Oracle Corporation
09-Apr-2025 23:40:05.552 INFO [main] org.apache.catalina.startup.VersionLoggerListener.log CATALINA_BASE:         C:\Users\OSHADHA\IdeaProjects\OOP-projectnew
09-Apr-2025 23:40:05.552 INFO [main] org.apache.catalina.startup.VersionLoggerListener.log CATALINA_HOME:         C:\Program Files\Apache Software Foundation\Tomcat 9.0
09-Apr-2025 23:40:05.562 INFO [main] org.apache.catalina.startup.VersionLoggerListener.log Command line argument: --add-opens=java.base/java.lang=ALL-UNNAMED
09-Apr-2025 23:40:05.563 INFO [main] org.apache.catalina.startup.VersionLoggerListener.log Command line argument: --add-opens=java.base/java.io=ALL-UNNAMED
09-Apr-2025 23:40:05.563 INFO [main] org.apache.catalina.startup.VersionLoggerListener.log Command line argument: --add-opens=java.base/java.util=ALL-UNNAMED
09-Apr-2025 23:40:05.563 INFO [main] org.apache.catalina.startup.VersionLoggerListener.log Command line argument: --add-opens=java.base/java.util.concurrent=ALL-UNNAMED
09-Apr-2025 23:40:05.563 INFO [main] org.apache.catalina.startup.VersionLoggerListener.log Command line argument: --add-opens=java.rmi/sun.rmi.transport=ALL-UNNAMED
09-Apr-2025 23:40:05.563 INFO [main] org.apache.catalina.startup.VersionLoggerListener.log Command line argument: -Dcatalina.home=C:\Program Files\Apache Software Foundation\Tomcat 9.0
09-Apr-2025 23:40:05.563 INFO [main] org.apache.catalina.startup.VersionLoggerListener.log Command line argument: -Dcatalina.base=C:\Users\OSHADHA\IdeaProjects\OOP-projectnew
09-Apr-2025 23:40:05.564 INFO [main] org.apache.catalina.startup.VersionLoggerListener.log Command line argument: -Djava.io.tmpdir=C:\Users\OSHADHA\IdeaProjects\OOP-projectnew\temp
09-Apr-2025 23:40:05.564 INFO [main] org.apache.catalina.startup.VersionLoggerListener.log Command line argument: -Djava.util.logging.config.file=C:\Users\OSHADHA\IdeaProjects\OOP-projectnew\conf\logging.properties
09-Apr-2025 23:40:05.564 INFO [main] org.apache.catalina.startup.VersionLoggerListener.log Command line argument: -Djava.util.logging.manager=org.apache.juli.ClassLoaderLogManager
09-Apr-2025 23:40:05.564 INFO [main] org.apache.catalina.startup.VersionLoggerListener.log Command line argument: -javaagent:C:\Program Files\JetBrains\IntelliJ IDEA 2024.3.5\lib\idea_rt.jar=55849
09-Apr-2025 23:40:05.564 INFO [main] org.apache.catalina.startup.VersionLoggerListener.log Command line argument: -Dfile.encoding=UTF-8
09-Apr-2025 23:40:05.564 INFO [main] org.apache.catalina.startup.VersionLoggerListener.log Command line argument: -Dsun.stdout.encoding=UTF-8
09-Apr-2025 23:40:05.564 INFO [main] org.apache.catalina.startup.VersionLoggerListener.log Command line argument: -Dsun.stderr.encoding=UTF-8
09-Apr-2025 23:40:05.568 INFO [main] org.apache.catalina.core.AprLifecycleListener.lifecycleEvent Loaded Apache Tomcat Native library [1.3.1] using APR version [1.7.4].
09-Apr-2025 23:40:05.568 INFO [main] org.apache.catalina.core.AprLifecycleListener.lifecycleEvent APR capabilities: IPv6 [true], sendfile [true], accept filters [false], random [true], UDS [true].
09-Apr-2025 23:40:05.568 INFO [main] org.apache.catalina.core.AprLifecycleListener.lifecycleEvent APR/OpenSSL configuration: useAprConnector [false], useOpenSSL [true]
09-Apr-2025 23:40:05.575 INFO [main] org.apache.catalina.core.AprLifecycleListener.initializeSSL OpenSSL successfully initialized [OpenSSL 3.0.14 4 Jun 2024]
09-Apr-2025 23:40:06.017 INFO [main] org.apache.coyote.AbstractProtocol.init Initializing ProtocolHandler ["http-nio-8080"]
09-Apr-2025 23:40:06.040 INFO [main] org.apache.catalina.startup.Catalina.load Server initialization in [760] milliseconds
09-Apr-2025 23:40:06.096 INFO [main] org.apache.catalina.core.StandardService.startInternal Starting service [Catalina]
09-Apr-2025 23:40:06.096 INFO [main] org.apache.catalina.core.StandardEngine.startInternal Starting Servlet engine: [Apache Tomcat/9.0.102]
09-Apr-2025 23:40:06.104 INFO [main] org.apache.catalina.startup.HostConfig.deployDescriptor Deploying deployment descriptor [C:\Users\OSHADHA\IdeaProjects\OOP-projectnew\conf\Catalina\localhost\OOP-projectnew.xml]
09-Apr-2025 23:40:06.557 INFO [main] org.apache.catalina.startup.HostConfig.deployDescriptor Deployment of deployment descriptor [C:\Users\OSHADHA\IdeaProjects\OOP-projectnew\conf\Catalina\localhost\OOP-projectnew.xml] has finished in [452] ms
09-Apr-2025 23:40:06.564 INFO [main] org.apache.coyote.AbstractProtocol.start Starting ProtocolHandler ["http-nio-8080"]
09-Apr-2025 23:40:06.595 INFO [main] org.apache.catalina.startup.Catalina.start Server startup in [552] milliseconds
09-Apr-2025 23:40:56.743 INFO [Thread-1] org.apache.coyote.AbstractProtocol.pause Pausing ProtocolHandler ["http-nio-8080"]
09-Apr-2025 23:40:56.754 INFO [Thread-1] org.apache.catalina.core.StandardService.stopInternal Stopping service [Catalina]
09-Apr-2025 23:40:56.767 INFO [Thread-1] org.apache.coyote.AbstractProtocol.stop Stopping ProtocolHandler ["http-nio-8080"]
09-Apr-2025 23:40:56.791 INFO [Thread-1] org.apache.coyote.AbstractProtocol.destroy Destroying ProtocolHandler ["http-nio-8080"]
09-Apr-2025 23:40:58.646 INFO [main] org.apache.catalina.startup.VersionLoggerListener.log Server version name:   Apache Tomcat/9.0.102
09-Apr-2025 23:40:58.651 INFO [main] org.apache.catalina.startup.VersionLoggerListener.log Server built:          Mar 3 2025 19:33:14 UTC
09-Apr-2025 23:40:58.652 INFO [main] org.apache.catalina.startup.VersionLoggerListener.log Server version number: 9.0.102.0
09-Apr-2025 23:40:58.652 INFO [main] org.apache.catalina.startup.VersionLoggerListener.log OS Name:               Windows 10
09-Apr-2025 23:40:58.652 INFO [main] org.apache.catalina.startup.VersionLoggerListener.log OS Version:            10.0
09-Apr-2025 23:40:58.652 INFO [main] org.apache.catalina.startup.VersionLoggerListener.log Architecture:          amd64
09-Apr-2025 23:40:58.652 INFO [main] org.apache.catalina.startup.VersionLoggerListener.log Java Home:             C:\Program Files\Java\jdk-22
09-Apr-2025 23:40:58.653 INFO [main] org.apache.catalina.startup.VersionLoggerListener.log JVM Version:           22.0.1+8-16
09-Apr-2025 23:40:58.653 INFO [main] org.apache.catalina.startup.VersionLoggerListener.log JVM Vendor:            Oracle Corporation
09-Apr-2025 23:40:58.653 INFO [main] org.apache.catalina.startup.VersionLoggerListener.log CATALINA_BASE:         C:\Users\OSHADHA\IdeaProjects\OOP-projectnew
09-Apr-2025 23:40:58.653 INFO [main] org.apache.catalina.startup.VersionLoggerListener.log CATALINA_HOME:         C:\Program Files\Apache Software Foundation\Tomcat 9.0
09-Apr-2025 23:40:58.663 INFO [main] org.apache.catalina.startup.VersionLoggerListener.log Command line argument: --add-opens=java.base/java.lang=ALL-UNNAMED
09-Apr-2025 23:40:58.663 INFO [main] org.apache.catalina.startup.VersionLoggerListener.log Command line argument: --add-opens=java.base/java.io=ALL-UNNAMED
09-Apr-2025 23:40:58.663 INFO [main] org.apache.catalina.startup.VersionLoggerListener.log Command line argument: --add-opens=java.base/java.util=ALL-UNNAMED
09-Apr-2025 23:40:58.663 INFO [main] org.apache.catalina.startup.VersionLoggerListener.log Command line argument: --add-opens=java.base/java.util.concurrent=ALL-UNNAMED
09-Apr-2025 23:40:58.663 INFO [main] org.apache.catalina.startup.VersionLoggerListener.log Command line argument: --add-opens=java.rmi/sun.rmi.transport=ALL-UNNAMED
09-Apr-2025 23:40:58.664 INFO [main] org.apache.catalina.startup.VersionLoggerListener.log Command line argument: -Dcatalina.home=C:\Program Files\Apache Software Foundation\Tomcat 9.0
09-Apr-2025 23:40:58.664 INFO [main] org.apache.catalina.startup.VersionLoggerListener.log Command line argument: -Dcatalina.base=C:\Users\OSHADHA\IdeaProjects\OOP-projectnew
09-Apr-2025 23:40:58.664 INFO [main] org.apache.catalina.startup.VersionLoggerListener.log Command line argument: -Djava.io.tmpdir=C:\Users\OSHADHA\IdeaProjects\OOP-projectnew\temp
09-Apr-2025 23:40:58.664 INFO [main] org.apache.catalina.startup.VersionLoggerListener.log Command line argument: -Djava.util.logging.config.file=C:\Users\OSHADHA\IdeaProjects\OOP-projectnew\conf\logging.properties
09-Apr-2025 23:40:58.664 INFO [main] org.apache.catalina.startup.VersionLoggerListener.log Command line argument: -Djava.util.logging.manager=org.apache.juli.ClassLoaderLogManager
09-Apr-2025 23:40:58.664 INFO [main] org.apache.catalina.startup.VersionLoggerListener.log Command line argument: -javaagent:C:\Program Files\JetBrains\IntelliJ IDEA 2024.3.5\lib\idea_rt.jar=55861
09-Apr-2025 23:40:58.664 INFO [main] org.apache.catalina.startup.VersionLoggerListener.log Command line argument: -Dfile.encoding=UTF-8
09-Apr-2025 23:40:58.664 INFO [main] org.apache.catalina.startup.VersionLoggerListener.log Command line argument: -Dsun.stdout.encoding=UTF-8
09-Apr-2025 23:40:58.665 INFO [main] org.apache.catalina.startup.VersionLoggerListener.log Command line argument: -Dsun.stderr.encoding=UTF-8
09-Apr-2025 23:40:58.669 INFO [main] org.apache.catalina.core.AprLifecycleListener.lifecycleEvent Loaded Apache Tomcat Native library [1.3.1] using APR version [1.7.4].
09-Apr-2025 23:40:58.669 INFO [main] org.apache.catalina.core.AprLifecycleListener.lifecycleEvent APR capabilities: IPv6 [true], sendfile [true], accept filters [false], random [true], UDS [true].
09-Apr-2025 23:40:58.669 INFO [main] org.apache.catalina.core.AprLifecycleListener.lifecycleEvent APR/OpenSSL configuration: useAprConnector [false], useOpenSSL [true]
09-Apr-2025 23:40:58.678 INFO [main] org.apache.catalina.core.AprLifecycleListener.initializeSSL OpenSSL successfully initialized [OpenSSL 3.0.14 4 Jun 2024]
09-Apr-2025 23:40:59.087 INFO [main] org.apache.coyote.AbstractProtocol.init Initializing ProtocolHandler ["http-nio-8080"]
09-Apr-2025 23:40:59.109 INFO [main] org.apache.catalina.startup.Catalina.load Server initialization in [1022] milliseconds
09-Apr-2025 23:40:59.171 INFO [main] org.apache.catalina.core.StandardService.startInternal Starting service [Catalina]
09-Apr-2025 23:40:59.172 INFO [main] org.apache.catalina.core.StandardEngine.startInternal Starting Servlet engine: [Apache Tomcat/9.0.102]
09-Apr-2025 23:40:59.182 INFO [main] org.apache.catalina.startup.HostConfig.deployDescriptor Deploying deployment descriptor [C:\Users\OSHADHA\IdeaProjects\OOP-projectnew\conf\Catalina\localhost\OOP-projectnew.xml]
09-Apr-2025 23:40:59.674 INFO [main] org.apache.catalina.startup.HostConfig.deployDescriptor Deployment of deployment descriptor [C:\Users\OSHADHA\IdeaProjects\OOP-projectnew\conf\Catalina\localhost\OOP-projectnew.xml] has finished in [491] ms
09-Apr-2025 23:40:59.682 INFO [main] org.apache.coyote.AbstractProtocol.start Starting ProtocolHandler ["http-nio-8080"]
09-Apr-2025 23:40:59.709 INFO [main] org.apache.catalina.startup.Catalina.start Server startup in [598] milliseconds
09-Apr-2025 23:43:43.720 INFO [Thread-1] org.apache.coyote.AbstractProtocol.pause Pausing ProtocolHandler ["http-nio-8080"]
09-Apr-2025 23:43:43.729 INFO [Thread-1] org.apache.catalina.core.StandardService.stopInternal Stopping service [Catalina]
09-Apr-2025 23:43:43.739 INFO [Thread-1] org.apache.coyote.AbstractProtocol.stop Stopping ProtocolHandler ["http-nio-8080"]
09-Apr-2025 23:43:43.743 INFO [Thread-1] org.apache.coyote.AbstractProtocol.destroy Destroying ProtocolHandler ["http-nio-8080"]
