13-Apr-2025 00:06:01.806 INFO [Thread-1] org.apache.coyote.AbstractProtocol.pause Pausing ProtocolHandler ["http-nio-8080"]
13-Apr-2025 00:06:01.819 INFO [Thread-1] org.apache.catalina.core.StandardService.stopInternal Stopping service [Catalina]
13-Apr-2025 00:06:01.841 INFO [Thread-1] org.apache.coyote.AbstractProtocol.stop Stopping ProtocolHandler ["http-nio-8080"]
13-Apr-2025 00:06:01.853 INFO [Thread-1] org.apache.coyote.AbstractProtocol.destroy Destroying ProtocolHandler ["http-nio-8080"]
13-Apr-2025 00:06:04.585 INFO [main] org.apache.catalina.startup.VersionLoggerListener.log Server version name:   Apache Tomcat/9.0.102
13-Apr-2025 00:06:04.591 INFO [main] org.apache.catalina.startup.VersionLoggerListener.log Server built:          Mar 3 2025 19:33:14 UTC
13-Apr-2025 00:06:04.591 INFO [main] org.apache.catalina.startup.VersionLoggerListener.log Server version number: 9.0.102.0
13-Apr-2025 00:06:04.591 INFO [main] org.apache.catalina.startup.VersionLoggerListener.log OS Name:               Windows 10
13-Apr-2025 00:06:04.592 INFO [main] org.apache.catalina.startup.VersionLoggerListener.log OS Version:            10.0
13-Apr-2025 00:06:04.592 INFO [main] org.apache.catalina.startup.VersionLoggerListener.log Architecture:          amd64
13-Apr-2025 00:06:04.592 INFO [main] org.apache.catalina.startup.VersionLoggerListener.log Java Home:             C:\Program Files\Java\jdk-22
13-Apr-2025 00:06:04.592 INFO [main] org.apache.catalina.startup.VersionLoggerListener.log JVM Version:           22.0.1+8-16
13-Apr-2025 00:06:04.592 INFO [main] org.apache.catalina.startup.VersionLoggerListener.log JVM Vendor:            Oracle Corporation
13-Apr-2025 00:06:04.592 INFO [main] org.apache.catalina.startup.VersionLoggerListener.log CATALINA_BASE:         C:\Users\OSHADHA\IdeaProjects\OOP-projectnew
13-Apr-2025 00:06:04.592 INFO [main] org.apache.catalina.startup.VersionLoggerListener.log CATALINA_HOME:         C:\Program Files\Apache Software Foundation\Tomcat 9.0
13-Apr-2025 00:06:04.605 INFO [main] org.apache.catalina.startup.VersionLoggerListener.log Command line argument: --add-opens=java.base/java.lang=ALL-UNNAMED
13-Apr-2025 00:06:04.606 INFO [main] org.apache.catalina.startup.VersionLoggerListener.log Command line argument: --add-opens=java.base/java.io=ALL-UNNAMED
13-Apr-2025 00:06:04.606 INFO [main] org.apache.catalina.startup.VersionLoggerListener.log Command line argument: --add-opens=java.base/java.util=ALL-UNNAMED
13-Apr-2025 00:06:04.606 INFO [main] org.apache.catalina.startup.VersionLoggerListener.log Command line argument: --add-opens=java.base/java.util.concurrent=ALL-UNNAMED
13-Apr-2025 00:06:04.607 INFO [main] org.apache.catalina.startup.VersionLoggerListener.log Command line argument: --add-opens=java.rmi/sun.rmi.transport=ALL-UNNAMED
13-Apr-2025 00:06:04.607 INFO [main] org.apache.catalina.startup.VersionLoggerListener.log Command line argument: -Dcatalina.home=C:\Program Files\Apache Software Foundation\Tomcat 9.0
13-Apr-2025 00:06:04.607 INFO [main] org.apache.catalina.startup.VersionLoggerListener.log Command line argument: -Dcatalina.base=C:\Users\OSHADHA\IdeaProjects\OOP-projectnew
13-Apr-2025 00:06:04.607 INFO [main] org.apache.catalina.startup.VersionLoggerListener.log Command line argument: -Djava.io.tmpdir=C:\Users\OSHADHA\IdeaProjects\OOP-projectnew\temp
13-Apr-2025 00:06:04.607 INFO [main] org.apache.catalina.startup.VersionLoggerListener.log Command line argument: -Djava.util.logging.config.file=C:\Users\OSHADHA\IdeaProjects\OOP-projectnew\conf\logging.properties
13-Apr-2025 00:06:04.607 INFO [main] org.apache.catalina.startup.VersionLoggerListener.log Command line argument: -Djava.util.logging.manager=org.apache.juli.ClassLoaderLogManager
13-Apr-2025 00:06:04.608 INFO [main] org.apache.catalina.startup.VersionLoggerListener.log Command line argument: -javaagent:C:\Program Files\JetBrains\IntelliJ IDEA 2024.3.5\lib\idea_rt.jar=59454
13-Apr-2025 00:06:04.608 INFO [main] org.apache.catalina.startup.VersionLoggerListener.log Command line argument: -Dfile.encoding=UTF-8
13-Apr-2025 00:06:04.608 INFO [main] org.apache.catalina.startup.VersionLoggerListener.log Command line argument: -Dsun.stdout.encoding=UTF-8
13-Apr-2025 00:06:04.608 INFO [main] org.apache.catalina.startup.VersionLoggerListener.log Command line argument: -Dsun.stderr.encoding=UTF-8
13-Apr-2025 00:06:04.613 INFO [main] org.apache.catalina.core.AprLifecycleListener.lifecycleEvent Loaded Apache Tomcat Native library [1.3.1] using APR version [1.7.4].
13-Apr-2025 00:06:04.614 INFO [main] org.apache.catalina.core.AprLifecycleListener.lifecycleEvent APR capabilities: IPv6 [true], sendfile [true], accept filters [false], random [true], UDS [true].
13-Apr-2025 00:06:04.614 INFO [main] org.apache.catalina.core.AprLifecycleListener.lifecycleEvent APR/OpenSSL configuration: useAprConnector [false], useOpenSSL [true]
13-Apr-2025 00:06:04.624 INFO [main] org.apache.catalina.core.AprLifecycleListener.initializeSSL OpenSSL successfully initialized [OpenSSL 3.0.14 4 Jun 2024]
13-Apr-2025 00:06:05.453 INFO [main] org.apache.coyote.AbstractProtocol.init Initializing ProtocolHandler ["http-nio-8080"]
13-Apr-2025 00:06:05.479 INFO [main] org.apache.catalina.startup.Catalina.load Server initialization in [1208] milliseconds
13-Apr-2025 00:06:05.549 INFO [main] org.apache.catalina.core.StandardService.startInternal Starting service [Catalina]
13-Apr-2025 00:06:05.549 INFO [main] org.apache.catalina.core.StandardEngine.startInternal Starting Servlet engine: [Apache Tomcat/9.0.102]
13-Apr-2025 00:06:05.562 INFO [main] org.apache.catalina.startup.HostConfig.deployDescriptor Deploying deployment descriptor [C:\Users\OSHADHA\IdeaProjects\OOP-projectnew\conf\Catalina\localhost\OOP-projectnew.xml]
13-Apr-2025 00:06:06.287 INFO [main] org.apache.catalina.startup.HostConfig.deployDescriptor Deployment of deployment descriptor [C:\Users\OSHADHA\IdeaProjects\OOP-projectnew\conf\Catalina\localhost\OOP-projectnew.xml] has finished in [724] ms
13-Apr-2025 00:06:06.290 INFO [main] org.apache.coyote.AbstractProtocol.start Starting ProtocolHandler ["http-nio-8080"]
13-Apr-2025 00:06:06.310 INFO [main] org.apache.catalina.startup.Catalina.start Server startup in [829] milliseconds
13-Apr-2025 00:07:10.097 INFO [Thread-1] org.apache.coyote.AbstractProtocol.pause Pausing ProtocolHandler ["http-nio-8080"]
13-Apr-2025 00:07:10.108 INFO [Thread-1] org.apache.catalina.core.StandardService.stopInternal Stopping service [Catalina]
13-Apr-2025 00:07:10.118 INFO [Thread-1] org.apache.coyote.AbstractProtocol.stop Stopping ProtocolHandler ["http-nio-8080"]
13-Apr-2025 00:07:10.121 INFO [Thread-1] org.apache.coyote.AbstractProtocol.destroy Destroying ProtocolHandler ["http-nio-8080"]
13-Apr-2025 00:07:12.305 INFO [main] org.apache.catalina.startup.VersionLoggerListener.log Server version name:   Apache Tomcat/9.0.102
13-Apr-2025 00:07:12.311 INFO [main] org.apache.catalina.startup.VersionLoggerListener.log Server built:          Mar 3 2025 19:33:14 UTC
13-Apr-2025 00:07:12.311 INFO [main] org.apache.catalina.startup.VersionLoggerListener.log Server version number: 9.0.102.0
13-Apr-2025 00:07:12.311 INFO [main] org.apache.catalina.startup.VersionLoggerListener.log OS Name:               Windows 10
13-Apr-2025 00:07:12.312 INFO [main] org.apache.catalina.startup.VersionLoggerListener.log OS Version:            10.0
13-Apr-2025 00:07:12.312 INFO [main] org.apache.catalina.startup.VersionLoggerListener.log Architecture:          amd64
13-Apr-2025 00:07:12.312 INFO [main] org.apache.catalina.startup.VersionLoggerListener.log Java Home:             C:\Program Files\Java\jdk-22
13-Apr-2025 00:07:12.312 INFO [main] org.apache.catalina.startup.VersionLoggerListener.log JVM Version:           22.0.1+8-16
13-Apr-2025 00:07:12.312 INFO [main] org.apache.catalina.startup.VersionLoggerListener.log JVM Vendor:            Oracle Corporation
13-Apr-2025 00:07:12.312 INFO [main] org.apache.catalina.startup.VersionLoggerListener.log CATALINA_BASE:         C:\Users\OSHADHA\IdeaProjects\OOP-projectnew
13-Apr-2025 00:07:12.312 INFO [main] org.apache.catalina.startup.VersionLoggerListener.log CATALINA_HOME:         C:\Program Files\Apache Software Foundation\Tomcat 9.0
13-Apr-2025 00:07:12.327 INFO [main] org.apache.catalina.startup.VersionLoggerListener.log Command line argument: --add-opens=java.base/java.lang=ALL-UNNAMED
13-Apr-2025 00:07:12.327 INFO [main] org.apache.catalina.startup.VersionLoggerListener.log Command line argument: --add-opens=java.base/java.io=ALL-UNNAMED
13-Apr-2025 00:07:12.327 INFO [main] org.apache.catalina.startup.VersionLoggerListener.log Command line argument: --add-opens=java.base/java.util=ALL-UNNAMED
13-Apr-2025 00:07:12.327 INFO [main] org.apache.catalina.startup.VersionLoggerListener.log Command line argument: --add-opens=java.base/java.util.concurrent=ALL-UNNAMED
13-Apr-2025 00:07:12.327 INFO [main] org.apache.catalina.startup.VersionLoggerListener.log Command line argument: --add-opens=java.rmi/sun.rmi.transport=ALL-UNNAMED
13-Apr-2025 00:07:12.327 INFO [main] org.apache.catalina.startup.VersionLoggerListener.log Command line argument: -Dcatalina.home=C:\Program Files\Apache Software Foundation\Tomcat 9.0
13-Apr-2025 00:07:12.327 INFO [main] org.apache.catalina.startup.VersionLoggerListener.log Command line argument: -Dcatalina.base=C:\Users\OSHADHA\IdeaProjects\OOP-projectnew
13-Apr-2025 00:07:12.328 INFO [main] org.apache.catalina.startup.VersionLoggerListener.log Command line argument: -Djava.io.tmpdir=C:\Users\OSHADHA\IdeaProjects\OOP-projectnew\temp
13-Apr-2025 00:07:12.328 INFO [main] org.apache.catalina.startup.VersionLoggerListener.log Command line argument: -Djava.util.logging.config.file=C:\Users\OSHADHA\IdeaProjects\OOP-projectnew\conf\logging.properties
13-Apr-2025 00:07:12.328 INFO [main] org.apache.catalina.startup.VersionLoggerListener.log Command line argument: -Djava.util.logging.manager=org.apache.juli.ClassLoaderLogManager
13-Apr-2025 00:07:12.328 INFO [main] org.apache.catalina.startup.VersionLoggerListener.log Command line argument: -javaagent:C:\Program Files\JetBrains\IntelliJ IDEA 2024.3.5\lib\idea_rt.jar=59465
13-Apr-2025 00:07:12.328 INFO [main] org.apache.catalina.startup.VersionLoggerListener.log Command line argument: -Dfile.encoding=UTF-8
13-Apr-2025 00:07:12.328 INFO [main] org.apache.catalina.startup.VersionLoggerListener.log Command line argument: -Dsun.stdout.encoding=UTF-8
13-Apr-2025 00:07:12.329 INFO [main] org.apache.catalina.startup.VersionLoggerListener.log Command line argument: -Dsun.stderr.encoding=UTF-8
13-Apr-2025 00:07:12.333 INFO [main] org.apache.catalina.core.AprLifecycleListener.lifecycleEvent Loaded Apache Tomcat Native library [1.3.1] using APR version [1.7.4].
13-Apr-2025 00:07:12.334 INFO [main] org.apache.catalina.core.AprLifecycleListener.lifecycleEvent APR capabilities: IPv6 [true], sendfile [true], accept filters [false], random [true], UDS [true].
13-Apr-2025 00:07:12.334 INFO [main] org.apache.catalina.core.AprLifecycleListener.lifecycleEvent APR/OpenSSL configuration: useAprConnector [false], useOpenSSL [true]
13-Apr-2025 00:07:12.344 INFO [main] org.apache.catalina.core.AprLifecycleListener.initializeSSL OpenSSL successfully initialized [OpenSSL 3.0.14 4 Jun 2024]
13-Apr-2025 00:07:12.793 INFO [main] org.apache.coyote.AbstractProtocol.init Initializing ProtocolHandler ["http-nio-8080"]
13-Apr-2025 00:07:12.812 INFO [main] org.apache.catalina.startup.Catalina.load Server initialization in [1313] milliseconds
13-Apr-2025 00:07:12.867 INFO [main] org.apache.catalina.core.StandardService.startInternal Starting service [Catalina]
13-Apr-2025 00:07:12.867 INFO [main] org.apache.catalina.core.StandardEngine.startInternal Starting Servlet engine: [Apache Tomcat/9.0.102]
13-Apr-2025 00:07:12.877 INFO [main] org.apache.catalina.startup.HostConfig.deployDescriptor Deploying deployment descriptor [C:\Users\OSHADHA\IdeaProjects\OOP-projectnew\conf\Catalina\localhost\OOP-projectnew.xml]
13-Apr-2025 00:07:13.516 INFO [main] org.apache.catalina.startup.HostConfig.deployDescriptor Deployment of deployment descriptor [C:\Users\OSHADHA\IdeaProjects\OOP-projectnew\conf\Catalina\localhost\OOP-projectnew.xml] has finished in [639] ms
13-Apr-2025 00:07:13.519 INFO [main] org.apache.coyote.AbstractProtocol.start Starting ProtocolHandler ["http-nio-8080"]
13-Apr-2025 00:07:13.538 INFO [main] org.apache.catalina.startup.Catalina.start Server startup in [723] milliseconds
13-Apr-2025 00:09:33.878 INFO [Thread-1] org.apache.coyote.AbstractProtocol.pause Pausing ProtocolHandler ["http-nio-8080"]
13-Apr-2025 00:09:33.887 INFO [Thread-1] org.apache.catalina.core.StandardService.stopInternal Stopping service [Catalina]
13-Apr-2025 00:09:33.897 INFO [Thread-1] org.apache.coyote.AbstractProtocol.stop Stopping ProtocolHandler ["http-nio-8080"]
13-Apr-2025 00:09:33.900 INFO [Thread-1] org.apache.coyote.AbstractProtocol.destroy Destroying ProtocolHandler ["http-nio-8080"]
13-Apr-2025 00:09:36.222 INFO [main] org.apache.catalina.startup.VersionLoggerListener.log Server version name:   Apache Tomcat/9.0.102
13-Apr-2025 00:09:36.227 INFO [main] org.apache.catalina.startup.VersionLoggerListener.log Server built:          Mar 3 2025 19:33:14 UTC
13-Apr-2025 00:09:36.227 INFO [main] org.apache.catalina.startup.VersionLoggerListener.log Server version number: 9.0.102.0
13-Apr-2025 00:09:36.227 INFO [main] org.apache.catalina.startup.VersionLoggerListener.log OS Name:               Windows 10
13-Apr-2025 00:09:36.227 INFO [main] org.apache.catalina.startup.VersionLoggerListener.log OS Version:            10.0
13-Apr-2025 00:09:36.227 INFO [main] org.apache.catalina.startup.VersionLoggerListener.log Architecture:          amd64
13-Apr-2025 00:09:36.227 INFO [main] org.apache.catalina.startup.VersionLoggerListener.log Java Home:             C:\Program Files\Java\jdk-22
13-Apr-2025 00:09:36.227 INFO [main] org.apache.catalina.startup.VersionLoggerListener.log JVM Version:           22.0.1+8-16
13-Apr-2025 00:09:36.227 INFO [main] org.apache.catalina.startup.VersionLoggerListener.log JVM Vendor:            Oracle Corporation
13-Apr-2025 00:09:36.227 INFO [main] org.apache.catalina.startup.VersionLoggerListener.log CATALINA_BASE:         C:\Users\OSHADHA\IdeaProjects\OOP-projectnew
13-Apr-2025 00:09:36.228 INFO [main] org.apache.catalina.startup.VersionLoggerListener.log CATALINA_HOME:         C:\Program Files\Apache Software Foundation\Tomcat 9.0
13-Apr-2025 00:09:36.243 INFO [main] org.apache.catalina.startup.VersionLoggerListener.log Command line argument: --add-opens=java.base/java.lang=ALL-UNNAMED
13-Apr-2025 00:09:36.243 INFO [main] org.apache.catalina.startup.VersionLoggerListener.log Command line argument: --add-opens=java.base/java.io=ALL-UNNAMED
13-Apr-2025 00:09:36.243 INFO [main] org.apache.catalina.startup.VersionLoggerListener.log Command line argument: --add-opens=java.base/java.util=ALL-UNNAMED
13-Apr-2025 00:09:36.243 INFO [main] org.apache.catalina.startup.VersionLoggerListener.log Command line argument: --add-opens=java.base/java.util.concurrent=ALL-UNNAMED
13-Apr-2025 00:09:36.243 INFO [main] org.apache.catalina.startup.VersionLoggerListener.log Command line argument: --add-opens=java.rmi/sun.rmi.transport=ALL-UNNAMED
13-Apr-2025 00:09:36.244 INFO [main] org.apache.catalina.startup.VersionLoggerListener.log Command line argument: -Dcatalina.home=C:\Program Files\Apache Software Foundation\Tomcat 9.0
13-Apr-2025 00:09:36.244 INFO [main] org.apache.catalina.startup.VersionLoggerListener.log Command line argument: -Dcatalina.base=C:\Users\OSHADHA\IdeaProjects\OOP-projectnew
13-Apr-2025 00:09:36.244 INFO [main] org.apache.catalina.startup.VersionLoggerListener.log Command line argument: -Djava.io.tmpdir=C:\Users\OSHADHA\IdeaProjects\OOP-projectnew\temp
13-Apr-2025 00:09:36.244 INFO [main] org.apache.catalina.startup.VersionLoggerListener.log Command line argument: -Djava.util.logging.config.file=C:\Users\OSHADHA\IdeaProjects\OOP-projectnew\conf\logging.properties
13-Apr-2025 00:09:36.244 INFO [main] org.apache.catalina.startup.VersionLoggerListener.log Command line argument: -Djava.util.logging.manager=org.apache.juli.ClassLoaderLogManager
13-Apr-2025 00:09:36.244 INFO [main] org.apache.catalina.startup.VersionLoggerListener.log Command line argument: -javaagent:C:\Program Files\JetBrains\IntelliJ IDEA 2024.3.5\lib\idea_rt.jar=59498
13-Apr-2025 00:09:36.244 INFO [main] org.apache.catalina.startup.VersionLoggerListener.log Command line argument: -Dfile.encoding=UTF-8
13-Apr-2025 00:09:36.245 INFO [main] org.apache.catalina.startup.VersionLoggerListener.log Command line argument: -Dsun.stdout.encoding=UTF-8
13-Apr-2025 00:09:36.245 INFO [main] org.apache.catalina.startup.VersionLoggerListener.log Command line argument: -Dsun.stderr.encoding=UTF-8
13-Apr-2025 00:09:36.253 INFO [main] org.apache.catalina.core.AprLifecycleListener.lifecycleEvent Loaded Apache Tomcat Native library [1.3.1] using APR version [1.7.4].
13-Apr-2025 00:09:36.253 INFO [main] org.apache.catalina.core.AprLifecycleListener.lifecycleEvent APR capabilities: IPv6 [true], sendfile [true], accept filters [false], random [true], UDS [true].
13-Apr-2025 00:09:36.253 INFO [main] org.apache.catalina.core.AprLifecycleListener.lifecycleEvent APR/OpenSSL configuration: useAprConnector [false], useOpenSSL [true]
13-Apr-2025 00:09:36.261 INFO [main] org.apache.catalina.core.AprLifecycleListener.initializeSSL OpenSSL successfully initialized [OpenSSL 3.0.14 4 Jun 2024]
13-Apr-2025 00:09:36.868 INFO [main] org.apache.coyote.AbstractProtocol.init Initializing ProtocolHandler ["http-nio-8080"]
13-Apr-2025 00:09:36.886 INFO [main] org.apache.catalina.startup.Catalina.load Server initialization in [1670] milliseconds
13-Apr-2025 00:09:36.935 INFO [main] org.apache.catalina.core.StandardService.startInternal Starting service [Catalina]
13-Apr-2025 00:09:36.936 INFO [main] org.apache.catalina.core.StandardEngine.startInternal Starting Servlet engine: [Apache Tomcat/9.0.102]
13-Apr-2025 00:09:36.946 INFO [main] org.apache.catalina.startup.HostConfig.deployDescriptor Deploying deployment descriptor [C:\Users\OSHADHA\IdeaProjects\OOP-projectnew\conf\Catalina\localhost\OOP-projectnew.xml]
13-Apr-2025 00:09:37.604 INFO [main] org.apache.catalina.startup.HostConfig.deployDescriptor Deployment of deployment descriptor [C:\Users\OSHADHA\IdeaProjects\OOP-projectnew\conf\Catalina\localhost\OOP-projectnew.xml] has finished in [658] ms
13-Apr-2025 00:09:37.608 INFO [main] org.apache.coyote.AbstractProtocol.start Starting ProtocolHandler ["http-nio-8080"]
13-Apr-2025 00:09:37.627 INFO [main] org.apache.catalina.startup.Catalina.start Server startup in [740] milliseconds
13-Apr-2025 00:20:15.243 INFO [Thread-1] org.apache.coyote.AbstractProtocol.pause Pausing ProtocolHandler ["http-nio-8080"]
13-Apr-2025 00:20:15.253 INFO [Thread-1] org.apache.catalina.core.StandardService.stopInternal Stopping service [Catalina]
13-Apr-2025 00:20:15.263 INFO [Thread-1] org.apache.coyote.AbstractProtocol.stop Stopping ProtocolHandler ["http-nio-8080"]
13-Apr-2025 00:20:15.267 INFO [Thread-1] org.apache.coyote.AbstractProtocol.destroy Destroying ProtocolHandler ["http-nio-8080"]
13-Apr-2025 00:20:17.037 INFO [main] org.apache.catalina.startup.VersionLoggerListener.log Server version name:   Apache Tomcat/9.0.102
13-Apr-2025 00:20:17.043 INFO [main] org.apache.catalina.startup.VersionLoggerListener.log Server built:          Mar 3 2025 19:33:14 UTC
13-Apr-2025 00:20:17.043 INFO [main] org.apache.catalina.startup.VersionLoggerListener.log Server version number: 9.0.102.0
13-Apr-2025 00:20:17.044 INFO [main] org.apache.catalina.startup.VersionLoggerListener.log OS Name:               Windows 10
13-Apr-2025 00:20:17.044 INFO [main] org.apache.catalina.startup.VersionLoggerListener.log OS Version:            10.0
13-Apr-2025 00:20:17.044 INFO [main] org.apache.catalina.startup.VersionLoggerListener.log Architecture:          amd64
13-Apr-2025 00:20:17.044 INFO [main] org.apache.catalina.startup.VersionLoggerListener.log Java Home:             C:\Program Files\Java\jdk-22
13-Apr-2025 00:20:17.044 INFO [main] org.apache.catalina.startup.VersionLoggerListener.log JVM Version:           22.0.1+8-16
13-Apr-2025 00:20:17.044 INFO [main] org.apache.catalina.startup.VersionLoggerListener.log JVM Vendor:            Oracle Corporation
13-Apr-2025 00:20:17.044 INFO [main] org.apache.catalina.startup.VersionLoggerListener.log CATALINA_BASE:         C:\Users\OSHADHA\IdeaProjects\OOP-projectnew
13-Apr-2025 00:20:17.044 INFO [main] org.apache.catalina.startup.VersionLoggerListener.log CATALINA_HOME:         C:\Program Files\Apache Software Foundation\Tomcat 9.0
13-Apr-2025 00:20:17.056 INFO [main] org.apache.catalina.startup.VersionLoggerListener.log Command line argument: --add-opens=java.base/java.lang=ALL-UNNAMED
13-Apr-2025 00:20:17.057 INFO [main] org.apache.catalina.startup.VersionLoggerListener.log Command line argument: --add-opens=java.base/java.io=ALL-UNNAMED
13-Apr-2025 00:20:17.057 INFO [main] org.apache.catalina.startup.VersionLoggerListener.log Command line argument: --add-opens=java.base/java.util=ALL-UNNAMED
13-Apr-2025 00:20:17.057 INFO [main] org.apache.catalina.startup.VersionLoggerListener.log Command line argument: --add-opens=java.base/java.util.concurrent=ALL-UNNAMED
13-Apr-2025 00:20:17.057 INFO [main] org.apache.catalina.startup.VersionLoggerListener.log Command line argument: --add-opens=java.rmi/sun.rmi.transport=ALL-UNNAMED
13-Apr-2025 00:20:17.057 INFO [main] org.apache.catalina.startup.VersionLoggerListener.log Command line argument: -Dcatalina.home=C:\Program Files\Apache Software Foundation\Tomcat 9.0
13-Apr-2025 00:20:17.057 INFO [main] org.apache.catalina.startup.VersionLoggerListener.log Command line argument: -Dcatalina.base=C:\Users\OSHADHA\IdeaProjects\OOP-projectnew
13-Apr-2025 00:20:17.057 INFO [main] org.apache.catalina.startup.VersionLoggerListener.log Command line argument: -Djava.io.tmpdir=C:\Users\OSHADHA\IdeaProjects\OOP-projectnew\temp
13-Apr-2025 00:20:17.057 INFO [main] org.apache.catalina.startup.VersionLoggerListener.log Command line argument: -Djava.util.logging.config.file=C:\Users\OSHADHA\IdeaProjects\OOP-projectnew\conf\logging.properties
13-Apr-2025 00:20:17.057 INFO [main] org.apache.catalina.startup.VersionLoggerListener.log Command line argument: -Djava.util.logging.manager=org.apache.juli.ClassLoaderLogManager
13-Apr-2025 00:20:17.059 INFO [main] org.apache.catalina.startup.VersionLoggerListener.log Command line argument: -javaagent:C:\Program Files\JetBrains\IntelliJ IDEA 2024.3.5\lib\idea_rt.jar=59612
13-Apr-2025 00:20:17.059 INFO [main] org.apache.catalina.startup.VersionLoggerListener.log Command line argument: -Dfile.encoding=UTF-8
13-Apr-2025 00:20:17.059 INFO [main] org.apache.catalina.startup.VersionLoggerListener.log Command line argument: -Dsun.stdout.encoding=UTF-8
13-Apr-2025 00:20:17.060 INFO [main] org.apache.catalina.startup.VersionLoggerListener.log Command line argument: -Dsun.stderr.encoding=UTF-8
13-Apr-2025 00:20:17.065 INFO [main] org.apache.catalina.core.AprLifecycleListener.lifecycleEvent Loaded Apache Tomcat Native library [1.3.1] using APR version [1.7.4].
13-Apr-2025 00:20:17.065 INFO [main] org.apache.catalina.core.AprLifecycleListener.lifecycleEvent APR capabilities: IPv6 [true], sendfile [true], accept filters [false], random [true], UDS [true].
13-Apr-2025 00:20:17.065 INFO [main] org.apache.catalina.core.AprLifecycleListener.lifecycleEvent APR/OpenSSL configuration: useAprConnector [false], useOpenSSL [true]
13-Apr-2025 00:20:17.074 INFO [main] org.apache.catalina.core.AprLifecycleListener.initializeSSL OpenSSL successfully initialized [OpenSSL 3.0.14 4 Jun 2024]
13-Apr-2025 00:20:17.481 INFO [main] org.apache.coyote.AbstractProtocol.init Initializing ProtocolHandler ["http-nio-8080"]
13-Apr-2025 00:20:17.500 INFO [main] org.apache.catalina.startup.Catalina.load Server initialization in [888] milliseconds
13-Apr-2025 00:20:17.550 INFO [main] org.apache.catalina.core.StandardService.startInternal Starting service [Catalina]
13-Apr-2025 00:20:17.550 INFO [main] org.apache.catalina.core.StandardEngine.startInternal Starting Servlet engine: [Apache Tomcat/9.0.102]
13-Apr-2025 00:20:17.559 INFO [main] org.apache.catalina.startup.HostConfig.deployDescriptor Deploying deployment descriptor [C:\Users\OSHADHA\IdeaProjects\OOP-projectnew\conf\Catalina\localhost\OOP-projectnew.xml]
13-Apr-2025 00:20:18.396 INFO [main] org.apache.catalina.startup.HostConfig.deployDescriptor Deployment of deployment descriptor [C:\Users\OSHADHA\IdeaProjects\OOP-projectnew\conf\Catalina\localhost\OOP-projectnew.xml] has finished in [836] ms
13-Apr-2025 00:20:18.399 INFO [main] org.apache.coyote.AbstractProtocol.start Starting ProtocolHandler ["http-nio-8080"]
13-Apr-2025 00:20:18.424 INFO [main] org.apache.catalina.startup.Catalina.start Server startup in [921] milliseconds
13-Apr-2025 00:21:24.302 INFO [Thread-1] org.apache.coyote.AbstractProtocol.pause Pausing ProtocolHandler ["http-nio-8080"]
13-Apr-2025 00:21:24.313 INFO [Thread-1] org.apache.catalina.core.StandardService.stopInternal Stopping service [Catalina]
13-Apr-2025 00:21:24.323 INFO [Thread-1] org.apache.coyote.AbstractProtocol.stop Stopping ProtocolHandler ["http-nio-8080"]
13-Apr-2025 00:21:24.326 INFO [Thread-1] org.apache.coyote.AbstractProtocol.destroy Destroying ProtocolHandler ["http-nio-8080"]
13-Apr-2025 00:21:26.141 INFO [main] org.apache.catalina.startup.VersionLoggerListener.log Server version name:   Apache Tomcat/9.0.102
13-Apr-2025 00:21:26.147 INFO [main] org.apache.catalina.startup.VersionLoggerListener.log Server built:          Mar 3 2025 19:33:14 UTC
13-Apr-2025 00:21:26.147 INFO [main] org.apache.catalina.startup.VersionLoggerListener.log Server version number: 9.0.102.0
13-Apr-2025 00:21:26.147 INFO [main] org.apache.catalina.startup.VersionLoggerListener.log OS Name:               Windows 10
13-Apr-2025 00:21:26.147 INFO [main] org.apache.catalina.startup.VersionLoggerListener.log OS Version:            10.0
13-Apr-2025 00:21:26.147 INFO [main] org.apache.catalina.startup.VersionLoggerListener.log Architecture:          amd64
13-Apr-2025 00:21:26.147 INFO [main] org.apache.catalina.startup.VersionLoggerListener.log Java Home:             C:\Program Files\Java\jdk-22
13-Apr-2025 00:21:26.147 INFO [main] org.apache.catalina.startup.VersionLoggerListener.log JVM Version:           22.0.1+8-16
13-Apr-2025 00:21:26.148 INFO [main] org.apache.catalina.startup.VersionLoggerListener.log JVM Vendor:            Oracle Corporation
13-Apr-2025 00:21:26.148 INFO [main] org.apache.catalina.startup.VersionLoggerListener.log CATALINA_BASE:         C:\Users\OSHADHA\IdeaProjects\OOP-projectnew
13-Apr-2025 00:21:26.148 INFO [main] org.apache.catalina.startup.VersionLoggerListener.log CATALINA_HOME:         C:\Program Files\Apache Software Foundation\Tomcat 9.0
13-Apr-2025 00:21:26.159 INFO [main] org.apache.catalina.startup.VersionLoggerListener.log Command line argument: --add-opens=java.base/java.lang=ALL-UNNAMED
13-Apr-2025 00:21:26.159 INFO [main] org.apache.catalina.startup.VersionLoggerListener.log Command line argument: --add-opens=java.base/java.io=ALL-UNNAMED
13-Apr-2025 00:21:26.159 INFO [main] org.apache.catalina.startup.VersionLoggerListener.log Command line argument: --add-opens=java.base/java.util=ALL-UNNAMED
13-Apr-2025 00:21:26.159 INFO [main] org.apache.catalina.startup.VersionLoggerListener.log Command line argument: --add-opens=java.base/java.util.concurrent=ALL-UNNAMED
13-Apr-2025 00:21:26.159 INFO [main] org.apache.catalina.startup.VersionLoggerListener.log Command line argument: --add-opens=java.rmi/sun.rmi.transport=ALL-UNNAMED
13-Apr-2025 00:21:26.159 INFO [main] org.apache.catalina.startup.VersionLoggerListener.log Command line argument: -Dcatalina.home=C:\Program Files\Apache Software Foundation\Tomcat 9.0
13-Apr-2025 00:21:26.159 INFO [main] org.apache.catalina.startup.VersionLoggerListener.log Command line argument: -Dcatalina.base=C:\Users\OSHADHA\IdeaProjects\OOP-projectnew
13-Apr-2025 00:21:26.160 INFO [main] org.apache.catalina.startup.VersionLoggerListener.log Command line argument: -Djava.io.tmpdir=C:\Users\OSHADHA\IdeaProjects\OOP-projectnew\temp
13-Apr-2025 00:21:26.160 INFO [main] org.apache.catalina.startup.VersionLoggerListener.log Command line argument: -Djava.util.logging.config.file=C:\Users\OSHADHA\IdeaProjects\OOP-projectnew\conf\logging.properties
13-Apr-2025 00:21:26.160 INFO [main] org.apache.catalina.startup.VersionLoggerListener.log Command line argument: -Djava.util.logging.manager=org.apache.juli.ClassLoaderLogManager
13-Apr-2025 00:21:26.160 INFO [main] org.apache.catalina.startup.VersionLoggerListener.log Command line argument: -javaagent:C:\Program Files\JetBrains\IntelliJ IDEA 2024.3.5\lib\idea_rt.jar=59621
13-Apr-2025 00:21:26.160 INFO [main] org.apache.catalina.startup.VersionLoggerListener.log Command line argument: -Dfile.encoding=UTF-8
13-Apr-2025 00:21:26.160 INFO [main] org.apache.catalina.startup.VersionLoggerListener.log Command line argument: -Dsun.stdout.encoding=UTF-8
13-Apr-2025 00:21:26.160 INFO [main] org.apache.catalina.startup.VersionLoggerListener.log Command line argument: -Dsun.stderr.encoding=UTF-8
13-Apr-2025 00:21:26.165 INFO [main] org.apache.catalina.core.AprLifecycleListener.lifecycleEvent Loaded Apache Tomcat Native library [1.3.1] using APR version [1.7.4].
13-Apr-2025 00:21:26.165 INFO [main] org.apache.catalina.core.AprLifecycleListener.lifecycleEvent APR capabilities: IPv6 [true], sendfile [true], accept filters [false], random [true], UDS [true].
13-Apr-2025 00:21:26.165 INFO [main] org.apache.catalina.core.AprLifecycleListener.lifecycleEvent APR/OpenSSL configuration: useAprConnector [false], useOpenSSL [true]
13-Apr-2025 00:21:26.174 INFO [main] org.apache.catalina.core.AprLifecycleListener.initializeSSL OpenSSL successfully initialized [OpenSSL 3.0.14 4 Jun 2024]
13-Apr-2025 00:21:26.731 INFO [main] org.apache.coyote.AbstractProtocol.init Initializing ProtocolHandler ["http-nio-8080"]
13-Apr-2025 00:21:26.753 INFO [main] org.apache.catalina.startup.Catalina.load Server initialization in [1176] milliseconds
13-Apr-2025 00:21:26.813 INFO [main] org.apache.catalina.core.StandardService.startInternal Starting service [Catalina]
13-Apr-2025 00:21:26.813 INFO [main] org.apache.catalina.core.StandardEngine.startInternal Starting Servlet engine: [Apache Tomcat/9.0.102]
13-Apr-2025 00:21:26.821 INFO [main] org.apache.catalina.startup.HostConfig.deployDescriptor Deploying deployment descriptor [C:\Users\OSHADHA\IdeaProjects\OOP-projectnew\conf\Catalina\localhost\OOP-projectnew.xml]
13-Apr-2025 00:21:27.429 INFO [main] org.apache.catalina.startup.HostConfig.deployDescriptor Deployment of deployment descriptor [C:\Users\OSHADHA\IdeaProjects\OOP-projectnew\conf\Catalina\localhost\OOP-projectnew.xml] has finished in [608] ms
13-Apr-2025 00:21:27.432 INFO [main] org.apache.coyote.AbstractProtocol.start Starting ProtocolHandler ["http-nio-8080"]
13-Apr-2025 00:21:27.452 INFO [main] org.apache.catalina.startup.Catalina.start Server startup in [696] milliseconds
13-Apr-2025 00:39:36.775 INFO [Thread-1] org.apache.coyote.AbstractProtocol.pause Pausing ProtocolHandler ["http-nio-8080"]
13-Apr-2025 00:39:36.789 INFO [Thread-1] org.apache.catalina.core.StandardService.stopInternal Stopping service [Catalina]
13-Apr-2025 00:39:36.838 INFO [Thread-1] org.apache.coyote.AbstractProtocol.stop Stopping ProtocolHandler ["http-nio-8080"]
13-Apr-2025 00:39:36.849 INFO [Thread-1] org.apache.coyote.AbstractProtocol.destroy Destroying ProtocolHandler ["http-nio-8080"]
13-Apr-2025 14:21:45.379 INFO [main] org.apache.catalina.startup.VersionLoggerListener.log Server version name:   Apache Tomcat/9.0.102
13-Apr-2025 14:21:45.385 INFO [main] org.apache.catalina.startup.VersionLoggerListener.log Server built:          Mar 3 2025 19:33:14 UTC
13-Apr-2025 14:21:45.386 INFO [main] org.apache.catalina.startup.VersionLoggerListener.log Server version number: 9.0.102.0
13-Apr-2025 14:21:45.386 INFO [main] org.apache.catalina.startup.VersionLoggerListener.log OS Name:               Windows 10
13-Apr-2025 14:21:45.386 INFO [main] org.apache.catalina.startup.VersionLoggerListener.log OS Version:            10.0
13-Apr-2025 14:21:45.386 INFO [main] org.apache.catalina.startup.VersionLoggerListener.log Architecture:          amd64
13-Apr-2025 14:21:45.387 INFO [main] org.apache.catalina.startup.VersionLoggerListener.log Java Home:             C:\Program Files\Java\jdk-22
13-Apr-2025 14:21:45.387 INFO [main] org.apache.catalina.startup.VersionLoggerListener.log JVM Version:           22.0.1+8-16
13-Apr-2025 14:21:45.387 INFO [main] org.apache.catalina.startup.VersionLoggerListener.log JVM Vendor:            Oracle Corporation
13-Apr-2025 14:21:45.387 INFO [main] org.apache.catalina.startup.VersionLoggerListener.log CATALINA_BASE:         C:\Users\OSHADHA\IdeaProjects\OOP-projectnew
13-Apr-2025 14:21:45.387 INFO [main] org.apache.catalina.startup.VersionLoggerListener.log CATALINA_HOME:         C:\Program Files\Apache Software Foundation\Tomcat 9.0
13-Apr-2025 14:21:45.402 INFO [main] org.apache.catalina.startup.VersionLoggerListener.log Command line argument: --add-opens=java.base/java.lang=ALL-UNNAMED
13-Apr-2025 14:21:45.403 INFO [main] org.apache.catalina.startup.VersionLoggerListener.log Command line argument: --add-opens=java.base/java.io=ALL-UNNAMED
13-Apr-2025 14:21:45.403 INFO [main] org.apache.catalina.startup.VersionLoggerListener.log Command line argument: --add-opens=java.base/java.util=ALL-UNNAMED
13-Apr-2025 14:21:45.403 INFO [main] org.apache.catalina.startup.VersionLoggerListener.log Command line argument: --add-opens=java.base/java.util.concurrent=ALL-UNNAMED
13-Apr-2025 14:21:45.403 INFO [main] org.apache.catalina.startup.VersionLoggerListener.log Command line argument: --add-opens=java.rmi/sun.rmi.transport=ALL-UNNAMED
13-Apr-2025 14:21:45.403 INFO [main] org.apache.catalina.startup.VersionLoggerListener.log Command line argument: -Dcatalina.home=C:\Program Files\Apache Software Foundation\Tomcat 9.0
13-Apr-2025 14:21:45.403 INFO [main] org.apache.catalina.startup.VersionLoggerListener.log Command line argument: -Dcatalina.base=C:\Users\OSHADHA\IdeaProjects\OOP-projectnew
13-Apr-2025 14:21:45.403 INFO [main] org.apache.catalina.startup.VersionLoggerListener.log Command line argument: -Djava.io.tmpdir=C:\Users\OSHADHA\IdeaProjects\OOP-projectnew\temp
13-Apr-2025 14:21:45.404 INFO [main] org.apache.catalina.startup.VersionLoggerListener.log Command line argument: -Djava.util.logging.config.file=C:\Users\OSHADHA\IdeaProjects\OOP-projectnew\conf\logging.properties
13-Apr-2025 14:21:45.404 INFO [main] org.apache.catalina.startup.VersionLoggerListener.log Command line argument: -Djava.util.logging.manager=org.apache.juli.ClassLoaderLogManager
13-Apr-2025 14:21:45.404 INFO [main] org.apache.catalina.startup.VersionLoggerListener.log Command line argument: -javaagent:C:\Program Files\JetBrains\IntelliJ IDEA 2024.3.5\lib\idea_rt.jar=50743
13-Apr-2025 14:21:45.404 INFO [main] org.apache.catalina.startup.VersionLoggerListener.log Command line argument: -Dfile.encoding=UTF-8
13-Apr-2025 14:21:45.404 INFO [main] org.apache.catalina.startup.VersionLoggerListener.log Command line argument: -Dsun.stdout.encoding=UTF-8
13-Apr-2025 14:21:45.404 INFO [main] org.apache.catalina.startup.VersionLoggerListener.log Command line argument: -Dsun.stderr.encoding=UTF-8
13-Apr-2025 14:21:45.411 INFO [main] org.apache.catalina.core.AprLifecycleListener.lifecycleEvent Loaded Apache Tomcat Native library [1.3.1] using APR version [1.7.4].
13-Apr-2025 14:21:45.411 INFO [main] org.apache.catalina.core.AprLifecycleListener.lifecycleEvent APR capabilities: IPv6 [true], sendfile [true], accept filters [false], random [true], UDS [true].
13-Apr-2025 14:21:45.411 INFO [main] org.apache.catalina.core.AprLifecycleListener.lifecycleEvent APR/OpenSSL configuration: useAprConnector [false], useOpenSSL [true]
13-Apr-2025 14:21:45.423 INFO [main] org.apache.catalina.core.AprLifecycleListener.initializeSSL OpenSSL successfully initialized [OpenSSL 3.0.14 4 Jun 2024]
13-Apr-2025 14:21:46.036 INFO [main] org.apache.coyote.AbstractProtocol.init Initializing ProtocolHandler ["http-nio-8080"]
13-Apr-2025 14:21:46.051 SEVERE [main] org.apache.catalina.util.LifecycleBase.handleSubClassException Failed to initialize component [Connector["http-nio-8080"]]
	org.apache.catalina.LifecycleException: Protocol handler initialization failed
		at org.apache.catalina.connector.Connector.initInternal(Connector.java:1048)
		at org.apache.catalina.util.LifecycleBase.init(LifecycleBase.java:122)
		at org.apache.catalina.core.StandardService.initInternal(StandardService.java:525)
		at org.apache.catalina.util.LifecycleBase.init(LifecycleBase.java:122)
		at org.apache.catalina.core.StandardServer.initInternal(StandardServer.java:986)
		at org.apache.catalina.util.LifecycleBase.init(LifecycleBase.java:122)
		at org.apache.catalina.startup.Catalina.load(Catalina.java:690)
		at org.apache.catalina.startup.Catalina.load(Catalina.java:713)
		at java.base/jdk.internal.reflect.DirectMethodHandleAccessor.invoke(DirectMethodHandleAccessor.java:103)
		at java.base/java.lang.reflect.Method.invoke(Method.java:580)
		at org.apache.catalina.startup.Bootstrap.load(Bootstrap.java:302)
		at org.apache.catalina.startup.Bootstrap.main(Bootstrap.java:472)
	Caused by: java.net.BindException: Address already in use: bind
		at java.base/sun.nio.ch.Net.bind0(Native Method)
		at java.base/sun.nio.ch.Net.bind(Net.java:565)
		at java.base/sun.nio.ch.ServerSocketChannelImpl.netBind(ServerSocketChannelImpl.java:344)
		at java.base/sun.nio.ch.ServerSocketChannelImpl.bind(ServerSocketChannelImpl.java:301)
		at org.apache.tomcat.util.net.NioEndpoint.initServerSocket(NioEndpoint.java:268)
		at org.apache.tomcat.util.net.NioEndpoint.bind(NioEndpoint.java:223)
		at org.apache.tomcat.util.net.AbstractEndpoint.bindWithCleanup(AbstractEndpoint.java:1373)
		at org.apache.tomcat.util.net.AbstractEndpoint.init(AbstractEndpoint.java:1386)
		at org.apache.coyote.AbstractProtocol.init(AbstractProtocol.java:663)
		at org.apache.coyote.http11.AbstractHttp11Protocol.init(AbstractHttp11Protocol.java:80)
		at org.apache.catalina.connector.Connector.initInternal(Connector.java:1046)
		... 11 more
13-Apr-2025 14:21:46.053 INFO [main] org.apache.catalina.startup.Catalina.load Server initialization in [1057] milliseconds
13-Apr-2025 14:21:46.125 INFO [main] org.apache.catalina.core.StandardService.startInternal Starting service [Catalina]
13-Apr-2025 14:21:46.125 INFO [main] org.apache.catalina.core.StandardEngine.startInternal Starting Servlet engine: [Apache Tomcat/9.0.102]
13-Apr-2025 14:21:46.136 INFO [main] org.apache.catalina.startup.HostConfig.deployDescriptor Deploying deployment descriptor [C:\Users\OSHADHA\IdeaProjects\OOP-projectnew\conf\Catalina\localhost\OOP-projectnew.xml]
13-Apr-2025 14:21:47.038 INFO [main] org.apache.catalina.startup.HostConfig.deployDescriptor Deployment of deployment descriptor [C:\Users\OSHADHA\IdeaProjects\OOP-projectnew\conf\Catalina\localhost\OOP-projectnew.xml] has finished in [901] ms
13-Apr-2025 14:21:47.044 INFO [main] org.apache.catalina.startup.Catalina.start Server startup in [988] milliseconds
13-Apr-2025 14:22:02.306 INFO [Thread-1] org.apache.coyote.AbstractProtocol.pause Pausing ProtocolHandler ["http-nio-8080"]
13-Apr-2025 14:22:02.307 INFO [Thread-1] org.apache.catalina.core.StandardService.stopInternal Stopping service [Catalina]
13-Apr-2025 14:22:02.323 INFO [Thread-1] org.apache.coyote.AbstractProtocol.stop Stopping ProtocolHandler ["http-nio-8080"]
13-Apr-2025 14:22:02.323 INFO [Thread-1] org.apache.coyote.AbstractProtocol.destroy Destroying ProtocolHandler ["http-nio-8080"]
13-Apr-2025 14:22:04.196 INFO [main] org.apache.catalina.startup.VersionLoggerListener.log Server version name:   Apache Tomcat/9.0.102
13-Apr-2025 14:22:04.203 INFO [main] org.apache.catalina.startup.VersionLoggerListener.log Server built:          Mar 3 2025 19:33:14 UTC
13-Apr-2025 14:22:04.203 INFO [main] org.apache.catalina.startup.VersionLoggerListener.log Server version number: 9.0.102.0
13-Apr-2025 14:22:04.203 INFO [main] org.apache.catalina.startup.VersionLoggerListener.log OS Name:               Windows 10
13-Apr-2025 14:22:04.203 INFO [main] org.apache.catalina.startup.VersionLoggerListener.log OS Version:            10.0
13-Apr-2025 14:22:04.204 INFO [main] org.apache.catalina.startup.VersionLoggerListener.log Architecture:          amd64
13-Apr-2025 14:22:04.204 INFO [main] org.apache.catalina.startup.VersionLoggerListener.log Java Home:             C:\Program Files\Java\jdk-22
13-Apr-2025 14:22:04.204 INFO [main] org.apache.catalina.startup.VersionLoggerListener.log JVM Version:           22.0.1+8-16
13-Apr-2025 14:22:04.204 INFO [main] org.apache.catalina.startup.VersionLoggerListener.log JVM Vendor:            Oracle Corporation
13-Apr-2025 14:22:04.204 INFO [main] org.apache.catalina.startup.VersionLoggerListener.log CATALINA_BASE:         C:\Users\OSHADHA\IdeaProjects\OOP-projectnew
13-Apr-2025 14:22:04.204 INFO [main] org.apache.catalina.startup.VersionLoggerListener.log CATALINA_HOME:         C:\Program Files\Apache Software Foundation\Tomcat 9.0
13-Apr-2025 14:22:04.216 INFO [main] org.apache.catalina.startup.VersionLoggerListener.log Command line argument: --add-opens=java.base/java.lang=ALL-UNNAMED
13-Apr-2025 14:22:04.216 INFO [main] org.apache.catalina.startup.VersionLoggerListener.log Command line argument: --add-opens=java.base/java.io=ALL-UNNAMED
13-Apr-2025 14:22:04.216 INFO [main] org.apache.catalina.startup.VersionLoggerListener.log Command line argument: --add-opens=java.base/java.util=ALL-UNNAMED
13-Apr-2025 14:22:04.216 INFO [main] org.apache.catalina.startup.VersionLoggerListener.log Command line argument: --add-opens=java.base/java.util.concurrent=ALL-UNNAMED
13-Apr-2025 14:22:04.217 INFO [main] org.apache.catalina.startup.VersionLoggerListener.log Command line argument: --add-opens=java.rmi/sun.rmi.transport=ALL-UNNAMED
13-Apr-2025 14:22:04.217 INFO [main] org.apache.catalina.startup.VersionLoggerListener.log Command line argument: -Dcatalina.home=C:\Program Files\Apache Software Foundation\Tomcat 9.0
13-Apr-2025 14:22:04.217 INFO [main] org.apache.catalina.startup.VersionLoggerListener.log Command line argument: -Dcatalina.base=C:\Users\OSHADHA\IdeaProjects\OOP-projectnew
13-Apr-2025 14:22:04.217 INFO [main] org.apache.catalina.startup.VersionLoggerListener.log Command line argument: -Djava.io.tmpdir=C:\Users\OSHADHA\IdeaProjects\OOP-projectnew\temp
13-Apr-2025 14:22:04.217 INFO [main] org.apache.catalina.startup.VersionLoggerListener.log Command line argument: -Djava.util.logging.config.file=C:\Users\OSHADHA\IdeaProjects\OOP-projectnew\conf\logging.properties
13-Apr-2025 14:22:04.217 INFO [main] org.apache.catalina.startup.VersionLoggerListener.log Command line argument: -Djava.util.logging.manager=org.apache.juli.ClassLoaderLogManager
13-Apr-2025 14:22:04.218 INFO [main] org.apache.catalina.startup.VersionLoggerListener.log Command line argument: -javaagent:C:\Program Files\JetBrains\IntelliJ IDEA 2024.3.5\lib\idea_rt.jar=63565
13-Apr-2025 14:22:04.218 INFO [main] org.apache.catalina.startup.VersionLoggerListener.log Command line argument: -Dfile.encoding=UTF-8
13-Apr-2025 14:22:04.218 INFO [main] org.apache.catalina.startup.VersionLoggerListener.log Command line argument: -Dsun.stdout.encoding=UTF-8
13-Apr-2025 14:22:04.218 INFO [main] org.apache.catalina.startup.VersionLoggerListener.log Command line argument: -Dsun.stderr.encoding=UTF-8
13-Apr-2025 14:22:04.222 INFO [main] org.apache.catalina.core.AprLifecycleListener.lifecycleEvent Loaded Apache Tomcat Native library [1.3.1] using APR version [1.7.4].
13-Apr-2025 14:22:04.223 INFO [main] org.apache.catalina.core.AprLifecycleListener.lifecycleEvent APR capabilities: IPv6 [true], sendfile [true], accept filters [false], random [true], UDS [true].
13-Apr-2025 14:22:04.223 INFO [main] org.apache.catalina.core.AprLifecycleListener.lifecycleEvent APR/OpenSSL configuration: useAprConnector [false], useOpenSSL [true]
13-Apr-2025 14:22:04.231 INFO [main] org.apache.catalina.core.AprLifecycleListener.initializeSSL OpenSSL successfully initialized [OpenSSL 3.0.14 4 Jun 2024]
13-Apr-2025 14:22:05.346 INFO [main] org.apache.coyote.AbstractProtocol.init Initializing ProtocolHandler ["http-nio-8080"]
13-Apr-2025 14:22:05.367 SEVERE [main] org.apache.catalina.util.LifecycleBase.handleSubClassException Failed to initialize component [Connector["http-nio-8080"]]
	org.apache.catalina.LifecycleException: Protocol handler initialization failed
		at org.apache.catalina.connector.Connector.initInternal(Connector.java:1048)
		at org.apache.catalina.util.LifecycleBase.init(LifecycleBase.java:122)
		at org.apache.catalina.core.StandardService.initInternal(StandardService.java:525)
		at org.apache.catalina.util.LifecycleBase.init(LifecycleBase.java:122)
		at org.apache.catalina.core.StandardServer.initInternal(StandardServer.java:986)
		at org.apache.catalina.util.LifecycleBase.init(LifecycleBase.java:122)
		at org.apache.catalina.startup.Catalina.load(Catalina.java:690)
		at org.apache.catalina.startup.Catalina.load(Catalina.java:713)
		at java.base/jdk.internal.reflect.DirectMethodHandleAccessor.invoke(DirectMethodHandleAccessor.java:103)
		at java.base/java.lang.reflect.Method.invoke(Method.java:580)
		at org.apache.catalina.startup.Bootstrap.load(Bootstrap.java:302)
		at org.apache.catalina.startup.Bootstrap.main(Bootstrap.java:472)
	Caused by: java.net.BindException: Address already in use: bind
		at java.base/sun.nio.ch.Net.bind0(Native Method)
		at java.base/sun.nio.ch.Net.bind(Net.java:565)
		at java.base/sun.nio.ch.ServerSocketChannelImpl.netBind(ServerSocketChannelImpl.java:344)
		at java.base/sun.nio.ch.ServerSocketChannelImpl.bind(ServerSocketChannelImpl.java:301)
		at org.apache.tomcat.util.net.NioEndpoint.initServerSocket(NioEndpoint.java:268)
		at org.apache.tomcat.util.net.NioEndpoint.bind(NioEndpoint.java:223)
		at org.apache.tomcat.util.net.AbstractEndpoint.bindWithCleanup(AbstractEndpoint.java:1373)
		at org.apache.tomcat.util.net.AbstractEndpoint.init(AbstractEndpoint.java:1386)
		at org.apache.coyote.AbstractProtocol.init(AbstractProtocol.java:663)
		at org.apache.coyote.http11.AbstractHttp11Protocol.init(AbstractHttp11Protocol.java:80)
		at org.apache.catalina.connector.Connector.initInternal(Connector.java:1046)
		... 11 more
13-Apr-2025 14:22:05.368 INFO [main] org.apache.catalina.startup.Catalina.load Server initialization in [1518] milliseconds
13-Apr-2025 14:22:05.455 INFO [main] org.apache.catalina.core.StandardService.startInternal Starting service [Catalina]
13-Apr-2025 14:22:05.456 INFO [main] org.apache.catalina.core.StandardEngine.startInternal Starting Servlet engine: [Apache Tomcat/9.0.102]
13-Apr-2025 14:22:05.471 INFO [main] org.apache.catalina.startup.HostConfig.deployDescriptor Deploying deployment descriptor [C:\Users\OSHADHA\IdeaProjects\OOP-projectnew\conf\Catalina\localhost\OOP-projectnew.xml]
13-Apr-2025 14:22:06.480 INFO [main] org.apache.catalina.startup.HostConfig.deployDescriptor Deployment of deployment descriptor [C:\Users\OSHADHA\IdeaProjects\OOP-projectnew\conf\Catalina\localhost\OOP-projectnew.xml] has finished in [1,008] ms
13-Apr-2025 14:22:06.487 INFO [main] org.apache.catalina.startup.Catalina.start Server startup in [1116] milliseconds
13-Apr-2025 14:22:16.704 INFO [Thread-1] org.apache.coyote.AbstractProtocol.pause Pausing ProtocolHandler ["http-nio-8080"]
13-Apr-2025 14:22:16.704 INFO [Thread-1] org.apache.catalina.core.StandardService.stopInternal Stopping service [Catalina]
13-Apr-2025 14:22:16.715 INFO [Thread-1] org.apache.coyote.AbstractProtocol.stop Stopping ProtocolHandler ["http-nio-8080"]
13-Apr-2025 14:22:16.715 INFO [Thread-1] org.apache.coyote.AbstractProtocol.destroy Destroying ProtocolHandler ["http-nio-8080"]
13-Apr-2025 14:22:34.647 INFO [main] org.apache.catalina.startup.VersionLoggerListener.log Server version name:   Apache Tomcat/9.0.102
13-Apr-2025 14:22:34.651 INFO [main] org.apache.catalina.startup.VersionLoggerListener.log Server built:          Mar 3 2025 19:33:14 UTC
13-Apr-2025 14:22:34.651 INFO [main] org.apache.catalina.startup.VersionLoggerListener.log Server version number: 9.0.102.0
13-Apr-2025 14:22:34.651 INFO [main] org.apache.catalina.startup.VersionLoggerListener.log OS Name:               Windows 10
13-Apr-2025 14:22:34.651 INFO [main] org.apache.catalina.startup.VersionLoggerListener.log OS Version:            10.0
13-Apr-2025 14:22:34.651 INFO [main] org.apache.catalina.startup.VersionLoggerListener.log Architecture:          amd64
13-Apr-2025 14:22:34.651 INFO [main] org.apache.catalina.startup.VersionLoggerListener.log Java Home:             C:\Program Files\Java\jdk-22
13-Apr-2025 14:22:34.651 INFO [main] org.apache.catalina.startup.VersionLoggerListener.log JVM Version:           22.0.1+8-16
13-Apr-2025 14:22:34.651 INFO [main] org.apache.catalina.startup.VersionLoggerListener.log JVM Vendor:            Oracle Corporation
13-Apr-2025 14:22:34.651 INFO [main] org.apache.catalina.startup.VersionLoggerListener.log CATALINA_BASE:         C:\Users\OSHADHA\IdeaProjects\OOP-projectnew
13-Apr-2025 14:22:34.652 INFO [main] org.apache.catalina.startup.VersionLoggerListener.log CATALINA_HOME:         C:\Program Files\Apache Software Foundation\Tomcat 9.0
13-Apr-2025 14:22:34.661 INFO [main] org.apache.catalina.startup.VersionLoggerListener.log Command line argument: --add-opens=java.base/java.lang=ALL-UNNAMED
13-Apr-2025 14:22:34.662 INFO [main] org.apache.catalina.startup.VersionLoggerListener.log Command line argument: --add-opens=java.base/java.io=ALL-UNNAMED
13-Apr-2025 14:22:34.662 INFO [main] org.apache.catalina.startup.VersionLoggerListener.log Command line argument: --add-opens=java.base/java.util=ALL-UNNAMED
13-Apr-2025 14:22:34.662 INFO [main] org.apache.catalina.startup.VersionLoggerListener.log Command line argument: --add-opens=java.base/java.util.concurrent=ALL-UNNAMED
13-Apr-2025 14:22:34.662 INFO [main] org.apache.catalina.startup.VersionLoggerListener.log Command line argument: --add-opens=java.rmi/sun.rmi.transport=ALL-UNNAMED
13-Apr-2025 14:22:34.662 INFO [main] org.apache.catalina.startup.VersionLoggerListener.log Command line argument: -Dcatalina.home=C:\Program Files\Apache Software Foundation\Tomcat 9.0
13-Apr-2025 14:22:34.662 INFO [main] org.apache.catalina.startup.VersionLoggerListener.log Command line argument: -Dcatalina.base=C:\Users\OSHADHA\IdeaProjects\OOP-projectnew
13-Apr-2025 14:22:34.662 INFO [main] org.apache.catalina.startup.VersionLoggerListener.log Command line argument: -Djava.io.tmpdir=C:\Users\OSHADHA\IdeaProjects\OOP-projectnew\temp
13-Apr-2025 14:22:34.662 INFO [main] org.apache.catalina.startup.VersionLoggerListener.log Command line argument: -Djava.util.logging.config.file=C:\Users\OSHADHA\IdeaProjects\OOP-projectnew\conf\logging.properties
13-Apr-2025 14:22:34.662 INFO [main] org.apache.catalina.startup.VersionLoggerListener.log Command line argument: -Djava.util.logging.manager=org.apache.juli.ClassLoaderLogManager
13-Apr-2025 14:22:34.662 INFO [main] org.apache.catalina.startup.VersionLoggerListener.log Command line argument: -javaagent:C:\Program Files\JetBrains\IntelliJ IDEA 2024.3.5\lib\idea_rt.jar=63617
13-Apr-2025 14:22:34.662 INFO [main] org.apache.catalina.startup.VersionLoggerListener.log Command line argument: -Dfile.encoding=UTF-8
13-Apr-2025 14:22:34.662 INFO [main] org.apache.catalina.startup.VersionLoggerListener.log Command line argument: -Dsun.stdout.encoding=UTF-8
13-Apr-2025 14:22:34.663 INFO [main] org.apache.catalina.startup.VersionLoggerListener.log Command line argument: -Dsun.stderr.encoding=UTF-8
13-Apr-2025 14:22:34.667 INFO [main] org.apache.catalina.core.AprLifecycleListener.lifecycleEvent Loaded Apache Tomcat Native library [1.3.1] using APR version [1.7.4].
13-Apr-2025 14:22:34.667 INFO [main] org.apache.catalina.core.AprLifecycleListener.lifecycleEvent APR capabilities: IPv6 [true], sendfile [true], accept filters [false], random [true], UDS [true].
13-Apr-2025 14:22:34.667 INFO [main] org.apache.catalina.core.AprLifecycleListener.lifecycleEvent APR/OpenSSL configuration: useAprConnector [false], useOpenSSL [true]
13-Apr-2025 14:22:34.675 INFO [main] org.apache.catalina.core.AprLifecycleListener.initializeSSL OpenSSL successfully initialized [OpenSSL 3.0.14 4 Jun 2024]
13-Apr-2025 14:22:35.164 INFO [main] org.apache.coyote.AbstractProtocol.init Initializing ProtocolHandler ["http-nio-8080"]
13-Apr-2025 14:22:35.177 SEVERE [main] org.apache.catalina.util.LifecycleBase.handleSubClassException Failed to initialize component [Connector["http-nio-8080"]]
	org.apache.catalina.LifecycleException: Protocol handler initialization failed
		at org.apache.catalina.connector.Connector.initInternal(Connector.java:1048)
		at org.apache.catalina.util.LifecycleBase.init(LifecycleBase.java:122)
		at org.apache.catalina.core.StandardService.initInternal(StandardService.java:525)
		at org.apache.catalina.util.LifecycleBase.init(LifecycleBase.java:122)
		at org.apache.catalina.core.StandardServer.initInternal(StandardServer.java:986)
		at org.apache.catalina.util.LifecycleBase.init(LifecycleBase.java:122)
		at org.apache.catalina.startup.Catalina.load(Catalina.java:690)
		at org.apache.catalina.startup.Catalina.load(Catalina.java:713)
		at java.base/jdk.internal.reflect.DirectMethodHandleAccessor.invoke(DirectMethodHandleAccessor.java:103)
		at java.base/java.lang.reflect.Method.invoke(Method.java:580)
		at org.apache.catalina.startup.Bootstrap.load(Bootstrap.java:302)
		at org.apache.catalina.startup.Bootstrap.main(Bootstrap.java:472)
	Caused by: java.net.BindException: Address already in use: bind
		at java.base/sun.nio.ch.Net.bind0(Native Method)
		at java.base/sun.nio.ch.Net.bind(Net.java:565)
		at java.base/sun.nio.ch.ServerSocketChannelImpl.netBind(ServerSocketChannelImpl.java:344)
		at java.base/sun.nio.ch.ServerSocketChannelImpl.bind(ServerSocketChannelImpl.java:301)
		at org.apache.tomcat.util.net.NioEndpoint.initServerSocket(NioEndpoint.java:268)
		at org.apache.tomcat.util.net.NioEndpoint.bind(NioEndpoint.java:223)
		at org.apache.tomcat.util.net.AbstractEndpoint.bindWithCleanup(AbstractEndpoint.java:1373)
		at org.apache.tomcat.util.net.AbstractEndpoint.init(AbstractEndpoint.java:1386)
		at org.apache.coyote.AbstractProtocol.init(AbstractProtocol.java:663)
		at org.apache.coyote.http11.AbstractHttp11Protocol.init(AbstractHttp11Protocol.java:80)
		at org.apache.catalina.connector.Connector.initInternal(Connector.java:1046)
		... 11 more
13-Apr-2025 14:22:35.178 INFO [main] org.apache.catalina.startup.Catalina.load Server initialization in [799] milliseconds
13-Apr-2025 14:22:35.244 INFO [main] org.apache.catalina.core.StandardService.startInternal Starting service [Catalina]
13-Apr-2025 14:22:35.245 INFO [main] org.apache.catalina.core.StandardEngine.startInternal Starting Servlet engine: [Apache Tomcat/9.0.102]
13-Apr-2025 14:22:35.256 INFO [main] org.apache.catalina.startup.HostConfig.deployDescriptor Deploying deployment descriptor [C:\Users\OSHADHA\IdeaProjects\OOP-projectnew\conf\Catalina\localhost\OOP-projectnew.xml]
13-Apr-2025 14:22:35.901 INFO [main] org.apache.catalina.startup.HostConfig.deployDescriptor Deployment of deployment descriptor [C:\Users\OSHADHA\IdeaProjects\OOP-projectnew\conf\Catalina\localhost\OOP-projectnew.xml] has finished in [644] ms
13-Apr-2025 14:22:35.904 INFO [main] org.apache.catalina.startup.Catalina.start Server startup in [724] milliseconds
13-Apr-2025 14:23:11.653 INFO [Thread-1] org.apache.coyote.AbstractProtocol.pause Pausing ProtocolHandler ["http-nio-8080"]
13-Apr-2025 14:23:11.654 INFO [Thread-1] org.apache.catalina.core.StandardService.stopInternal Stopping service [Catalina]
13-Apr-2025 14:23:11.665 INFO [Thread-1] org.apache.coyote.AbstractProtocol.stop Stopping ProtocolHandler ["http-nio-8080"]
13-Apr-2025 14:23:11.666 INFO [Thread-1] org.apache.coyote.AbstractProtocol.destroy Destroying ProtocolHandler ["http-nio-8080"]
13-Apr-2025 14:23:13.750 INFO [main] org.apache.catalina.startup.VersionLoggerListener.log Server version name:   Apache Tomcat/9.0.102
13-Apr-2025 14:23:13.757 INFO [main] org.apache.catalina.startup.VersionLoggerListener.log Server built:          Mar 3 2025 19:33:14 UTC
13-Apr-2025 14:23:13.757 INFO [main] org.apache.catalina.startup.VersionLoggerListener.log Server version number: 9.0.102.0
13-Apr-2025 14:23:13.757 INFO [main] org.apache.catalina.startup.VersionLoggerListener.log OS Name:               Windows 10
13-Apr-2025 14:23:13.757 INFO [main] org.apache.catalina.startup.VersionLoggerListener.log OS Version:            10.0
13-Apr-2025 14:23:13.757 INFO [main] org.apache.catalina.startup.VersionLoggerListener.log Architecture:          amd64
13-Apr-2025 14:23:13.758 INFO [main] org.apache.catalina.startup.VersionLoggerListener.log Java Home:             C:\Program Files\Java\jdk-22
13-Apr-2025 14:23:13.758 INFO [main] org.apache.catalina.startup.VersionLoggerListener.log JVM Version:           22.0.1+8-16
13-Apr-2025 14:23:13.758 INFO [main] org.apache.catalina.startup.VersionLoggerListener.log JVM Vendor:            Oracle Corporation
13-Apr-2025 14:23:13.758 INFO [main] org.apache.catalina.startup.VersionLoggerListener.log CATALINA_BASE:         C:\Users\OSHADHA\IdeaProjects\OOP-projectnew
13-Apr-2025 14:23:13.758 INFO [main] org.apache.catalina.startup.VersionLoggerListener.log CATALINA_HOME:         C:\Program Files\Apache Software Foundation\Tomcat 9.0
13-Apr-2025 14:23:13.771 INFO [main] org.apache.catalina.startup.VersionLoggerListener.log Command line argument: --add-opens=java.base/java.lang=ALL-UNNAMED
13-Apr-2025 14:23:13.771 INFO [main] org.apache.catalina.startup.VersionLoggerListener.log Command line argument: --add-opens=java.base/java.io=ALL-UNNAMED
13-Apr-2025 14:23:13.771 INFO [main] org.apache.catalina.startup.VersionLoggerListener.log Command line argument: --add-opens=java.base/java.util=ALL-UNNAMED
13-Apr-2025 14:23:13.772 INFO [main] org.apache.catalina.startup.VersionLoggerListener.log Command line argument: --add-opens=java.base/java.util.concurrent=ALL-UNNAMED
13-Apr-2025 14:23:13.772 INFO [main] org.apache.catalina.startup.VersionLoggerListener.log Command line argument: --add-opens=java.rmi/sun.rmi.transport=ALL-UNNAMED
13-Apr-2025 14:23:13.772 INFO [main] org.apache.catalina.startup.VersionLoggerListener.log Command line argument: -Dcatalina.home=C:\Program Files\Apache Software Foundation\Tomcat 9.0
13-Apr-2025 14:23:13.772 INFO [main] org.apache.catalina.startup.VersionLoggerListener.log Command line argument: -Dcatalina.base=C:\Users\OSHADHA\IdeaProjects\OOP-projectnew
13-Apr-2025 14:23:13.772 INFO [main] org.apache.catalina.startup.VersionLoggerListener.log Command line argument: -Djava.io.tmpdir=C:\Users\OSHADHA\IdeaProjects\OOP-projectnew\temp
13-Apr-2025 14:23:13.772 INFO [main] org.apache.catalina.startup.VersionLoggerListener.log Command line argument: -Djava.util.logging.config.file=C:\Users\OSHADHA\IdeaProjects\OOP-projectnew\conf\logging.properties
13-Apr-2025 14:23:13.772 INFO [main] org.apache.catalina.startup.VersionLoggerListener.log Command line argument: -Djava.util.logging.manager=org.apache.juli.ClassLoaderLogManager
13-Apr-2025 14:23:13.773 INFO [main] org.apache.catalina.startup.VersionLoggerListener.log Command line argument: -javaagent:C:\Program Files\JetBrains\IntelliJ IDEA 2024.3.5\lib\idea_rt.jar=63667
13-Apr-2025 14:23:13.773 INFO [main] org.apache.catalina.startup.VersionLoggerListener.log Command line argument: -Dfile.encoding=UTF-8
13-Apr-2025 14:23:13.773 INFO [main] org.apache.catalina.startup.VersionLoggerListener.log Command line argument: -Dsun.stdout.encoding=UTF-8
13-Apr-2025 14:23:13.773 INFO [main] org.apache.catalina.startup.VersionLoggerListener.log Command line argument: -Dsun.stderr.encoding=UTF-8
13-Apr-2025 14:23:13.779 INFO [main] org.apache.catalina.core.AprLifecycleListener.lifecycleEvent Loaded Apache Tomcat Native library [1.3.1] using APR version [1.7.4].
13-Apr-2025 14:23:13.779 INFO [main] org.apache.catalina.core.AprLifecycleListener.lifecycleEvent APR capabilities: IPv6 [true], sendfile [true], accept filters [false], random [true], UDS [true].
13-Apr-2025 14:23:13.779 INFO [main] org.apache.catalina.core.AprLifecycleListener.lifecycleEvent APR/OpenSSL configuration: useAprConnector [false], useOpenSSL [true]
13-Apr-2025 14:23:13.791 INFO [main] org.apache.catalina.core.AprLifecycleListener.initializeSSL OpenSSL successfully initialized [OpenSSL 3.0.14 4 Jun 2024]
13-Apr-2025 14:23:14.360 INFO [main] org.apache.coyote.AbstractProtocol.init Initializing ProtocolHandler ["http-nio-8080"]
13-Apr-2025 14:23:14.380 SEVERE [main] org.apache.catalina.util.LifecycleBase.handleSubClassException Failed to initialize component [Connector["http-nio-8080"]]
	org.apache.catalina.LifecycleException: Protocol handler initialization failed
		at org.apache.catalina.connector.Connector.initInternal(Connector.java:1048)
		at org.apache.catalina.util.LifecycleBase.init(LifecycleBase.java:122)
		at org.apache.catalina.core.StandardService.initInternal(StandardService.java:525)
		at org.apache.catalina.util.LifecycleBase.init(LifecycleBase.java:122)
		at org.apache.catalina.core.StandardServer.initInternal(StandardServer.java:986)
		at org.apache.catalina.util.LifecycleBase.init(LifecycleBase.java:122)
		at org.apache.catalina.startup.Catalina.load(Catalina.java:690)
		at org.apache.catalina.startup.Catalina.load(Catalina.java:713)
		at java.base/jdk.internal.reflect.DirectMethodHandleAccessor.invoke(DirectMethodHandleAccessor.java:103)
		at java.base/java.lang.reflect.Method.invoke(Method.java:580)
		at org.apache.catalina.startup.Bootstrap.load(Bootstrap.java:302)
		at org.apache.catalina.startup.Bootstrap.main(Bootstrap.java:472)
	Caused by: java.net.BindException: Address already in use: bind
		at java.base/sun.nio.ch.Net.bind0(Native Method)
		at java.base/sun.nio.ch.Net.bind(Net.java:565)
		at java.base/sun.nio.ch.ServerSocketChannelImpl.netBind(ServerSocketChannelImpl.java:344)
		at java.base/sun.nio.ch.ServerSocketChannelImpl.bind(ServerSocketChannelImpl.java:301)
		at org.apache.tomcat.util.net.NioEndpoint.initServerSocket(NioEndpoint.java:268)
		at org.apache.tomcat.util.net.NioEndpoint.bind(NioEndpoint.java:223)
		at org.apache.tomcat.util.net.AbstractEndpoint.bindWithCleanup(AbstractEndpoint.java:1373)
		at org.apache.tomcat.util.net.AbstractEndpoint.init(AbstractEndpoint.java:1386)
		at org.apache.coyote.AbstractProtocol.init(AbstractProtocol.java:663)
		at org.apache.coyote.http11.AbstractHttp11Protocol.init(AbstractHttp11Protocol.java:80)
		at org.apache.catalina.connector.Connector.initInternal(Connector.java:1046)
		... 11 more
13-Apr-2025 14:23:14.382 INFO [main] org.apache.catalina.startup.Catalina.load Server initialization in [1255] milliseconds
13-Apr-2025 14:23:14.458 INFO [main] org.apache.catalina.core.StandardService.startInternal Starting service [Catalina]
13-Apr-2025 14:23:14.459 INFO [main] org.apache.catalina.core.StandardEngine.startInternal Starting Servlet engine: [Apache Tomcat/9.0.102]
13-Apr-2025 14:23:14.468 INFO [main] org.apache.catalina.startup.HostConfig.deployDescriptor Deploying deployment descriptor [C:\Users\OSHADHA\IdeaProjects\OOP-projectnew\conf\Catalina\localhost\OOP-projectnew.xml]
13-Apr-2025 14:23:15.205 INFO [main] org.apache.catalina.startup.HostConfig.deployDescriptor Deployment of deployment descriptor [C:\Users\OSHADHA\IdeaProjects\OOP-projectnew\conf\Catalina\localhost\OOP-projectnew.xml] has finished in [737] ms
13-Apr-2025 14:23:15.209 INFO [main] org.apache.catalina.startup.Catalina.start Server startup in [825] milliseconds
13-Apr-2025 14:23:24.703 INFO [Thread-1] org.apache.coyote.AbstractProtocol.pause Pausing ProtocolHandler ["http-nio-8080"]
13-Apr-2025 14:23:24.703 INFO [Thread-1] org.apache.catalina.core.StandardService.stopInternal Stopping service [Catalina]
13-Apr-2025 14:23:24.713 INFO [Thread-1] org.apache.coyote.AbstractProtocol.stop Stopping ProtocolHandler ["http-nio-8080"]
13-Apr-2025 14:23:24.713 INFO [Thread-1] org.apache.coyote.AbstractProtocol.destroy Destroying ProtocolHandler ["http-nio-8080"]
13-Apr-2025 14:23:36.563 INFO [main] org.apache.catalina.startup.VersionLoggerListener.log Server version name:   Apache Tomcat/9.0.102
13-Apr-2025 14:23:36.568 INFO [main] org.apache.catalina.startup.VersionLoggerListener.log Server built:          Mar 3 2025 19:33:14 UTC
13-Apr-2025 14:23:36.568 INFO [main] org.apache.catalina.startup.VersionLoggerListener.log Server version number: 9.0.102.0
13-Apr-2025 14:23:36.568 INFO [main] org.apache.catalina.startup.VersionLoggerListener.log OS Name:               Windows 10
13-Apr-2025 14:23:36.568 INFO [main] org.apache.catalina.startup.VersionLoggerListener.log OS Version:            10.0
13-Apr-2025 14:23:36.568 INFO [main] org.apache.catalina.startup.VersionLoggerListener.log Architecture:          amd64
13-Apr-2025 14:23:36.569 INFO [main] org.apache.catalina.startup.VersionLoggerListener.log Java Home:             C:\Program Files\Java\jdk-22
13-Apr-2025 14:23:36.569 INFO [main] org.apache.catalina.startup.VersionLoggerListener.log JVM Version:           22.0.1+8-16
13-Apr-2025 14:23:36.569 INFO [main] org.apache.catalina.startup.VersionLoggerListener.log JVM Vendor:            Oracle Corporation
13-Apr-2025 14:23:36.569 INFO [main] org.apache.catalina.startup.VersionLoggerListener.log CATALINA_BASE:         C:\Users\OSHADHA\IdeaProjects\OOP-projectnew
13-Apr-2025 14:23:36.569 INFO [main] org.apache.catalina.startup.VersionLoggerListener.log CATALINA_HOME:         C:\Program Files\Apache Software Foundation\Tomcat 9.0
13-Apr-2025 14:23:36.579 INFO [main] org.apache.catalina.startup.VersionLoggerListener.log Command line argument: --add-opens=java.base/java.lang=ALL-UNNAMED
13-Apr-2025 14:23:36.579 INFO [main] org.apache.catalina.startup.VersionLoggerListener.log Command line argument: --add-opens=java.base/java.io=ALL-UNNAMED
13-Apr-2025 14:23:36.579 INFO [main] org.apache.catalina.startup.VersionLoggerListener.log Command line argument: --add-opens=java.base/java.util=ALL-UNNAMED
13-Apr-2025 14:23:36.579 INFO [main] org.apache.catalina.startup.VersionLoggerListener.log Command line argument: --add-opens=java.base/java.util.concurrent=ALL-UNNAMED
13-Apr-2025 14:23:36.579 INFO [main] org.apache.catalina.startup.VersionLoggerListener.log Command line argument: --add-opens=java.rmi/sun.rmi.transport=ALL-UNNAMED
13-Apr-2025 14:23:36.579 INFO [main] org.apache.catalina.startup.VersionLoggerListener.log Command line argument: -Dcatalina.home=C:\Program Files\Apache Software Foundation\Tomcat 9.0
13-Apr-2025 14:23:36.579 INFO [main] org.apache.catalina.startup.VersionLoggerListener.log Command line argument: -Dcatalina.base=C:\Users\OSHADHA\IdeaProjects\OOP-projectnew
13-Apr-2025 14:23:36.580 INFO [main] org.apache.catalina.startup.VersionLoggerListener.log Command line argument: -Djava.io.tmpdir=C:\Users\OSHADHA\IdeaProjects\OOP-projectnew\temp
13-Apr-2025 14:23:36.580 INFO [main] org.apache.catalina.startup.VersionLoggerListener.log Command line argument: -Djava.util.logging.config.file=C:\Users\OSHADHA\IdeaProjects\OOP-projectnew\conf\logging.properties
13-Apr-2025 14:23:36.580 INFO [main] org.apache.catalina.startup.VersionLoggerListener.log Command line argument: -Djava.util.logging.manager=org.apache.juli.ClassLoaderLogManager
13-Apr-2025 14:23:36.580 INFO [main] org.apache.catalina.startup.VersionLoggerListener.log Command line argument: -javaagent:C:\Program Files\JetBrains\IntelliJ IDEA 2024.3.5\lib\idea_rt.jar=63693
13-Apr-2025 14:23:36.580 INFO [main] org.apache.catalina.startup.VersionLoggerListener.log Command line argument: -Dfile.encoding=UTF-8
13-Apr-2025 14:23:36.581 INFO [main] org.apache.catalina.startup.VersionLoggerListener.log Command line argument: -Dsun.stdout.encoding=UTF-8
13-Apr-2025 14:23:36.581 INFO [main] org.apache.catalina.startup.VersionLoggerListener.log Command line argument: -Dsun.stderr.encoding=UTF-8
13-Apr-2025 14:23:36.584 INFO [main] org.apache.catalina.core.AprLifecycleListener.lifecycleEvent Loaded Apache Tomcat Native library [1.3.1] using APR version [1.7.4].
13-Apr-2025 14:23:36.584 INFO [main] org.apache.catalina.core.AprLifecycleListener.lifecycleEvent APR capabilities: IPv6 [true], sendfile [true], accept filters [false], random [true], UDS [true].
13-Apr-2025 14:23:36.584 INFO [main] org.apache.catalina.core.AprLifecycleListener.lifecycleEvent APR/OpenSSL configuration: useAprConnector [false], useOpenSSL [true]
13-Apr-2025 14:23:36.591 INFO [main] org.apache.catalina.core.AprLifecycleListener.initializeSSL OpenSSL successfully initialized [OpenSSL 3.0.14 4 Jun 2024]
13-Apr-2025 14:23:37.052 INFO [main] org.apache.coyote.AbstractProtocol.init Initializing ProtocolHandler ["http-nio-8080"]
13-Apr-2025 14:23:37.078 INFO [main] org.apache.catalina.startup.Catalina.load Server initialization in [808] milliseconds
13-Apr-2025 14:23:37.128 INFO [main] org.apache.catalina.core.StandardService.startInternal Starting service [Catalina]
13-Apr-2025 14:23:37.129 INFO [main] org.apache.catalina.core.StandardEngine.startInternal Starting Servlet engine: [Apache Tomcat/9.0.102]
13-Apr-2025 14:23:37.140 INFO [main] org.apache.catalina.startup.HostConfig.deployDescriptor Deploying deployment descriptor [C:\Users\OSHADHA\IdeaProjects\OOP-projectnew\conf\Catalina\localhost\OOP-projectnew.xml]
13-Apr-2025 14:23:37.730 INFO [main] org.apache.catalina.startup.HostConfig.deployDescriptor Deployment of deployment descriptor [C:\Users\OSHADHA\IdeaProjects\OOP-projectnew\conf\Catalina\localhost\OOP-projectnew.xml] has finished in [590] ms
13-Apr-2025 14:23:37.733 INFO [main] org.apache.coyote.AbstractProtocol.start Starting ProtocolHandler ["http-nio-8080"]
13-Apr-2025 14:23:37.754 INFO [main] org.apache.catalina.startup.Catalina.start Server startup in [674] milliseconds
13-Apr-2025 14:46:17.266 INFO [Thread-1] org.apache.coyote.AbstractProtocol.pause Pausing ProtocolHandler ["http-nio-8080"]
13-Apr-2025 14:46:17.275 INFO [Thread-1] org.apache.catalina.core.StandardService.stopInternal Stopping service [Catalina]
13-Apr-2025 14:46:17.286 INFO [Thread-1] org.apache.coyote.AbstractProtocol.stop Stopping ProtocolHandler ["http-nio-8080"]
13-Apr-2025 14:46:17.302 INFO [Thread-1] org.apache.coyote.AbstractProtocol.destroy Destroying ProtocolHandler ["http-nio-8080"]
13-Apr-2025 14:46:20.604 INFO [main] org.apache.catalina.startup.VersionLoggerListener.log Server version name:   Apache Tomcat/9.0.102
13-Apr-2025 14:46:20.610 INFO [main] org.apache.catalina.startup.VersionLoggerListener.log Server built:          Mar 3 2025 19:33:14 UTC
13-Apr-2025 14:46:20.610 INFO [main] org.apache.catalina.startup.VersionLoggerListener.log Server version number: 9.0.102.0
13-Apr-2025 14:46:20.611 INFO [main] org.apache.catalina.startup.VersionLoggerListener.log OS Name:               Windows 10
13-Apr-2025 14:46:20.611 INFO [main] org.apache.catalina.startup.VersionLoggerListener.log OS Version:            10.0
13-Apr-2025 14:46:20.611 INFO [main] org.apache.catalina.startup.VersionLoggerListener.log Architecture:          amd64
13-Apr-2025 14:46:20.611 INFO [main] org.apache.catalina.startup.VersionLoggerListener.log Java Home:             C:\Program Files\Java\jdk-22
13-Apr-2025 14:46:20.611 INFO [main] org.apache.catalina.startup.VersionLoggerListener.log JVM Version:           22.0.1+8-16
13-Apr-2025 14:46:20.611 INFO [main] org.apache.catalina.startup.VersionLoggerListener.log JVM Vendor:            Oracle Corporation
13-Apr-2025 14:46:20.611 INFO [main] org.apache.catalina.startup.VersionLoggerListener.log CATALINA_BASE:         C:\Users\OSHADHA\IdeaProjects\OOP-projectnew
13-Apr-2025 14:46:20.611 INFO [main] org.apache.catalina.startup.VersionLoggerListener.log CATALINA_HOME:         C:\Program Files\Apache Software Foundation\Tomcat 9.0
13-Apr-2025 14:46:20.623 INFO [main] org.apache.catalina.startup.VersionLoggerListener.log Command line argument: --add-opens=java.base/java.lang=ALL-UNNAMED
13-Apr-2025 14:46:20.623 INFO [main] org.apache.catalina.startup.VersionLoggerListener.log Command line argument: --add-opens=java.base/java.io=ALL-UNNAMED
13-Apr-2025 14:46:20.623 INFO [main] org.apache.catalina.startup.VersionLoggerListener.log Command line argument: --add-opens=java.base/java.util=ALL-UNNAMED
13-Apr-2025 14:46:20.623 INFO [main] org.apache.catalina.startup.VersionLoggerListener.log Command line argument: --add-opens=java.base/java.util.concurrent=ALL-UNNAMED
13-Apr-2025 14:46:20.623 INFO [main] org.apache.catalina.startup.VersionLoggerListener.log Command line argument: --add-opens=java.rmi/sun.rmi.transport=ALL-UNNAMED
13-Apr-2025 14:46:20.624 INFO [main] org.apache.catalina.startup.VersionLoggerListener.log Command line argument: -Dcatalina.home=C:\Program Files\Apache Software Foundation\Tomcat 9.0
13-Apr-2025 14:46:20.624 INFO [main] org.apache.catalina.startup.VersionLoggerListener.log Command line argument: -Dcatalina.base=C:\Users\OSHADHA\IdeaProjects\OOP-projectnew
13-Apr-2025 14:46:20.624 INFO [main] org.apache.catalina.startup.VersionLoggerListener.log Command line argument: -Djava.io.tmpdir=C:\Users\OSHADHA\IdeaProjects\OOP-projectnew\temp
13-Apr-2025 14:46:20.624 INFO [main] org.apache.catalina.startup.VersionLoggerListener.log Command line argument: -Djava.util.logging.config.file=C:\Users\OSHADHA\IdeaProjects\OOP-projectnew\conf\logging.properties
13-Apr-2025 14:46:20.624 INFO [main] org.apache.catalina.startup.VersionLoggerListener.log Command line argument: -Djava.util.logging.manager=org.apache.juli.ClassLoaderLogManager
13-Apr-2025 14:46:20.624 INFO [main] org.apache.catalina.startup.VersionLoggerListener.log Command line argument: -javaagent:C:\Program Files\JetBrains\IntelliJ IDEA 2024.3.5\lib\idea_rt.jar=64281
13-Apr-2025 14:46:20.624 INFO [main] org.apache.catalina.startup.VersionLoggerListener.log Command line argument: -Dfile.encoding=UTF-8
13-Apr-2025 14:46:20.624 INFO [main] org.apache.catalina.startup.VersionLoggerListener.log Command line argument: -Dsun.stdout.encoding=UTF-8
13-Apr-2025 14:46:20.624 INFO [main] org.apache.catalina.startup.VersionLoggerListener.log Command line argument: -Dsun.stderr.encoding=UTF-8
13-Apr-2025 14:46:20.628 INFO [main] org.apache.catalina.core.AprLifecycleListener.lifecycleEvent Loaded Apache Tomcat Native library [1.3.1] using APR version [1.7.4].
13-Apr-2025 14:46:20.628 INFO [main] org.apache.catalina.core.AprLifecycleListener.lifecycleEvent APR capabilities: IPv6 [true], sendfile [true], accept filters [false], random [true], UDS [true].
13-Apr-2025 14:46:20.628 INFO [main] org.apache.catalina.core.AprLifecycleListener.lifecycleEvent APR/OpenSSL configuration: useAprConnector [false], useOpenSSL [true]
13-Apr-2025 14:46:20.636 INFO [main] org.apache.catalina.core.AprLifecycleListener.initializeSSL OpenSSL successfully initialized [OpenSSL 3.0.14 4 Jun 2024]
13-Apr-2025 14:46:21.110 INFO [main] org.apache.coyote.AbstractProtocol.init Initializing ProtocolHandler ["http-nio-8080"]
13-Apr-2025 14:46:21.136 INFO [main] org.apache.catalina.startup.Catalina.load Server initialization in [2208] milliseconds
13-Apr-2025 14:46:21.197 INFO [main] org.apache.catalina.core.StandardService.startInternal Starting service [Catalina]
13-Apr-2025 14:46:21.197 INFO [main] org.apache.catalina.core.StandardEngine.startInternal Starting Servlet engine: [Apache Tomcat/9.0.102]
13-Apr-2025 14:46:21.209 INFO [main] org.apache.catalina.startup.HostConfig.deployDescriptor Deploying deployment descriptor [C:\Users\OSHADHA\IdeaProjects\OOP-projectnew\conf\Catalina\localhost\OOP-projectnew.xml]
13-Apr-2025 14:46:21.916 INFO [main] org.apache.catalina.startup.HostConfig.deployDescriptor Deployment of deployment descriptor [C:\Users\OSHADHA\IdeaProjects\OOP-projectnew\conf\Catalina\localhost\OOP-projectnew.xml] has finished in [707] ms
13-Apr-2025 14:46:21.920 INFO [main] org.apache.coyote.AbstractProtocol.start Starting ProtocolHandler ["http-nio-8080"]
13-Apr-2025 14:46:21.939 INFO [main] org.apache.catalina.startup.Catalina.start Server startup in [801] milliseconds
13-Apr-2025 14:47:26.523 INFO [Thread-1] org.apache.coyote.AbstractProtocol.pause Pausing ProtocolHandler ["http-nio-8080"]
13-Apr-2025 14:47:26.533 INFO [Thread-1] org.apache.catalina.core.StandardService.stopInternal Stopping service [Catalina]
13-Apr-2025 14:47:26.543 INFO [Thread-1] org.apache.coyote.AbstractProtocol.stop Stopping ProtocolHandler ["http-nio-8080"]
13-Apr-2025 14:47:26.546 INFO [Thread-1] org.apache.coyote.AbstractProtocol.destroy Destroying ProtocolHandler ["http-nio-8080"]
13-Apr-2025 14:47:28.819 INFO [main] org.apache.catalina.startup.VersionLoggerListener.log Server version name:   Apache Tomcat/9.0.102
13-Apr-2025 14:47:28.825 INFO [main] org.apache.catalina.startup.VersionLoggerListener.log Server built:          Mar 3 2025 19:33:14 UTC
13-Apr-2025 14:47:28.826 INFO [main] org.apache.catalina.startup.VersionLoggerListener.log Server version number: 9.0.102.0
13-Apr-2025 14:47:28.826 INFO [main] org.apache.catalina.startup.VersionLoggerListener.log OS Name:               Windows 10
13-Apr-2025 14:47:28.826 INFO [main] org.apache.catalina.startup.VersionLoggerListener.log OS Version:            10.0
13-Apr-2025 14:47:28.826 INFO [main] org.apache.catalina.startup.VersionLoggerListener.log Architecture:          amd64
13-Apr-2025 14:47:28.826 INFO [main] org.apache.catalina.startup.VersionLoggerListener.log Java Home:             C:\Program Files\Java\jdk-22
13-Apr-2025 14:47:28.826 INFO [main] org.apache.catalina.startup.VersionLoggerListener.log JVM Version:           22.0.1+8-16
13-Apr-2025 14:47:28.826 INFO [main] org.apache.catalina.startup.VersionLoggerListener.log JVM Vendor:            Oracle Corporation
13-Apr-2025 14:47:28.827 INFO [main] org.apache.catalina.startup.VersionLoggerListener.log CATALINA_BASE:         C:\Users\OSHADHA\IdeaProjects\OOP-projectnew
13-Apr-2025 14:47:28.827 INFO [main] org.apache.catalina.startup.VersionLoggerListener.log CATALINA_HOME:         C:\Program Files\Apache Software Foundation\Tomcat 9.0
13-Apr-2025 14:47:28.839 INFO [main] org.apache.catalina.startup.VersionLoggerListener.log Command line argument: --add-opens=java.base/java.lang=ALL-UNNAMED
13-Apr-2025 14:47:28.839 INFO [main] org.apache.catalina.startup.VersionLoggerListener.log Command line argument: --add-opens=java.base/java.io=ALL-UNNAMED
13-Apr-2025 14:47:28.839 INFO [main] org.apache.catalina.startup.VersionLoggerListener.log Command line argument: --add-opens=java.base/java.util=ALL-UNNAMED
13-Apr-2025 14:47:28.839 INFO [main] org.apache.catalina.startup.VersionLoggerListener.log Command line argument: --add-opens=java.base/java.util.concurrent=ALL-UNNAMED
13-Apr-2025 14:47:28.840 INFO [main] org.apache.catalina.startup.VersionLoggerListener.log Command line argument: --add-opens=java.rmi/sun.rmi.transport=ALL-UNNAMED
13-Apr-2025 14:47:28.840 INFO [main] org.apache.catalina.startup.VersionLoggerListener.log Command line argument: -Dcatalina.home=C:\Program Files\Apache Software Foundation\Tomcat 9.0
13-Apr-2025 14:47:28.840 INFO [main] org.apache.catalina.startup.VersionLoggerListener.log Command line argument: -Dcatalina.base=C:\Users\OSHADHA\IdeaProjects\OOP-projectnew
13-Apr-2025 14:47:28.840 INFO [main] org.apache.catalina.startup.VersionLoggerListener.log Command line argument: -Djava.io.tmpdir=C:\Users\OSHADHA\IdeaProjects\OOP-projectnew\temp
13-Apr-2025 14:47:28.840 INFO [main] org.apache.catalina.startup.VersionLoggerListener.log Command line argument: -Djava.util.logging.config.file=C:\Users\OSHADHA\IdeaProjects\OOP-projectnew\conf\logging.properties
13-Apr-2025 14:47:28.840 INFO [main] org.apache.catalina.startup.VersionLoggerListener.log Command line argument: -Djava.util.logging.manager=org.apache.juli.ClassLoaderLogManager
13-Apr-2025 14:47:28.840 INFO [main] org.apache.catalina.startup.VersionLoggerListener.log Command line argument: -javaagent:C:\Program Files\JetBrains\IntelliJ IDEA 2024.3.5\lib\idea_rt.jar=64303
13-Apr-2025 14:47:28.840 INFO [main] org.apache.catalina.startup.VersionLoggerListener.log Command line argument: -Dfile.encoding=UTF-8
13-Apr-2025 14:47:28.841 INFO [main] org.apache.catalina.startup.VersionLoggerListener.log Command line argument: -Dsun.stdout.encoding=UTF-8
13-Apr-2025 14:47:28.841 INFO [main] org.apache.catalina.startup.VersionLoggerListener.log Command line argument: -Dsun.stderr.encoding=UTF-8
13-Apr-2025 14:47:28.847 INFO [main] org.apache.catalina.core.AprLifecycleListener.lifecycleEvent Loaded Apache Tomcat Native library [1.3.1] using APR version [1.7.4].
13-Apr-2025 14:47:28.847 INFO [main] org.apache.catalina.core.AprLifecycleListener.lifecycleEvent APR capabilities: IPv6 [true], sendfile [true], accept filters [false], random [true], UDS [true].
13-Apr-2025 14:47:28.847 INFO [main] org.apache.catalina.core.AprLifecycleListener.lifecycleEvent APR/OpenSSL configuration: useAprConnector [false], useOpenSSL [true]
13-Apr-2025 14:47:28.856 INFO [main] org.apache.catalina.core.AprLifecycleListener.initializeSSL OpenSSL successfully initialized [OpenSSL 3.0.14 4 Jun 2024]
13-Apr-2025 14:47:29.322 INFO [main] org.apache.coyote.AbstractProtocol.init Initializing ProtocolHandler ["http-nio-8080"]
13-Apr-2025 14:47:29.341 INFO [main] org.apache.catalina.startup.Catalina.load Server initialization in [1460] milliseconds
13-Apr-2025 14:47:29.389 INFO [main] org.apache.catalina.core.StandardService.startInternal Starting service [Catalina]
13-Apr-2025 14:47:29.389 INFO [main] org.apache.catalina.core.StandardEngine.startInternal Starting Servlet engine: [Apache Tomcat/9.0.102]
13-Apr-2025 14:47:29.398 INFO [main] org.apache.catalina.startup.HostConfig.deployDescriptor Deploying deployment descriptor [C:\Users\OSHADHA\IdeaProjects\OOP-projectnew\conf\Catalina\localhost\OOP-projectnew.xml]
13-Apr-2025 14:47:30.096 INFO [main] org.apache.catalina.startup.HostConfig.deployDescriptor Deployment of deployment descriptor [C:\Users\OSHADHA\IdeaProjects\OOP-projectnew\conf\Catalina\localhost\OOP-projectnew.xml] has finished in [698] ms
13-Apr-2025 14:47:30.099 INFO [main] org.apache.coyote.AbstractProtocol.start Starting ProtocolHandler ["http-nio-8080"]
13-Apr-2025 14:47:30.119 INFO [main] org.apache.catalina.startup.Catalina.start Server startup in [776] milliseconds
13-Apr-2025 14:48:46.124 INFO [Thread-1] org.apache.coyote.AbstractProtocol.pause Pausing ProtocolHandler ["http-nio-8080"]
13-Apr-2025 14:48:46.133 INFO [Thread-1] org.apache.catalina.core.StandardService.stopInternal Stopping service [Catalina]
13-Apr-2025 14:48:46.143 INFO [Thread-1] org.apache.coyote.AbstractProtocol.stop Stopping ProtocolHandler ["http-nio-8080"]
13-Apr-2025 14:48:46.147 INFO [Thread-1] org.apache.coyote.AbstractProtocol.destroy Destroying ProtocolHandler ["http-nio-8080"]
13-Apr-2025 14:48:48.951 INFO [main] org.apache.catalina.startup.VersionLoggerListener.log Server version name:   Apache Tomcat/9.0.102
13-Apr-2025 14:48:48.955 INFO [main] org.apache.catalina.startup.VersionLoggerListener.log Server built:          Mar 3 2025 19:33:14 UTC
13-Apr-2025 14:48:48.955 INFO [main] org.apache.catalina.startup.VersionLoggerListener.log Server version number: 9.0.102.0
13-Apr-2025 14:48:48.955 INFO [main] org.apache.catalina.startup.VersionLoggerListener.log OS Name:               Windows 10
13-Apr-2025 14:48:48.956 INFO [main] org.apache.catalina.startup.VersionLoggerListener.log OS Version:            10.0
13-Apr-2025 14:48:48.956 INFO [main] org.apache.catalina.startup.VersionLoggerListener.log Architecture:          amd64
13-Apr-2025 14:48:48.956 INFO [main] org.apache.catalina.startup.VersionLoggerListener.log Java Home:             C:\Program Files\Java\jdk-22
13-Apr-2025 14:48:48.956 INFO [main] org.apache.catalina.startup.VersionLoggerListener.log JVM Version:           22.0.1+8-16
13-Apr-2025 14:48:48.956 INFO [main] org.apache.catalina.startup.VersionLoggerListener.log JVM Vendor:            Oracle Corporation
13-Apr-2025 14:48:48.956 INFO [main] org.apache.catalina.startup.VersionLoggerListener.log CATALINA_BASE:         C:\Users\OSHADHA\IdeaProjects\OOP-projectnew
13-Apr-2025 14:48:48.956 INFO [main] org.apache.catalina.startup.VersionLoggerListener.log CATALINA_HOME:         C:\Program Files\Apache Software Foundation\Tomcat 9.0
13-Apr-2025 14:48:48.966 INFO [main] org.apache.catalina.startup.VersionLoggerListener.log Command line argument: --add-opens=java.base/java.lang=ALL-UNNAMED
13-Apr-2025 14:48:48.966 INFO [main] org.apache.catalina.startup.VersionLoggerListener.log Command line argument: --add-opens=java.base/java.io=ALL-UNNAMED
13-Apr-2025 14:48:48.966 INFO [main] org.apache.catalina.startup.VersionLoggerListener.log Command line argument: --add-opens=java.base/java.util=ALL-UNNAMED
13-Apr-2025 14:48:48.966 INFO [main] org.apache.catalina.startup.VersionLoggerListener.log Command line argument: --add-opens=java.base/java.util.concurrent=ALL-UNNAMED
13-Apr-2025 14:48:48.966 INFO [main] org.apache.catalina.startup.VersionLoggerListener.log Command line argument: --add-opens=java.rmi/sun.rmi.transport=ALL-UNNAMED
13-Apr-2025 14:48:48.967 INFO [main] org.apache.catalina.startup.VersionLoggerListener.log Command line argument: -Dcatalina.home=C:\Program Files\Apache Software Foundation\Tomcat 9.0
13-Apr-2025 14:48:48.967 INFO [main] org.apache.catalina.startup.VersionLoggerListener.log Command line argument: -Dcatalina.base=C:\Users\OSHADHA\IdeaProjects\OOP-projectnew
13-Apr-2025 14:48:48.967 INFO [main] org.apache.catalina.startup.VersionLoggerListener.log Command line argument: -Djava.io.tmpdir=C:\Users\OSHADHA\IdeaProjects\OOP-projectnew\temp
13-Apr-2025 14:48:48.967 INFO [main] org.apache.catalina.startup.VersionLoggerListener.log Command line argument: -Djava.util.logging.config.file=C:\Users\OSHADHA\IdeaProjects\OOP-projectnew\conf\logging.properties
13-Apr-2025 14:48:48.967 INFO [main] org.apache.catalina.startup.VersionLoggerListener.log Command line argument: -Djava.util.logging.manager=org.apache.juli.ClassLoaderLogManager
13-Apr-2025 14:48:48.967 INFO [main] org.apache.catalina.startup.VersionLoggerListener.log Command line argument: -javaagent:C:\Program Files\JetBrains\IntelliJ IDEA 2024.3.5\lib\idea_rt.jar=64389
13-Apr-2025 14:48:48.967 INFO [main] org.apache.catalina.startup.VersionLoggerListener.log Command line argument: -Dfile.encoding=UTF-8
13-Apr-2025 14:48:48.967 INFO [main] org.apache.catalina.startup.VersionLoggerListener.log Command line argument: -Dsun.stdout.encoding=UTF-8
13-Apr-2025 14:48:48.967 INFO [main] org.apache.catalina.startup.VersionLoggerListener.log Command line argument: -Dsun.stderr.encoding=UTF-8
13-Apr-2025 14:48:48.972 INFO [main] org.apache.catalina.core.AprLifecycleListener.lifecycleEvent Loaded Apache Tomcat Native library [1.3.1] using APR version [1.7.4].
13-Apr-2025 14:48:48.972 INFO [main] org.apache.catalina.core.AprLifecycleListener.lifecycleEvent APR capabilities: IPv6 [true], sendfile [true], accept filters [false], random [true], UDS [true].
13-Apr-2025 14:48:48.972 INFO [main] org.apache.catalina.core.AprLifecycleListener.lifecycleEvent APR/OpenSSL configuration: useAprConnector [false], useOpenSSL [true]
13-Apr-2025 14:48:48.980 INFO [main] org.apache.catalina.core.AprLifecycleListener.initializeSSL OpenSSL successfully initialized [OpenSSL 3.0.14 4 Jun 2024]
13-Apr-2025 14:48:49.483 INFO [main] org.apache.coyote.AbstractProtocol.init Initializing ProtocolHandler ["http-nio-8080"]
13-Apr-2025 14:48:49.514 INFO [main] org.apache.catalina.startup.Catalina.load Server initialization in [1134] milliseconds
13-Apr-2025 14:48:49.584 INFO [main] org.apache.catalina.core.StandardService.startInternal Starting service [Catalina]
13-Apr-2025 14:48:49.584 INFO [main] org.apache.catalina.core.StandardEngine.startInternal Starting Servlet engine: [Apache Tomcat/9.0.102]
13-Apr-2025 14:48:49.599 INFO [main] org.apache.catalina.startup.HostConfig.deployDescriptor Deploying deployment descriptor [C:\Users\OSHADHA\IdeaProjects\OOP-projectnew\conf\Catalina\localhost\OOP-projectnew.xml]
13-Apr-2025 14:48:50.231 INFO [main] org.apache.catalina.startup.HostConfig.deployDescriptor Deployment of deployment descriptor [C:\Users\OSHADHA\IdeaProjects\OOP-projectnew\conf\Catalina\localhost\OOP-projectnew.xml] has finished in [631] ms
13-Apr-2025 14:48:50.233 INFO [main] org.apache.coyote.AbstractProtocol.start Starting ProtocolHandler ["http-nio-8080"]
13-Apr-2025 14:48:50.253 INFO [main] org.apache.catalina.startup.Catalina.start Server startup in [736] milliseconds
13-Apr-2025 14:57:04.574 INFO [Thread-1] org.apache.coyote.AbstractProtocol.pause Pausing ProtocolHandler ["http-nio-8080"]
13-Apr-2025 14:57:04.584 INFO [Thread-1] org.apache.catalina.core.StandardService.stopInternal Stopping service [Catalina]
13-Apr-2025 14:57:04.594 INFO [Thread-1] org.apache.coyote.AbstractProtocol.stop Stopping ProtocolHandler ["http-nio-8080"]
13-Apr-2025 14:57:04.618 INFO [Thread-1] org.apache.coyote.AbstractProtocol.destroy Destroying ProtocolHandler ["http-nio-8080"]
13-Apr-2025 15:26:43.062 INFO [main] org.apache.catalina.startup.VersionLoggerListener.log Server version name:   Apache Tomcat/9.0.102
13-Apr-2025 15:26:43.068 INFO [main] org.apache.catalina.startup.VersionLoggerListener.log Server built:          Mar 3 2025 19:33:14 UTC
13-Apr-2025 15:26:43.068 INFO [main] org.apache.catalina.startup.VersionLoggerListener.log Server version number: 9.0.102.0
13-Apr-2025 15:26:43.068 INFO [main] org.apache.catalina.startup.VersionLoggerListener.log OS Name:               Windows 10
13-Apr-2025 15:26:43.068 INFO [main] org.apache.catalina.startup.VersionLoggerListener.log OS Version:            10.0
13-Apr-2025 15:26:43.069 INFO [main] org.apache.catalina.startup.VersionLoggerListener.log Architecture:          amd64
13-Apr-2025 15:26:43.069 INFO [main] org.apache.catalina.startup.VersionLoggerListener.log Java Home:             C:\Program Files\Java\jdk-22
13-Apr-2025 15:26:43.069 INFO [main] org.apache.catalina.startup.VersionLoggerListener.log JVM Version:           22.0.1+8-16
13-Apr-2025 15:26:43.069 INFO [main] org.apache.catalina.startup.VersionLoggerListener.log JVM Vendor:            Oracle Corporation
13-Apr-2025 15:26:43.069 INFO [main] org.apache.catalina.startup.VersionLoggerListener.log CATALINA_BASE:         C:\Users\OSHADHA\IdeaProjects\OOP-projectnew
13-Apr-2025 15:26:43.069 INFO [main] org.apache.catalina.startup.VersionLoggerListener.log CATALINA_HOME:         C:\Program Files\Apache Software Foundation\Tomcat 9.0
13-Apr-2025 15:26:43.079 INFO [main] org.apache.catalina.startup.VersionLoggerListener.log Command line argument: --add-opens=java.base/java.lang=ALL-UNNAMED
13-Apr-2025 15:26:43.079 INFO [main] org.apache.catalina.startup.VersionLoggerListener.log Command line argument: --add-opens=java.base/java.io=ALL-UNNAMED
13-Apr-2025 15:26:43.079 INFO [main] org.apache.catalina.startup.VersionLoggerListener.log Command line argument: --add-opens=java.base/java.util=ALL-UNNAMED
13-Apr-2025 15:26:43.079 INFO [main] org.apache.catalina.startup.VersionLoggerListener.log Command line argument: --add-opens=java.base/java.util.concurrent=ALL-UNNAMED
13-Apr-2025 15:26:43.079 INFO [main] org.apache.catalina.startup.VersionLoggerListener.log Command line argument: --add-opens=java.rmi/sun.rmi.transport=ALL-UNNAMED
13-Apr-2025 15:26:43.079 INFO [main] org.apache.catalina.startup.VersionLoggerListener.log Command line argument: -Dcatalina.home=C:\Program Files\Apache Software Foundation\Tomcat 9.0
13-Apr-2025 15:26:43.079 INFO [main] org.apache.catalina.startup.VersionLoggerListener.log Command line argument: -Dcatalina.base=C:\Users\OSHADHA\IdeaProjects\OOP-projectnew
13-Apr-2025 15:26:43.079 INFO [main] org.apache.catalina.startup.VersionLoggerListener.log Command line argument: -Djava.io.tmpdir=C:\Users\OSHADHA\IdeaProjects\OOP-projectnew\temp
13-Apr-2025 15:26:43.080 INFO [main] org.apache.catalina.startup.VersionLoggerListener.log Command line argument: -Djava.util.logging.config.file=C:\Users\OSHADHA\IdeaProjects\OOP-projectnew\conf\logging.properties
13-Apr-2025 15:26:43.080 INFO [main] org.apache.catalina.startup.VersionLoggerListener.log Command line argument: -Djava.util.logging.manager=org.apache.juli.ClassLoaderLogManager
13-Apr-2025 15:26:43.080 INFO [main] org.apache.catalina.startup.VersionLoggerListener.log Command line argument: -javaagent:C:\Program Files\JetBrains\IntelliJ IDEA 2024.3.5\lib\idea_rt.jar=65031
13-Apr-2025 15:26:43.080 INFO [main] org.apache.catalina.startup.VersionLoggerListener.log Command line argument: -Dfile.encoding=UTF-8
13-Apr-2025 15:26:43.080 INFO [main] org.apache.catalina.startup.VersionLoggerListener.log Command line argument: -Dsun.stdout.encoding=UTF-8
13-Apr-2025 15:26:43.080 INFO [main] org.apache.catalina.startup.VersionLoggerListener.log Command line argument: -Dsun.stderr.encoding=UTF-8
13-Apr-2025 15:26:43.087 INFO [main] org.apache.catalina.core.AprLifecycleListener.lifecycleEvent Loaded Apache Tomcat Native library [1.3.1] using APR version [1.7.4].
13-Apr-2025 15:26:43.087 INFO [main] org.apache.catalina.core.AprLifecycleListener.lifecycleEvent APR capabilities: IPv6 [true], sendfile [true], accept filters [false], random [true], UDS [true].
13-Apr-2025 15:26:43.087 INFO [main] org.apache.catalina.core.AprLifecycleListener.lifecycleEvent APR/OpenSSL configuration: useAprConnector [false], useOpenSSL [true]
13-Apr-2025 15:26:43.106 INFO [main] org.apache.catalina.core.AprLifecycleListener.initializeSSL OpenSSL successfully initialized [OpenSSL 3.0.14 4 Jun 2024]
13-Apr-2025 15:26:43.600 INFO [main] org.apache.coyote.AbstractProtocol.init Initializing ProtocolHandler ["http-nio-8080"]
13-Apr-2025 15:26:43.624 INFO [main] org.apache.catalina.startup.Catalina.load Server initialization in [897] milliseconds
13-Apr-2025 15:26:43.696 INFO [main] org.apache.catalina.core.StandardService.startInternal Starting service [Catalina]
13-Apr-2025 15:26:43.696 INFO [main] org.apache.catalina.core.StandardEngine.startInternal Starting Servlet engine: [Apache Tomcat/9.0.102]
13-Apr-2025 15:26:43.706 INFO [main] org.apache.catalina.startup.HostConfig.deployDescriptor Deploying deployment descriptor [C:\Users\OSHADHA\IdeaProjects\OOP-projectnew\conf\Catalina\localhost\OOP-projectnew.xml]
13-Apr-2025 15:26:44.362 INFO [main] org.apache.catalina.startup.HostConfig.deployDescriptor Deployment of deployment descriptor [C:\Users\OSHADHA\IdeaProjects\OOP-projectnew\conf\Catalina\localhost\OOP-projectnew.xml] has finished in [656] ms
13-Apr-2025 15:26:44.366 INFO [main] org.apache.coyote.AbstractProtocol.start Starting ProtocolHandler ["http-nio-8080"]
13-Apr-2025 15:26:44.388 INFO [main] org.apache.catalina.startup.Catalina.start Server startup in [761] milliseconds
13-Apr-2025 15:28:55.968 INFO [Thread-1] org.apache.coyote.AbstractProtocol.pause Pausing ProtocolHandler ["http-nio-8080"]
13-Apr-2025 15:28:55.978 INFO [Thread-1] org.apache.catalina.core.StandardService.stopInternal Stopping service [Catalina]
13-Apr-2025 15:28:55.989 INFO [Thread-1] org.apache.coyote.AbstractProtocol.stop Stopping ProtocolHandler ["http-nio-8080"]
13-Apr-2025 15:28:55.991 INFO [Thread-1] org.apache.coyote.AbstractProtocol.destroy Destroying ProtocolHandler ["http-nio-8080"]
13-Apr-2025 15:28:58.487 INFO [main] org.apache.catalina.startup.VersionLoggerListener.log Server version name:   Apache Tomcat/9.0.102
13-Apr-2025 15:28:58.493 INFO [main] org.apache.catalina.startup.VersionLoggerListener.log Server built:          Mar 3 2025 19:33:14 UTC
13-Apr-2025 15:28:58.493 INFO [main] org.apache.catalina.startup.VersionLoggerListener.log Server version number: 9.0.102.0
13-Apr-2025 15:28:58.493 INFO [main] org.apache.catalina.startup.VersionLoggerListener.log OS Name:               Windows 10
13-Apr-2025 15:28:58.493 INFO [main] org.apache.catalina.startup.VersionLoggerListener.log OS Version:            10.0
13-Apr-2025 15:28:58.493 INFO [main] org.apache.catalina.startup.VersionLoggerListener.log Architecture:          amd64
13-Apr-2025 15:28:58.493 INFO [main] org.apache.catalina.startup.VersionLoggerListener.log Java Home:             C:\Program Files\Java\jdk-22
13-Apr-2025 15:28:58.493 INFO [main] org.apache.catalina.startup.VersionLoggerListener.log JVM Version:           22.0.1+8-16
13-Apr-2025 15:28:58.493 INFO [main] org.apache.catalina.startup.VersionLoggerListener.log JVM Vendor:            Oracle Corporation
13-Apr-2025 15:28:58.494 INFO [main] org.apache.catalina.startup.VersionLoggerListener.log CATALINA_BASE:         C:\Users\OSHADHA\IdeaProjects\OOP-projectnew
13-Apr-2025 15:28:58.494 INFO [main] org.apache.catalina.startup.VersionLoggerListener.log CATALINA_HOME:         C:\Program Files\Apache Software Foundation\Tomcat 9.0
13-Apr-2025 15:28:58.502 INFO [main] org.apache.catalina.startup.VersionLoggerListener.log Command line argument: --add-opens=java.base/java.lang=ALL-UNNAMED
13-Apr-2025 15:28:58.503 INFO [main] org.apache.catalina.startup.VersionLoggerListener.log Command line argument: --add-opens=java.base/java.io=ALL-UNNAMED
13-Apr-2025 15:28:58.503 INFO [main] org.apache.catalina.startup.VersionLoggerListener.log Command line argument: --add-opens=java.base/java.util=ALL-UNNAMED
13-Apr-2025 15:28:58.503 INFO [main] org.apache.catalina.startup.VersionLoggerListener.log Command line argument: --add-opens=java.base/java.util.concurrent=ALL-UNNAMED
13-Apr-2025 15:28:58.503 INFO [main] org.apache.catalina.startup.VersionLoggerListener.log Command line argument: --add-opens=java.rmi/sun.rmi.transport=ALL-UNNAMED
13-Apr-2025 15:28:58.503 INFO [main] org.apache.catalina.startup.VersionLoggerListener.log Command line argument: -Dcatalina.home=C:\Program Files\Apache Software Foundation\Tomcat 9.0
13-Apr-2025 15:28:58.503 INFO [main] org.apache.catalina.startup.VersionLoggerListener.log Command line argument: -Dcatalina.base=C:\Users\OSHADHA\IdeaProjects\OOP-projectnew
13-Apr-2025 15:28:58.503 INFO [main] org.apache.catalina.startup.VersionLoggerListener.log Command line argument: -Djava.io.tmpdir=C:\Users\OSHADHA\IdeaProjects\OOP-projectnew\temp
13-Apr-2025 15:28:58.503 INFO [main] org.apache.catalina.startup.VersionLoggerListener.log Command line argument: -Djava.util.logging.config.file=C:\Users\OSHADHA\IdeaProjects\OOP-projectnew\conf\logging.properties
13-Apr-2025 15:28:58.503 INFO [main] org.apache.catalina.startup.VersionLoggerListener.log Command line argument: -Djava.util.logging.manager=org.apache.juli.ClassLoaderLogManager
13-Apr-2025 15:28:58.503 INFO [main] org.apache.catalina.startup.VersionLoggerListener.log Command line argument: -javaagent:C:\Program Files\JetBrains\IntelliJ IDEA 2024.3.5\lib\idea_rt.jar=65115
13-Apr-2025 15:28:58.503 INFO [main] org.apache.catalina.startup.VersionLoggerListener.log Command line argument: -Dfile.encoding=UTF-8
13-Apr-2025 15:28:58.503 INFO [main] org.apache.catalina.startup.VersionLoggerListener.log Command line argument: -Dsun.stdout.encoding=UTF-8
13-Apr-2025 15:28:58.504 INFO [main] org.apache.catalina.startup.VersionLoggerListener.log Command line argument: -Dsun.stderr.encoding=UTF-8
13-Apr-2025 15:28:58.508 INFO [main] org.apache.catalina.core.AprLifecycleListener.lifecycleEvent Loaded Apache Tomcat Native library [1.3.1] using APR version [1.7.4].
13-Apr-2025 15:28:58.508 INFO [main] org.apache.catalina.core.AprLifecycleListener.lifecycleEvent APR capabilities: IPv6 [true], sendfile [true], accept filters [false], random [true], UDS [true].
13-Apr-2025 15:28:58.508 INFO [main] org.apache.catalina.core.AprLifecycleListener.lifecycleEvent APR/OpenSSL configuration: useAprConnector [false], useOpenSSL [true]
13-Apr-2025 15:28:58.514 INFO [main] org.apache.catalina.core.AprLifecycleListener.initializeSSL OpenSSL successfully initialized [OpenSSL 3.0.14 4 Jun 2024]
13-Apr-2025 15:28:59.015 INFO [main] org.apache.coyote.AbstractProtocol.init Initializing ProtocolHandler ["http-nio-8080"]
13-Apr-2025 15:28:59.039 INFO [main] org.apache.catalina.startup.Catalina.load Server initialization in [1157] milliseconds
13-Apr-2025 15:28:59.098 INFO [main] org.apache.catalina.core.StandardService.startInternal Starting service [Catalina]
13-Apr-2025 15:28:59.098 INFO [main] org.apache.catalina.core.StandardEngine.startInternal Starting Servlet engine: [Apache Tomcat/9.0.102]
13-Apr-2025 15:28:59.110 INFO [main] org.apache.catalina.startup.HostConfig.deployDescriptor Deploying deployment descriptor [C:\Users\OSHADHA\IdeaProjects\OOP-projectnew\conf\Catalina\localhost\OOP-projectnew.xml]
13-Apr-2025 15:28:59.765 INFO [main] org.apache.catalina.startup.HostConfig.deployDescriptor Deployment of deployment descriptor [C:\Users\OSHADHA\IdeaProjects\OOP-projectnew\conf\Catalina\localhost\OOP-projectnew.xml] has finished in [655] ms
13-Apr-2025 15:28:59.768 INFO [main] org.apache.coyote.AbstractProtocol.start Starting ProtocolHandler ["http-nio-8080"]
13-Apr-2025 15:28:59.785 INFO [main] org.apache.catalina.startup.Catalina.start Server startup in [742] milliseconds
13-Apr-2025 15:29:07.714 INFO [Thread-1] org.apache.coyote.AbstractProtocol.pause Pausing ProtocolHandler ["http-nio-8080"]
13-Apr-2025 15:29:07.725 INFO [Thread-1] org.apache.catalina.core.StandardService.stopInternal Stopping service [Catalina]
13-Apr-2025 15:29:07.735 INFO [Thread-1] org.apache.coyote.AbstractProtocol.stop Stopping ProtocolHandler ["http-nio-8080"]
13-Apr-2025 15:29:07.737 INFO [Thread-1] org.apache.coyote.AbstractProtocol.destroy Destroying ProtocolHandler ["http-nio-8080"]
13-Apr-2025 15:52:51.198 INFO [main] org.apache.catalina.startup.VersionLoggerListener.log Server version name:   Apache Tomcat/9.0.102
13-Apr-2025 15:52:51.203 INFO [main] org.apache.catalina.startup.VersionLoggerListener.log Server built:          Mar 3 2025 19:33:14 UTC
13-Apr-2025 15:52:51.203 INFO [main] org.apache.catalina.startup.VersionLoggerListener.log Server version number: 9.0.102.0
13-Apr-2025 15:52:51.203 INFO [main] org.apache.catalina.startup.VersionLoggerListener.log OS Name:               Windows 10
13-Apr-2025 15:52:51.203 INFO [main] org.apache.catalina.startup.VersionLoggerListener.log OS Version:            10.0
13-Apr-2025 15:52:51.203 INFO [main] org.apache.catalina.startup.VersionLoggerListener.log Architecture:          amd64
13-Apr-2025 15:52:51.203 INFO [main] org.apache.catalina.startup.VersionLoggerListener.log Java Home:             C:\Program Files\Java\jdk-22
13-Apr-2025 15:52:51.204 INFO [main] org.apache.catalina.startup.VersionLoggerListener.log JVM Version:           22.0.1+8-16
13-Apr-2025 15:52:51.204 INFO [main] org.apache.catalina.startup.VersionLoggerListener.log JVM Vendor:            Oracle Corporation
13-Apr-2025 15:52:51.204 INFO [main] org.apache.catalina.startup.VersionLoggerListener.log CATALINA_BASE:         C:\Users\OSHADHA\IdeaProjects\OOP-projectnew
13-Apr-2025 15:52:51.204 INFO [main] org.apache.catalina.startup.VersionLoggerListener.log CATALINA_HOME:         C:\Program Files\Apache Software Foundation\Tomcat 9.0
13-Apr-2025 15:52:51.215 INFO [main] org.apache.catalina.startup.VersionLoggerListener.log Command line argument: --add-opens=java.base/java.lang=ALL-UNNAMED
13-Apr-2025 15:52:51.215 INFO [main] org.apache.catalina.startup.VersionLoggerListener.log Command line argument: --add-opens=java.base/java.io=ALL-UNNAMED
13-Apr-2025 15:52:51.215 INFO [main] org.apache.catalina.startup.VersionLoggerListener.log Command line argument: --add-opens=java.base/java.util=ALL-UNNAMED
13-Apr-2025 15:52:51.215 INFO [main] org.apache.catalina.startup.VersionLoggerListener.log Command line argument: --add-opens=java.base/java.util.concurrent=ALL-UNNAMED
13-Apr-2025 15:52:51.216 INFO [main] org.apache.catalina.startup.VersionLoggerListener.log Command line argument: --add-opens=java.rmi/sun.rmi.transport=ALL-UNNAMED
13-Apr-2025 15:52:51.216 INFO [main] org.apache.catalina.startup.VersionLoggerListener.log Command line argument: -Dcatalina.home=C:\Program Files\Apache Software Foundation\Tomcat 9.0
13-Apr-2025 15:52:51.216 INFO [main] org.apache.catalina.startup.VersionLoggerListener.log Command line argument: -Dcatalina.base=C:\Users\OSHADHA\IdeaProjects\OOP-projectnew
13-Apr-2025 15:52:51.216 INFO [main] org.apache.catalina.startup.VersionLoggerListener.log Command line argument: -Djava.io.tmpdir=C:\Users\OSHADHA\IdeaProjects\OOP-projectnew\temp
13-Apr-2025 15:52:51.216 INFO [main] org.apache.catalina.startup.VersionLoggerListener.log Command line argument: -Djava.util.logging.config.file=C:\Users\OSHADHA\IdeaProjects\OOP-projectnew\conf\logging.properties
13-Apr-2025 15:52:51.216 INFO [main] org.apache.catalina.startup.VersionLoggerListener.log Command line argument: -Djava.util.logging.manager=org.apache.juli.ClassLoaderLogManager
13-Apr-2025 15:52:51.216 INFO [main] org.apache.catalina.startup.VersionLoggerListener.log Command line argument: -javaagent:C:\Program Files\JetBrains\IntelliJ IDEA 2024.3.5\lib\idea_rt.jar=49204
13-Apr-2025 15:52:51.216 INFO [main] org.apache.catalina.startup.VersionLoggerListener.log Command line argument: -Dfile.encoding=UTF-8
13-Apr-2025 15:52:51.216 INFO [main] org.apache.catalina.startup.VersionLoggerListener.log Command line argument: -Dsun.stdout.encoding=UTF-8
13-Apr-2025 15:52:51.217 INFO [main] org.apache.catalina.startup.VersionLoggerListener.log Command line argument: -Dsun.stderr.encoding=UTF-8
13-Apr-2025 15:52:51.222 INFO [main] org.apache.catalina.core.AprLifecycleListener.lifecycleEvent Loaded Apache Tomcat Native library [1.3.1] using APR version [1.7.4].
13-Apr-2025 15:52:51.222 INFO [main] org.apache.catalina.core.AprLifecycleListener.lifecycleEvent APR capabilities: IPv6 [true], sendfile [true], accept filters [false], random [true], UDS [true].
13-Apr-2025 15:52:51.222 INFO [main] org.apache.catalina.core.AprLifecycleListener.lifecycleEvent APR/OpenSSL configuration: useAprConnector [false], useOpenSSL [true]
13-Apr-2025 15:52:51.232 INFO [main] org.apache.catalina.core.AprLifecycleListener.initializeSSL OpenSSL successfully initialized [OpenSSL 3.0.14 4 Jun 2024]
13-Apr-2025 15:52:51.683 INFO [main] org.apache.coyote.AbstractProtocol.init Initializing ProtocolHandler ["http-nio-8080"]
13-Apr-2025 15:52:51.706 INFO [main] org.apache.catalina.startup.Catalina.load Server initialization in [773] milliseconds
13-Apr-2025 15:52:51.762 INFO [main] org.apache.catalina.core.StandardService.startInternal Starting service [Catalina]
13-Apr-2025 15:52:51.763 INFO [main] org.apache.catalina.core.StandardEngine.startInternal Starting Servlet engine: [Apache Tomcat/9.0.102]
13-Apr-2025 15:52:51.772 INFO [main] org.apache.catalina.startup.HostConfig.deployDescriptor Deploying deployment descriptor [C:\Users\OSHADHA\IdeaProjects\OOP-projectnew\conf\Catalina\localhost\OOP-projectnew.xml]
13-Apr-2025 15:52:52.396 INFO [main] org.apache.catalina.startup.HostConfig.deployDescriptor Deployment of deployment descriptor [C:\Users\OSHADHA\IdeaProjects\OOP-projectnew\conf\Catalina\localhost\OOP-projectnew.xml] has finished in [624] ms
13-Apr-2025 15:52:52.399 INFO [main] org.apache.coyote.AbstractProtocol.start Starting ProtocolHandler ["http-nio-8080"]
13-Apr-2025 15:52:52.418 INFO [main] org.apache.catalina.startup.Catalina.start Server startup in [710] milliseconds
13-Apr-2025 15:55:30.729 INFO [Thread-1] org.apache.coyote.AbstractProtocol.pause Pausing ProtocolHandler ["http-nio-8080"]
13-Apr-2025 15:55:30.741 INFO [Thread-1] org.apache.catalina.core.StandardService.stopInternal Stopping service [Catalina]
13-Apr-2025 15:55:30.752 INFO [Thread-1] org.apache.coyote.AbstractProtocol.stop Stopping ProtocolHandler ["http-nio-8080"]
13-Apr-2025 15:55:30.772 INFO [Thread-1] org.apache.coyote.AbstractProtocol.destroy Destroying ProtocolHandler ["http-nio-8080"]
13-Apr-2025 15:55:33.582 INFO [main] org.apache.catalina.startup.VersionLoggerListener.log Server version name:   Apache Tomcat/9.0.102
13-Apr-2025 15:55:33.588 INFO [main] org.apache.catalina.startup.VersionLoggerListener.log Server built:          Mar 3 2025 19:33:14 UTC
13-Apr-2025 15:55:33.589 INFO [main] org.apache.catalina.startup.VersionLoggerListener.log Server version number: 9.0.102.0
13-Apr-2025 15:55:33.589 INFO [main] org.apache.catalina.startup.VersionLoggerListener.log OS Name:               Windows 10
13-Apr-2025 15:55:33.589 INFO [main] org.apache.catalina.startup.VersionLoggerListener.log OS Version:            10.0
13-Apr-2025 15:55:33.589 INFO [main] org.apache.catalina.startup.VersionLoggerListener.log Architecture:          amd64
13-Apr-2025 15:55:33.589 INFO [main] org.apache.catalina.startup.VersionLoggerListener.log Java Home:             C:\Program Files\Java\jdk-22
13-Apr-2025 15:55:33.589 INFO [main] org.apache.catalina.startup.VersionLoggerListener.log JVM Version:           22.0.1+8-16
13-Apr-2025 15:55:33.590 INFO [main] org.apache.catalina.startup.VersionLoggerListener.log JVM Vendor:            Oracle Corporation
13-Apr-2025 15:55:33.590 INFO [main] org.apache.catalina.startup.VersionLoggerListener.log CATALINA_BASE:         C:\Users\OSHADHA\IdeaProjects\OOP-projectnew
13-Apr-2025 15:55:33.590 INFO [main] org.apache.catalina.startup.VersionLoggerListener.log CATALINA_HOME:         C:\Program Files\Apache Software Foundation\Tomcat 9.0
13-Apr-2025 15:55:33.603 INFO [main] org.apache.catalina.startup.VersionLoggerListener.log Command line argument: --add-opens=java.base/java.lang=ALL-UNNAMED
13-Apr-2025 15:55:33.603 INFO [main] org.apache.catalina.startup.VersionLoggerListener.log Command line argument: --add-opens=java.base/java.io=ALL-UNNAMED
13-Apr-2025 15:55:33.604 INFO [main] org.apache.catalina.startup.VersionLoggerListener.log Command line argument: --add-opens=java.base/java.util=ALL-UNNAMED
13-Apr-2025 15:55:33.604 INFO [main] org.apache.catalina.startup.VersionLoggerListener.log Command line argument: --add-opens=java.base/java.util.concurrent=ALL-UNNAMED
13-Apr-2025 15:55:33.604 INFO [main] org.apache.catalina.startup.VersionLoggerListener.log Command line argument: --add-opens=java.rmi/sun.rmi.transport=ALL-UNNAMED
13-Apr-2025 15:55:33.604 INFO [main] org.apache.catalina.startup.VersionLoggerListener.log Command line argument: -Dcatalina.home=C:\Program Files\Apache Software Foundation\Tomcat 9.0
13-Apr-2025 15:55:33.604 INFO [main] org.apache.catalina.startup.VersionLoggerListener.log Command line argument: -Dcatalina.base=C:\Users\OSHADHA\IdeaProjects\OOP-projectnew
13-Apr-2025 15:55:33.604 INFO [main] org.apache.catalina.startup.VersionLoggerListener.log Command line argument: -Djava.io.tmpdir=C:\Users\OSHADHA\IdeaProjects\OOP-projectnew\temp
13-Apr-2025 15:55:33.604 INFO [main] org.apache.catalina.startup.VersionLoggerListener.log Command line argument: -Djava.util.logging.config.file=C:\Users\OSHADHA\IdeaProjects\OOP-projectnew\conf\logging.properties
13-Apr-2025 15:55:33.605 INFO [main] org.apache.catalina.startup.VersionLoggerListener.log Command line argument: -Djava.util.logging.manager=org.apache.juli.ClassLoaderLogManager
13-Apr-2025 15:55:33.605 INFO [main] org.apache.catalina.startup.VersionLoggerListener.log Command line argument: -javaagent:C:\Program Files\JetBrains\IntelliJ IDEA 2024.3.5\lib\idea_rt.jar=49317
13-Apr-2025 15:55:33.605 INFO [main] org.apache.catalina.startup.VersionLoggerListener.log Command line argument: -Dfile.encoding=UTF-8
13-Apr-2025 15:55:33.605 INFO [main] org.apache.catalina.startup.VersionLoggerListener.log Command line argument: -Dsun.stdout.encoding=UTF-8
13-Apr-2025 15:55:33.605 INFO [main] org.apache.catalina.startup.VersionLoggerListener.log Command line argument: -Dsun.stderr.encoding=UTF-8
13-Apr-2025 15:55:33.610 INFO [main] org.apache.catalina.core.AprLifecycleListener.lifecycleEvent Loaded Apache Tomcat Native library [1.3.1] using APR version [1.7.4].
13-Apr-2025 15:55:33.610 INFO [main] org.apache.catalina.core.AprLifecycleListener.lifecycleEvent APR capabilities: IPv6 [true], sendfile [true], accept filters [false], random [true], UDS [true].
13-Apr-2025 15:55:33.610 INFO [main] org.apache.catalina.core.AprLifecycleListener.lifecycleEvent APR/OpenSSL configuration: useAprConnector [false], useOpenSSL [true]
13-Apr-2025 15:55:33.619 INFO [main] org.apache.catalina.core.AprLifecycleListener.initializeSSL OpenSSL successfully initialized [OpenSSL 3.0.14 4 Jun 2024]
13-Apr-2025 15:55:34.095 INFO [main] org.apache.coyote.AbstractProtocol.init Initializing ProtocolHandler ["http-nio-8080"]
13-Apr-2025 15:55:34.117 INFO [main] org.apache.catalina.startup.Catalina.load Server initialization in [1216] milliseconds
13-Apr-2025 15:55:34.170 INFO [main] org.apache.catalina.core.StandardService.startInternal Starting service [Catalina]
13-Apr-2025 15:55:34.170 INFO [main] org.apache.catalina.core.StandardEngine.startInternal Starting Servlet engine: [Apache Tomcat/9.0.102]
13-Apr-2025 15:55:34.179 INFO [main] org.apache.catalina.startup.HostConfig.deployDescriptor Deploying deployment descriptor [C:\Users\OSHADHA\IdeaProjects\OOP-projectnew\conf\Catalina\localhost\OOP-projectnew.xml]
13-Apr-2025 15:55:34.838 INFO [main] org.apache.catalina.startup.HostConfig.deployDescriptor Deployment of deployment descriptor [C:\Users\OSHADHA\IdeaProjects\OOP-projectnew\conf\Catalina\localhost\OOP-projectnew.xml] has finished in [658] ms
13-Apr-2025 15:55:34.840 INFO [main] org.apache.coyote.AbstractProtocol.start Starting ProtocolHandler ["http-nio-8080"]
13-Apr-2025 15:55:34.861 INFO [main] org.apache.catalina.startup.Catalina.start Server startup in [742] milliseconds
13-Apr-2025 15:56:16.234 INFO [Thread-1] org.apache.coyote.AbstractProtocol.pause Pausing ProtocolHandler ["http-nio-8080"]
13-Apr-2025 15:56:16.244 INFO [Thread-1] org.apache.catalina.core.StandardService.stopInternal Stopping service [Catalina]
13-Apr-2025 15:56:16.254 INFO [Thread-1] org.apache.coyote.AbstractProtocol.stop Stopping ProtocolHandler ["http-nio-8080"]
13-Apr-2025 15:56:16.257 INFO [Thread-1] org.apache.coyote.AbstractProtocol.destroy Destroying ProtocolHandler ["http-nio-8080"]
13-Apr-2025 15:56:18.555 INFO [main] org.apache.catalina.startup.VersionLoggerListener.log Server version name:   Apache Tomcat/9.0.102
13-Apr-2025 15:56:18.561 INFO [main] org.apache.catalina.startup.VersionLoggerListener.log Server built:          Mar 3 2025 19:33:14 UTC
13-Apr-2025 15:56:18.561 INFO [main] org.apache.catalina.startup.VersionLoggerListener.log Server version number: 9.0.102.0
13-Apr-2025 15:56:18.562 INFO [main] org.apache.catalina.startup.VersionLoggerListener.log OS Name:               Windows 10
13-Apr-2025 15:56:18.562 INFO [main] org.apache.catalina.startup.VersionLoggerListener.log OS Version:            10.0
13-Apr-2025 15:56:18.562 INFO [main] org.apache.catalina.startup.VersionLoggerListener.log Architecture:          amd64
13-Apr-2025 15:56:18.562 INFO [main] org.apache.catalina.startup.VersionLoggerListener.log Java Home:             C:\Program Files\Java\jdk-22
13-Apr-2025 15:56:18.562 INFO [main] org.apache.catalina.startup.VersionLoggerListener.log JVM Version:           22.0.1+8-16
13-Apr-2025 15:56:18.562 INFO [main] org.apache.catalina.startup.VersionLoggerListener.log JVM Vendor:            Oracle Corporation
13-Apr-2025 15:56:18.562 INFO [main] org.apache.catalina.startup.VersionLoggerListener.log CATALINA_BASE:         C:\Users\OSHADHA\IdeaProjects\OOP-projectnew
13-Apr-2025 15:56:18.563 INFO [main] org.apache.catalina.startup.VersionLoggerListener.log CATALINA_HOME:         C:\Program Files\Apache Software Foundation\Tomcat 9.0
13-Apr-2025 15:56:18.595 INFO [main] org.apache.catalina.startup.VersionLoggerListener.log Command line argument: --add-opens=java.base/java.lang=ALL-UNNAMED
13-Apr-2025 15:56:18.595 INFO [main] org.apache.catalina.startup.VersionLoggerListener.log Command line argument: --add-opens=java.base/java.io=ALL-UNNAMED
13-Apr-2025 15:56:18.595 INFO [main] org.apache.catalina.startup.VersionLoggerListener.log Command line argument: --add-opens=java.base/java.util=ALL-UNNAMED
13-Apr-2025 15:56:18.595 INFO [main] org.apache.catalina.startup.VersionLoggerListener.log Command line argument: --add-opens=java.base/java.util.concurrent=ALL-UNNAMED
13-Apr-2025 15:56:18.595 INFO [main] org.apache.catalina.startup.VersionLoggerListener.log Command line argument: --add-opens=java.rmi/sun.rmi.transport=ALL-UNNAMED
13-Apr-2025 15:56:18.595 INFO [main] org.apache.catalina.startup.VersionLoggerListener.log Command line argument: -Dcatalina.home=C:\Program Files\Apache Software Foundation\Tomcat 9.0
13-Apr-2025 15:56:18.595 INFO [main] org.apache.catalina.startup.VersionLoggerListener.log Command line argument: -Dcatalina.base=C:\Users\OSHADHA\IdeaProjects\OOP-projectnew
13-Apr-2025 15:56:18.595 INFO [main] org.apache.catalina.startup.VersionLoggerListener.log Command line argument: -Djava.io.tmpdir=C:\Users\OSHADHA\IdeaProjects\OOP-projectnew\temp
13-Apr-2025 15:56:18.595 INFO [main] org.apache.catalina.startup.VersionLoggerListener.log Command line argument: -Djava.util.logging.config.file=C:\Users\OSHADHA\IdeaProjects\OOP-projectnew\conf\logging.properties
13-Apr-2025 15:56:18.595 INFO [main] org.apache.catalina.startup.VersionLoggerListener.log Command line argument: -Djava.util.logging.manager=org.apache.juli.ClassLoaderLogManager
13-Apr-2025 15:56:18.595 INFO [main] org.apache.catalina.startup.VersionLoggerListener.log Command line argument: -javaagent:C:\Program Files\JetBrains\IntelliJ IDEA 2024.3.5\lib\idea_rt.jar=49374
13-Apr-2025 15:56:18.595 INFO [main] org.apache.catalina.startup.VersionLoggerListener.log Command line argument: -Dfile.encoding=UTF-8
13-Apr-2025 15:56:18.595 INFO [main] org.apache.catalina.startup.VersionLoggerListener.log Command line argument: -Dsun.stdout.encoding=UTF-8
13-Apr-2025 15:56:18.595 INFO [main] org.apache.catalina.startup.VersionLoggerListener.log Command line argument: -Dsun.stderr.encoding=UTF-8
13-Apr-2025 15:56:18.603 INFO [main] org.apache.catalina.core.AprLifecycleListener.lifecycleEvent Loaded Apache Tomcat Native library [1.3.1] using APR version [1.7.4].
13-Apr-2025 15:56:18.603 INFO [main] org.apache.catalina.core.AprLifecycleListener.lifecycleEvent APR capabilities: IPv6 [true], sendfile [true], accept filters [false], random [true], UDS [true].
13-Apr-2025 15:56:18.603 INFO [main] org.apache.catalina.core.AprLifecycleListener.lifecycleEvent APR/OpenSSL configuration: useAprConnector [false], useOpenSSL [true]
13-Apr-2025 15:56:18.613 INFO [main] org.apache.catalina.core.AprLifecycleListener.initializeSSL OpenSSL successfully initialized [OpenSSL 3.0.14 4 Jun 2024]
13-Apr-2025 15:56:19.116 INFO [main] org.apache.coyote.AbstractProtocol.init Initializing ProtocolHandler ["http-nio-8080"]
13-Apr-2025 15:56:19.139 INFO [main] org.apache.catalina.startup.Catalina.load Server initialization in [1562] milliseconds
13-Apr-2025 15:56:19.200 INFO [main] org.apache.catalina.core.StandardService.startInternal Starting service [Catalina]
13-Apr-2025 15:56:19.200 INFO [main] org.apache.catalina.core.StandardEngine.startInternal Starting Servlet engine: [Apache Tomcat/9.0.102]
13-Apr-2025 15:56:19.211 INFO [main] org.apache.catalina.startup.HostConfig.deployDescriptor Deploying deployment descriptor [C:\Users\OSHADHA\IdeaProjects\OOP-projectnew\conf\Catalina\localhost\OOP-projectnew.xml]
13-Apr-2025 15:56:19.889 INFO [main] org.apache.catalina.startup.HostConfig.deployDescriptor Deployment of deployment descriptor [C:\Users\OSHADHA\IdeaProjects\OOP-projectnew\conf\Catalina\localhost\OOP-projectnew.xml] has finished in [677] ms
13-Apr-2025 15:56:19.892 INFO [main] org.apache.coyote.AbstractProtocol.start Starting ProtocolHandler ["http-nio-8080"]
13-Apr-2025 15:56:19.913 INFO [main] org.apache.catalina.startup.Catalina.start Server startup in [771] milliseconds
13-Apr-2025 15:57:24.410 INFO [Thread-1] org.apache.coyote.AbstractProtocol.pause Pausing ProtocolHandler ["http-nio-8080"]
13-Apr-2025 15:57:24.421 INFO [Thread-1] org.apache.catalina.core.StandardService.stopInternal Stopping service [Catalina]
13-Apr-2025 15:57:24.431 INFO [Thread-1] org.apache.coyote.AbstractProtocol.stop Stopping ProtocolHandler ["http-nio-8080"]
13-Apr-2025 15:57:24.434 INFO [Thread-1] org.apache.coyote.AbstractProtocol.destroy Destroying ProtocolHandler ["http-nio-8080"]
13-Apr-2025 15:57:26.933 INFO [main] org.apache.catalina.startup.VersionLoggerListener.log Server version name:   Apache Tomcat/9.0.102
13-Apr-2025 15:57:26.940 INFO [main] org.apache.catalina.startup.VersionLoggerListener.log Server built:          Mar 3 2025 19:33:14 UTC
13-Apr-2025 15:57:26.940 INFO [main] org.apache.catalina.startup.VersionLoggerListener.log Server version number: 9.0.102.0
13-Apr-2025 15:57:26.940 INFO [main] org.apache.catalina.startup.VersionLoggerListener.log OS Name:               Windows 10
13-Apr-2025 15:57:26.940 INFO [main] org.apache.catalina.startup.VersionLoggerListener.log OS Version:            10.0
13-Apr-2025 15:57:26.941 INFO [main] org.apache.catalina.startup.VersionLoggerListener.log Architecture:          amd64
13-Apr-2025 15:57:26.941 INFO [main] org.apache.catalina.startup.VersionLoggerListener.log Java Home:             C:\Program Files\Java\jdk-22
13-Apr-2025 15:57:26.941 INFO [main] org.apache.catalina.startup.VersionLoggerListener.log JVM Version:           22.0.1+8-16
13-Apr-2025 15:57:26.941 INFO [main] org.apache.catalina.startup.VersionLoggerListener.log JVM Vendor:            Oracle Corporation
13-Apr-2025 15:57:26.941 INFO [main] org.apache.catalina.startup.VersionLoggerListener.log CATALINA_BASE:         C:\Users\OSHADHA\IdeaProjects\OOP-projectnew
13-Apr-2025 15:57:26.941 INFO [main] org.apache.catalina.startup.VersionLoggerListener.log CATALINA_HOME:         C:\Program Files\Apache Software Foundation\Tomcat 9.0
13-Apr-2025 15:57:26.953 INFO [main] org.apache.catalina.startup.VersionLoggerListener.log Command line argument: --add-opens=java.base/java.lang=ALL-UNNAMED
13-Apr-2025 15:57:26.953 INFO [main] org.apache.catalina.startup.VersionLoggerListener.log Command line argument: --add-opens=java.base/java.io=ALL-UNNAMED
13-Apr-2025 15:57:26.953 INFO [main] org.apache.catalina.startup.VersionLoggerListener.log Command line argument: --add-opens=java.base/java.util=ALL-UNNAMED
13-Apr-2025 15:57:26.953 INFO [main] org.apache.catalina.startup.VersionLoggerListener.log Command line argument: --add-opens=java.base/java.util.concurrent=ALL-UNNAMED
13-Apr-2025 15:57:26.953 INFO [main] org.apache.catalina.startup.VersionLoggerListener.log Command line argument: --add-opens=java.rmi/sun.rmi.transport=ALL-UNNAMED
13-Apr-2025 15:57:26.954 INFO [main] org.apache.catalina.startup.VersionLoggerListener.log Command line argument: -Dcatalina.home=C:\Program Files\Apache Software Foundation\Tomcat 9.0
13-Apr-2025 15:57:26.954 INFO [main] org.apache.catalina.startup.VersionLoggerListener.log Command line argument: -Dcatalina.base=C:\Users\OSHADHA\IdeaProjects\OOP-projectnew
13-Apr-2025 15:57:26.954 INFO [main] org.apache.catalina.startup.VersionLoggerListener.log Command line argument: -Djava.io.tmpdir=C:\Users\OSHADHA\IdeaProjects\OOP-projectnew\temp
13-Apr-2025 15:57:26.954 INFO [main] org.apache.catalina.startup.VersionLoggerListener.log Command line argument: -Djava.util.logging.config.file=C:\Users\OSHADHA\IdeaProjects\OOP-projectnew\conf\logging.properties
13-Apr-2025 15:57:26.954 INFO [main] org.apache.catalina.startup.VersionLoggerListener.log Command line argument: -Djava.util.logging.manager=org.apache.juli.ClassLoaderLogManager
13-Apr-2025 15:57:26.954 INFO [main] org.apache.catalina.startup.VersionLoggerListener.log Command line argument: -javaagent:C:\Program Files\JetBrains\IntelliJ IDEA 2024.3.5\lib\idea_rt.jar=49396
13-Apr-2025 15:57:26.954 INFO [main] org.apache.catalina.startup.VersionLoggerListener.log Command line argument: -Dfile.encoding=UTF-8
13-Apr-2025 15:57:26.954 INFO [main] org.apache.catalina.startup.VersionLoggerListener.log Command line argument: -Dsun.stdout.encoding=UTF-8
13-Apr-2025 15:57:26.954 INFO [main] org.apache.catalina.startup.VersionLoggerListener.log Command line argument: -Dsun.stderr.encoding=UTF-8
13-Apr-2025 15:57:26.960 INFO [main] org.apache.catalina.core.AprLifecycleListener.lifecycleEvent Loaded Apache Tomcat Native library [1.3.1] using APR version [1.7.4].
13-Apr-2025 15:57:26.960 INFO [main] org.apache.catalina.core.AprLifecycleListener.lifecycleEvent APR capabilities: IPv6 [true], sendfile [true], accept filters [false], random [true], UDS [true].
13-Apr-2025 15:57:26.960 INFO [main] org.apache.catalina.core.AprLifecycleListener.lifecycleEvent APR/OpenSSL configuration: useAprConnector [false], useOpenSSL [true]
13-Apr-2025 15:57:26.972 INFO [main] org.apache.catalina.core.AprLifecycleListener.initializeSSL OpenSSL successfully initialized [OpenSSL 3.0.14 4 Jun 2024]
13-Apr-2025 15:57:27.485 INFO [main] org.apache.coyote.AbstractProtocol.init Initializing ProtocolHandler ["http-nio-8080"]
13-Apr-2025 15:57:27.506 INFO [main] org.apache.catalina.startup.Catalina.load Server initialization in [1785] milliseconds
13-Apr-2025 15:57:27.558 INFO [main] org.apache.catalina.core.StandardService.startInternal Starting service [Catalina]
13-Apr-2025 15:57:27.558 INFO [main] org.apache.catalina.core.StandardEngine.startInternal Starting Servlet engine: [Apache Tomcat/9.0.102]
13-Apr-2025 15:57:27.567 INFO [main] org.apache.catalina.startup.HostConfig.deployDescriptor Deploying deployment descriptor [C:\Users\OSHADHA\IdeaProjects\OOP-projectnew\conf\Catalina\localhost\OOP-projectnew.xml]
13-Apr-2025 15:57:28.184 INFO [main] org.apache.catalina.startup.HostConfig.deployDescriptor Deployment of deployment descriptor [C:\Users\OSHADHA\IdeaProjects\OOP-projectnew\conf\Catalina\localhost\OOP-projectnew.xml] has finished in [617] ms
13-Apr-2025 15:57:28.187 INFO [main] org.apache.coyote.AbstractProtocol.start Starting ProtocolHandler ["http-nio-8080"]
13-Apr-2025 15:57:28.206 INFO [main] org.apache.catalina.startup.Catalina.start Server startup in [697] milliseconds
13-Apr-2025 15:59:22.015 INFO [Thread-1] org.apache.coyote.AbstractProtocol.pause Pausing ProtocolHandler ["http-nio-8080"]
13-Apr-2025 15:59:22.025 INFO [Thread-1] org.apache.catalina.core.StandardService.stopInternal Stopping service [Catalina]
13-Apr-2025 15:59:22.034 INFO [Thread-1] org.apache.coyote.AbstractProtocol.stop Stopping ProtocolHandler ["http-nio-8080"]
13-Apr-2025 15:59:22.037 INFO [Thread-1] org.apache.coyote.AbstractProtocol.destroy Destroying ProtocolHandler ["http-nio-8080"]
13-Apr-2025 15:59:24.657 INFO [main] org.apache.catalina.startup.VersionLoggerListener.log Server version name:   Apache Tomcat/9.0.102
13-Apr-2025 15:59:24.662 INFO [main] org.apache.catalina.startup.VersionLoggerListener.log Server built:          Mar 3 2025 19:33:14 UTC
13-Apr-2025 15:59:24.662 INFO [main] org.apache.catalina.startup.VersionLoggerListener.log Server version number: 9.0.102.0
13-Apr-2025 15:59:24.662 INFO [main] org.apache.catalina.startup.VersionLoggerListener.log OS Name:               Windows 10
13-Apr-2025 15:59:24.662 INFO [main] org.apache.catalina.startup.VersionLoggerListener.log OS Version:            10.0
13-Apr-2025 15:59:24.662 INFO [main] org.apache.catalina.startup.VersionLoggerListener.log Architecture:          amd64
13-Apr-2025 15:59:24.663 INFO [main] org.apache.catalina.startup.VersionLoggerListener.log Java Home:             C:\Program Files\Java\jdk-22
13-Apr-2025 15:59:24.663 INFO [main] org.apache.catalina.startup.VersionLoggerListener.log JVM Version:           22.0.1+8-16
13-Apr-2025 15:59:24.663 INFO [main] org.apache.catalina.startup.VersionLoggerListener.log JVM Vendor:            Oracle Corporation
13-Apr-2025 15:59:24.663 INFO [main] org.apache.catalina.startup.VersionLoggerListener.log CATALINA_BASE:         C:\Users\OSHADHA\IdeaProjects\OOP-projectnew
13-Apr-2025 15:59:24.663 INFO [main] org.apache.catalina.startup.VersionLoggerListener.log CATALINA_HOME:         C:\Program Files\Apache Software Foundation\Tomcat 9.0
13-Apr-2025 15:59:24.672 INFO [main] org.apache.catalina.startup.VersionLoggerListener.log Command line argument: --add-opens=java.base/java.lang=ALL-UNNAMED
13-Apr-2025 15:59:24.672 INFO [main] org.apache.catalina.startup.VersionLoggerListener.log Command line argument: --add-opens=java.base/java.io=ALL-UNNAMED
13-Apr-2025 15:59:24.672 INFO [main] org.apache.catalina.startup.VersionLoggerListener.log Command line argument: --add-opens=java.base/java.util=ALL-UNNAMED
13-Apr-2025 15:59:24.672 INFO [main] org.apache.catalina.startup.VersionLoggerListener.log Command line argument: --add-opens=java.base/java.util.concurrent=ALL-UNNAMED
13-Apr-2025 15:59:24.672 INFO [main] org.apache.catalina.startup.VersionLoggerListener.log Command line argument: --add-opens=java.rmi/sun.rmi.transport=ALL-UNNAMED
13-Apr-2025 15:59:24.672 INFO [main] org.apache.catalina.startup.VersionLoggerListener.log Command line argument: -Dcatalina.home=C:\Program Files\Apache Software Foundation\Tomcat 9.0
13-Apr-2025 15:59:24.672 INFO [main] org.apache.catalina.startup.VersionLoggerListener.log Command line argument: -Dcatalina.base=C:\Users\OSHADHA\IdeaProjects\OOP-projectnew
13-Apr-2025 15:59:24.673 INFO [main] org.apache.catalina.startup.VersionLoggerListener.log Command line argument: -Djava.io.tmpdir=C:\Users\OSHADHA\IdeaProjects\OOP-projectnew\temp
13-Apr-2025 15:59:24.673 INFO [main] org.apache.catalina.startup.VersionLoggerListener.log Command line argument: -Djava.util.logging.config.file=C:\Users\OSHADHA\IdeaProjects\OOP-projectnew\conf\logging.properties
13-Apr-2025 15:59:24.673 INFO [main] org.apache.catalina.startup.VersionLoggerListener.log Command line argument: -Djava.util.logging.manager=org.apache.juli.ClassLoaderLogManager
13-Apr-2025 15:59:24.673 INFO [main] org.apache.catalina.startup.VersionLoggerListener.log Command line argument: -javaagent:C:\Program Files\JetBrains\IntelliJ IDEA 2024.3.5\lib\idea_rt.jar=49784
13-Apr-2025 15:59:24.673 INFO [main] org.apache.catalina.startup.VersionLoggerListener.log Command line argument: -Dfile.encoding=UTF-8
13-Apr-2025 15:59:24.673 INFO [main] org.apache.catalina.startup.VersionLoggerListener.log Command line argument: -Dsun.stdout.encoding=UTF-8
13-Apr-2025 15:59:24.673 INFO [main] org.apache.catalina.startup.VersionLoggerListener.log Command line argument: -Dsun.stderr.encoding=UTF-8
13-Apr-2025 15:59:24.677 INFO [main] org.apache.catalina.core.AprLifecycleListener.lifecycleEvent Loaded Apache Tomcat Native library [1.3.1] using APR version [1.7.4].
13-Apr-2025 15:59:24.677 INFO [main] org.apache.catalina.core.AprLifecycleListener.lifecycleEvent APR capabilities: IPv6 [true], sendfile [true], accept filters [false], random [true], UDS [true].
13-Apr-2025 15:59:24.677 INFO [main] org.apache.catalina.core.AprLifecycleListener.lifecycleEvent APR/OpenSSL configuration: useAprConnector [false], useOpenSSL [true]
13-Apr-2025 15:59:24.684 INFO [main] org.apache.catalina.core.AprLifecycleListener.initializeSSL OpenSSL successfully initialized [OpenSSL 3.0.14 4 Jun 2024]
13-Apr-2025 15:59:25.167 INFO [main] org.apache.coyote.AbstractProtocol.init Initializing ProtocolHandler ["http-nio-8080"]
13-Apr-2025 15:59:25.195 INFO [main] org.apache.catalina.startup.Catalina.load Server initialization in [796] milliseconds
13-Apr-2025 15:59:25.258 INFO [main] org.apache.catalina.core.StandardService.startInternal Starting service [Catalina]
13-Apr-2025 15:59:25.259 INFO [main] org.apache.catalina.core.StandardEngine.startInternal Starting Servlet engine: [Apache Tomcat/9.0.102]
13-Apr-2025 15:59:25.267 INFO [main] org.apache.catalina.startup.HostConfig.deployDescriptor Deploying deployment descriptor [C:\Users\OSHADHA\IdeaProjects\OOP-projectnew\conf\Catalina\localhost\OOP-projectnew.xml]
13-Apr-2025 15:59:25.947 INFO [main] org.apache.catalina.startup.HostConfig.deployDescriptor Deployment of deployment descriptor [C:\Users\OSHADHA\IdeaProjects\OOP-projectnew\conf\Catalina\localhost\OOP-projectnew.xml] has finished in [680] ms
13-Apr-2025 15:59:25.950 INFO [main] org.apache.coyote.AbstractProtocol.start Starting ProtocolHandler ["http-nio-8080"]
13-Apr-2025 15:59:25.971 INFO [main] org.apache.catalina.startup.Catalina.start Server startup in [774] milliseconds
13-Apr-2025 16:00:57.367 INFO [Thread-1] org.apache.coyote.AbstractProtocol.pause Pausing ProtocolHandler ["http-nio-8080"]
13-Apr-2025 16:00:57.376 INFO [Thread-1] org.apache.catalina.core.StandardService.stopInternal Stopping service [Catalina]
13-Apr-2025 16:00:57.387 INFO [Thread-1] org.apache.coyote.AbstractProtocol.stop Stopping ProtocolHandler ["http-nio-8080"]
13-Apr-2025 16:00:57.402 INFO [Thread-1] org.apache.coyote.AbstractProtocol.destroy Destroying ProtocolHandler ["http-nio-8080"]
13-Apr-2025 16:00:59.910 INFO [main] org.apache.catalina.startup.VersionLoggerListener.log Server version name:   Apache Tomcat/9.0.102
13-Apr-2025 16:00:59.917 INFO [main] org.apache.catalina.startup.VersionLoggerListener.log Server built:          Mar 3 2025 19:33:14 UTC
13-Apr-2025 16:00:59.917 INFO [main] org.apache.catalina.startup.VersionLoggerListener.log Server version number: 9.0.102.0
13-Apr-2025 16:00:59.917 INFO [main] org.apache.catalina.startup.VersionLoggerListener.log OS Name:               Windows 10
13-Apr-2025 16:00:59.918 INFO [main] org.apache.catalina.startup.VersionLoggerListener.log OS Version:            10.0
13-Apr-2025 16:00:59.918 INFO [main] org.apache.catalina.startup.VersionLoggerListener.log Architecture:          amd64
13-Apr-2025 16:00:59.918 INFO [main] org.apache.catalina.startup.VersionLoggerListener.log Java Home:             C:\Program Files\Java\jdk-22
13-Apr-2025 16:00:59.918 INFO [main] org.apache.catalina.startup.VersionLoggerListener.log JVM Version:           22.0.1+8-16
13-Apr-2025 16:00:59.918 INFO [main] org.apache.catalina.startup.VersionLoggerListener.log JVM Vendor:            Oracle Corporation
13-Apr-2025 16:00:59.918 INFO [main] org.apache.catalina.startup.VersionLoggerListener.log CATALINA_BASE:         C:\Users\OSHADHA\IdeaProjects\OOP-projectnew
13-Apr-2025 16:00:59.918 INFO [main] org.apache.catalina.startup.VersionLoggerListener.log CATALINA_HOME:         C:\Program Files\Apache Software Foundation\Tomcat 9.0
13-Apr-2025 16:00:59.930 INFO [main] org.apache.catalina.startup.VersionLoggerListener.log Command line argument: --add-opens=java.base/java.lang=ALL-UNNAMED
13-Apr-2025 16:00:59.930 INFO [main] org.apache.catalina.startup.VersionLoggerListener.log Command line argument: --add-opens=java.base/java.io=ALL-UNNAMED
13-Apr-2025 16:00:59.930 INFO [main] org.apache.catalina.startup.VersionLoggerListener.log Command line argument: --add-opens=java.base/java.util=ALL-UNNAMED
13-Apr-2025 16:00:59.930 INFO [main] org.apache.catalina.startup.VersionLoggerListener.log Command line argument: --add-opens=java.base/java.util.concurrent=ALL-UNNAMED
13-Apr-2025 16:00:59.930 INFO [main] org.apache.catalina.startup.VersionLoggerListener.log Command line argument: --add-opens=java.rmi/sun.rmi.transport=ALL-UNNAMED
13-Apr-2025 16:00:59.930 INFO [main] org.apache.catalina.startup.VersionLoggerListener.log Command line argument: -Dcatalina.home=C:\Program Files\Apache Software Foundation\Tomcat 9.0
13-Apr-2025 16:00:59.931 INFO [main] org.apache.catalina.startup.VersionLoggerListener.log Command line argument: -Dcatalina.base=C:\Users\OSHADHA\IdeaProjects\OOP-projectnew
13-Apr-2025 16:00:59.931 INFO [main] org.apache.catalina.startup.VersionLoggerListener.log Command line argument: -Djava.io.tmpdir=C:\Users\OSHADHA\IdeaProjects\OOP-projectnew\temp
13-Apr-2025 16:00:59.931 INFO [main] org.apache.catalina.startup.VersionLoggerListener.log Command line argument: -Djava.util.logging.config.file=C:\Users\OSHADHA\IdeaProjects\OOP-projectnew\conf\logging.properties
13-Apr-2025 16:00:59.931 INFO [main] org.apache.catalina.startup.VersionLoggerListener.log Command line argument: -Djava.util.logging.manager=org.apache.juli.ClassLoaderLogManager
13-Apr-2025 16:00:59.931 INFO [main] org.apache.catalina.startup.VersionLoggerListener.log Command line argument: -javaagent:C:\Program Files\JetBrains\IntelliJ IDEA 2024.3.5\lib\idea_rt.jar=49819
13-Apr-2025 16:00:59.931 INFO [main] org.apache.catalina.startup.VersionLoggerListener.log Command line argument: -Dfile.encoding=UTF-8
13-Apr-2025 16:00:59.931 INFO [main] org.apache.catalina.startup.VersionLoggerListener.log Command line argument: -Dsun.stdout.encoding=UTF-8
13-Apr-2025 16:00:59.931 INFO [main] org.apache.catalina.startup.VersionLoggerListener.log Command line argument: -Dsun.stderr.encoding=UTF-8
13-Apr-2025 16:00:59.936 INFO [main] org.apache.catalina.core.AprLifecycleListener.lifecycleEvent Loaded Apache Tomcat Native library [1.3.1] using APR version [1.7.4].
13-Apr-2025 16:00:59.936 INFO [main] org.apache.catalina.core.AprLifecycleListener.lifecycleEvent APR capabilities: IPv6 [true], sendfile [true], accept filters [false], random [true], UDS [true].
13-Apr-2025 16:00:59.937 INFO [main] org.apache.catalina.core.AprLifecycleListener.lifecycleEvent APR/OpenSSL configuration: useAprConnector [false], useOpenSSL [true]
13-Apr-2025 16:00:59.947 INFO [main] org.apache.catalina.core.AprLifecycleListener.initializeSSL OpenSSL successfully initialized [OpenSSL 3.0.14 4 Jun 2024]
13-Apr-2025 16:01:00.441 INFO [main] org.apache.coyote.AbstractProtocol.init Initializing ProtocolHandler ["http-nio-8080"]
13-Apr-2025 16:01:00.469 INFO [main] org.apache.catalina.startup.Catalina.load Server initialization in [1599] milliseconds
13-Apr-2025 16:01:00.534 INFO [main] org.apache.catalina.core.StandardService.startInternal Starting service [Catalina]
13-Apr-2025 16:01:00.534 INFO [main] org.apache.catalina.core.StandardEngine.startInternal Starting Servlet engine: [Apache Tomcat/9.0.102]
13-Apr-2025 16:01:00.545 INFO [main] org.apache.catalina.startup.HostConfig.deployDescriptor Deploying deployment descriptor [C:\Users\OSHADHA\IdeaProjects\OOP-projectnew\conf\Catalina\localhost\OOP-projectnew.xml]
13-Apr-2025 16:01:01.210 INFO [main] org.apache.catalina.startup.HostConfig.deployDescriptor Deployment of deployment descriptor [C:\Users\OSHADHA\IdeaProjects\OOP-projectnew\conf\Catalina\localhost\OOP-projectnew.xml] has finished in [665] ms
13-Apr-2025 16:01:01.213 INFO [main] org.apache.coyote.AbstractProtocol.start Starting ProtocolHandler ["http-nio-8080"]
13-Apr-2025 16:01:01.233 INFO [main] org.apache.catalina.startup.Catalina.start Server startup in [761] milliseconds
13-Apr-2025 16:16:50.927 INFO [Thread-1] org.apache.coyote.AbstractProtocol.pause Pausing ProtocolHandler ["http-nio-8080"]
13-Apr-2025 16:16:50.938 INFO [Thread-1] org.apache.catalina.core.StandardService.stopInternal Stopping service [Catalina]
13-Apr-2025 16:16:50.948 INFO [Thread-1] org.apache.coyote.AbstractProtocol.stop Stopping ProtocolHandler ["http-nio-8080"]
13-Apr-2025 16:16:50.966 INFO [Thread-1] org.apache.coyote.AbstractProtocol.destroy Destroying ProtocolHandler ["http-nio-8080"]
13-Apr-2025 16:16:53.463 INFO [main] org.apache.catalina.startup.VersionLoggerListener.log Server version name:   Apache Tomcat/9.0.102
13-Apr-2025 16:16:53.470 INFO [main] org.apache.catalina.startup.VersionLoggerListener.log Server built:          Mar 3 2025 19:33:14 UTC
13-Apr-2025 16:16:53.470 INFO [main] org.apache.catalina.startup.VersionLoggerListener.log Server version number: 9.0.102.0
13-Apr-2025 16:16:53.470 INFO [main] org.apache.catalina.startup.VersionLoggerListener.log OS Name:               Windows 10
13-Apr-2025 16:16:53.470 INFO [main] org.apache.catalina.startup.VersionLoggerListener.log OS Version:            10.0
13-Apr-2025 16:16:53.470 INFO [main] org.apache.catalina.startup.VersionLoggerListener.log Architecture:          amd64
13-Apr-2025 16:16:53.471 INFO [main] org.apache.catalina.startup.VersionLoggerListener.log Java Home:             C:\Program Files\Java\jdk-22
13-Apr-2025 16:16:53.471 INFO [main] org.apache.catalina.startup.VersionLoggerListener.log JVM Version:           22.0.1+8-16
13-Apr-2025 16:16:53.471 INFO [main] org.apache.catalina.startup.VersionLoggerListener.log JVM Vendor:            Oracle Corporation
13-Apr-2025 16:16:53.471 INFO [main] org.apache.catalina.startup.VersionLoggerListener.log CATALINA_BASE:         C:\Users\OSHADHA\IdeaProjects\OOP-projectnew
13-Apr-2025 16:16:53.471 INFO [main] org.apache.catalina.startup.VersionLoggerListener.log CATALINA_HOME:         C:\Program Files\Apache Software Foundation\Tomcat 9.0
13-Apr-2025 16:16:53.484 INFO [main] org.apache.catalina.startup.VersionLoggerListener.log Command line argument: --add-opens=java.base/java.lang=ALL-UNNAMED
13-Apr-2025 16:16:53.484 INFO [main] org.apache.catalina.startup.VersionLoggerListener.log Command line argument: --add-opens=java.base/java.io=ALL-UNNAMED
13-Apr-2025 16:16:53.484 INFO [main] org.apache.catalina.startup.VersionLoggerListener.log Command line argument: --add-opens=java.base/java.util=ALL-UNNAMED
13-Apr-2025 16:16:53.484 INFO [main] org.apache.catalina.startup.VersionLoggerListener.log Command line argument: --add-opens=java.base/java.util.concurrent=ALL-UNNAMED
13-Apr-2025 16:16:53.484 INFO [main] org.apache.catalina.startup.VersionLoggerListener.log Command line argument: --add-opens=java.rmi/sun.rmi.transport=ALL-UNNAMED
13-Apr-2025 16:16:53.484 INFO [main] org.apache.catalina.startup.VersionLoggerListener.log Command line argument: -Dcatalina.home=C:\Program Files\Apache Software Foundation\Tomcat 9.0
13-Apr-2025 16:16:53.484 INFO [main] org.apache.catalina.startup.VersionLoggerListener.log Command line argument: -Dcatalina.base=C:\Users\OSHADHA\IdeaProjects\OOP-projectnew
13-Apr-2025 16:16:53.485 INFO [main] org.apache.catalina.startup.VersionLoggerListener.log Command line argument: -Djava.io.tmpdir=C:\Users\OSHADHA\IdeaProjects\OOP-projectnew\temp
13-Apr-2025 16:16:53.485 INFO [main] org.apache.catalina.startup.VersionLoggerListener.log Command line argument: -Djava.util.logging.config.file=C:\Users\OSHADHA\IdeaProjects\OOP-projectnew\conf\logging.properties
13-Apr-2025 16:16:53.485 INFO [main] org.apache.catalina.startup.VersionLoggerListener.log Command line argument: -Djava.util.logging.manager=org.apache.juli.ClassLoaderLogManager
13-Apr-2025 16:16:53.485 INFO [main] org.apache.catalina.startup.VersionLoggerListener.log Command line argument: -javaagent:C:\Program Files\JetBrains\IntelliJ IDEA 2024.3.5\lib\idea_rt.jar=49998
13-Apr-2025 16:16:53.485 INFO [main] org.apache.catalina.startup.VersionLoggerListener.log Command line argument: -Dfile.encoding=UTF-8
13-Apr-2025 16:16:53.485 INFO [main] org.apache.catalina.startup.VersionLoggerListener.log Command line argument: -Dsun.stdout.encoding=UTF-8
13-Apr-2025 16:16:53.485 INFO [main] org.apache.catalina.startup.VersionLoggerListener.log Command line argument: -Dsun.stderr.encoding=UTF-8
13-Apr-2025 16:16:53.490 INFO [main] org.apache.catalina.core.AprLifecycleListener.lifecycleEvent Loaded Apache Tomcat Native library [1.3.1] using APR version [1.7.4].
13-Apr-2025 16:16:53.491 INFO [main] org.apache.catalina.core.AprLifecycleListener.lifecycleEvent APR capabilities: IPv6 [true], sendfile [true], accept filters [false], random [true], UDS [true].
13-Apr-2025 16:16:53.491 INFO [main] org.apache.catalina.core.AprLifecycleListener.lifecycleEvent APR/OpenSSL configuration: useAprConnector [false], useOpenSSL [true]
13-Apr-2025 16:16:53.500 INFO [main] org.apache.catalina.core.AprLifecycleListener.initializeSSL OpenSSL successfully initialized [OpenSSL 3.0.14 4 Jun 2024]
13-Apr-2025 16:16:53.972 INFO [main] org.apache.coyote.AbstractProtocol.init Initializing ProtocolHandler ["http-nio-8080"]
13-Apr-2025 16:16:54.000 INFO [main] org.apache.catalina.startup.Catalina.load Server initialization in [1713] milliseconds
13-Apr-2025 16:16:54.060 INFO [main] org.apache.catalina.core.StandardService.startInternal Starting service [Catalina]
13-Apr-2025 16:16:54.060 INFO [main] org.apache.catalina.core.StandardEngine.startInternal Starting Servlet engine: [Apache Tomcat/9.0.102]
13-Apr-2025 16:16:54.069 INFO [main] org.apache.catalina.startup.HostConfig.deployDescriptor Deploying deployment descriptor [C:\Users\OSHADHA\IdeaProjects\OOP-projectnew\conf\Catalina\localhost\OOP-projectnew.xml]
13-Apr-2025 16:16:54.768 INFO [main] org.apache.catalina.startup.HostConfig.deployDescriptor Deployment of deployment descriptor [C:\Users\OSHADHA\IdeaProjects\OOP-projectnew\conf\Catalina\localhost\OOP-projectnew.xml] has finished in [699] ms
13-Apr-2025 16:16:54.776 INFO [main] org.apache.coyote.AbstractProtocol.start Starting ProtocolHandler ["http-nio-8080"]
13-Apr-2025 16:16:54.813 INFO [main] org.apache.catalina.startup.Catalina.start Server startup in [810] milliseconds
13-Apr-2025 16:17:38.068 INFO [Thread-1] org.apache.coyote.AbstractProtocol.pause Pausing ProtocolHandler ["http-nio-8080"]
13-Apr-2025 16:17:38.080 INFO [Thread-1] org.apache.catalina.core.StandardService.stopInternal Stopping service [Catalina]
13-Apr-2025 16:17:38.089 INFO [Thread-1] org.apache.coyote.AbstractProtocol.stop Stopping ProtocolHandler ["http-nio-8080"]
13-Apr-2025 16:17:38.091 INFO [Thread-1] org.apache.coyote.AbstractProtocol.destroy Destroying ProtocolHandler ["http-nio-8080"]
13-Apr-2025 16:17:40.420 INFO [main] org.apache.catalina.startup.VersionLoggerListener.log Server version name:   Apache Tomcat/9.0.102
13-Apr-2025 16:17:40.429 INFO [main] org.apache.catalina.startup.VersionLoggerListener.log Server built:          Mar 3 2025 19:33:14 UTC
13-Apr-2025 16:17:40.429 INFO [main] org.apache.catalina.startup.VersionLoggerListener.log Server version number: 9.0.102.0
13-Apr-2025 16:17:40.430 INFO [main] org.apache.catalina.startup.VersionLoggerListener.log OS Name:               Windows 10
13-Apr-2025 16:17:40.430 INFO [main] org.apache.catalina.startup.VersionLoggerListener.log OS Version:            10.0
13-Apr-2025 16:17:40.430 INFO [main] org.apache.catalina.startup.VersionLoggerListener.log Architecture:          amd64
13-Apr-2025 16:17:40.430 INFO [main] org.apache.catalina.startup.VersionLoggerListener.log Java Home:             C:\Program Files\Java\jdk-22
13-Apr-2025 16:17:40.430 INFO [main] org.apache.catalina.startup.VersionLoggerListener.log JVM Version:           22.0.1+8-16
13-Apr-2025 16:17:40.430 INFO [main] org.apache.catalina.startup.VersionLoggerListener.log JVM Vendor:            Oracle Corporation
13-Apr-2025 16:17:40.431 INFO [main] org.apache.catalina.startup.VersionLoggerListener.log CATALINA_BASE:         C:\Users\OSHADHA\IdeaProjects\OOP-projectnew
13-Apr-2025 16:17:40.431 INFO [main] org.apache.catalina.startup.VersionLoggerListener.log CATALINA_HOME:         C:\Program Files\Apache Software Foundation\Tomcat 9.0
13-Apr-2025 16:17:40.450 INFO [main] org.apache.catalina.startup.VersionLoggerListener.log Command line argument: --add-opens=java.base/java.lang=ALL-UNNAMED
13-Apr-2025 16:17:40.450 INFO [main] org.apache.catalina.startup.VersionLoggerListener.log Command line argument: --add-opens=java.base/java.io=ALL-UNNAMED
13-Apr-2025 16:17:40.453 INFO [main] org.apache.catalina.startup.VersionLoggerListener.log Command line argument: --add-opens=java.base/java.util=ALL-UNNAMED
13-Apr-2025 16:17:40.453 INFO [main] org.apache.catalina.startup.VersionLoggerListener.log Command line argument: --add-opens=java.base/java.util.concurrent=ALL-UNNAMED
13-Apr-2025 16:17:40.453 INFO [main] org.apache.catalina.startup.VersionLoggerListener.log Command line argument: --add-opens=java.rmi/sun.rmi.transport=ALL-UNNAMED
13-Apr-2025 16:17:40.453 INFO [main] org.apache.catalina.startup.VersionLoggerListener.log Command line argument: -Dcatalina.home=C:\Program Files\Apache Software Foundation\Tomcat 9.0
13-Apr-2025 16:17:40.454 INFO [main] org.apache.catalina.startup.VersionLoggerListener.log Command line argument: -Dcatalina.base=C:\Users\OSHADHA\IdeaProjects\OOP-projectnew
13-Apr-2025 16:17:40.454 INFO [main] org.apache.catalina.startup.VersionLoggerListener.log Command line argument: -Djava.io.tmpdir=C:\Users\OSHADHA\IdeaProjects\OOP-projectnew\temp
13-Apr-2025 16:17:40.455 INFO [main] org.apache.catalina.startup.VersionLoggerListener.log Command line argument: -Djava.util.logging.config.file=C:\Users\OSHADHA\IdeaProjects\OOP-projectnew\conf\logging.properties
13-Apr-2025 16:17:40.455 INFO [main] org.apache.catalina.startup.VersionLoggerListener.log Command line argument: -Djava.util.logging.manager=org.apache.juli.ClassLoaderLogManager
13-Apr-2025 16:17:40.456 INFO [main] org.apache.catalina.startup.VersionLoggerListener.log Command line argument: -javaagent:C:\Program Files\JetBrains\IntelliJ IDEA 2024.3.5\lib\idea_rt.jar=50026
13-Apr-2025 16:17:40.456 INFO [main] org.apache.catalina.startup.VersionLoggerListener.log Command line argument: -Dfile.encoding=UTF-8
13-Apr-2025 16:17:40.456 INFO [main] org.apache.catalina.startup.VersionLoggerListener.log Command line argument: -Dsun.stdout.encoding=UTF-8
13-Apr-2025 16:17:40.456 INFO [main] org.apache.catalina.startup.VersionLoggerListener.log Command line argument: -Dsun.stderr.encoding=UTF-8
13-Apr-2025 16:17:40.461 INFO [main] org.apache.catalina.core.AprLifecycleListener.lifecycleEvent Loaded Apache Tomcat Native library [1.3.1] using APR version [1.7.4].
13-Apr-2025 16:17:40.461 INFO [main] org.apache.catalina.core.AprLifecycleListener.lifecycleEvent APR capabilities: IPv6 [true], sendfile [true], accept filters [false], random [true], UDS [true].
13-Apr-2025 16:17:40.461 INFO [main] org.apache.catalina.core.AprLifecycleListener.lifecycleEvent APR/OpenSSL configuration: useAprConnector [false], useOpenSSL [true]
13-Apr-2025 16:17:40.489 INFO [main] org.apache.catalina.core.AprLifecycleListener.initializeSSL OpenSSL successfully initialized [OpenSSL 3.0.14 4 Jun 2024]
13-Apr-2025 16:17:40.971 INFO [main] org.apache.coyote.AbstractProtocol.init Initializing ProtocolHandler ["http-nio-8080"]
13-Apr-2025 16:17:40.996 INFO [main] org.apache.catalina.startup.Catalina.load Server initialization in [1596] milliseconds
13-Apr-2025 16:17:41.056 INFO [main] org.apache.catalina.core.StandardService.startInternal Starting service [Catalina]
13-Apr-2025 16:17:41.057 INFO [main] org.apache.catalina.core.StandardEngine.startInternal Starting Servlet engine: [Apache Tomcat/9.0.102]
13-Apr-2025 16:17:41.068 INFO [main] org.apache.catalina.startup.HostConfig.deployDescriptor Deploying deployment descriptor [C:\Users\OSHADHA\IdeaProjects\OOP-projectnew\conf\Catalina\localhost\OOP-projectnew.xml]
13-Apr-2025 16:17:41.709 INFO [main] org.apache.catalina.startup.HostConfig.deployDescriptor Deployment of deployment descriptor [C:\Users\OSHADHA\IdeaProjects\OOP-projectnew\conf\Catalina\localhost\OOP-projectnew.xml] has finished in [641] ms
13-Apr-2025 16:17:41.712 INFO [main] org.apache.coyote.AbstractProtocol.start Starting ProtocolHandler ["http-nio-8080"]
13-Apr-2025 16:17:41.730 INFO [main] org.apache.catalina.startup.Catalina.start Server startup in [731] milliseconds
13-Apr-2025 16:23:19.638 INFO [Thread-1] org.apache.coyote.AbstractProtocol.pause Pausing ProtocolHandler ["http-nio-8080"]
13-Apr-2025 16:23:19.648 INFO [Thread-1] org.apache.catalina.core.StandardService.stopInternal Stopping service [Catalina]
13-Apr-2025 16:23:19.659 INFO [Thread-1] org.apache.coyote.AbstractProtocol.stop Stopping ProtocolHandler ["http-nio-8080"]
13-Apr-2025 16:23:19.680 INFO [Thread-1] org.apache.coyote.AbstractProtocol.destroy Destroying ProtocolHandler ["http-nio-8080"]
13-Apr-2025 16:23:22.209 INFO [main] org.apache.catalina.startup.VersionLoggerListener.log Server version name:   Apache Tomcat/9.0.102
13-Apr-2025 16:23:22.215 INFO [main] org.apache.catalina.startup.VersionLoggerListener.log Server built:          Mar 3 2025 19:33:14 UTC
13-Apr-2025 16:23:22.215 INFO [main] org.apache.catalina.startup.VersionLoggerListener.log Server version number: 9.0.102.0
13-Apr-2025 16:23:22.215 INFO [main] org.apache.catalina.startup.VersionLoggerListener.log OS Name:               Windows 10
13-Apr-2025 16:23:22.215 INFO [main] org.apache.catalina.startup.VersionLoggerListener.log OS Version:            10.0
13-Apr-2025 16:23:22.216 INFO [main] org.apache.catalina.startup.VersionLoggerListener.log Architecture:          amd64
13-Apr-2025 16:23:22.216 INFO [main] org.apache.catalina.startup.VersionLoggerListener.log Java Home:             C:\Program Files\Java\jdk-22
13-Apr-2025 16:23:22.218 INFO [main] org.apache.catalina.startup.VersionLoggerListener.log JVM Version:           22.0.1+8-16
13-Apr-2025 16:23:22.218 INFO [main] org.apache.catalina.startup.VersionLoggerListener.log JVM Vendor:            Oracle Corporation
13-Apr-2025 16:23:22.219 INFO [main] org.apache.catalina.startup.VersionLoggerListener.log CATALINA_BASE:         C:\Users\OSHADHA\IdeaProjects\OOP-projectnew
13-Apr-2025 16:23:22.219 INFO [main] org.apache.catalina.startup.VersionLoggerListener.log CATALINA_HOME:         C:\Program Files\Apache Software Foundation\Tomcat 9.0
13-Apr-2025 16:23:22.230 INFO [main] org.apache.catalina.startup.VersionLoggerListener.log Command line argument: --add-opens=java.base/java.lang=ALL-UNNAMED
13-Apr-2025 16:23:22.230 INFO [main] org.apache.catalina.startup.VersionLoggerListener.log Command line argument: --add-opens=java.base/java.io=ALL-UNNAMED
13-Apr-2025 16:23:22.230 INFO [main] org.apache.catalina.startup.VersionLoggerListener.log Command line argument: --add-opens=java.base/java.util=ALL-UNNAMED
13-Apr-2025 16:23:22.230 INFO [main] org.apache.catalina.startup.VersionLoggerListener.log Command line argument: --add-opens=java.base/java.util.concurrent=ALL-UNNAMED
13-Apr-2025 16:23:22.230 INFO [main] org.apache.catalina.startup.VersionLoggerListener.log Command line argument: --add-opens=java.rmi/sun.rmi.transport=ALL-UNNAMED
13-Apr-2025 16:23:22.230 INFO [main] org.apache.catalina.startup.VersionLoggerListener.log Command line argument: -Dcatalina.home=C:\Program Files\Apache Software Foundation\Tomcat 9.0
13-Apr-2025 16:23:22.230 INFO [main] org.apache.catalina.startup.VersionLoggerListener.log Command line argument: -Dcatalina.base=C:\Users\OSHADHA\IdeaProjects\OOP-projectnew
13-Apr-2025 16:23:22.231 INFO [main] org.apache.catalina.startup.VersionLoggerListener.log Command line argument: -Djava.io.tmpdir=C:\Users\OSHADHA\IdeaProjects\OOP-projectnew\temp
13-Apr-2025 16:23:22.231 INFO [main] org.apache.catalina.startup.VersionLoggerListener.log Command line argument: -Djava.util.logging.config.file=C:\Users\OSHADHA\IdeaProjects\OOP-projectnew\conf\logging.properties
13-Apr-2025 16:23:22.231 INFO [main] org.apache.catalina.startup.VersionLoggerListener.log Command line argument: -Djava.util.logging.manager=org.apache.juli.ClassLoaderLogManager
13-Apr-2025 16:23:22.231 INFO [main] org.apache.catalina.startup.VersionLoggerListener.log Command line argument: -javaagent:C:\Program Files\JetBrains\IntelliJ IDEA 2024.3.5\lib\idea_rt.jar=50240
13-Apr-2025 16:23:22.231 INFO [main] org.apache.catalina.startup.VersionLoggerListener.log Command line argument: -Dfile.encoding=UTF-8
13-Apr-2025 16:23:22.231 INFO [main] org.apache.catalina.startup.VersionLoggerListener.log Command line argument: -Dsun.stdout.encoding=UTF-8
13-Apr-2025 16:23:22.231 INFO [main] org.apache.catalina.startup.VersionLoggerListener.log Command line argument: -Dsun.stderr.encoding=UTF-8
13-Apr-2025 16:23:22.237 INFO [main] org.apache.catalina.core.AprLifecycleListener.lifecycleEvent Loaded Apache Tomcat Native library [1.3.1] using APR version [1.7.4].
13-Apr-2025 16:23:22.238 INFO [main] org.apache.catalina.core.AprLifecycleListener.lifecycleEvent APR capabilities: IPv6 [true], sendfile [true], accept filters [false], random [true], UDS [true].
13-Apr-2025 16:23:22.238 INFO [main] org.apache.catalina.core.AprLifecycleListener.lifecycleEvent APR/OpenSSL configuration: useAprConnector [false], useOpenSSL [true]
13-Apr-2025 16:23:22.248 INFO [main] org.apache.catalina.core.AprLifecycleListener.initializeSSL OpenSSL successfully initialized [OpenSSL 3.0.14 4 Jun 2024]
13-Apr-2025 16:23:22.885 INFO [main] org.apache.coyote.AbstractProtocol.init Initializing ProtocolHandler ["http-nio-8080"]
13-Apr-2025 16:23:22.931 INFO [main] org.apache.catalina.startup.Catalina.load Server initialization in [1797] milliseconds
13-Apr-2025 16:23:23.016 INFO [main] org.apache.catalina.core.StandardService.startInternal Starting service [Catalina]
13-Apr-2025 16:23:23.016 INFO [main] org.apache.catalina.core.StandardEngine.startInternal Starting Servlet engine: [Apache Tomcat/9.0.102]
13-Apr-2025 16:23:23.030 INFO [main] org.apache.catalina.startup.HostConfig.deployDescriptor Deploying deployment descriptor [C:\Users\OSHADHA\IdeaProjects\OOP-projectnew\conf\Catalina\localhost\OOP-projectnew.xml]
13-Apr-2025 16:23:23.918 INFO [main] org.apache.catalina.startup.HostConfig.deployDescriptor Deployment of deployment descriptor [C:\Users\OSHADHA\IdeaProjects\OOP-projectnew\conf\Catalina\localhost\OOP-projectnew.xml] has finished in [887] ms
13-Apr-2025 16:23:23.923 INFO [main] org.apache.coyote.AbstractProtocol.start Starting ProtocolHandler ["http-nio-8080"]
13-Apr-2025 16:23:23.944 INFO [main] org.apache.catalina.startup.Catalina.start Server startup in [1010] milliseconds
13-Apr-2025 16:35:38.389 INFO [Thread-1] org.apache.coyote.AbstractProtocol.pause Pausing ProtocolHandler ["http-nio-8080"]
13-Apr-2025 16:35:38.399 INFO [Thread-1] org.apache.catalina.core.StandardService.stopInternal Stopping service [Catalina]
13-Apr-2025 16:35:38.414 INFO [Thread-1] org.apache.coyote.AbstractProtocol.stop Stopping ProtocolHandler ["http-nio-8080"]
13-Apr-2025 16:35:38.430 INFO [Thread-1] org.apache.coyote.AbstractProtocol.destroy Destroying ProtocolHandler ["http-nio-8080"]
13-Apr-2025 16:35:40.412 INFO [main] org.apache.catalina.startup.VersionLoggerListener.log Server version name:   Apache Tomcat/9.0.102
13-Apr-2025 16:35:40.422 INFO [main] org.apache.catalina.startup.VersionLoggerListener.log Server built:          Mar 3 2025 19:33:14 UTC
13-Apr-2025 16:35:40.423 INFO [main] org.apache.catalina.startup.VersionLoggerListener.log Server version number: 9.0.102.0
13-Apr-2025 16:35:40.423 INFO [main] org.apache.catalina.startup.VersionLoggerListener.log OS Name:               Windows 10
13-Apr-2025 16:35:40.424 INFO [main] org.apache.catalina.startup.VersionLoggerListener.log OS Version:            10.0
13-Apr-2025 16:35:40.424 INFO [main] org.apache.catalina.startup.VersionLoggerListener.log Architecture:          amd64
13-Apr-2025 16:35:40.424 INFO [main] org.apache.catalina.startup.VersionLoggerListener.log Java Home:             C:\Program Files\Java\jdk-22
13-Apr-2025 16:35:40.424 INFO [main] org.apache.catalina.startup.VersionLoggerListener.log JVM Version:           22.0.1+8-16
13-Apr-2025 16:35:40.424 INFO [main] org.apache.catalina.startup.VersionLoggerListener.log JVM Vendor:            Oracle Corporation
13-Apr-2025 16:35:40.424 INFO [main] org.apache.catalina.startup.VersionLoggerListener.log CATALINA_BASE:         C:\Users\OSHADHA\IdeaProjects\OOP-projectnew
13-Apr-2025 16:35:40.424 INFO [main] org.apache.catalina.startup.VersionLoggerListener.log CATALINA_HOME:         C:\Program Files\Apache Software Foundation\Tomcat 9.0
13-Apr-2025 16:35:40.476 INFO [main] org.apache.catalina.startup.VersionLoggerListener.log Command line argument: --add-opens=java.base/java.lang=ALL-UNNAMED
13-Apr-2025 16:35:40.477 INFO [main] org.apache.catalina.startup.VersionLoggerListener.log Command line argument: --add-opens=java.base/java.io=ALL-UNNAMED
13-Apr-2025 16:35:40.477 INFO [main] org.apache.catalina.startup.VersionLoggerListener.log Command line argument: --add-opens=java.base/java.util=ALL-UNNAMED
13-Apr-2025 16:35:40.477 INFO [main] org.apache.catalina.startup.VersionLoggerListener.log Command line argument: --add-opens=java.base/java.util.concurrent=ALL-UNNAMED
13-Apr-2025 16:35:40.477 INFO [main] org.apache.catalina.startup.VersionLoggerListener.log Command line argument: --add-opens=java.rmi/sun.rmi.transport=ALL-UNNAMED
13-Apr-2025 16:35:40.478 INFO [main] org.apache.catalina.startup.VersionLoggerListener.log Command line argument: -Dcatalina.home=C:\Program Files\Apache Software Foundation\Tomcat 9.0
13-Apr-2025 16:35:40.481 INFO [main] org.apache.catalina.startup.VersionLoggerListener.log Command line argument: -Dcatalina.base=C:\Users\OSHADHA\IdeaProjects\OOP-projectnew
13-Apr-2025 16:35:40.481 INFO [main] org.apache.catalina.startup.VersionLoggerListener.log Command line argument: -Djava.io.tmpdir=C:\Users\OSHADHA\IdeaProjects\OOP-projectnew\temp
13-Apr-2025 16:35:40.484 INFO [main] org.apache.catalina.startup.VersionLoggerListener.log Command line argument: -Djava.util.logging.config.file=C:\Users\OSHADHA\IdeaProjects\OOP-projectnew\conf\logging.properties
13-Apr-2025 16:35:40.484 INFO [main] org.apache.catalina.startup.VersionLoggerListener.log Command line argument: -Djava.util.logging.manager=org.apache.juli.ClassLoaderLogManager
13-Apr-2025 16:35:40.484 INFO [main] org.apache.catalina.startup.VersionLoggerListener.log Command line argument: -javaagent:C:\Program Files\JetBrains\IntelliJ IDEA 2024.3.5\lib\idea_rt.jar=50650
13-Apr-2025 16:35:40.484 INFO [main] org.apache.catalina.startup.VersionLoggerListener.log Command line argument: -Dfile.encoding=UTF-8
13-Apr-2025 16:35:40.484 INFO [main] org.apache.catalina.startup.VersionLoggerListener.log Command line argument: -Dsun.stdout.encoding=UTF-8
13-Apr-2025 16:35:40.484 INFO [main] org.apache.catalina.startup.VersionLoggerListener.log Command line argument: -Dsun.stderr.encoding=UTF-8
13-Apr-2025 16:35:40.493 INFO [main] org.apache.catalina.core.AprLifecycleListener.lifecycleEvent Loaded Apache Tomcat Native library [1.3.1] using APR version [1.7.4].
13-Apr-2025 16:35:40.493 INFO [main] org.apache.catalina.core.AprLifecycleListener.lifecycleEvent APR capabilities: IPv6 [true], sendfile [true], accept filters [false], random [true], UDS [true].
13-Apr-2025 16:35:40.493 INFO [main] org.apache.catalina.core.AprLifecycleListener.lifecycleEvent APR/OpenSSL configuration: useAprConnector [false], useOpenSSL [true]
13-Apr-2025 16:35:40.504 INFO [main] org.apache.catalina.core.AprLifecycleListener.initializeSSL OpenSSL successfully initialized [OpenSSL 3.0.14 4 Jun 2024]
13-Apr-2025 16:35:41.133 INFO [main] org.apache.coyote.AbstractProtocol.init Initializing ProtocolHandler ["http-nio-8080"]
13-Apr-2025 16:35:41.162 INFO [main] org.apache.catalina.startup.Catalina.load Server initialization in [1340] milliseconds
13-Apr-2025 16:35:41.226 INFO [main] org.apache.catalina.core.StandardService.startInternal Starting service [Catalina]
13-Apr-2025 16:35:41.226 INFO [main] org.apache.catalina.core.StandardEngine.startInternal Starting Servlet engine: [Apache Tomcat/9.0.102]
13-Apr-2025 16:35:41.236 INFO [main] org.apache.catalina.startup.HostConfig.deployDescriptor Deploying deployment descriptor [C:\Users\OSHADHA\IdeaProjects\OOP-projectnew\conf\Catalina\localhost\OOP-projectnew.xml]
13-Apr-2025 16:35:42.007 INFO [main] org.apache.catalina.startup.HostConfig.deployDescriptor Deployment of deployment descriptor [C:\Users\OSHADHA\IdeaProjects\OOP-projectnew\conf\Catalina\localhost\OOP-projectnew.xml] has finished in [771] ms
13-Apr-2025 16:35:42.011 INFO [main] org.apache.coyote.AbstractProtocol.start Starting ProtocolHandler ["http-nio-8080"]
13-Apr-2025 16:35:42.034 INFO [main] org.apache.catalina.startup.Catalina.start Server startup in [870] milliseconds
13-Apr-2025 16:42:18.619 INFO [Thread-1] org.apache.coyote.AbstractProtocol.pause Pausing ProtocolHandler ["http-nio-8080"]
13-Apr-2025 16:42:18.628 INFO [Thread-1] org.apache.catalina.core.StandardService.stopInternal Stopping service [Catalina]
13-Apr-2025 16:42:18.642 INFO [Thread-1] org.apache.coyote.AbstractProtocol.stop Stopping ProtocolHandler ["http-nio-8080"]
13-Apr-2025 16:42:18.662 INFO [Thread-1] org.apache.coyote.AbstractProtocol.destroy Destroying ProtocolHandler ["http-nio-8080"]
13-Apr-2025 16:42:21.362 INFO [main] org.apache.catalina.startup.VersionLoggerListener.log Server version name:   Apache Tomcat/9.0.102
13-Apr-2025 16:42:21.367 INFO [main] org.apache.catalina.startup.VersionLoggerListener.log Server built:          Mar 3 2025 19:33:14 UTC
13-Apr-2025 16:42:21.368 INFO [main] org.apache.catalina.startup.VersionLoggerListener.log Server version number: 9.0.102.0
13-Apr-2025 16:42:21.368 INFO [main] org.apache.catalina.startup.VersionLoggerListener.log OS Name:               Windows 10
13-Apr-2025 16:42:21.368 INFO [main] org.apache.catalina.startup.VersionLoggerListener.log OS Version:            10.0
13-Apr-2025 16:42:21.368 INFO [main] org.apache.catalina.startup.VersionLoggerListener.log Architecture:          amd64
13-Apr-2025 16:42:21.368 INFO [main] org.apache.catalina.startup.VersionLoggerListener.log Java Home:             C:\Program Files\Java\jdk-22
13-Apr-2025 16:42:21.368 INFO [main] org.apache.catalina.startup.VersionLoggerListener.log JVM Version:           22.0.1+8-16
13-Apr-2025 16:42:21.368 INFO [main] org.apache.catalina.startup.VersionLoggerListener.log JVM Vendor:            Oracle Corporation
13-Apr-2025 16:42:21.369 INFO [main] org.apache.catalina.startup.VersionLoggerListener.log CATALINA_BASE:         C:\Users\OSHADHA\IdeaProjects\OOP-projectnew
13-Apr-2025 16:42:21.369 INFO [main] org.apache.catalina.startup.VersionLoggerListener.log CATALINA_HOME:         C:\Program Files\Apache Software Foundation\Tomcat 9.0
13-Apr-2025 16:42:21.379 INFO [main] org.apache.catalina.startup.VersionLoggerListener.log Command line argument: --add-opens=java.base/java.lang=ALL-UNNAMED
13-Apr-2025 16:42:21.379 INFO [main] org.apache.catalina.startup.VersionLoggerListener.log Command line argument: --add-opens=java.base/java.io=ALL-UNNAMED
13-Apr-2025 16:42:21.379 INFO [main] org.apache.catalina.startup.VersionLoggerListener.log Command line argument: --add-opens=java.base/java.util=ALL-UNNAMED
13-Apr-2025 16:42:21.379 INFO [main] org.apache.catalina.startup.VersionLoggerListener.log Command line argument: --add-opens=java.base/java.util.concurrent=ALL-UNNAMED
13-Apr-2025 16:42:21.379 INFO [main] org.apache.catalina.startup.VersionLoggerListener.log Command line argument: --add-opens=java.rmi/sun.rmi.transport=ALL-UNNAMED
13-Apr-2025 16:42:21.379 INFO [main] org.apache.catalina.startup.VersionLoggerListener.log Command line argument: -Dcatalina.home=C:\Program Files\Apache Software Foundation\Tomcat 9.0
13-Apr-2025 16:42:21.379 INFO [main] org.apache.catalina.startup.VersionLoggerListener.log Command line argument: -Dcatalina.base=C:\Users\OSHADHA\IdeaProjects\OOP-projectnew
13-Apr-2025 16:42:21.380 INFO [main] org.apache.catalina.startup.VersionLoggerListener.log Command line argument: -Djava.io.tmpdir=C:\Users\OSHADHA\IdeaProjects\OOP-projectnew\temp
13-Apr-2025 16:42:21.380 INFO [main] org.apache.catalina.startup.VersionLoggerListener.log Command line argument: -Djava.util.logging.config.file=C:\Users\OSHADHA\IdeaProjects\OOP-projectnew\conf\logging.properties
13-Apr-2025 16:42:21.380 INFO [main] org.apache.catalina.startup.VersionLoggerListener.log Command line argument: -Djava.util.logging.manager=org.apache.juli.ClassLoaderLogManager
13-Apr-2025 16:42:21.380 INFO [main] org.apache.catalina.startup.VersionLoggerListener.log Command line argument: -javaagent:C:\Program Files\JetBrains\IntelliJ IDEA 2024.3.5\lib\idea_rt.jar=51163
13-Apr-2025 16:42:21.380 INFO [main] org.apache.catalina.startup.VersionLoggerListener.log Command line argument: -Dfile.encoding=UTF-8
13-Apr-2025 16:42:21.380 INFO [main] org.apache.catalina.startup.VersionLoggerListener.log Command line argument: -Dsun.stdout.encoding=UTF-8
13-Apr-2025 16:42:21.380 INFO [main] org.apache.catalina.startup.VersionLoggerListener.log Command line argument: -Dsun.stderr.encoding=UTF-8
13-Apr-2025 16:42:21.385 INFO [main] org.apache.catalina.core.AprLifecycleListener.lifecycleEvent Loaded Apache Tomcat Native library [1.3.1] using APR version [1.7.4].
13-Apr-2025 16:42:21.385 INFO [main] org.apache.catalina.core.AprLifecycleListener.lifecycleEvent APR capabilities: IPv6 [true], sendfile [true], accept filters [false], random [true], UDS [true].
13-Apr-2025 16:42:21.385 INFO [main] org.apache.catalina.core.AprLifecycleListener.lifecycleEvent APR/OpenSSL configuration: useAprConnector [false], useOpenSSL [true]
13-Apr-2025 16:42:21.392 INFO [main] org.apache.catalina.core.AprLifecycleListener.initializeSSL OpenSSL successfully initialized [OpenSSL 3.0.14 4 Jun 2024]
13-Apr-2025 16:42:21.824 INFO [main] org.apache.coyote.AbstractProtocol.init Initializing ProtocolHandler ["http-nio-8080"]
13-Apr-2025 16:42:21.849 INFO [main] org.apache.catalina.startup.Catalina.load Server initialization in [791] milliseconds
13-Apr-2025 16:42:21.912 INFO [main] org.apache.catalina.core.StandardService.startInternal Starting service [Catalina]
13-Apr-2025 16:42:21.913 INFO [main] org.apache.catalina.core.StandardEngine.startInternal Starting Servlet engine: [Apache Tomcat/9.0.102]
13-Apr-2025 16:42:21.926 INFO [main] org.apache.catalina.startup.HostConfig.deployDescriptor Deploying deployment descriptor [C:\Users\OSHADHA\IdeaProjects\OOP-projectnew\conf\Catalina\localhost\OOP-projectnew.xml]
13-Apr-2025 16:42:22.547 INFO [main] org.apache.catalina.startup.HostConfig.deployDescriptor Deployment of deployment descriptor [C:\Users\OSHADHA\IdeaProjects\OOP-projectnew\conf\Catalina\localhost\OOP-projectnew.xml] has finished in [622] ms
13-Apr-2025 16:42:22.550 INFO [main] org.apache.coyote.AbstractProtocol.start Starting ProtocolHandler ["http-nio-8080"]
13-Apr-2025 16:42:22.570 INFO [main] org.apache.catalina.startup.Catalina.start Server startup in [719] milliseconds
13-Apr-2025 16:55:20.557 INFO [Thread-1] org.apache.coyote.AbstractProtocol.pause Pausing ProtocolHandler ["http-nio-8080"]
13-Apr-2025 16:55:20.567 INFO [Thread-1] org.apache.catalina.core.StandardService.stopInternal Stopping service [Catalina]
13-Apr-2025 16:55:20.582 INFO [Thread-1] org.apache.coyote.AbstractProtocol.stop Stopping ProtocolHandler ["http-nio-8080"]
13-Apr-2025 16:55:20.595 INFO [Thread-1] org.apache.coyote.AbstractProtocol.destroy Destroying ProtocolHandler ["http-nio-8080"]
13-Apr-2025 16:55:23.018 INFO [main] org.apache.catalina.startup.VersionLoggerListener.log Server version name:   Apache Tomcat/9.0.102
13-Apr-2025 16:55:23.025 INFO [main] org.apache.catalina.startup.VersionLoggerListener.log Server built:          Mar 3 2025 19:33:14 UTC
13-Apr-2025 16:55:23.025 INFO [main] org.apache.catalina.startup.VersionLoggerListener.log Server version number: 9.0.102.0
13-Apr-2025 16:55:23.025 INFO [main] org.apache.catalina.startup.VersionLoggerListener.log OS Name:               Windows 10
13-Apr-2025 16:55:23.026 INFO [main] org.apache.catalina.startup.VersionLoggerListener.log OS Version:            10.0
13-Apr-2025 16:55:23.026 INFO [main] org.apache.catalina.startup.VersionLoggerListener.log Architecture:          amd64
13-Apr-2025 16:55:23.026 INFO [main] org.apache.catalina.startup.VersionLoggerListener.log Java Home:             C:\Program Files\Java\jdk-22
13-Apr-2025 16:55:23.026 INFO [main] org.apache.catalina.startup.VersionLoggerListener.log JVM Version:           22.0.1+8-16
13-Apr-2025 16:55:23.026 INFO [main] org.apache.catalina.startup.VersionLoggerListener.log JVM Vendor:            Oracle Corporation
13-Apr-2025 16:55:23.026 INFO [main] org.apache.catalina.startup.VersionLoggerListener.log CATALINA_BASE:         C:\Users\OSHADHA\IdeaProjects\OOP-projectnew
13-Apr-2025 16:55:23.026 INFO [main] org.apache.catalina.startup.VersionLoggerListener.log CATALINA_HOME:         C:\Program Files\Apache Software Foundation\Tomcat 9.0
13-Apr-2025 16:55:23.038 INFO [main] org.apache.catalina.startup.VersionLoggerListener.log Command line argument: --add-opens=java.base/java.lang=ALL-UNNAMED
13-Apr-2025 16:55:23.038 INFO [main] org.apache.catalina.startup.VersionLoggerListener.log Command line argument: --add-opens=java.base/java.io=ALL-UNNAMED
13-Apr-2025 16:55:23.038 INFO [main] org.apache.catalina.startup.VersionLoggerListener.log Command line argument: --add-opens=java.base/java.util=ALL-UNNAMED
13-Apr-2025 16:55:23.039 INFO [main] org.apache.catalina.startup.VersionLoggerListener.log Command line argument: --add-opens=java.base/java.util.concurrent=ALL-UNNAMED
13-Apr-2025 16:55:23.039 INFO [main] org.apache.catalina.startup.VersionLoggerListener.log Command line argument: --add-opens=java.rmi/sun.rmi.transport=ALL-UNNAMED
13-Apr-2025 16:55:23.039 INFO [main] org.apache.catalina.startup.VersionLoggerListener.log Command line argument: -Dcatalina.home=C:\Program Files\Apache Software Foundation\Tomcat 9.0
13-Apr-2025 16:55:23.039 INFO [main] org.apache.catalina.startup.VersionLoggerListener.log Command line argument: -Dcatalina.base=C:\Users\OSHADHA\IdeaProjects\OOP-projectnew
13-Apr-2025 16:55:23.040 INFO [main] org.apache.catalina.startup.VersionLoggerListener.log Command line argument: -Djava.io.tmpdir=C:\Users\OSHADHA\IdeaProjects\OOP-projectnew\temp
13-Apr-2025 16:55:23.040 INFO [main] org.apache.catalina.startup.VersionLoggerListener.log Command line argument: -Djava.util.logging.config.file=C:\Users\OSHADHA\IdeaProjects\OOP-projectnew\conf\logging.properties
13-Apr-2025 16:55:23.040 INFO [main] org.apache.catalina.startup.VersionLoggerListener.log Command line argument: -Djava.util.logging.manager=org.apache.juli.ClassLoaderLogManager
13-Apr-2025 16:55:23.040 INFO [main] org.apache.catalina.startup.VersionLoggerListener.log Command line argument: -javaagent:C:\Program Files\JetBrains\IntelliJ IDEA 2024.3.5\lib\idea_rt.jar=51383
13-Apr-2025 16:55:23.040 INFO [main] org.apache.catalina.startup.VersionLoggerListener.log Command line argument: -Dfile.encoding=UTF-8
13-Apr-2025 16:55:23.040 INFO [main] org.apache.catalina.startup.VersionLoggerListener.log Command line argument: -Dsun.stdout.encoding=UTF-8
13-Apr-2025 16:55:23.040 INFO [main] org.apache.catalina.startup.VersionLoggerListener.log Command line argument: -Dsun.stderr.encoding=UTF-8
13-Apr-2025 16:55:23.046 INFO [main] org.apache.catalina.core.AprLifecycleListener.lifecycleEvent Loaded Apache Tomcat Native library [1.3.1] using APR version [1.7.4].
13-Apr-2025 16:55:23.046 INFO [main] org.apache.catalina.core.AprLifecycleListener.lifecycleEvent APR capabilities: IPv6 [true], sendfile [true], accept filters [false], random [true], UDS [true].
13-Apr-2025 16:55:23.046 INFO [main] org.apache.catalina.core.AprLifecycleListener.lifecycleEvent APR/OpenSSL configuration: useAprConnector [false], useOpenSSL [true]
13-Apr-2025 16:55:23.057 INFO [main] org.apache.catalina.core.AprLifecycleListener.initializeSSL OpenSSL successfully initialized [OpenSSL 3.0.14 4 Jun 2024]
13-Apr-2025 16:55:23.684 INFO [main] org.apache.coyote.AbstractProtocol.init Initializing ProtocolHandler ["http-nio-8080"]
13-Apr-2025 16:55:23.729 INFO [main] org.apache.catalina.startup.Catalina.load Server initialization in [1553] milliseconds
13-Apr-2025 16:55:23.821 INFO [main] org.apache.catalina.core.StandardService.startInternal Starting service [Catalina]
13-Apr-2025 16:55:23.822 INFO [main] org.apache.catalina.core.StandardEngine.startInternal Starting Servlet engine: [Apache Tomcat/9.0.102]
13-Apr-2025 16:55:23.837 INFO [main] org.apache.catalina.startup.HostConfig.deployDescriptor Deploying deployment descriptor [C:\Users\OSHADHA\IdeaProjects\OOP-projectnew\conf\Catalina\localhost\OOP-projectnew.xml]
13-Apr-2025 16:55:24.674 INFO [main] org.apache.catalina.startup.HostConfig.deployDescriptor Deployment of deployment descriptor [C:\Users\OSHADHA\IdeaProjects\OOP-projectnew\conf\Catalina\localhost\OOP-projectnew.xml] has finished in [837] ms
13-Apr-2025 16:55:24.677 INFO [main] org.apache.coyote.AbstractProtocol.start Starting ProtocolHandler ["http-nio-8080"]
13-Apr-2025 16:55:24.705 INFO [main] org.apache.catalina.startup.Catalina.start Server startup in [963] milliseconds
13-Apr-2025 17:01:36.989 INFO [Thread-1] org.apache.coyote.AbstractProtocol.pause Pausing ProtocolHandler ["http-nio-8080"]
13-Apr-2025 17:01:36.999 INFO [Thread-1] org.apache.catalina.core.StandardService.stopInternal Stopping service [Catalina]
13-Apr-2025 17:01:37.013 INFO [Thread-1] org.apache.coyote.AbstractProtocol.stop Stopping ProtocolHandler ["http-nio-8080"]
13-Apr-2025 17:01:37.036 INFO [Thread-1] org.apache.coyote.AbstractProtocol.destroy Destroying ProtocolHandler ["http-nio-8080"]
13-Apr-2025 17:01:39.638 INFO [main] org.apache.catalina.startup.VersionLoggerListener.log Server version name:   Apache Tomcat/9.0.102
13-Apr-2025 17:01:39.649 INFO [main] org.apache.catalina.startup.VersionLoggerListener.log Server built:          Mar 3 2025 19:33:14 UTC
13-Apr-2025 17:01:39.651 INFO [main] org.apache.catalina.startup.VersionLoggerListener.log Server version number: 9.0.102.0
13-Apr-2025 17:01:39.651 INFO [main] org.apache.catalina.startup.VersionLoggerListener.log OS Name:               Windows 10
13-Apr-2025 17:01:39.651 INFO [main] org.apache.catalina.startup.VersionLoggerListener.log OS Version:            10.0
13-Apr-2025 17:01:39.651 INFO [main] org.apache.catalina.startup.VersionLoggerListener.log Architecture:          amd64
13-Apr-2025 17:01:39.651 INFO [main] org.apache.catalina.startup.VersionLoggerListener.log Java Home:             C:\Program Files\Java\jdk-22
13-Apr-2025 17:01:39.651 INFO [main] org.apache.catalina.startup.VersionLoggerListener.log JVM Version:           22.0.1+8-16
13-Apr-2025 17:01:39.651 INFO [main] org.apache.catalina.startup.VersionLoggerListener.log JVM Vendor:            Oracle Corporation
13-Apr-2025 17:01:39.652 INFO [main] org.apache.catalina.startup.VersionLoggerListener.log CATALINA_BASE:         C:\Users\OSHADHA\IdeaProjects\OOP-projectnew
13-Apr-2025 17:01:39.652 INFO [main] org.apache.catalina.startup.VersionLoggerListener.log CATALINA_HOME:         C:\Program Files\Apache Software Foundation\Tomcat 9.0
13-Apr-2025 17:01:39.674 INFO [main] org.apache.catalina.startup.VersionLoggerListener.log Command line argument: --add-opens=java.base/java.lang=ALL-UNNAMED
13-Apr-2025 17:01:39.674 INFO [main] org.apache.catalina.startup.VersionLoggerListener.log Command line argument: --add-opens=java.base/java.io=ALL-UNNAMED
13-Apr-2025 17:01:39.674 INFO [main] org.apache.catalina.startup.VersionLoggerListener.log Command line argument: --add-opens=java.base/java.util=ALL-UNNAMED
13-Apr-2025 17:01:39.675 INFO [main] org.apache.catalina.startup.VersionLoggerListener.log Command line argument: --add-opens=java.base/java.util.concurrent=ALL-UNNAMED
13-Apr-2025 17:01:39.675 INFO [main] org.apache.catalina.startup.VersionLoggerListener.log Command line argument: --add-opens=java.rmi/sun.rmi.transport=ALL-UNNAMED
13-Apr-2025 17:01:39.675 INFO [main] org.apache.catalina.startup.VersionLoggerListener.log Command line argument: -Dcatalina.home=C:\Program Files\Apache Software Foundation\Tomcat 9.0
13-Apr-2025 17:01:39.675 INFO [main] org.apache.catalina.startup.VersionLoggerListener.log Command line argument: -Dcatalina.base=C:\Users\OSHADHA\IdeaProjects\OOP-projectnew
13-Apr-2025 17:01:39.675 INFO [main] org.apache.catalina.startup.VersionLoggerListener.log Command line argument: -Djava.io.tmpdir=C:\Users\OSHADHA\IdeaProjects\OOP-projectnew\temp
13-Apr-2025 17:01:39.676 INFO [main] org.apache.catalina.startup.VersionLoggerListener.log Command line argument: -Djava.util.logging.config.file=C:\Users\OSHADHA\IdeaProjects\OOP-projectnew\conf\logging.properties
13-Apr-2025 17:01:39.676 INFO [main] org.apache.catalina.startup.VersionLoggerListener.log Command line argument: -Djava.util.logging.manager=org.apache.juli.ClassLoaderLogManager
13-Apr-2025 17:01:39.676 INFO [main] org.apache.catalina.startup.VersionLoggerListener.log Command line argument: -javaagent:C:\Program Files\JetBrains\IntelliJ IDEA 2024.3.5\lib\idea_rt.jar=51545
13-Apr-2025 17:01:39.676 INFO [main] org.apache.catalina.startup.VersionLoggerListener.log Command line argument: -Dfile.encoding=UTF-8
13-Apr-2025 17:01:39.677 INFO [main] org.apache.catalina.startup.VersionLoggerListener.log Command line argument: -Dsun.stdout.encoding=UTF-8
13-Apr-2025 17:01:39.677 INFO [main] org.apache.catalina.startup.VersionLoggerListener.log Command line argument: -Dsun.stderr.encoding=UTF-8
13-Apr-2025 17:01:39.687 INFO [main] org.apache.catalina.core.AprLifecycleListener.lifecycleEvent Loaded Apache Tomcat Native library [1.3.1] using APR version [1.7.4].
13-Apr-2025 17:01:39.687 INFO [main] org.apache.catalina.core.AprLifecycleListener.lifecycleEvent APR capabilities: IPv6 [true], sendfile [true], accept filters [false], random [true], UDS [true].
13-Apr-2025 17:01:39.687 INFO [main] org.apache.catalina.core.AprLifecycleListener.lifecycleEvent APR/OpenSSL configuration: useAprConnector [false], useOpenSSL [true]
13-Apr-2025 17:01:39.698 INFO [main] org.apache.catalina.core.AprLifecycleListener.initializeSSL OpenSSL successfully initialized [OpenSSL 3.0.14 4 Jun 2024]
13-Apr-2025 17:01:40.302 INFO [main] org.apache.coyote.AbstractProtocol.init Initializing ProtocolHandler ["http-nio-8080"]
13-Apr-2025 17:01:40.326 INFO [main] org.apache.catalina.startup.Catalina.load Server initialization in [1883] milliseconds
13-Apr-2025 17:01:40.385 INFO [main] org.apache.catalina.core.StandardService.startInternal Starting service [Catalina]
13-Apr-2025 17:01:40.386 INFO [main] org.apache.catalina.core.StandardEngine.startInternal Starting Servlet engine: [Apache Tomcat/9.0.102]
13-Apr-2025 17:01:40.396 INFO [main] org.apache.catalina.startup.HostConfig.deployDescriptor Deploying deployment descriptor [C:\Users\OSHADHA\IdeaProjects\OOP-projectnew\conf\Catalina\localhost\OOP-projectnew.xml]
13-Apr-2025 17:01:41.087 INFO [main] org.apache.catalina.startup.HostConfig.deployDescriptor Deployment of deployment descriptor [C:\Users\OSHADHA\IdeaProjects\OOP-projectnew\conf\Catalina\localhost\OOP-projectnew.xml] has finished in [690] ms
13-Apr-2025 17:01:41.090 INFO [main] org.apache.coyote.AbstractProtocol.start Starting ProtocolHandler ["http-nio-8080"]
13-Apr-2025 17:01:41.111 INFO [main] org.apache.catalina.startup.Catalina.start Server startup in [783] milliseconds
13-Apr-2025 17:08:44.735 INFO [Thread-1] org.apache.coyote.AbstractProtocol.pause Pausing ProtocolHandler ["http-nio-8080"]
13-Apr-2025 17:08:44.745 INFO [Thread-1] org.apache.catalina.core.StandardService.stopInternal Stopping service [Catalina]
13-Apr-2025 17:08:44.759 INFO [Thread-1] org.apache.coyote.AbstractProtocol.stop Stopping ProtocolHandler ["http-nio-8080"]
13-Apr-2025 17:08:44.775 INFO [Thread-1] org.apache.coyote.AbstractProtocol.destroy Destroying ProtocolHandler ["http-nio-8080"]
13-Apr-2025 17:08:48.152 INFO [main] org.apache.catalina.startup.VersionLoggerListener.log Server version name:   Apache Tomcat/9.0.102
13-Apr-2025 17:08:48.158 INFO [main] org.apache.catalina.startup.VersionLoggerListener.log Server built:          Mar 3 2025 19:33:14 UTC
13-Apr-2025 17:08:48.159 INFO [main] org.apache.catalina.startup.VersionLoggerListener.log Server version number: 9.0.102.0
13-Apr-2025 17:08:48.159 INFO [main] org.apache.catalina.startup.VersionLoggerListener.log OS Name:               Windows 10
13-Apr-2025 17:08:48.159 INFO [main] org.apache.catalina.startup.VersionLoggerListener.log OS Version:            10.0
13-Apr-2025 17:08:48.159 INFO [main] org.apache.catalina.startup.VersionLoggerListener.log Architecture:          amd64
13-Apr-2025 17:08:48.159 INFO [main] org.apache.catalina.startup.VersionLoggerListener.log Java Home:             C:\Program Files\Java\jdk-22
13-Apr-2025 17:08:48.159 INFO [main] org.apache.catalina.startup.VersionLoggerListener.log JVM Version:           22.0.1+8-16
13-Apr-2025 17:08:48.159 INFO [main] org.apache.catalina.startup.VersionLoggerListener.log JVM Vendor:            Oracle Corporation
13-Apr-2025 17:08:48.160 INFO [main] org.apache.catalina.startup.VersionLoggerListener.log CATALINA_BASE:         C:\Users\OSHADHA\IdeaProjects\OOP-projectnew
13-Apr-2025 17:08:48.160 INFO [main] org.apache.catalina.startup.VersionLoggerListener.log CATALINA_HOME:         C:\Program Files\Apache Software Foundation\Tomcat 9.0
13-Apr-2025 17:08:48.170 INFO [main] org.apache.catalina.startup.VersionLoggerListener.log Command line argument: --add-opens=java.base/java.lang=ALL-UNNAMED
13-Apr-2025 17:08:48.171 INFO [main] org.apache.catalina.startup.VersionLoggerListener.log Command line argument: --add-opens=java.base/java.io=ALL-UNNAMED
13-Apr-2025 17:08:48.171 INFO [main] org.apache.catalina.startup.VersionLoggerListener.log Command line argument: --add-opens=java.base/java.util=ALL-UNNAMED
13-Apr-2025 17:08:48.171 INFO [main] org.apache.catalina.startup.VersionLoggerListener.log Command line argument: --add-opens=java.base/java.util.concurrent=ALL-UNNAMED
13-Apr-2025 17:08:48.171 INFO [main] org.apache.catalina.startup.VersionLoggerListener.log Command line argument: --add-opens=java.rmi/sun.rmi.transport=ALL-UNNAMED
13-Apr-2025 17:08:48.171 INFO [main] org.apache.catalina.startup.VersionLoggerListener.log Command line argument: -Dcatalina.home=C:\Program Files\Apache Software Foundation\Tomcat 9.0
13-Apr-2025 17:08:48.171 INFO [main] org.apache.catalina.startup.VersionLoggerListener.log Command line argument: -Dcatalina.base=C:\Users\OSHADHA\IdeaProjects\OOP-projectnew
13-Apr-2025 17:08:48.171 INFO [main] org.apache.catalina.startup.VersionLoggerListener.log Command line argument: -Djava.io.tmpdir=C:\Users\OSHADHA\IdeaProjects\OOP-projectnew\temp
13-Apr-2025 17:08:48.171 INFO [main] org.apache.catalina.startup.VersionLoggerListener.log Command line argument: -Djava.util.logging.config.file=C:\Users\OSHADHA\IdeaProjects\OOP-projectnew\conf\logging.properties
13-Apr-2025 17:08:48.172 INFO [main] org.apache.catalina.startup.VersionLoggerListener.log Command line argument: -Djava.util.logging.manager=org.apache.juli.ClassLoaderLogManager
13-Apr-2025 17:08:48.172 INFO [main] org.apache.catalina.startup.VersionLoggerListener.log Command line argument: -javaagent:C:\Program Files\JetBrains\IntelliJ IDEA 2024.3.5\lib\idea_rt.jar=51726
13-Apr-2025 17:08:48.172 INFO [main] org.apache.catalina.startup.VersionLoggerListener.log Command line argument: -Dfile.encoding=UTF-8
13-Apr-2025 17:08:48.172 INFO [main] org.apache.catalina.startup.VersionLoggerListener.log Command line argument: -Dsun.stdout.encoding=UTF-8
13-Apr-2025 17:08:48.172 INFO [main] org.apache.catalina.startup.VersionLoggerListener.log Command line argument: -Dsun.stderr.encoding=UTF-8
13-Apr-2025 17:08:48.177 INFO [main] org.apache.catalina.core.AprLifecycleListener.lifecycleEvent Loaded Apache Tomcat Native library [1.3.1] using APR version [1.7.4].
13-Apr-2025 17:08:48.177 INFO [main] org.apache.catalina.core.AprLifecycleListener.lifecycleEvent APR capabilities: IPv6 [true], sendfile [true], accept filters [false], random [true], UDS [true].
13-Apr-2025 17:08:48.178 INFO [main] org.apache.catalina.core.AprLifecycleListener.lifecycleEvent APR/OpenSSL configuration: useAprConnector [false], useOpenSSL [true]
13-Apr-2025 17:08:48.186 INFO [main] org.apache.catalina.core.AprLifecycleListener.initializeSSL OpenSSL successfully initialized [OpenSSL 3.0.14 4 Jun 2024]
13-Apr-2025 17:08:48.900 INFO [main] org.apache.coyote.AbstractProtocol.init Initializing ProtocolHandler ["http-nio-8080"]
13-Apr-2025 17:08:48.956 INFO [main] org.apache.catalina.startup.Catalina.load Server initialization in [1064] milliseconds
13-Apr-2025 17:08:49.264 INFO [main] org.apache.catalina.core.StandardService.startInternal Starting service [Catalina]
13-Apr-2025 17:08:49.264 INFO [main] org.apache.catalina.core.StandardEngine.startInternal Starting Servlet engine: [Apache Tomcat/9.0.102]
13-Apr-2025 17:08:49.273 INFO [main] org.apache.catalina.startup.HostConfig.deployDescriptor Deploying deployment descriptor [C:\Users\OSHADHA\IdeaProjects\OOP-projectnew\conf\Catalina\localhost\OOP-projectnew.xml]
13-Apr-2025 17:08:50.071 INFO [main] org.apache.catalina.startup.HostConfig.deployDescriptor Deployment of deployment descriptor [C:\Users\OSHADHA\IdeaProjects\OOP-projectnew\conf\Catalina\localhost\OOP-projectnew.xml] has finished in [798] ms
13-Apr-2025 17:08:50.074 INFO [main] org.apache.coyote.AbstractProtocol.start Starting ProtocolHandler ["http-nio-8080"]
13-Apr-2025 17:08:50.094 INFO [main] org.apache.catalina.startup.Catalina.start Server startup in [1135] milliseconds
13-Apr-2025 17:13:17.754 INFO [Thread-1] org.apache.coyote.AbstractProtocol.pause Pausing ProtocolHandler ["http-nio-8080"]
13-Apr-2025 17:13:17.766 INFO [Thread-1] org.apache.catalina.core.StandardService.stopInternal Stopping service [Catalina]
13-Apr-2025 17:13:17.777 INFO [Thread-1] org.apache.coyote.AbstractProtocol.stop Stopping ProtocolHandler ["http-nio-8080"]
13-Apr-2025 17:13:17.789 INFO [Thread-1] org.apache.coyote.AbstractProtocol.destroy Destroying ProtocolHandler ["http-nio-8080"]
13-Apr-2025 17:13:20.417 INFO [main] org.apache.catalina.startup.VersionLoggerListener.log Server version name:   Apache Tomcat/9.0.102
13-Apr-2025 17:13:20.423 INFO [main] org.apache.catalina.startup.VersionLoggerListener.log Server built:          Mar 3 2025 19:33:14 UTC
13-Apr-2025 17:13:20.424 INFO [main] org.apache.catalina.startup.VersionLoggerListener.log Server version number: 9.0.102.0
13-Apr-2025 17:13:20.424 INFO [main] org.apache.catalina.startup.VersionLoggerListener.log OS Name:               Windows 10
13-Apr-2025 17:13:20.424 INFO [main] org.apache.catalina.startup.VersionLoggerListener.log OS Version:            10.0
13-Apr-2025 17:13:20.424 INFO [main] org.apache.catalina.startup.VersionLoggerListener.log Architecture:          amd64
13-Apr-2025 17:13:20.424 INFO [main] org.apache.catalina.startup.VersionLoggerListener.log Java Home:             C:\Program Files\Java\jdk-22
13-Apr-2025 17:13:20.424 INFO [main] org.apache.catalina.startup.VersionLoggerListener.log JVM Version:           22.0.1+8-16
13-Apr-2025 17:13:20.424 INFO [main] org.apache.catalina.startup.VersionLoggerListener.log JVM Vendor:            Oracle Corporation
13-Apr-2025 17:13:20.425 INFO [main] org.apache.catalina.startup.VersionLoggerListener.log CATALINA_BASE:         C:\Users\OSHADHA\IdeaProjects\OOP-projectnew
13-Apr-2025 17:13:20.425 INFO [main] org.apache.catalina.startup.VersionLoggerListener.log CATALINA_HOME:         C:\Program Files\Apache Software Foundation\Tomcat 9.0
13-Apr-2025 17:13:20.438 INFO [main] org.apache.catalina.startup.VersionLoggerListener.log Command line argument: --add-opens=java.base/java.lang=ALL-UNNAMED
13-Apr-2025 17:13:20.438 INFO [main] org.apache.catalina.startup.VersionLoggerListener.log Command line argument: --add-opens=java.base/java.io=ALL-UNNAMED
13-Apr-2025 17:13:20.438 INFO [main] org.apache.catalina.startup.VersionLoggerListener.log Command line argument: --add-opens=java.base/java.util=ALL-UNNAMED
13-Apr-2025 17:13:20.438 INFO [main] org.apache.catalina.startup.VersionLoggerListener.log Command line argument: --add-opens=java.base/java.util.concurrent=ALL-UNNAMED
13-Apr-2025 17:13:20.439 INFO [main] org.apache.catalina.startup.VersionLoggerListener.log Command line argument: --add-opens=java.rmi/sun.rmi.transport=ALL-UNNAMED
13-Apr-2025 17:13:20.439 INFO [main] org.apache.catalina.startup.VersionLoggerListener.log Command line argument: -Dcatalina.home=C:\Program Files\Apache Software Foundation\Tomcat 9.0
13-Apr-2025 17:13:20.439 INFO [main] org.apache.catalina.startup.VersionLoggerListener.log Command line argument: -Dcatalina.base=C:\Users\OSHADHA\IdeaProjects\OOP-projectnew
13-Apr-2025 17:13:20.439 INFO [main] org.apache.catalina.startup.VersionLoggerListener.log Command line argument: -Djava.io.tmpdir=C:\Users\OSHADHA\IdeaProjects\OOP-projectnew\temp
13-Apr-2025 17:13:20.439 INFO [main] org.apache.catalina.startup.VersionLoggerListener.log Command line argument: -Djava.util.logging.config.file=C:\Users\OSHADHA\IdeaProjects\OOP-projectnew\conf\logging.properties
13-Apr-2025 17:13:20.439 INFO [main] org.apache.catalina.startup.VersionLoggerListener.log Command line argument: -Djava.util.logging.manager=org.apache.juli.ClassLoaderLogManager
13-Apr-2025 17:13:20.439 INFO [main] org.apache.catalina.startup.VersionLoggerListener.log Command line argument: -javaagent:C:\Program Files\JetBrains\IntelliJ IDEA 2024.3.5\lib\idea_rt.jar=51820
13-Apr-2025 17:13:20.439 INFO [main] org.apache.catalina.startup.VersionLoggerListener.log Command line argument: -Dfile.encoding=UTF-8
13-Apr-2025 17:13:20.440 INFO [main] org.apache.catalina.startup.VersionLoggerListener.log Command line argument: -Dsun.stdout.encoding=UTF-8
13-Apr-2025 17:13:20.440 INFO [main] org.apache.catalina.startup.VersionLoggerListener.log Command line argument: -Dsun.stderr.encoding=UTF-8
13-Apr-2025 17:13:20.446 INFO [main] org.apache.catalina.core.AprLifecycleListener.lifecycleEvent Loaded Apache Tomcat Native library [1.3.1] using APR version [1.7.4].
13-Apr-2025 17:13:20.446 INFO [main] org.apache.catalina.core.AprLifecycleListener.lifecycleEvent APR capabilities: IPv6 [true], sendfile [true], accept filters [false], random [true], UDS [true].
13-Apr-2025 17:13:20.447 INFO [main] org.apache.catalina.core.AprLifecycleListener.lifecycleEvent APR/OpenSSL configuration: useAprConnector [false], useOpenSSL [true]
13-Apr-2025 17:13:20.457 INFO [main] org.apache.catalina.core.AprLifecycleListener.initializeSSL OpenSSL successfully initialized [OpenSSL 3.0.14 4 Jun 2024]
13-Apr-2025 17:13:20.928 INFO [main] org.apache.coyote.AbstractProtocol.init Initializing ProtocolHandler ["http-nio-8080"]
13-Apr-2025 17:13:20.963 INFO [main] org.apache.catalina.startup.Catalina.load Server initialization in [1611] milliseconds
13-Apr-2025 17:13:21.029 INFO [main] org.apache.catalina.core.StandardService.startInternal Starting service [Catalina]
13-Apr-2025 17:13:21.029 INFO [main] org.apache.catalina.core.StandardEngine.startInternal Starting Servlet engine: [Apache Tomcat/9.0.102]
13-Apr-2025 17:13:21.039 INFO [main] org.apache.catalina.startup.HostConfig.deployDescriptor Deploying deployment descriptor [C:\Users\OSHADHA\IdeaProjects\OOP-projectnew\conf\Catalina\localhost\OOP-projectnew.xml]
13-Apr-2025 17:13:21.791 INFO [main] org.apache.catalina.startup.HostConfig.deployDescriptor Deployment of deployment descriptor [C:\Users\OSHADHA\IdeaProjects\OOP-projectnew\conf\Catalina\localhost\OOP-projectnew.xml] has finished in [752] ms
13-Apr-2025 17:13:21.794 INFO [main] org.apache.coyote.AbstractProtocol.start Starting ProtocolHandler ["http-nio-8080"]
13-Apr-2025 17:13:21.816 INFO [main] org.apache.catalina.startup.Catalina.start Server startup in [851] milliseconds
13-Apr-2025 17:24:43.342 INFO [Thread-1] org.apache.coyote.AbstractProtocol.pause Pausing ProtocolHandler ["http-nio-8080"]
13-Apr-2025 17:24:43.356 INFO [Thread-1] org.apache.catalina.core.StandardService.stopInternal Stopping service [Catalina]
13-Apr-2025 17:24:43.378 INFO [Thread-1] org.apache.coyote.AbstractProtocol.stop Stopping ProtocolHandler ["http-nio-8080"]
13-Apr-2025 17:24:43.388 INFO [Thread-1] org.apache.coyote.AbstractProtocol.destroy Destroying ProtocolHandler ["http-nio-8080"]
13-Apr-2025 17:24:46.499 INFO [main] org.apache.catalina.startup.VersionLoggerListener.log Server version name:   Apache Tomcat/9.0.102
13-Apr-2025 17:24:46.504 INFO [main] org.apache.catalina.startup.VersionLoggerListener.log Server built:          Mar 3 2025 19:33:14 UTC
13-Apr-2025 17:24:46.504 INFO [main] org.apache.catalina.startup.VersionLoggerListener.log Server version number: 9.0.102.0
13-Apr-2025 17:24:46.504 INFO [main] org.apache.catalina.startup.VersionLoggerListener.log OS Name:               Windows 10
13-Apr-2025 17:24:46.505 INFO [main] org.apache.catalina.startup.VersionLoggerListener.log OS Version:            10.0
13-Apr-2025 17:24:46.505 INFO [main] org.apache.catalina.startup.VersionLoggerListener.log Architecture:          amd64
13-Apr-2025 17:24:46.505 INFO [main] org.apache.catalina.startup.VersionLoggerListener.log Java Home:             C:\Program Files\Java\jdk-22
13-Apr-2025 17:24:46.505 INFO [main] org.apache.catalina.startup.VersionLoggerListener.log JVM Version:           22.0.1+8-16
13-Apr-2025 17:24:46.505 INFO [main] org.apache.catalina.startup.VersionLoggerListener.log JVM Vendor:            Oracle Corporation
13-Apr-2025 17:24:46.505 INFO [main] org.apache.catalina.startup.VersionLoggerListener.log CATALINA_BASE:         C:\Users\OSHADHA\IdeaProjects\OOP-projectnew
13-Apr-2025 17:24:46.505 INFO [main] org.apache.catalina.startup.VersionLoggerListener.log CATALINA_HOME:         C:\Program Files\Apache Software Foundation\Tomcat 9.0
13-Apr-2025 17:24:46.519 INFO [main] org.apache.catalina.startup.VersionLoggerListener.log Command line argument: --add-opens=java.base/java.lang=ALL-UNNAMED
13-Apr-2025 17:24:46.519 INFO [main] org.apache.catalina.startup.VersionLoggerListener.log Command line argument: --add-opens=java.base/java.io=ALL-UNNAMED
13-Apr-2025 17:24:46.519 INFO [main] org.apache.catalina.startup.VersionLoggerListener.log Command line argument: --add-opens=java.base/java.util=ALL-UNNAMED
13-Apr-2025 17:24:46.519 INFO [main] org.apache.catalina.startup.VersionLoggerListener.log Command line argument: --add-opens=java.base/java.util.concurrent=ALL-UNNAMED
13-Apr-2025 17:24:46.520 INFO [main] org.apache.catalina.startup.VersionLoggerListener.log Command line argument: --add-opens=java.rmi/sun.rmi.transport=ALL-UNNAMED
13-Apr-2025 17:24:46.520 INFO [main] org.apache.catalina.startup.VersionLoggerListener.log Command line argument: -Dcatalina.home=C:\Program Files\Apache Software Foundation\Tomcat 9.0
13-Apr-2025 17:24:46.520 INFO [main] org.apache.catalina.startup.VersionLoggerListener.log Command line argument: -Dcatalina.base=C:\Users\OSHADHA\IdeaProjects\OOP-projectnew
13-Apr-2025 17:24:46.520 INFO [main] org.apache.catalina.startup.VersionLoggerListener.log Command line argument: -Djava.io.tmpdir=C:\Users\OSHADHA\IdeaProjects\OOP-projectnew\temp
13-Apr-2025 17:24:46.520 INFO [main] org.apache.catalina.startup.VersionLoggerListener.log Command line argument: -Djava.util.logging.config.file=C:\Users\OSHADHA\IdeaProjects\OOP-projectnew\conf\logging.properties
13-Apr-2025 17:24:46.520 INFO [main] org.apache.catalina.startup.VersionLoggerListener.log Command line argument: -Djava.util.logging.manager=org.apache.juli.ClassLoaderLogManager
13-Apr-2025 17:24:46.520 INFO [main] org.apache.catalina.startup.VersionLoggerListener.log Command line argument: -javaagent:C:\Program Files\JetBrains\IntelliJ IDEA 2024.3.5\lib\idea_rt.jar=52207
13-Apr-2025 17:24:46.520 INFO [main] org.apache.catalina.startup.VersionLoggerListener.log Command line argument: -Dfile.encoding=UTF-8
13-Apr-2025 17:24:46.521 INFO [main] org.apache.catalina.startup.VersionLoggerListener.log Command line argument: -Dsun.stdout.encoding=UTF-8
13-Apr-2025 17:24:46.521 INFO [main] org.apache.catalina.startup.VersionLoggerListener.log Command line argument: -Dsun.stderr.encoding=UTF-8
13-Apr-2025 17:24:46.531 INFO [main] org.apache.catalina.core.AprLifecycleListener.lifecycleEvent Loaded Apache Tomcat Native library [1.3.1] using APR version [1.7.4].
13-Apr-2025 17:24:46.531 INFO [main] org.apache.catalina.core.AprLifecycleListener.lifecycleEvent APR capabilities: IPv6 [true], sendfile [true], accept filters [false], random [true], UDS [true].
13-Apr-2025 17:24:46.532 INFO [main] org.apache.catalina.core.AprLifecycleListener.lifecycleEvent APR/OpenSSL configuration: useAprConnector [false], useOpenSSL [true]
13-Apr-2025 17:24:46.542 INFO [main] org.apache.catalina.core.AprLifecycleListener.initializeSSL OpenSSL successfully initialized [OpenSSL 3.0.14 4 Jun 2024]
13-Apr-2025 17:24:47.018 INFO [main] org.apache.coyote.AbstractProtocol.init Initializing ProtocolHandler ["http-nio-8080"]
13-Apr-2025 17:24:47.045 INFO [main] org.apache.catalina.startup.Catalina.load Server initialization in [967] milliseconds
13-Apr-2025 17:24:47.110 INFO [main] org.apache.catalina.core.StandardService.startInternal Starting service [Catalina]
13-Apr-2025 17:24:47.110 INFO [main] org.apache.catalina.core.StandardEngine.startInternal Starting Servlet engine: [Apache Tomcat/9.0.102]
13-Apr-2025 17:24:47.120 INFO [main] org.apache.catalina.startup.HostConfig.deployDescriptor Deploying deployment descriptor [C:\Users\OSHADHA\IdeaProjects\OOP-projectnew\conf\Catalina\localhost\OOP-projectnew.xml]
13-Apr-2025 17:24:47.788 INFO [main] org.apache.catalina.startup.HostConfig.deployDescriptor Deployment of deployment descriptor [C:\Users\OSHADHA\IdeaProjects\OOP-projectnew\conf\Catalina\localhost\OOP-projectnew.xml] has finished in [667] ms
13-Apr-2025 17:24:47.791 INFO [main] org.apache.coyote.AbstractProtocol.start Starting ProtocolHandler ["http-nio-8080"]
13-Apr-2025 17:24:47.809 INFO [main] org.apache.catalina.startup.Catalina.start Server startup in [762] milliseconds
13-Apr-2025 17:29:48.754 INFO [Thread-1] org.apache.coyote.AbstractProtocol.pause Pausing ProtocolHandler ["http-nio-8080"]
13-Apr-2025 17:29:48.764 INFO [Thread-1] org.apache.catalina.core.StandardService.stopInternal Stopping service [Catalina]
13-Apr-2025 17:29:48.775 INFO [Thread-1] org.apache.coyote.AbstractProtocol.stop Stopping ProtocolHandler ["http-nio-8080"]
13-Apr-2025 17:29:48.778 INFO [Thread-1] org.apache.coyote.AbstractProtocol.destroy Destroying ProtocolHandler ["http-nio-8080"]
13-Apr-2025 17:29:50.905 INFO [main] org.apache.catalina.startup.VersionLoggerListener.log Server version name:   Apache Tomcat/9.0.102
13-Apr-2025 17:29:50.914 INFO [main] org.apache.catalina.startup.VersionLoggerListener.log Server built:          Mar 3 2025 19:33:14 UTC
13-Apr-2025 17:29:50.914 INFO [main] org.apache.catalina.startup.VersionLoggerListener.log Server version number: 9.0.102.0
13-Apr-2025 17:29:50.915 INFO [main] org.apache.catalina.startup.VersionLoggerListener.log OS Name:               Windows 10
13-Apr-2025 17:29:50.916 INFO [main] org.apache.catalina.startup.VersionLoggerListener.log OS Version:            10.0
13-Apr-2025 17:29:50.916 INFO [main] org.apache.catalina.startup.VersionLoggerListener.log Architecture:          amd64
13-Apr-2025 17:29:50.916 INFO [main] org.apache.catalina.startup.VersionLoggerListener.log Java Home:             C:\Program Files\Java\jdk-22
13-Apr-2025 17:29:50.916 INFO [main] org.apache.catalina.startup.VersionLoggerListener.log JVM Version:           22.0.1+8-16
13-Apr-2025 17:29:50.917 INFO [main] org.apache.catalina.startup.VersionLoggerListener.log JVM Vendor:            Oracle Corporation
13-Apr-2025 17:29:50.917 INFO [main] org.apache.catalina.startup.VersionLoggerListener.log CATALINA_BASE:         C:\Users\OSHADHA\IdeaProjects\OOP-projectnew
13-Apr-2025 17:29:50.917 INFO [main] org.apache.catalina.startup.VersionLoggerListener.log CATALINA_HOME:         C:\Program Files\Apache Software Foundation\Tomcat 9.0
13-Apr-2025 17:29:50.946 INFO [main] org.apache.catalina.startup.VersionLoggerListener.log Command line argument: --add-opens=java.base/java.lang=ALL-UNNAMED
13-Apr-2025 17:29:50.946 INFO [main] org.apache.catalina.startup.VersionLoggerListener.log Command line argument: --add-opens=java.base/java.io=ALL-UNNAMED
13-Apr-2025 17:29:50.946 INFO [main] org.apache.catalina.startup.VersionLoggerListener.log Command line argument: --add-opens=java.base/java.util=ALL-UNNAMED
13-Apr-2025 17:29:50.946 INFO [main] org.apache.catalina.startup.VersionLoggerListener.log Command line argument: --add-opens=java.base/java.util.concurrent=ALL-UNNAMED
13-Apr-2025 17:29:50.946 INFO [main] org.apache.catalina.startup.VersionLoggerListener.log Command line argument: --add-opens=java.rmi/sun.rmi.transport=ALL-UNNAMED
13-Apr-2025 17:29:50.947 INFO [main] org.apache.catalina.startup.VersionLoggerListener.log Command line argument: -Dcatalina.home=C:\Program Files\Apache Software Foundation\Tomcat 9.0
13-Apr-2025 17:29:50.947 INFO [main] org.apache.catalina.startup.VersionLoggerListener.log Command line argument: -Dcatalina.base=C:\Users\OSHADHA\IdeaProjects\OOP-projectnew
13-Apr-2025 17:29:50.947 INFO [main] org.apache.catalina.startup.VersionLoggerListener.log Command line argument: -Djava.io.tmpdir=C:\Users\OSHADHA\IdeaProjects\OOP-projectnew\temp
13-Apr-2025 17:29:50.947 INFO [main] org.apache.catalina.startup.VersionLoggerListener.log Command line argument: -Djava.util.logging.config.file=C:\Users\OSHADHA\IdeaProjects\OOP-projectnew\conf\logging.properties
13-Apr-2025 17:29:50.947 INFO [main] org.apache.catalina.startup.VersionLoggerListener.log Command line argument: -Djava.util.logging.manager=org.apache.juli.ClassLoaderLogManager
13-Apr-2025 17:29:50.947 INFO [main] org.apache.catalina.startup.VersionLoggerListener.log Command line argument: -javaagent:C:\Program Files\JetBrains\IntelliJ IDEA 2024.3.5\lib\idea_rt.jar=52379
13-Apr-2025 17:29:50.947 INFO [main] org.apache.catalina.startup.VersionLoggerListener.log Command line argument: -Dfile.encoding=UTF-8
13-Apr-2025 17:29:50.947 INFO [main] org.apache.catalina.startup.VersionLoggerListener.log Command line argument: -Dsun.stdout.encoding=UTF-8
13-Apr-2025 17:29:50.947 INFO [main] org.apache.catalina.startup.VersionLoggerListener.log Command line argument: -Dsun.stderr.encoding=UTF-8
13-Apr-2025 17:29:50.953 INFO [main] org.apache.catalina.core.AprLifecycleListener.lifecycleEvent Loaded Apache Tomcat Native library [1.3.1] using APR version [1.7.4].
13-Apr-2025 17:29:50.955 INFO [main] org.apache.catalina.core.AprLifecycleListener.lifecycleEvent APR capabilities: IPv6 [true], sendfile [true], accept filters [false], random [true], UDS [true].
13-Apr-2025 17:29:50.955 INFO [main] org.apache.catalina.core.AprLifecycleListener.lifecycleEvent APR/OpenSSL configuration: useAprConnector [false], useOpenSSL [true]
13-Apr-2025 17:29:50.966 INFO [main] org.apache.catalina.core.AprLifecycleListener.initializeSSL OpenSSL successfully initialized [OpenSSL 3.0.14 4 Jun 2024]
13-Apr-2025 17:29:51.425 INFO [main] org.apache.coyote.AbstractProtocol.init Initializing ProtocolHandler ["http-nio-8080"]
13-Apr-2025 17:29:51.450 INFO [main] org.apache.catalina.startup.Catalina.load Server initialization in [1339] milliseconds
13-Apr-2025 17:29:51.506 INFO [main] org.apache.catalina.core.StandardService.startInternal Starting service [Catalina]
13-Apr-2025 17:29:51.506 INFO [main] org.apache.catalina.core.StandardEngine.startInternal Starting Servlet engine: [Apache Tomcat/9.0.102]
13-Apr-2025 17:29:51.515 INFO [main] org.apache.catalina.startup.HostConfig.deployDescriptor Deploying deployment descriptor [C:\Users\OSHADHA\IdeaProjects\OOP-projectnew\conf\Catalina\localhost\OOP-projectnew.xml]
13-Apr-2025 17:29:52.153 INFO [main] org.apache.catalina.startup.HostConfig.deployDescriptor Deployment of deployment descriptor [C:\Users\OSHADHA\IdeaProjects\OOP-projectnew\conf\Catalina\localhost\OOP-projectnew.xml] has finished in [638] ms
13-Apr-2025 17:29:52.156 INFO [main] org.apache.coyote.AbstractProtocol.start Starting ProtocolHandler ["http-nio-8080"]
13-Apr-2025 17:29:52.174 INFO [main] org.apache.catalina.startup.Catalina.start Server startup in [722] milliseconds
13-Apr-2025 17:32:54.746 INFO [Thread-1] org.apache.coyote.AbstractProtocol.pause Pausing ProtocolHandler ["http-nio-8080"]
13-Apr-2025 17:32:54.756 INFO [Thread-1] org.apache.catalina.core.StandardService.stopInternal Stopping service [Catalina]
13-Apr-2025 17:32:54.766 INFO [Thread-1] org.apache.coyote.AbstractProtocol.stop Stopping ProtocolHandler ["http-nio-8080"]
13-Apr-2025 17:32:54.770 INFO [Thread-1] org.apache.coyote.AbstractProtocol.destroy Destroying ProtocolHandler ["http-nio-8080"]
13-Apr-2025 17:32:57.358 INFO [main] org.apache.catalina.startup.VersionLoggerListener.log Server version name:   Apache Tomcat/9.0.102
13-Apr-2025 17:32:57.366 INFO [main] org.apache.catalina.startup.VersionLoggerListener.log Server built:          Mar 3 2025 19:33:14 UTC
13-Apr-2025 17:32:57.366 INFO [main] org.apache.catalina.startup.VersionLoggerListener.log Server version number: 9.0.102.0
13-Apr-2025 17:32:57.367 INFO [main] org.apache.catalina.startup.VersionLoggerListener.log OS Name:               Windows 10
13-Apr-2025 17:32:57.367 INFO [main] org.apache.catalina.startup.VersionLoggerListener.log OS Version:            10.0
13-Apr-2025 17:32:57.367 INFO [main] org.apache.catalina.startup.VersionLoggerListener.log Architecture:          amd64
13-Apr-2025 17:32:57.367 INFO [main] org.apache.catalina.startup.VersionLoggerListener.log Java Home:             C:\Program Files\Java\jdk-22
13-Apr-2025 17:32:57.367 INFO [main] org.apache.catalina.startup.VersionLoggerListener.log JVM Version:           22.0.1+8-16
13-Apr-2025 17:32:57.367 INFO [main] org.apache.catalina.startup.VersionLoggerListener.log JVM Vendor:            Oracle Corporation
13-Apr-2025 17:32:57.367 INFO [main] org.apache.catalina.startup.VersionLoggerListener.log CATALINA_BASE:         C:\Users\OSHADHA\IdeaProjects\OOP-projectnew
13-Apr-2025 17:32:57.367 INFO [main] org.apache.catalina.startup.VersionLoggerListener.log CATALINA_HOME:         C:\Program Files\Apache Software Foundation\Tomcat 9.0
13-Apr-2025 17:32:57.381 INFO [main] org.apache.catalina.startup.VersionLoggerListener.log Command line argument: --add-opens=java.base/java.lang=ALL-UNNAMED
13-Apr-2025 17:32:57.381 INFO [main] org.apache.catalina.startup.VersionLoggerListener.log Command line argument: --add-opens=java.base/java.io=ALL-UNNAMED
13-Apr-2025 17:32:57.381 INFO [main] org.apache.catalina.startup.VersionLoggerListener.log Command line argument: --add-opens=java.base/java.util=ALL-UNNAMED
13-Apr-2025 17:32:57.382 INFO [main] org.apache.catalina.startup.VersionLoggerListener.log Command line argument: --add-opens=java.base/java.util.concurrent=ALL-UNNAMED
13-Apr-2025 17:32:57.382 INFO [main] org.apache.catalina.startup.VersionLoggerListener.log Command line argument: --add-opens=java.rmi/sun.rmi.transport=ALL-UNNAMED
13-Apr-2025 17:32:57.382 INFO [main] org.apache.catalina.startup.VersionLoggerListener.log Command line argument: -Dcatalina.home=C:\Program Files\Apache Software Foundation\Tomcat 9.0
13-Apr-2025 17:32:57.382 INFO [main] org.apache.catalina.startup.VersionLoggerListener.log Command line argument: -Dcatalina.base=C:\Users\OSHADHA\IdeaProjects\OOP-projectnew
13-Apr-2025 17:32:57.382 INFO [main] org.apache.catalina.startup.VersionLoggerListener.log Command line argument: -Djava.io.tmpdir=C:\Users\OSHADHA\IdeaProjects\OOP-projectnew\temp
13-Apr-2025 17:32:57.382 INFO [main] org.apache.catalina.startup.VersionLoggerListener.log Command line argument: -Djava.util.logging.config.file=C:\Users\OSHADHA\IdeaProjects\OOP-projectnew\conf\logging.properties
13-Apr-2025 17:32:57.382 INFO [main] org.apache.catalina.startup.VersionLoggerListener.log Command line argument: -Djava.util.logging.manager=org.apache.juli.ClassLoaderLogManager
13-Apr-2025 17:32:57.383 INFO [main] org.apache.catalina.startup.VersionLoggerListener.log Command line argument: -javaagent:C:\Program Files\JetBrains\IntelliJ IDEA 2024.3.5\lib\idea_rt.jar=52533
13-Apr-2025 17:32:57.383 INFO [main] org.apache.catalina.startup.VersionLoggerListener.log Command line argument: -Dfile.encoding=UTF-8
13-Apr-2025 17:32:57.383 INFO [main] org.apache.catalina.startup.VersionLoggerListener.log Command line argument: -Dsun.stdout.encoding=UTF-8
13-Apr-2025 17:32:57.383 INFO [main] org.apache.catalina.startup.VersionLoggerListener.log Command line argument: -Dsun.stderr.encoding=UTF-8
13-Apr-2025 17:32:57.387 INFO [main] org.apache.catalina.core.AprLifecycleListener.lifecycleEvent Loaded Apache Tomcat Native library [1.3.1] using APR version [1.7.4].
13-Apr-2025 17:32:57.387 INFO [main] org.apache.catalina.core.AprLifecycleListener.lifecycleEvent APR capabilities: IPv6 [true], sendfile [true], accept filters [false], random [true], UDS [true].
13-Apr-2025 17:32:57.387 INFO [main] org.apache.catalina.core.AprLifecycleListener.lifecycleEvent APR/OpenSSL configuration: useAprConnector [false], useOpenSSL [true]
13-Apr-2025 17:32:57.397 INFO [main] org.apache.catalina.core.AprLifecycleListener.initializeSSL OpenSSL successfully initialized [OpenSSL 3.0.14 4 Jun 2024]
13-Apr-2025 17:32:57.853 INFO [main] org.apache.coyote.AbstractProtocol.init Initializing ProtocolHandler ["http-nio-8080"]
13-Apr-2025 17:32:57.883 INFO [main] org.apache.catalina.startup.Catalina.load Server initialization in [1129] milliseconds
13-Apr-2025 17:32:57.944 INFO [main] org.apache.catalina.core.StandardService.startInternal Starting service [Catalina]
13-Apr-2025 17:32:57.944 INFO [main] org.apache.catalina.core.StandardEngine.startInternal Starting Servlet engine: [Apache Tomcat/9.0.102]
13-Apr-2025 17:32:57.954 INFO [main] org.apache.catalina.startup.HostConfig.deployDescriptor Deploying deployment descriptor [C:\Users\OSHADHA\IdeaProjects\OOP-projectnew\conf\Catalina\localhost\OOP-projectnew.xml]
13-Apr-2025 17:32:58.632 INFO [main] org.apache.catalina.startup.HostConfig.deployDescriptor Deployment of deployment descriptor [C:\Users\OSHADHA\IdeaProjects\OOP-projectnew\conf\Catalina\localhost\OOP-projectnew.xml] has finished in [678] ms
13-Apr-2025 17:32:58.635 INFO [main] org.apache.coyote.AbstractProtocol.start Starting ProtocolHandler ["http-nio-8080"]
13-Apr-2025 17:32:58.654 INFO [main] org.apache.catalina.startup.Catalina.start Server startup in [769] milliseconds
13-Apr-2025 17:34:06.217 INFO [Thread-1] org.apache.coyote.AbstractProtocol.pause Pausing ProtocolHandler ["http-nio-8080"]
13-Apr-2025 17:34:06.228 INFO [Thread-1] org.apache.catalina.core.StandardService.stopInternal Stopping service [Catalina]
13-Apr-2025 17:34:06.238 INFO [Thread-1] org.apache.coyote.AbstractProtocol.stop Stopping ProtocolHandler ["http-nio-8080"]
13-Apr-2025 17:34:06.241 INFO [Thread-1] org.apache.coyote.AbstractProtocol.destroy Destroying ProtocolHandler ["http-nio-8080"]
13-Apr-2025 17:34:08.092 INFO [main] org.apache.catalina.startup.VersionLoggerListener.log Server version name:   Apache Tomcat/9.0.102
13-Apr-2025 17:34:08.103 INFO [main] org.apache.catalina.startup.VersionLoggerListener.log Server built:          Mar 3 2025 19:33:14 UTC
13-Apr-2025 17:34:08.103 INFO [main] org.apache.catalina.startup.VersionLoggerListener.log Server version number: 9.0.102.0
13-Apr-2025 17:34:08.103 INFO [main] org.apache.catalina.startup.VersionLoggerListener.log OS Name:               Windows 10
13-Apr-2025 17:34:08.103 INFO [main] org.apache.catalina.startup.VersionLoggerListener.log OS Version:            10.0
13-Apr-2025 17:34:08.103 INFO [main] org.apache.catalina.startup.VersionLoggerListener.log Architecture:          amd64
13-Apr-2025 17:34:08.104 INFO [main] org.apache.catalina.startup.VersionLoggerListener.log Java Home:             C:\Program Files\Java\jdk-22
13-Apr-2025 17:34:08.104 INFO [main] org.apache.catalina.startup.VersionLoggerListener.log JVM Version:           22.0.1+8-16
13-Apr-2025 17:34:08.104 INFO [main] org.apache.catalina.startup.VersionLoggerListener.log JVM Vendor:            Oracle Corporation
13-Apr-2025 17:34:08.104 INFO [main] org.apache.catalina.startup.VersionLoggerListener.log CATALINA_BASE:         C:\Users\OSHADHA\IdeaProjects\OOP-projectnew
13-Apr-2025 17:34:08.105 INFO [main] org.apache.catalina.startup.VersionLoggerListener.log CATALINA_HOME:         C:\Program Files\Apache Software Foundation\Tomcat 9.0
13-Apr-2025 17:34:08.131 INFO [main] org.apache.catalina.startup.VersionLoggerListener.log Command line argument: --add-opens=java.base/java.lang=ALL-UNNAMED
13-Apr-2025 17:34:08.131 INFO [main] org.apache.catalina.startup.VersionLoggerListener.log Command line argument: --add-opens=java.base/java.io=ALL-UNNAMED
13-Apr-2025 17:34:08.132 INFO [main] org.apache.catalina.startup.VersionLoggerListener.log Command line argument: --add-opens=java.base/java.util=ALL-UNNAMED
13-Apr-2025 17:34:08.132 INFO [main] org.apache.catalina.startup.VersionLoggerListener.log Command line argument: --add-opens=java.base/java.util.concurrent=ALL-UNNAMED
13-Apr-2025 17:34:08.132 INFO [main] org.apache.catalina.startup.VersionLoggerListener.log Command line argument: --add-opens=java.rmi/sun.rmi.transport=ALL-UNNAMED
13-Apr-2025 17:34:08.132 INFO [main] org.apache.catalina.startup.VersionLoggerListener.log Command line argument: -Dcatalina.home=C:\Program Files\Apache Software Foundation\Tomcat 9.0
13-Apr-2025 17:34:08.132 INFO [main] org.apache.catalina.startup.VersionLoggerListener.log Command line argument: -Dcatalina.base=C:\Users\OSHADHA\IdeaProjects\OOP-projectnew
13-Apr-2025 17:34:08.132 INFO [main] org.apache.catalina.startup.VersionLoggerListener.log Command line argument: -Djava.io.tmpdir=C:\Users\OSHADHA\IdeaProjects\OOP-projectnew\temp
13-Apr-2025 17:34:08.132 INFO [main] org.apache.catalina.startup.VersionLoggerListener.log Command line argument: -Djava.util.logging.config.file=C:\Users\OSHADHA\IdeaProjects\OOP-projectnew\conf\logging.properties
13-Apr-2025 17:34:08.137 INFO [main] org.apache.catalina.startup.VersionLoggerListener.log Command line argument: -Djava.util.logging.manager=org.apache.juli.ClassLoaderLogManager
13-Apr-2025 17:34:08.138 INFO [main] org.apache.catalina.startup.VersionLoggerListener.log Command line argument: -javaagent:C:\Program Files\JetBrains\IntelliJ IDEA 2024.3.5\lib\idea_rt.jar=52567
13-Apr-2025 17:34:08.138 INFO [main] org.apache.catalina.startup.VersionLoggerListener.log Command line argument: -Dfile.encoding=UTF-8
13-Apr-2025 17:34:08.138 INFO [main] org.apache.catalina.startup.VersionLoggerListener.log Command line argument: -Dsun.stdout.encoding=UTF-8
13-Apr-2025 17:34:08.138 INFO [main] org.apache.catalina.startup.VersionLoggerListener.log Command line argument: -Dsun.stderr.encoding=UTF-8
13-Apr-2025 17:34:08.147 INFO [main] org.apache.catalina.core.AprLifecycleListener.lifecycleEvent Loaded Apache Tomcat Native library [1.3.1] using APR version [1.7.4].
13-Apr-2025 17:34:08.147 INFO [main] org.apache.catalina.core.AprLifecycleListener.lifecycleEvent APR capabilities: IPv6 [true], sendfile [true], accept filters [false], random [true], UDS [true].
13-Apr-2025 17:34:08.147 INFO [main] org.apache.catalina.core.AprLifecycleListener.lifecycleEvent APR/OpenSSL configuration: useAprConnector [false], useOpenSSL [true]
13-Apr-2025 17:34:08.159 INFO [main] org.apache.catalina.core.AprLifecycleListener.initializeSSL OpenSSL successfully initialized [OpenSSL 3.0.14 4 Jun 2024]
13-Apr-2025 17:34:08.727 INFO [main] org.apache.coyote.AbstractProtocol.init Initializing ProtocolHandler ["http-nio-8080"]
13-Apr-2025 17:34:08.751 INFO [main] org.apache.catalina.startup.Catalina.load Server initialization in [1246] milliseconds
13-Apr-2025 17:34:08.821 INFO [main] org.apache.catalina.core.StandardService.startInternal Starting service [Catalina]
13-Apr-2025 17:34:08.822 INFO [main] org.apache.catalina.core.StandardEngine.startInternal Starting Servlet engine: [Apache Tomcat/9.0.102]
13-Apr-2025 17:34:08.833 INFO [main] org.apache.catalina.startup.HostConfig.deployDescriptor Deploying deployment descriptor [C:\Users\OSHADHA\IdeaProjects\OOP-projectnew\conf\Catalina\localhost\OOP-projectnew.xml]
13-Apr-2025 17:34:09.532 INFO [main] org.apache.catalina.startup.HostConfig.deployDescriptor Deployment of deployment descriptor [C:\Users\OSHADHA\IdeaProjects\OOP-projectnew\conf\Catalina\localhost\OOP-projectnew.xml] has finished in [698] ms
13-Apr-2025 17:34:09.535 INFO [main] org.apache.coyote.AbstractProtocol.start Starting ProtocolHandler ["http-nio-8080"]
13-Apr-2025 17:34:09.553 INFO [main] org.apache.catalina.startup.Catalina.start Server startup in [800] milliseconds
13-Apr-2025 17:44:52.799 INFO [Thread-1] org.apache.coyote.AbstractProtocol.pause Pausing ProtocolHandler ["http-nio-8080"]
13-Apr-2025 17:44:52.811 INFO [Thread-1] org.apache.catalina.core.StandardService.stopInternal Stopping service [Catalina]
13-Apr-2025 17:44:52.841 INFO [Thread-1] org.apache.coyote.AbstractProtocol.stop Stopping ProtocolHandler ["http-nio-8080"]
13-Apr-2025 17:44:52.847 INFO [Thread-1] org.apache.coyote.AbstractProtocol.destroy Destroying ProtocolHandler ["http-nio-8080"]
13-Apr-2025 18:05:16.307 INFO [main] org.apache.catalina.startup.VersionLoggerListener.log Server version name:   Apache Tomcat/9.0.102
13-Apr-2025 18:05:16.311 INFO [main] org.apache.catalina.startup.VersionLoggerListener.log Server built:          Mar 3 2025 19:33:14 UTC
13-Apr-2025 18:05:16.312 INFO [main] org.apache.catalina.startup.VersionLoggerListener.log Server version number: 9.0.102.0
13-Apr-2025 18:05:16.312 INFO [main] org.apache.catalina.startup.VersionLoggerListener.log OS Name:               Windows 10
13-Apr-2025 18:05:16.312 INFO [main] org.apache.catalina.startup.VersionLoggerListener.log OS Version:            10.0
13-Apr-2025 18:05:16.312 INFO [main] org.apache.catalina.startup.VersionLoggerListener.log Architecture:          amd64
13-Apr-2025 18:05:16.312 INFO [main] org.apache.catalina.startup.VersionLoggerListener.log Java Home:             C:\Program Files\Java\jdk-22
13-Apr-2025 18:05:16.312 INFO [main] org.apache.catalina.startup.VersionLoggerListener.log JVM Version:           22.0.1+8-16
13-Apr-2025 18:05:16.312 INFO [main] org.apache.catalina.startup.VersionLoggerListener.log JVM Vendor:            Oracle Corporation
13-Apr-2025 18:05:16.312 INFO [main] org.apache.catalina.startup.VersionLoggerListener.log CATALINA_BASE:         C:\Users\OSHADHA\IdeaProjects\OOP-projectnew
13-Apr-2025 18:05:16.312 INFO [main] org.apache.catalina.startup.VersionLoggerListener.log CATALINA_HOME:         C:\Program Files\Apache Software Foundation\Tomcat 9.0
13-Apr-2025 18:05:16.321 INFO [main] org.apache.catalina.startup.VersionLoggerListener.log Command line argument: --add-opens=java.base/java.lang=ALL-UNNAMED
13-Apr-2025 18:05:16.321 INFO [main] org.apache.catalina.startup.VersionLoggerListener.log Command line argument: --add-opens=java.base/java.io=ALL-UNNAMED
13-Apr-2025 18:05:16.321 INFO [main] org.apache.catalina.startup.VersionLoggerListener.log Command line argument: --add-opens=java.base/java.util=ALL-UNNAMED
13-Apr-2025 18:05:16.321 INFO [main] org.apache.catalina.startup.VersionLoggerListener.log Command line argument: --add-opens=java.base/java.util.concurrent=ALL-UNNAMED
13-Apr-2025 18:05:16.321 INFO [main] org.apache.catalina.startup.VersionLoggerListener.log Command line argument: --add-opens=java.rmi/sun.rmi.transport=ALL-UNNAMED
13-Apr-2025 18:05:16.321 INFO [main] org.apache.catalina.startup.VersionLoggerListener.log Command line argument: -Dcatalina.home=C:\Program Files\Apache Software Foundation\Tomcat 9.0
13-Apr-2025 18:05:16.321 INFO [main] org.apache.catalina.startup.VersionLoggerListener.log Command line argument: -Dcatalina.base=C:\Users\OSHADHA\IdeaProjects\OOP-projectnew
13-Apr-2025 18:05:16.321 INFO [main] org.apache.catalina.startup.VersionLoggerListener.log Command line argument: -Djava.io.tmpdir=C:\Users\OSHADHA\IdeaProjects\OOP-projectnew\temp
13-Apr-2025 18:05:16.321 INFO [main] org.apache.catalina.startup.VersionLoggerListener.log Command line argument: -Djava.util.logging.config.file=C:\Users\OSHADHA\IdeaProjects\OOP-projectnew\conf\logging.properties
13-Apr-2025 18:05:16.321 INFO [main] org.apache.catalina.startup.VersionLoggerListener.log Command line argument: -Djava.util.logging.manager=org.apache.juli.ClassLoaderLogManager
13-Apr-2025 18:05:16.321 INFO [main] org.apache.catalina.startup.VersionLoggerListener.log Command line argument: -javaagent:C:\Program Files\JetBrains\IntelliJ IDEA 2024.3.5\lib\idea_rt.jar=53218
13-Apr-2025 18:05:16.322 INFO [main] org.apache.catalina.startup.VersionLoggerListener.log Command line argument: -Dfile.encoding=UTF-8
13-Apr-2025 18:05:16.322 INFO [main] org.apache.catalina.startup.VersionLoggerListener.log Command line argument: -Dsun.stdout.encoding=UTF-8
13-Apr-2025 18:05:16.322 INFO [main] org.apache.catalina.startup.VersionLoggerListener.log Command line argument: -Dsun.stderr.encoding=UTF-8
13-Apr-2025 18:05:16.327 INFO [main] org.apache.catalina.core.AprLifecycleListener.lifecycleEvent Loaded Apache Tomcat Native library [1.3.1] using APR version [1.7.4].
13-Apr-2025 18:05:16.327 INFO [main] org.apache.catalina.core.AprLifecycleListener.lifecycleEvent APR capabilities: IPv6 [true], sendfile [true], accept filters [false], random [true], UDS [true].
13-Apr-2025 18:05:16.327 INFO [main] org.apache.catalina.core.AprLifecycleListener.lifecycleEvent APR/OpenSSL configuration: useAprConnector [false], useOpenSSL [true]
13-Apr-2025 18:05:16.343 INFO [main] org.apache.catalina.core.AprLifecycleListener.initializeSSL OpenSSL successfully initialized [OpenSSL 3.0.14 4 Jun 2024]
13-Apr-2025 18:05:16.810 INFO [main] org.apache.coyote.AbstractProtocol.init Initializing ProtocolHandler ["http-nio-8080"]
13-Apr-2025 18:05:16.834 INFO [main] org.apache.catalina.startup.Catalina.load Server initialization in [832] milliseconds
13-Apr-2025 18:05:16.893 INFO [main] org.apache.catalina.core.StandardService.startInternal Starting service [Catalina]
13-Apr-2025 18:05:16.893 INFO [main] org.apache.catalina.core.StandardEngine.startInternal Starting Servlet engine: [Apache Tomcat/9.0.102]
13-Apr-2025 18:05:16.903 INFO [main] org.apache.catalina.startup.HostConfig.deployDescriptor Deploying deployment descriptor [C:\Users\OSHADHA\IdeaProjects\OOP-projectnew\conf\Catalina\localhost\OOP-projectnew.xml]
13-Apr-2025 18:05:17.503 INFO [main] org.apache.catalina.startup.HostConfig.deployDescriptor Deployment of deployment descriptor [C:\Users\OSHADHA\IdeaProjects\OOP-projectnew\conf\Catalina\localhost\OOP-projectnew.xml] has finished in [599] ms
13-Apr-2025 18:05:17.505 INFO [main] org.apache.coyote.AbstractProtocol.start Starting ProtocolHandler ["http-nio-8080"]
13-Apr-2025 18:05:17.526 INFO [main] org.apache.catalina.startup.Catalina.start Server startup in [691] milliseconds
13-Apr-2025 18:12:29.925 INFO [Thread-1] org.apache.coyote.AbstractProtocol.pause Pausing ProtocolHandler ["http-nio-8080"]
13-Apr-2025 18:12:29.936 INFO [Thread-1] org.apache.catalina.core.StandardService.stopInternal Stopping service [Catalina]
13-Apr-2025 18:12:29.948 INFO [Thread-1] org.apache.coyote.AbstractProtocol.stop Stopping ProtocolHandler ["http-nio-8080"]
13-Apr-2025 18:12:29.974 INFO [Thread-1] org.apache.coyote.AbstractProtocol.destroy Destroying ProtocolHandler ["http-nio-8080"]
13-Apr-2025 18:12:31.960 INFO [main] org.apache.catalina.startup.VersionLoggerListener.log Server version name:   Apache Tomcat/9.0.102
13-Apr-2025 18:12:31.972 INFO [main] org.apache.catalina.startup.VersionLoggerListener.log Server built:          Mar 3 2025 19:33:14 UTC
13-Apr-2025 18:12:31.973 INFO [main] org.apache.catalina.startup.VersionLoggerListener.log Server version number: 9.0.102.0
13-Apr-2025 18:12:31.973 INFO [main] org.apache.catalina.startup.VersionLoggerListener.log OS Name:               Windows 10
13-Apr-2025 18:12:31.973 INFO [main] org.apache.catalina.startup.VersionLoggerListener.log OS Version:            10.0
13-Apr-2025 18:12:31.973 INFO [main] org.apache.catalina.startup.VersionLoggerListener.log Architecture:          amd64
13-Apr-2025 18:12:31.973 INFO [main] org.apache.catalina.startup.VersionLoggerListener.log Java Home:             C:\Program Files\Java\jdk-22
13-Apr-2025 18:12:31.973 INFO [main] org.apache.catalina.startup.VersionLoggerListener.log JVM Version:           22.0.1+8-16
13-Apr-2025 18:12:31.974 INFO [main] org.apache.catalina.startup.VersionLoggerListener.log JVM Vendor:            Oracle Corporation
13-Apr-2025 18:12:31.974 INFO [main] org.apache.catalina.startup.VersionLoggerListener.log CATALINA_BASE:         C:\Users\OSHADHA\IdeaProjects\OOP-projectnew
13-Apr-2025 18:12:31.974 INFO [main] org.apache.catalina.startup.VersionLoggerListener.log CATALINA_HOME:         C:\Program Files\Apache Software Foundation\Tomcat 9.0
13-Apr-2025 18:12:32.005 INFO [main] org.apache.catalina.startup.VersionLoggerListener.log Command line argument: --add-opens=java.base/java.lang=ALL-UNNAMED
13-Apr-2025 18:12:32.006 INFO [main] org.apache.catalina.startup.VersionLoggerListener.log Command line argument: --add-opens=java.base/java.io=ALL-UNNAMED
13-Apr-2025 18:12:32.009 INFO [main] org.apache.catalina.startup.VersionLoggerListener.log Command line argument: --add-opens=java.base/java.util=ALL-UNNAMED
13-Apr-2025 18:12:32.009 INFO [main] org.apache.catalina.startup.VersionLoggerListener.log Command line argument: --add-opens=java.base/java.util.concurrent=ALL-UNNAMED
13-Apr-2025 18:12:32.009 INFO [main] org.apache.catalina.startup.VersionLoggerListener.log Command line argument: --add-opens=java.rmi/sun.rmi.transport=ALL-UNNAMED
13-Apr-2025 18:12:32.009 INFO [main] org.apache.catalina.startup.VersionLoggerListener.log Command line argument: -Dcatalina.home=C:\Program Files\Apache Software Foundation\Tomcat 9.0
13-Apr-2025 18:12:32.010 INFO [main] org.apache.catalina.startup.VersionLoggerListener.log Command line argument: -Dcatalina.base=C:\Users\OSHADHA\IdeaProjects\OOP-projectnew
13-Apr-2025 18:12:32.010 INFO [main] org.apache.catalina.startup.VersionLoggerListener.log Command line argument: -Djava.io.tmpdir=C:\Users\OSHADHA\IdeaProjects\OOP-projectnew\temp
13-Apr-2025 18:12:32.011 INFO [main] org.apache.catalina.startup.VersionLoggerListener.log Command line argument: -Djava.util.logging.config.file=C:\Users\OSHADHA\IdeaProjects\OOP-projectnew\conf\logging.properties
13-Apr-2025 18:12:32.011 INFO [main] org.apache.catalina.startup.VersionLoggerListener.log Command line argument: -Djava.util.logging.manager=org.apache.juli.ClassLoaderLogManager
13-Apr-2025 18:12:32.011 INFO [main] org.apache.catalina.startup.VersionLoggerListener.log Command line argument: -javaagent:C:\Program Files\JetBrains\IntelliJ IDEA 2024.3.5\lib\idea_rt.jar=53372
13-Apr-2025 18:12:32.011 INFO [main] org.apache.catalina.startup.VersionLoggerListener.log Command line argument: -Dfile.encoding=UTF-8
13-Apr-2025 18:12:32.011 INFO [main] org.apache.catalina.startup.VersionLoggerListener.log Command line argument: -Dsun.stdout.encoding=UTF-8
13-Apr-2025 18:12:32.012 INFO [main] org.apache.catalina.startup.VersionLoggerListener.log Command line argument: -Dsun.stderr.encoding=UTF-8
13-Apr-2025 18:12:32.020 INFO [main] org.apache.catalina.core.AprLifecycleListener.lifecycleEvent Loaded Apache Tomcat Native library [1.3.1] using APR version [1.7.4].
13-Apr-2025 18:12:32.020 INFO [main] org.apache.catalina.core.AprLifecycleListener.lifecycleEvent APR capabilities: IPv6 [true], sendfile [true], accept filters [false], random [true], UDS [true].
13-Apr-2025 18:12:32.020 INFO [main] org.apache.catalina.core.AprLifecycleListener.lifecycleEvent APR/OpenSSL configuration: useAprConnector [false], useOpenSSL [true]
13-Apr-2025 18:12:32.036 INFO [main] org.apache.catalina.core.AprLifecycleListener.initializeSSL OpenSSL successfully initialized [OpenSSL 3.0.14 4 Jun 2024]
13-Apr-2025 18:12:32.514 INFO [main] org.apache.coyote.AbstractProtocol.init Initializing ProtocolHandler ["http-nio-8080"]
13-Apr-2025 18:12:32.538 INFO [main] org.apache.catalina.startup.Catalina.load Server initialization in [1272] milliseconds
13-Apr-2025 18:12:32.593 INFO [main] org.apache.catalina.core.StandardService.startInternal Starting service [Catalina]
13-Apr-2025 18:12:32.593 INFO [main] org.apache.catalina.core.StandardEngine.startInternal Starting Servlet engine: [Apache Tomcat/9.0.102]
13-Apr-2025 18:12:32.601 INFO [main] org.apache.catalina.startup.HostConfig.deployDescriptor Deploying deployment descriptor [C:\Users\OSHADHA\IdeaProjects\OOP-projectnew\conf\Catalina\localhost\OOP-projectnew.xml]
13-Apr-2025 18:12:33.284 INFO [main] org.apache.catalina.startup.HostConfig.deployDescriptor Deployment of deployment descriptor [C:\Users\OSHADHA\IdeaProjects\OOP-projectnew\conf\Catalina\localhost\OOP-projectnew.xml] has finished in [683] ms
13-Apr-2025 18:12:33.287 INFO [main] org.apache.coyote.AbstractProtocol.start Starting ProtocolHandler ["http-nio-8080"]
13-Apr-2025 18:12:33.307 INFO [main] org.apache.catalina.startup.Catalina.start Server startup in [767] milliseconds
13-Apr-2025 18:13:41.939 INFO [Thread-1] org.apache.coyote.AbstractProtocol.pause Pausing ProtocolHandler ["http-nio-8080"]
13-Apr-2025 18:13:41.949 INFO [Thread-1] org.apache.catalina.core.StandardService.stopInternal Stopping service [Catalina]
13-Apr-2025 18:13:41.959 INFO [Thread-1] org.apache.coyote.AbstractProtocol.stop Stopping ProtocolHandler ["http-nio-8080"]
13-Apr-2025 18:13:41.962 INFO [Thread-1] org.apache.coyote.AbstractProtocol.destroy Destroying ProtocolHandler ["http-nio-8080"]
13-Apr-2025 18:13:44.225 INFO [main] org.apache.catalina.startup.VersionLoggerListener.log Server version name:   Apache Tomcat/9.0.102
13-Apr-2025 18:13:44.232 INFO [main] org.apache.catalina.startup.VersionLoggerListener.log Server built:          Mar 3 2025 19:33:14 UTC
13-Apr-2025 18:13:44.232 INFO [main] org.apache.catalina.startup.VersionLoggerListener.log Server version number: 9.0.102.0
13-Apr-2025 18:13:44.233 INFO [main] org.apache.catalina.startup.VersionLoggerListener.log OS Name:               Windows 10
13-Apr-2025 18:13:44.233 INFO [main] org.apache.catalina.startup.VersionLoggerListener.log OS Version:            10.0
13-Apr-2025 18:13:44.233 INFO [main] org.apache.catalina.startup.VersionLoggerListener.log Architecture:          amd64
13-Apr-2025 18:13:44.233 INFO [main] org.apache.catalina.startup.VersionLoggerListener.log Java Home:             C:\Program Files\Java\jdk-22
13-Apr-2025 18:13:44.233 INFO [main] org.apache.catalina.startup.VersionLoggerListener.log JVM Version:           22.0.1+8-16
13-Apr-2025 18:13:44.233 INFO [main] org.apache.catalina.startup.VersionLoggerListener.log JVM Vendor:            Oracle Corporation
13-Apr-2025 18:13:44.233 INFO [main] org.apache.catalina.startup.VersionLoggerListener.log CATALINA_BASE:         C:\Users\OSHADHA\IdeaProjects\OOP-projectnew
13-Apr-2025 18:13:44.233 INFO [main] org.apache.catalina.startup.VersionLoggerListener.log CATALINA_HOME:         C:\Program Files\Apache Software Foundation\Tomcat 9.0
13-Apr-2025 18:13:44.250 INFO [main] org.apache.catalina.startup.VersionLoggerListener.log Command line argument: --add-opens=java.base/java.lang=ALL-UNNAMED
13-Apr-2025 18:13:44.251 INFO [main] org.apache.catalina.startup.VersionLoggerListener.log Command line argument: --add-opens=java.base/java.io=ALL-UNNAMED
13-Apr-2025 18:13:44.251 INFO [main] org.apache.catalina.startup.VersionLoggerListener.log Command line argument: --add-opens=java.base/java.util=ALL-UNNAMED
13-Apr-2025 18:13:44.251 INFO [main] org.apache.catalina.startup.VersionLoggerListener.log Command line argument: --add-opens=java.base/java.util.concurrent=ALL-UNNAMED
13-Apr-2025 18:13:44.251 INFO [main] org.apache.catalina.startup.VersionLoggerListener.log Command line argument: --add-opens=java.rmi/sun.rmi.transport=ALL-UNNAMED
13-Apr-2025 18:13:44.251 INFO [main] org.apache.catalina.startup.VersionLoggerListener.log Command line argument: -Dcatalina.home=C:\Program Files\Apache Software Foundation\Tomcat 9.0
13-Apr-2025 18:13:44.251 INFO [main] org.apache.catalina.startup.VersionLoggerListener.log Command line argument: -Dcatalina.base=C:\Users\OSHADHA\IdeaProjects\OOP-projectnew
13-Apr-2025 18:13:44.251 INFO [main] org.apache.catalina.startup.VersionLoggerListener.log Command line argument: -Djava.io.tmpdir=C:\Users\OSHADHA\IdeaProjects\OOP-projectnew\temp
13-Apr-2025 18:13:44.252 INFO [main] org.apache.catalina.startup.VersionLoggerListener.log Command line argument: -Djava.util.logging.config.file=C:\Users\OSHADHA\IdeaProjects\OOP-projectnew\conf\logging.properties
13-Apr-2025 18:13:44.252 INFO [main] org.apache.catalina.startup.VersionLoggerListener.log Command line argument: -Djava.util.logging.manager=org.apache.juli.ClassLoaderLogManager
13-Apr-2025 18:13:44.252 INFO [main] org.apache.catalina.startup.VersionLoggerListener.log Command line argument: -javaagent:C:\Program Files\JetBrains\IntelliJ IDEA 2024.3.5\lib\idea_rt.jar=53426
13-Apr-2025 18:13:44.253 INFO [main] org.apache.catalina.startup.VersionLoggerListener.log Command line argument: -Dfile.encoding=UTF-8
13-Apr-2025 18:13:44.253 INFO [main] org.apache.catalina.startup.VersionLoggerListener.log Command line argument: -Dsun.stdout.encoding=UTF-8
13-Apr-2025 18:13:44.253 INFO [main] org.apache.catalina.startup.VersionLoggerListener.log Command line argument: -Dsun.stderr.encoding=UTF-8
13-Apr-2025 18:13:44.259 INFO [main] org.apache.catalina.core.AprLifecycleListener.lifecycleEvent Loaded Apache Tomcat Native library [1.3.1] using APR version [1.7.4].
13-Apr-2025 18:13:44.259 INFO [main] org.apache.catalina.core.AprLifecycleListener.lifecycleEvent APR capabilities: IPv6 [true], sendfile [true], accept filters [false], random [true], UDS [true].
13-Apr-2025 18:13:44.259 INFO [main] org.apache.catalina.core.AprLifecycleListener.lifecycleEvent APR/OpenSSL configuration: useAprConnector [false], useOpenSSL [true]
13-Apr-2025 18:13:44.269 INFO [main] org.apache.catalina.core.AprLifecycleListener.initializeSSL OpenSSL successfully initialized [OpenSSL 3.0.14 4 Jun 2024]
13-Apr-2025 18:13:44.796 INFO [main] org.apache.coyote.AbstractProtocol.init Initializing ProtocolHandler ["http-nio-8080"]
13-Apr-2025 18:13:44.821 INFO [main] org.apache.catalina.startup.Catalina.load Server initialization in [1082] milliseconds
13-Apr-2025 18:13:44.884 INFO [main] org.apache.catalina.core.StandardService.startInternal Starting service [Catalina]
13-Apr-2025 18:13:44.884 INFO [main] org.apache.catalina.core.StandardEngine.startInternal Starting Servlet engine: [Apache Tomcat/9.0.102]
13-Apr-2025 18:13:44.896 INFO [main] org.apache.catalina.startup.HostConfig.deployDescriptor Deploying deployment descriptor [C:\Users\OSHADHA\IdeaProjects\OOP-projectnew\conf\Catalina\localhost\OOP-projectnew.xml]
13-Apr-2025 18:13:45.618 INFO [main] org.apache.catalina.startup.HostConfig.deployDescriptor Deployment of deployment descriptor [C:\Users\OSHADHA\IdeaProjects\OOP-projectnew\conf\Catalina\localhost\OOP-projectnew.xml] has finished in [722] ms
13-Apr-2025 18:13:45.621 INFO [main] org.apache.coyote.AbstractProtocol.start Starting ProtocolHandler ["http-nio-8080"]
13-Apr-2025 18:13:45.641 INFO [main] org.apache.catalina.startup.Catalina.start Server startup in [819] milliseconds
13-Apr-2025 18:14:15.952 INFO [Thread-1] org.apache.coyote.AbstractProtocol.pause Pausing ProtocolHandler ["http-nio-8080"]
13-Apr-2025 18:14:15.964 INFO [Thread-1] org.apache.catalina.core.StandardService.stopInternal Stopping service [Catalina]
13-Apr-2025 18:14:15.975 INFO [Thread-1] org.apache.coyote.AbstractProtocol.stop Stopping ProtocolHandler ["http-nio-8080"]
13-Apr-2025 18:14:16.003 INFO [Thread-1] org.apache.coyote.AbstractProtocol.destroy Destroying ProtocolHandler ["http-nio-8080"]
13-Apr-2025 18:15:13.442 INFO [main] org.apache.catalina.startup.VersionLoggerListener.log Server version name:   Apache Tomcat/9.0.102
13-Apr-2025 18:15:13.447 INFO [main] org.apache.catalina.startup.VersionLoggerListener.log Server built:          Mar 3 2025 19:33:14 UTC
13-Apr-2025 18:15:13.447 INFO [main] org.apache.catalina.startup.VersionLoggerListener.log Server version number: 9.0.102.0
13-Apr-2025 18:15:13.447 INFO [main] org.apache.catalina.startup.VersionLoggerListener.log OS Name:               Windows 10
13-Apr-2025 18:15:13.447 INFO [main] org.apache.catalina.startup.VersionLoggerListener.log OS Version:            10.0
13-Apr-2025 18:15:13.448 INFO [main] org.apache.catalina.startup.VersionLoggerListener.log Architecture:          amd64
13-Apr-2025 18:15:13.448 INFO [main] org.apache.catalina.startup.VersionLoggerListener.log Java Home:             C:\Program Files\Java\jdk-22
13-Apr-2025 18:15:13.448 INFO [main] org.apache.catalina.startup.VersionLoggerListener.log JVM Version:           22.0.1+8-16
13-Apr-2025 18:15:13.448 INFO [main] org.apache.catalina.startup.VersionLoggerListener.log JVM Vendor:            Oracle Corporation
13-Apr-2025 18:15:13.448 INFO [main] org.apache.catalina.startup.VersionLoggerListener.log CATALINA_BASE:         C:\Users\OSHADHA\IdeaProjects\OOP-projectnew
13-Apr-2025 18:15:13.448 INFO [main] org.apache.catalina.startup.VersionLoggerListener.log CATALINA_HOME:         C:\Program Files\Apache Software Foundation\Tomcat 9.0
13-Apr-2025 18:15:13.459 INFO [main] org.apache.catalina.startup.VersionLoggerListener.log Command line argument: --add-opens=java.base/java.lang=ALL-UNNAMED
13-Apr-2025 18:15:13.459 INFO [main] org.apache.catalina.startup.VersionLoggerListener.log Command line argument: --add-opens=java.base/java.io=ALL-UNNAMED
13-Apr-2025 18:15:13.460 INFO [main] org.apache.catalina.startup.VersionLoggerListener.log Command line argument: --add-opens=java.base/java.util=ALL-UNNAMED
13-Apr-2025 18:15:13.460 INFO [main] org.apache.catalina.startup.VersionLoggerListener.log Command line argument: --add-opens=java.base/java.util.concurrent=ALL-UNNAMED
13-Apr-2025 18:15:13.460 INFO [main] org.apache.catalina.startup.VersionLoggerListener.log Command line argument: --add-opens=java.rmi/sun.rmi.transport=ALL-UNNAMED
13-Apr-2025 18:15:13.460 INFO [main] org.apache.catalina.startup.VersionLoggerListener.log Command line argument: -Dcatalina.home=C:\Program Files\Apache Software Foundation\Tomcat 9.0
13-Apr-2025 18:15:13.460 INFO [main] org.apache.catalina.startup.VersionLoggerListener.log Command line argument: -Dcatalina.base=C:\Users\OSHADHA\IdeaProjects\OOP-projectnew
13-Apr-2025 18:15:13.460 INFO [main] org.apache.catalina.startup.VersionLoggerListener.log Command line argument: -Djava.io.tmpdir=C:\Users\OSHADHA\IdeaProjects\OOP-projectnew\temp
13-Apr-2025 18:15:13.460 INFO [main] org.apache.catalina.startup.VersionLoggerListener.log Command line argument: -Djava.util.logging.config.file=C:\Users\OSHADHA\IdeaProjects\OOP-projectnew\conf\logging.properties
13-Apr-2025 18:15:13.460 INFO [main] org.apache.catalina.startup.VersionLoggerListener.log Command line argument: -Djava.util.logging.manager=org.apache.juli.ClassLoaderLogManager
13-Apr-2025 18:15:13.460 INFO [main] org.apache.catalina.startup.VersionLoggerListener.log Command line argument: -javaagent:C:\Program Files\JetBrains\IntelliJ IDEA 2024.3.5\lib\idea_rt.jar=53443
13-Apr-2025 18:15:13.461 INFO [main] org.apache.catalina.startup.VersionLoggerListener.log Command line argument: -Dfile.encoding=UTF-8
13-Apr-2025 18:15:13.461 INFO [main] org.apache.catalina.startup.VersionLoggerListener.log Command line argument: -Dsun.stdout.encoding=UTF-8
13-Apr-2025 18:15:13.461 INFO [main] org.apache.catalina.startup.VersionLoggerListener.log Command line argument: -Dsun.stderr.encoding=UTF-8
13-Apr-2025 18:15:13.465 INFO [main] org.apache.catalina.core.AprLifecycleListener.lifecycleEvent Loaded Apache Tomcat Native library [1.3.1] using APR version [1.7.4].
13-Apr-2025 18:15:13.465 INFO [main] org.apache.catalina.core.AprLifecycleListener.lifecycleEvent APR capabilities: IPv6 [true], sendfile [true], accept filters [false], random [true], UDS [true].
13-Apr-2025 18:15:13.466 INFO [main] org.apache.catalina.core.AprLifecycleListener.lifecycleEvent APR/OpenSSL configuration: useAprConnector [false], useOpenSSL [true]
13-Apr-2025 18:15:13.475 INFO [main] org.apache.catalina.core.AprLifecycleListener.initializeSSL OpenSSL successfully initialized [OpenSSL 3.0.14 4 Jun 2024]
13-Apr-2025 18:15:13.914 INFO [main] org.apache.coyote.AbstractProtocol.init Initializing ProtocolHandler ["http-nio-8080"]
13-Apr-2025 18:15:13.936 INFO [main] org.apache.catalina.startup.Catalina.load Server initialization in [725] milliseconds
13-Apr-2025 18:15:13.993 INFO [main] org.apache.catalina.core.StandardService.startInternal Starting service [Catalina]
13-Apr-2025 18:15:13.993 INFO [main] org.apache.catalina.core.StandardEngine.startInternal Starting Servlet engine: [Apache Tomcat/9.0.102]
13-Apr-2025 18:15:14.003 INFO [main] org.apache.catalina.startup.HostConfig.deployDescriptor Deploying deployment descriptor [C:\Users\OSHADHA\IdeaProjects\OOP-projectnew\conf\Catalina\localhost\OOP-projectnew.xml]
13-Apr-2025 18:15:14.572 INFO [main] org.apache.catalina.startup.HostConfig.deployDescriptor Deployment of deployment descriptor [C:\Users\OSHADHA\IdeaProjects\OOP-projectnew\conf\Catalina\localhost\OOP-projectnew.xml] has finished in [570] ms
13-Apr-2025 18:15:14.575 INFO [main] org.apache.coyote.AbstractProtocol.start Starting ProtocolHandler ["http-nio-8080"]
13-Apr-2025 18:15:14.594 INFO [main] org.apache.catalina.startup.Catalina.start Server startup in [656] milliseconds
13-Apr-2025 18:16:13.510 INFO [Thread-1] org.apache.coyote.AbstractProtocol.pause Pausing ProtocolHandler ["http-nio-8080"]
13-Apr-2025 18:16:13.521 INFO [Thread-1] org.apache.catalina.core.StandardService.stopInternal Stopping service [Catalina]
13-Apr-2025 18:16:13.530 INFO [Thread-1] org.apache.coyote.AbstractProtocol.stop Stopping ProtocolHandler ["http-nio-8080"]
13-Apr-2025 18:16:13.534 INFO [Thread-1] org.apache.coyote.AbstractProtocol.destroy Destroying ProtocolHandler ["http-nio-8080"]
13-Apr-2025 18:16:15.766 INFO [main] org.apache.catalina.startup.VersionLoggerListener.log Server version name:   Apache Tomcat/9.0.102
13-Apr-2025 18:16:15.779 INFO [main] org.apache.catalina.startup.VersionLoggerListener.log Server built:          Mar 3 2025 19:33:14 UTC
13-Apr-2025 18:16:15.779 INFO [main] org.apache.catalina.startup.VersionLoggerListener.log Server version number: 9.0.102.0
13-Apr-2025 18:16:15.780 INFO [main] org.apache.catalina.startup.VersionLoggerListener.log OS Name:               Windows 10
13-Apr-2025 18:16:15.781 INFO [main] org.apache.catalina.startup.VersionLoggerListener.log OS Version:            10.0
13-Apr-2025 18:16:15.781 INFO [main] org.apache.catalina.startup.VersionLoggerListener.log Architecture:          amd64
13-Apr-2025 18:16:15.781 INFO [main] org.apache.catalina.startup.VersionLoggerListener.log Java Home:             C:\Program Files\Java\jdk-22
13-Apr-2025 18:16:15.782 INFO [main] org.apache.catalina.startup.VersionLoggerListener.log JVM Version:           22.0.1+8-16
13-Apr-2025 18:16:15.782 INFO [main] org.apache.catalina.startup.VersionLoggerListener.log JVM Vendor:            Oracle Corporation
13-Apr-2025 18:16:15.782 INFO [main] org.apache.catalina.startup.VersionLoggerListener.log CATALINA_BASE:         C:\Users\OSHADHA\IdeaProjects\OOP-projectnew
13-Apr-2025 18:16:15.783 INFO [main] org.apache.catalina.startup.VersionLoggerListener.log CATALINA_HOME:         C:\Program Files\Apache Software Foundation\Tomcat 9.0
13-Apr-2025 18:16:15.795 INFO [main] org.apache.catalina.startup.VersionLoggerListener.log Command line argument: --add-opens=java.base/java.lang=ALL-UNNAMED
13-Apr-2025 18:16:15.795 INFO [main] org.apache.catalina.startup.VersionLoggerListener.log Command line argument: --add-opens=java.base/java.io=ALL-UNNAMED
13-Apr-2025 18:16:15.795 INFO [main] org.apache.catalina.startup.VersionLoggerListener.log Command line argument: --add-opens=java.base/java.util=ALL-UNNAMED
13-Apr-2025 18:16:15.795 INFO [main] org.apache.catalina.startup.VersionLoggerListener.log Command line argument: --add-opens=java.base/java.util.concurrent=ALL-UNNAMED
13-Apr-2025 18:16:15.796 INFO [main] org.apache.catalina.startup.VersionLoggerListener.log Command line argument: --add-opens=java.rmi/sun.rmi.transport=ALL-UNNAMED
13-Apr-2025 18:16:15.796 INFO [main] org.apache.catalina.startup.VersionLoggerListener.log Command line argument: -Dcatalina.home=C:\Program Files\Apache Software Foundation\Tomcat 9.0
13-Apr-2025 18:16:15.796 INFO [main] org.apache.catalina.startup.VersionLoggerListener.log Command line argument: -Dcatalina.base=C:\Users\OSHADHA\IdeaProjects\OOP-projectnew
13-Apr-2025 18:16:15.796 INFO [main] org.apache.catalina.startup.VersionLoggerListener.log Command line argument: -Djava.io.tmpdir=C:\Users\OSHADHA\IdeaProjects\OOP-projectnew\temp
13-Apr-2025 18:16:15.796 INFO [main] org.apache.catalina.startup.VersionLoggerListener.log Command line argument: -Djava.util.logging.config.file=C:\Users\OSHADHA\IdeaProjects\OOP-projectnew\conf\logging.properties
13-Apr-2025 18:16:15.796 INFO [main] org.apache.catalina.startup.VersionLoggerListener.log Command line argument: -Djava.util.logging.manager=org.apache.juli.ClassLoaderLogManager
13-Apr-2025 18:16:15.796 INFO [main] org.apache.catalina.startup.VersionLoggerListener.log Command line argument: -javaagent:C:\Program Files\JetBrains\IntelliJ IDEA 2024.3.5\lib\idea_rt.jar=53455
13-Apr-2025 18:16:15.799 INFO [main] org.apache.catalina.startup.VersionLoggerListener.log Command line argument: -Dfile.encoding=UTF-8
13-Apr-2025 18:16:15.799 INFO [main] org.apache.catalina.startup.VersionLoggerListener.log Command line argument: -Dsun.stdout.encoding=UTF-8
13-Apr-2025 18:16:15.799 INFO [main] org.apache.catalina.startup.VersionLoggerListener.log Command line argument: -Dsun.stderr.encoding=UTF-8
13-Apr-2025 18:16:15.807 INFO [main] org.apache.catalina.core.AprLifecycleListener.lifecycleEvent Loaded Apache Tomcat Native library [1.3.1] using APR version [1.7.4].
13-Apr-2025 18:16:15.807 INFO [main] org.apache.catalina.core.AprLifecycleListener.lifecycleEvent APR capabilities: IPv6 [true], sendfile [true], accept filters [false], random [true], UDS [true].
13-Apr-2025 18:16:15.807 INFO [main] org.apache.catalina.core.AprLifecycleListener.lifecycleEvent APR/OpenSSL configuration: useAprConnector [false], useOpenSSL [true]
13-Apr-2025 18:16:15.818 INFO [main] org.apache.catalina.core.AprLifecycleListener.initializeSSL OpenSSL successfully initialized [OpenSSL 3.0.14 4 Jun 2024]
13-Apr-2025 18:16:16.403 INFO [main] org.apache.coyote.AbstractProtocol.init Initializing ProtocolHandler ["http-nio-8080"]
13-Apr-2025 18:16:16.433 INFO [main] org.apache.catalina.startup.Catalina.load Server initialization in [1574] milliseconds
13-Apr-2025 18:16:16.582 INFO [main] org.apache.catalina.core.StandardService.startInternal Starting service [Catalina]
13-Apr-2025 18:16:16.582 INFO [main] org.apache.catalina.core.StandardEngine.startInternal Starting Servlet engine: [Apache Tomcat/9.0.102]
13-Apr-2025 18:16:16.598 INFO [main] org.apache.catalina.startup.HostConfig.deployDescriptor Deploying deployment descriptor [C:\Users\OSHADHA\IdeaProjects\OOP-projectnew\conf\Catalina\localhost\OOP-projectnew.xml]
13-Apr-2025 18:16:17.405 INFO [main] org.apache.catalina.startup.HostConfig.deployDescriptor Deployment of deployment descriptor [C:\Users\OSHADHA\IdeaProjects\OOP-projectnew\conf\Catalina\localhost\OOP-projectnew.xml] has finished in [808] ms
13-Apr-2025 18:16:17.409 INFO [main] org.apache.coyote.AbstractProtocol.start Starting ProtocolHandler ["http-nio-8080"]
13-Apr-2025 18:16:17.433 INFO [main] org.apache.catalina.startup.Catalina.start Server startup in [997] milliseconds
13-Apr-2025 18:19:12.192 INFO [Thread-1] org.apache.coyote.AbstractProtocol.pause Pausing ProtocolHandler ["http-nio-8080"]
13-Apr-2025 18:19:12.204 INFO [Thread-1] org.apache.catalina.core.StandardService.stopInternal Stopping service [Catalina]
13-Apr-2025 18:19:12.217 INFO [Thread-1] org.apache.coyote.AbstractProtocol.stop Stopping ProtocolHandler ["http-nio-8080"]
13-Apr-2025 18:19:12.238 INFO [Thread-1] org.apache.coyote.AbstractProtocol.destroy Destroying ProtocolHandler ["http-nio-8080"]
13-Apr-2025 18:19:14.526 INFO [main] org.apache.catalina.startup.VersionLoggerListener.log Server version name:   Apache Tomcat/9.0.102
13-Apr-2025 18:19:14.531 INFO [main] org.apache.catalina.startup.VersionLoggerListener.log Server built:          Mar 3 2025 19:33:14 UTC
13-Apr-2025 18:19:14.532 INFO [main] org.apache.catalina.startup.VersionLoggerListener.log Server version number: 9.0.102.0
13-Apr-2025 18:19:14.532 INFO [main] org.apache.catalina.startup.VersionLoggerListener.log OS Name:               Windows 10
13-Apr-2025 18:19:14.532 INFO [main] org.apache.catalina.startup.VersionLoggerListener.log OS Version:            10.0
13-Apr-2025 18:19:14.532 INFO [main] org.apache.catalina.startup.VersionLoggerListener.log Architecture:          amd64
13-Apr-2025 18:19:14.533 INFO [main] org.apache.catalina.startup.VersionLoggerListener.log Java Home:             C:\Program Files\Java\jdk-22
13-Apr-2025 18:19:14.533 INFO [main] org.apache.catalina.startup.VersionLoggerListener.log JVM Version:           22.0.1+8-16
13-Apr-2025 18:19:14.533 INFO [main] org.apache.catalina.startup.VersionLoggerListener.log JVM Vendor:            Oracle Corporation
13-Apr-2025 18:19:14.533 INFO [main] org.apache.catalina.startup.VersionLoggerListener.log CATALINA_BASE:         C:\Users\OSHADHA\IdeaProjects\OOP-projectnew
13-Apr-2025 18:19:14.533 INFO [main] org.apache.catalina.startup.VersionLoggerListener.log CATALINA_HOME:         C:\Program Files\Apache Software Foundation\Tomcat 9.0
13-Apr-2025 18:19:14.546 INFO [main] org.apache.catalina.startup.VersionLoggerListener.log Command line argument: --add-opens=java.base/java.lang=ALL-UNNAMED
13-Apr-2025 18:19:14.547 INFO [main] org.apache.catalina.startup.VersionLoggerListener.log Command line argument: --add-opens=java.base/java.io=ALL-UNNAMED
13-Apr-2025 18:19:14.547 INFO [main] org.apache.catalina.startup.VersionLoggerListener.log Command line argument: --add-opens=java.base/java.util=ALL-UNNAMED
13-Apr-2025 18:19:14.547 INFO [main] org.apache.catalina.startup.VersionLoggerListener.log Command line argument: --add-opens=java.base/java.util.concurrent=ALL-UNNAMED
13-Apr-2025 18:19:14.547 INFO [main] org.apache.catalina.startup.VersionLoggerListener.log Command line argument: --add-opens=java.rmi/sun.rmi.transport=ALL-UNNAMED
13-Apr-2025 18:19:14.547 INFO [main] org.apache.catalina.startup.VersionLoggerListener.log Command line argument: -Dcatalina.home=C:\Program Files\Apache Software Foundation\Tomcat 9.0
13-Apr-2025 18:19:14.548 INFO [main] org.apache.catalina.startup.VersionLoggerListener.log Command line argument: -Dcatalina.base=C:\Users\OSHADHA\IdeaProjects\OOP-projectnew
13-Apr-2025 18:19:14.548 INFO [main] org.apache.catalina.startup.VersionLoggerListener.log Command line argument: -Djava.io.tmpdir=C:\Users\OSHADHA\IdeaProjects\OOP-projectnew\temp
13-Apr-2025 18:19:14.548 INFO [main] org.apache.catalina.startup.VersionLoggerListener.log Command line argument: -Djava.util.logging.config.file=C:\Users\OSHADHA\IdeaProjects\OOP-projectnew\conf\logging.properties
13-Apr-2025 18:19:14.549 INFO [main] org.apache.catalina.startup.VersionLoggerListener.log Command line argument: -Djava.util.logging.manager=org.apache.juli.ClassLoaderLogManager
13-Apr-2025 18:19:14.549 INFO [main] org.apache.catalina.startup.VersionLoggerListener.log Command line argument: -javaagent:C:\Program Files\JetBrains\IntelliJ IDEA 2024.3.5\lib\idea_rt.jar=53501
13-Apr-2025 18:19:14.549 INFO [main] org.apache.catalina.startup.VersionLoggerListener.log Command line argument: -Dfile.encoding=UTF-8
13-Apr-2025 18:19:14.549 INFO [main] org.apache.catalina.startup.VersionLoggerListener.log Command line argument: -Dsun.stdout.encoding=UTF-8
13-Apr-2025 18:19:14.549 INFO [main] org.apache.catalina.startup.VersionLoggerListener.log Command line argument: -Dsun.stderr.encoding=UTF-8
13-Apr-2025 18:19:14.554 INFO [main] org.apache.catalina.core.AprLifecycleListener.lifecycleEvent Loaded Apache Tomcat Native library [1.3.1] using APR version [1.7.4].
13-Apr-2025 18:19:14.554 INFO [main] org.apache.catalina.core.AprLifecycleListener.lifecycleEvent APR capabilities: IPv6 [true], sendfile [true], accept filters [false], random [true], UDS [true].
13-Apr-2025 18:19:14.555 INFO [main] org.apache.catalina.core.AprLifecycleListener.lifecycleEvent APR/OpenSSL configuration: useAprConnector [false], useOpenSSL [true]
13-Apr-2025 18:19:14.566 INFO [main] org.apache.catalina.core.AprLifecycleListener.initializeSSL OpenSSL successfully initialized [OpenSSL 3.0.14 4 Jun 2024]
13-Apr-2025 18:19:15.141 INFO [main] org.apache.coyote.AbstractProtocol.init Initializing ProtocolHandler ["http-nio-8080"]
13-Apr-2025 18:19:15.168 INFO [main] org.apache.catalina.startup.Catalina.load Server initialization in [1607] milliseconds
13-Apr-2025 18:19:15.222 INFO [main] org.apache.catalina.core.StandardService.startInternal Starting service [Catalina]
13-Apr-2025 18:19:15.223 INFO [main] org.apache.catalina.core.StandardEngine.startInternal Starting Servlet engine: [Apache Tomcat/9.0.102]
13-Apr-2025 18:19:15.232 INFO [main] org.apache.catalina.startup.HostConfig.deployDescriptor Deploying deployment descriptor [C:\Users\OSHADHA\IdeaProjects\OOP-projectnew\conf\Catalina\localhost\OOP-projectnew.xml]
13-Apr-2025 18:19:15.944 INFO [main] org.apache.catalina.startup.HostConfig.deployDescriptor Deployment of deployment descriptor [C:\Users\OSHADHA\IdeaProjects\OOP-projectnew\conf\Catalina\localhost\OOP-projectnew.xml] has finished in [711] ms
13-Apr-2025 18:19:15.947 INFO [main] org.apache.coyote.AbstractProtocol.start Starting ProtocolHandler ["http-nio-8080"]
13-Apr-2025 18:19:15.969 INFO [main] org.apache.catalina.startup.Catalina.start Server startup in [799] milliseconds
13-Apr-2025 18:22:34.040 INFO [Thread-1] org.apache.coyote.AbstractProtocol.pause Pausing ProtocolHandler ["http-nio-8080"]
13-Apr-2025 18:22:34.052 INFO [Thread-1] org.apache.catalina.core.StandardService.stopInternal Stopping service [Catalina]
13-Apr-2025 18:22:34.063 INFO [Thread-1] org.apache.coyote.AbstractProtocol.stop Stopping ProtocolHandler ["http-nio-8080"]
13-Apr-2025 18:22:34.086 INFO [Thread-1] org.apache.coyote.AbstractProtocol.destroy Destroying ProtocolHandler ["http-nio-8080"]
13-Apr-2025 18:22:36.765 INFO [main] org.apache.catalina.startup.VersionLoggerListener.log Server version name:   Apache Tomcat/9.0.102
13-Apr-2025 18:22:36.770 INFO [main] org.apache.catalina.startup.VersionLoggerListener.log Server built:          Mar 3 2025 19:33:14 UTC
13-Apr-2025 18:22:36.770 INFO [main] org.apache.catalina.startup.VersionLoggerListener.log Server version number: 9.0.102.0
13-Apr-2025 18:22:36.771 INFO [main] org.apache.catalina.startup.VersionLoggerListener.log OS Name:               Windows 10
13-Apr-2025 18:22:36.771 INFO [main] org.apache.catalina.startup.VersionLoggerListener.log OS Version:            10.0
13-Apr-2025 18:22:36.771 INFO [main] org.apache.catalina.startup.VersionLoggerListener.log Architecture:          amd64
13-Apr-2025 18:22:36.771 INFO [main] org.apache.catalina.startup.VersionLoggerListener.log Java Home:             C:\Program Files\Java\jdk-22
13-Apr-2025 18:22:36.771 INFO [main] org.apache.catalina.startup.VersionLoggerListener.log JVM Version:           22.0.1+8-16
13-Apr-2025 18:22:36.771 INFO [main] org.apache.catalina.startup.VersionLoggerListener.log JVM Vendor:            Oracle Corporation
13-Apr-2025 18:22:36.771 INFO [main] org.apache.catalina.startup.VersionLoggerListener.log CATALINA_BASE:         C:\Users\OSHADHA\IdeaProjects\OOP-projectnew
13-Apr-2025 18:22:36.771 INFO [main] org.apache.catalina.startup.VersionLoggerListener.log CATALINA_HOME:         C:\Program Files\Apache Software Foundation\Tomcat 9.0
13-Apr-2025 18:22:36.780 INFO [main] org.apache.catalina.startup.VersionLoggerListener.log Command line argument: --add-opens=java.base/java.lang=ALL-UNNAMED
13-Apr-2025 18:22:36.780 INFO [main] org.apache.catalina.startup.VersionLoggerListener.log Command line argument: --add-opens=java.base/java.io=ALL-UNNAMED
13-Apr-2025 18:22:36.780 INFO [main] org.apache.catalina.startup.VersionLoggerListener.log Command line argument: --add-opens=java.base/java.util=ALL-UNNAMED
13-Apr-2025 18:22:36.780 INFO [main] org.apache.catalina.startup.VersionLoggerListener.log Command line argument: --add-opens=java.base/java.util.concurrent=ALL-UNNAMED
13-Apr-2025 18:22:36.781 INFO [main] org.apache.catalina.startup.VersionLoggerListener.log Command line argument: --add-opens=java.rmi/sun.rmi.transport=ALL-UNNAMED
13-Apr-2025 18:22:36.781 INFO [main] org.apache.catalina.startup.VersionLoggerListener.log Command line argument: -Dcatalina.home=C:\Program Files\Apache Software Foundation\Tomcat 9.0
13-Apr-2025 18:22:36.781 INFO [main] org.apache.catalina.startup.VersionLoggerListener.log Command line argument: -Dcatalina.base=C:\Users\OSHADHA\IdeaProjects\OOP-projectnew
13-Apr-2025 18:22:36.781 INFO [main] org.apache.catalina.startup.VersionLoggerListener.log Command line argument: -Djava.io.tmpdir=C:\Users\OSHADHA\IdeaProjects\OOP-projectnew\temp
13-Apr-2025 18:22:36.781 INFO [main] org.apache.catalina.startup.VersionLoggerListener.log Command line argument: -Djava.util.logging.config.file=C:\Users\OSHADHA\IdeaProjects\OOP-projectnew\conf\logging.properties
13-Apr-2025 18:22:36.781 INFO [main] org.apache.catalina.startup.VersionLoggerListener.log Command line argument: -Djava.util.logging.manager=org.apache.juli.ClassLoaderLogManager
13-Apr-2025 18:22:36.781 INFO [main] org.apache.catalina.startup.VersionLoggerListener.log Command line argument: -javaagent:C:\Program Files\JetBrains\IntelliJ IDEA 2024.3.5\lib\idea_rt.jar=53625
13-Apr-2025 18:22:36.781 INFO [main] org.apache.catalina.startup.VersionLoggerListener.log Command line argument: -Dfile.encoding=UTF-8
13-Apr-2025 18:22:36.781 INFO [main] org.apache.catalina.startup.VersionLoggerListener.log Command line argument: -Dsun.stdout.encoding=UTF-8
13-Apr-2025 18:22:36.781 INFO [main] org.apache.catalina.startup.VersionLoggerListener.log Command line argument: -Dsun.stderr.encoding=UTF-8
13-Apr-2025 18:22:36.786 INFO [main] org.apache.catalina.core.AprLifecycleListener.lifecycleEvent Loaded Apache Tomcat Native library [1.3.1] using APR version [1.7.4].
13-Apr-2025 18:22:36.786 INFO [main] org.apache.catalina.core.AprLifecycleListener.lifecycleEvent APR capabilities: IPv6 [true], sendfile [true], accept filters [false], random [true], UDS [true].
13-Apr-2025 18:22:36.786 INFO [main] org.apache.catalina.core.AprLifecycleListener.lifecycleEvent APR/OpenSSL configuration: useAprConnector [false], useOpenSSL [true]
13-Apr-2025 18:22:36.793 INFO [main] org.apache.catalina.core.AprLifecycleListener.initializeSSL OpenSSL successfully initialized [OpenSSL 3.0.14 4 Jun 2024]
13-Apr-2025 18:22:37.251 INFO [main] org.apache.coyote.AbstractProtocol.init Initializing ProtocolHandler ["http-nio-8080"]
13-Apr-2025 18:22:37.272 INFO [main] org.apache.catalina.startup.Catalina.load Server initialization in [825] milliseconds
13-Apr-2025 18:22:37.327 INFO [main] org.apache.catalina.core.StandardService.startInternal Starting service [Catalina]
13-Apr-2025 18:22:37.327 INFO [main] org.apache.catalina.core.StandardEngine.startInternal Starting Servlet engine: [Apache Tomcat/9.0.102]
13-Apr-2025 18:22:37.336 INFO [main] org.apache.catalina.startup.HostConfig.deployDescriptor Deploying deployment descriptor [C:\Users\OSHADHA\IdeaProjects\OOP-projectnew\conf\Catalina\localhost\OOP-projectnew.xml]
13-Apr-2025 18:22:37.944 INFO [main] org.apache.catalina.startup.HostConfig.deployDescriptor Deployment of deployment descriptor [C:\Users\OSHADHA\IdeaProjects\OOP-projectnew\conf\Catalina\localhost\OOP-projectnew.xml] has finished in [607] ms
13-Apr-2025 18:22:37.947 INFO [main] org.apache.coyote.AbstractProtocol.start Starting ProtocolHandler ["http-nio-8080"]
13-Apr-2025 18:22:37.965 INFO [main] org.apache.catalina.startup.Catalina.start Server startup in [691] milliseconds
13-Apr-2025 18:23:34.727 INFO [Thread-1] org.apache.coyote.AbstractProtocol.pause Pausing ProtocolHandler ["http-nio-8080"]
13-Apr-2025 18:23:34.736 INFO [Thread-1] org.apache.catalina.core.StandardService.stopInternal Stopping service [Catalina]
13-Apr-2025 18:23:34.746 INFO [Thread-1] org.apache.coyote.AbstractProtocol.stop Stopping ProtocolHandler ["http-nio-8080"]
13-Apr-2025 18:23:34.749 INFO [Thread-1] org.apache.coyote.AbstractProtocol.destroy Destroying ProtocolHandler ["http-nio-8080"]
13-Apr-2025 18:23:36.807 INFO [main] org.apache.catalina.startup.VersionLoggerListener.log Server version name:   Apache Tomcat/9.0.102
13-Apr-2025 18:23:36.814 INFO [main] org.apache.catalina.startup.VersionLoggerListener.log Server built:          Mar 3 2025 19:33:14 UTC
13-Apr-2025 18:23:36.814 INFO [main] org.apache.catalina.startup.VersionLoggerListener.log Server version number: 9.0.102.0
13-Apr-2025 18:23:36.814 INFO [main] org.apache.catalina.startup.VersionLoggerListener.log OS Name:               Windows 10
13-Apr-2025 18:23:36.814 INFO [main] org.apache.catalina.startup.VersionLoggerListener.log OS Version:            10.0
13-Apr-2025 18:23:36.814 INFO [main] org.apache.catalina.startup.VersionLoggerListener.log Architecture:          amd64
13-Apr-2025 18:23:36.814 INFO [main] org.apache.catalina.startup.VersionLoggerListener.log Java Home:             C:\Program Files\Java\jdk-22
13-Apr-2025 18:23:36.815 INFO [main] org.apache.catalina.startup.VersionLoggerListener.log JVM Version:           22.0.1+8-16
13-Apr-2025 18:23:36.815 INFO [main] org.apache.catalina.startup.VersionLoggerListener.log JVM Vendor:            Oracle Corporation
13-Apr-2025 18:23:36.815 INFO [main] org.apache.catalina.startup.VersionLoggerListener.log CATALINA_BASE:         C:\Users\OSHADHA\IdeaProjects\OOP-projectnew
13-Apr-2025 18:23:36.815 INFO [main] org.apache.catalina.startup.VersionLoggerListener.log CATALINA_HOME:         C:\Program Files\Apache Software Foundation\Tomcat 9.0
13-Apr-2025 18:23:36.828 INFO [main] org.apache.catalina.startup.VersionLoggerListener.log Command line argument: --add-opens=java.base/java.lang=ALL-UNNAMED
13-Apr-2025 18:23:36.828 INFO [main] org.apache.catalina.startup.VersionLoggerListener.log Command line argument: --add-opens=java.base/java.io=ALL-UNNAMED
13-Apr-2025 18:23:36.828 INFO [main] org.apache.catalina.startup.VersionLoggerListener.log Command line argument: --add-opens=java.base/java.util=ALL-UNNAMED
13-Apr-2025 18:23:36.828 INFO [main] org.apache.catalina.startup.VersionLoggerListener.log Command line argument: --add-opens=java.base/java.util.concurrent=ALL-UNNAMED
13-Apr-2025 18:23:36.828 INFO [main] org.apache.catalina.startup.VersionLoggerListener.log Command line argument: --add-opens=java.rmi/sun.rmi.transport=ALL-UNNAMED
13-Apr-2025 18:23:36.828 INFO [main] org.apache.catalina.startup.VersionLoggerListener.log Command line argument: -Dcatalina.home=C:\Program Files\Apache Software Foundation\Tomcat 9.0
13-Apr-2025 18:23:36.828 INFO [main] org.apache.catalina.startup.VersionLoggerListener.log Command line argument: -Dcatalina.base=C:\Users\OSHADHA\IdeaProjects\OOP-projectnew
13-Apr-2025 18:23:36.829 INFO [main] org.apache.catalina.startup.VersionLoggerListener.log Command line argument: -Djava.io.tmpdir=C:\Users\OSHADHA\IdeaProjects\OOP-projectnew\temp
13-Apr-2025 18:23:36.829 INFO [main] org.apache.catalina.startup.VersionLoggerListener.log Command line argument: -Djava.util.logging.config.file=C:\Users\OSHADHA\IdeaProjects\OOP-projectnew\conf\logging.properties
13-Apr-2025 18:23:36.829 INFO [main] org.apache.catalina.startup.VersionLoggerListener.log Command line argument: -Djava.util.logging.manager=org.apache.juli.ClassLoaderLogManager
13-Apr-2025 18:23:36.829 INFO [main] org.apache.catalina.startup.VersionLoggerListener.log Command line argument: -javaagent:C:\Program Files\JetBrains\IntelliJ IDEA 2024.3.5\lib\idea_rt.jar=53755
13-Apr-2025 18:23:36.829 INFO [main] org.apache.catalina.startup.VersionLoggerListener.log Command line argument: -Dfile.encoding=UTF-8
13-Apr-2025 18:23:36.829 INFO [main] org.apache.catalina.startup.VersionLoggerListener.log Command line argument: -Dsun.stdout.encoding=UTF-8
13-Apr-2025 18:23:36.829 INFO [main] org.apache.catalina.startup.VersionLoggerListener.log Command line argument: -Dsun.stderr.encoding=UTF-8
13-Apr-2025 18:23:36.835 INFO [main] org.apache.catalina.core.AprLifecycleListener.lifecycleEvent Loaded Apache Tomcat Native library [1.3.1] using APR version [1.7.4].
13-Apr-2025 18:23:36.835 INFO [main] org.apache.catalina.core.AprLifecycleListener.lifecycleEvent APR capabilities: IPv6 [true], sendfile [true], accept filters [false], random [true], UDS [true].
13-Apr-2025 18:23:36.835 INFO [main] org.apache.catalina.core.AprLifecycleListener.lifecycleEvent APR/OpenSSL configuration: useAprConnector [false], useOpenSSL [true]
13-Apr-2025 18:23:36.845 INFO [main] org.apache.catalina.core.AprLifecycleListener.initializeSSL OpenSSL successfully initialized [OpenSSL 3.0.14 4 Jun 2024]
13-Apr-2025 18:23:37.311 INFO [main] org.apache.coyote.AbstractProtocol.init Initializing ProtocolHandler ["http-nio-8080"]
13-Apr-2025 18:23:37.336 INFO [main] org.apache.catalina.startup.Catalina.load Server initialization in [1310] milliseconds
13-Apr-2025 18:23:37.385 INFO [main] org.apache.catalina.core.StandardService.startInternal Starting service [Catalina]
13-Apr-2025 18:23:37.385 INFO [main] org.apache.catalina.core.StandardEngine.startInternal Starting Servlet engine: [Apache Tomcat/9.0.102]
13-Apr-2025 18:23:37.396 INFO [main] org.apache.catalina.startup.HostConfig.deployDescriptor Deploying deployment descriptor [C:\Users\OSHADHA\IdeaProjects\OOP-projectnew\conf\Catalina\localhost\OOP-projectnew.xml]
13-Apr-2025 18:23:38.022 INFO [main] org.apache.catalina.startup.HostConfig.deployDescriptor Deployment of deployment descriptor [C:\Users\OSHADHA\IdeaProjects\OOP-projectnew\conf\Catalina\localhost\OOP-projectnew.xml] has finished in [626] ms
13-Apr-2025 18:23:38.025 INFO [main] org.apache.coyote.AbstractProtocol.start Starting ProtocolHandler ["http-nio-8080"]
13-Apr-2025 18:23:38.044 INFO [main] org.apache.catalina.startup.Catalina.start Server startup in [705] milliseconds
13-Apr-2025 18:29:04.823 INFO [Thread-1] org.apache.coyote.AbstractProtocol.pause Pausing ProtocolHandler ["http-nio-8080"]
13-Apr-2025 18:29:04.834 INFO [Thread-1] org.apache.catalina.core.StandardService.stopInternal Stopping service [Catalina]
13-Apr-2025 18:29:04.844 INFO [Thread-1] org.apache.coyote.AbstractProtocol.stop Stopping ProtocolHandler ["http-nio-8080"]
13-Apr-2025 18:29:04.860 INFO [Thread-1] org.apache.coyote.AbstractProtocol.destroy Destroying ProtocolHandler ["http-nio-8080"]
13-Apr-2025 18:29:07.394 INFO [main] org.apache.catalina.startup.VersionLoggerListener.log Server version name:   Apache Tomcat/9.0.102
13-Apr-2025 18:29:07.400 INFO [main] org.apache.catalina.startup.VersionLoggerListener.log Server built:          Mar 3 2025 19:33:14 UTC
13-Apr-2025 18:29:07.400 INFO [main] org.apache.catalina.startup.VersionLoggerListener.log Server version number: 9.0.102.0
13-Apr-2025 18:29:07.400 INFO [main] org.apache.catalina.startup.VersionLoggerListener.log OS Name:               Windows 10
13-Apr-2025 18:29:07.400 INFO [main] org.apache.catalina.startup.VersionLoggerListener.log OS Version:            10.0
13-Apr-2025 18:29:07.401 INFO [main] org.apache.catalina.startup.VersionLoggerListener.log Architecture:          amd64
13-Apr-2025 18:29:07.401 INFO [main] org.apache.catalina.startup.VersionLoggerListener.log Java Home:             C:\Program Files\Java\jdk-22
13-Apr-2025 18:29:07.401 INFO [main] org.apache.catalina.startup.VersionLoggerListener.log JVM Version:           22.0.1+8-16
13-Apr-2025 18:29:07.401 INFO [main] org.apache.catalina.startup.VersionLoggerListener.log JVM Vendor:            Oracle Corporation
13-Apr-2025 18:29:07.401 INFO [main] org.apache.catalina.startup.VersionLoggerListener.log CATALINA_BASE:         C:\Users\OSHADHA\IdeaProjects\OOP-projectnew
13-Apr-2025 18:29:07.401 INFO [main] org.apache.catalina.startup.VersionLoggerListener.log CATALINA_HOME:         C:\Program Files\Apache Software Foundation\Tomcat 9.0
13-Apr-2025 18:29:07.411 INFO [main] org.apache.catalina.startup.VersionLoggerListener.log Command line argument: --add-opens=java.base/java.lang=ALL-UNNAMED
13-Apr-2025 18:29:07.411 INFO [main] org.apache.catalina.startup.VersionLoggerListener.log Command line argument: --add-opens=java.base/java.io=ALL-UNNAMED
13-Apr-2025 18:29:07.411 INFO [main] org.apache.catalina.startup.VersionLoggerListener.log Command line argument: --add-opens=java.base/java.util=ALL-UNNAMED
13-Apr-2025 18:29:07.411 INFO [main] org.apache.catalina.startup.VersionLoggerListener.log Command line argument: --add-opens=java.base/java.util.concurrent=ALL-UNNAMED
13-Apr-2025 18:29:07.411 INFO [main] org.apache.catalina.startup.VersionLoggerListener.log Command line argument: --add-opens=java.rmi/sun.rmi.transport=ALL-UNNAMED
13-Apr-2025 18:29:07.411 INFO [main] org.apache.catalina.startup.VersionLoggerListener.log Command line argument: -Dcatalina.home=C:\Program Files\Apache Software Foundation\Tomcat 9.0
13-Apr-2025 18:29:07.411 INFO [main] org.apache.catalina.startup.VersionLoggerListener.log Command line argument: -Dcatalina.base=C:\Users\OSHADHA\IdeaProjects\OOP-projectnew
13-Apr-2025 18:29:07.411 INFO [main] org.apache.catalina.startup.VersionLoggerListener.log Command line argument: -Djava.io.tmpdir=C:\Users\OSHADHA\IdeaProjects\OOP-projectnew\temp
13-Apr-2025 18:29:07.412 INFO [main] org.apache.catalina.startup.VersionLoggerListener.log Command line argument: -Djava.util.logging.config.file=C:\Users\OSHADHA\IdeaProjects\OOP-projectnew\conf\logging.properties
13-Apr-2025 18:29:07.412 INFO [main] org.apache.catalina.startup.VersionLoggerListener.log Command line argument: -Djava.util.logging.manager=org.apache.juli.ClassLoaderLogManager
13-Apr-2025 18:29:07.412 INFO [main] org.apache.catalina.startup.VersionLoggerListener.log Command line argument: -javaagent:C:\Program Files\JetBrains\IntelliJ IDEA 2024.3.5\lib\idea_rt.jar=53930
13-Apr-2025 18:29:07.412 INFO [main] org.apache.catalina.startup.VersionLoggerListener.log Command line argument: -Dfile.encoding=UTF-8
13-Apr-2025 18:29:07.412 INFO [main] org.apache.catalina.startup.VersionLoggerListener.log Command line argument: -Dsun.stdout.encoding=UTF-8
13-Apr-2025 18:29:07.412 INFO [main] org.apache.catalina.startup.VersionLoggerListener.log Command line argument: -Dsun.stderr.encoding=UTF-8
13-Apr-2025 18:29:07.417 INFO [main] org.apache.catalina.core.AprLifecycleListener.lifecycleEvent Loaded Apache Tomcat Native library [1.3.1] using APR version [1.7.4].
13-Apr-2025 18:29:07.418 INFO [main] org.apache.catalina.core.AprLifecycleListener.lifecycleEvent APR capabilities: IPv6 [true], sendfile [true], accept filters [false], random [true], UDS [true].
13-Apr-2025 18:29:07.418 INFO [main] org.apache.catalina.core.AprLifecycleListener.lifecycleEvent APR/OpenSSL configuration: useAprConnector [false], useOpenSSL [true]
13-Apr-2025 18:29:07.424 INFO [main] org.apache.catalina.core.AprLifecycleListener.initializeSSL OpenSSL successfully initialized [OpenSSL 3.0.14 4 Jun 2024]
13-Apr-2025 18:29:07.898 INFO [main] org.apache.coyote.AbstractProtocol.init Initializing ProtocolHandler ["http-nio-8080"]
13-Apr-2025 18:29:07.934 INFO [main] org.apache.catalina.startup.Catalina.load Server initialization in [1521] milliseconds
13-Apr-2025 18:29:08.019 INFO [main] org.apache.catalina.core.StandardService.startInternal Starting service [Catalina]
13-Apr-2025 18:29:08.019 INFO [main] org.apache.catalina.core.StandardEngine.startInternal Starting Servlet engine: [Apache Tomcat/9.0.102]
13-Apr-2025 18:29:08.028 INFO [main] org.apache.catalina.startup.HostConfig.deployDescriptor Deploying deployment descriptor [C:\Users\OSHADHA\IdeaProjects\OOP-projectnew\conf\Catalina\localhost\OOP-projectnew.xml]
13-Apr-2025 18:29:08.667 INFO [main] org.apache.catalina.startup.HostConfig.deployDescriptor Deployment of deployment descriptor [C:\Users\OSHADHA\IdeaProjects\OOP-projectnew\conf\Catalina\localhost\OOP-projectnew.xml] has finished in [638] ms
13-Apr-2025 18:29:08.669 INFO [main] org.apache.coyote.AbstractProtocol.start Starting ProtocolHandler ["http-nio-8080"]
13-Apr-2025 18:29:08.688 INFO [main] org.apache.catalina.startup.Catalina.start Server startup in [751] milliseconds
13-Apr-2025 19:07:55.570 INFO [Thread-1] org.apache.coyote.AbstractProtocol.pause Pausing ProtocolHandler ["http-nio-8080"]
13-Apr-2025 19:07:55.581 INFO [Thread-1] org.apache.catalina.core.StandardService.stopInternal Stopping service [Catalina]
13-Apr-2025 19:07:55.597 INFO [Thread-1] org.apache.coyote.AbstractProtocol.stop Stopping ProtocolHandler ["http-nio-8080"]
13-Apr-2025 19:07:55.606 INFO [Thread-1] org.apache.coyote.AbstractProtocol.destroy Destroying ProtocolHandler ["http-nio-8080"]
13-Apr-2025 19:07:57.645 INFO [main] org.apache.catalina.startup.VersionLoggerListener.log Server version name:   Apache Tomcat/9.0.102
13-Apr-2025 19:07:57.654 INFO [main] org.apache.catalina.startup.VersionLoggerListener.log Server built:          Mar 3 2025 19:33:14 UTC
13-Apr-2025 19:07:57.655 INFO [main] org.apache.catalina.startup.VersionLoggerListener.log Server version number: 9.0.102.0
13-Apr-2025 19:07:57.655 INFO [main] org.apache.catalina.startup.VersionLoggerListener.log OS Name:               Windows 10
13-Apr-2025 19:07:57.655 INFO [main] org.apache.catalina.startup.VersionLoggerListener.log OS Version:            10.0
13-Apr-2025 19:07:57.655 INFO [main] org.apache.catalina.startup.VersionLoggerListener.log Architecture:          amd64
13-Apr-2025 19:07:57.655 INFO [main] org.apache.catalina.startup.VersionLoggerListener.log Java Home:             C:\Program Files\Java\jdk-22
13-Apr-2025 19:07:57.655 INFO [main] org.apache.catalina.startup.VersionLoggerListener.log JVM Version:           22.0.1+8-16
13-Apr-2025 19:07:57.656 INFO [main] org.apache.catalina.startup.VersionLoggerListener.log JVM Vendor:            Oracle Corporation
13-Apr-2025 19:07:57.656 INFO [main] org.apache.catalina.startup.VersionLoggerListener.log CATALINA_BASE:         C:\Users\OSHADHA\IdeaProjects\OOP-projectnew
13-Apr-2025 19:07:57.656 INFO [main] org.apache.catalina.startup.VersionLoggerListener.log CATALINA_HOME:         C:\Program Files\Apache Software Foundation\Tomcat 9.0
13-Apr-2025 19:07:57.672 INFO [main] org.apache.catalina.startup.VersionLoggerListener.log Command line argument: --add-opens=java.base/java.lang=ALL-UNNAMED
13-Apr-2025 19:07:57.673 INFO [main] org.apache.catalina.startup.VersionLoggerListener.log Command line argument: --add-opens=java.base/java.io=ALL-UNNAMED
13-Apr-2025 19:07:57.673 INFO [main] org.apache.catalina.startup.VersionLoggerListener.log Command line argument: --add-opens=java.base/java.util=ALL-UNNAMED
13-Apr-2025 19:07:57.673 INFO [main] org.apache.catalina.startup.VersionLoggerListener.log Command line argument: --add-opens=java.base/java.util.concurrent=ALL-UNNAMED
13-Apr-2025 19:07:57.673 INFO [main] org.apache.catalina.startup.VersionLoggerListener.log Command line argument: --add-opens=java.rmi/sun.rmi.transport=ALL-UNNAMED
13-Apr-2025 19:07:57.673 INFO [main] org.apache.catalina.startup.VersionLoggerListener.log Command line argument: -Dcatalina.home=C:\Program Files\Apache Software Foundation\Tomcat 9.0
13-Apr-2025 19:07:57.673 INFO [main] org.apache.catalina.startup.VersionLoggerListener.log Command line argument: -Dcatalina.base=C:\Users\OSHADHA\IdeaProjects\OOP-projectnew
13-Apr-2025 19:07:57.674 INFO [main] org.apache.catalina.startup.VersionLoggerListener.log Command line argument: -Djava.io.tmpdir=C:\Users\OSHADHA\IdeaProjects\OOP-projectnew\temp
13-Apr-2025 19:07:57.674 INFO [main] org.apache.catalina.startup.VersionLoggerListener.log Command line argument: -Djava.util.logging.config.file=C:\Users\OSHADHA\IdeaProjects\OOP-projectnew\conf\logging.properties
13-Apr-2025 19:07:57.674 INFO [main] org.apache.catalina.startup.VersionLoggerListener.log Command line argument: -Djava.util.logging.manager=org.apache.juli.ClassLoaderLogManager
13-Apr-2025 19:07:57.674 INFO [main] org.apache.catalina.startup.VersionLoggerListener.log Command line argument: -javaagent:C:\Program Files\JetBrains\IntelliJ IDEA 2024.3.5\lib\idea_rt.jar=54607
13-Apr-2025 19:07:57.675 INFO [main] org.apache.catalina.startup.VersionLoggerListener.log Command line argument: -Dfile.encoding=UTF-8
13-Apr-2025 19:07:57.675 INFO [main] org.apache.catalina.startup.VersionLoggerListener.log Command line argument: -Dsun.stdout.encoding=UTF-8
13-Apr-2025 19:07:57.675 INFO [main] org.apache.catalina.startup.VersionLoggerListener.log Command line argument: -Dsun.stderr.encoding=UTF-8
13-Apr-2025 19:07:57.679 INFO [main] org.apache.catalina.core.AprLifecycleListener.lifecycleEvent Loaded Apache Tomcat Native library [1.3.1] using APR version [1.7.4].
13-Apr-2025 19:07:57.680 INFO [main] org.apache.catalina.core.AprLifecycleListener.lifecycleEvent APR capabilities: IPv6 [true], sendfile [true], accept filters [false], random [true], UDS [true].
13-Apr-2025 19:07:57.680 INFO [main] org.apache.catalina.core.AprLifecycleListener.lifecycleEvent APR/OpenSSL configuration: useAprConnector [false], useOpenSSL [true]
13-Apr-2025 19:07:57.692 INFO [main] org.apache.catalina.core.AprLifecycleListener.initializeSSL OpenSSL successfully initialized [OpenSSL 3.0.14 4 Jun 2024]
13-Apr-2025 19:07:58.355 INFO [main] org.apache.coyote.AbstractProtocol.init Initializing ProtocolHandler ["http-nio-8080"]
13-Apr-2025 19:07:58.385 INFO [main] org.apache.catalina.startup.Catalina.load Server initialization in [1395] milliseconds
13-Apr-2025 19:07:58.457 INFO [main] org.apache.catalina.core.StandardService.startInternal Starting service [Catalina]
13-Apr-2025 19:07:58.457 INFO [main] org.apache.catalina.core.StandardEngine.startInternal Starting Servlet engine: [Apache Tomcat/9.0.102]
13-Apr-2025 19:07:58.471 INFO [main] org.apache.catalina.startup.HostConfig.deployDescriptor Deploying deployment descriptor [C:\Users\OSHADHA\IdeaProjects\OOP-projectnew\conf\Catalina\localhost\OOP-projectnew.xml]
13-Apr-2025 19:07:59.368 INFO [main] org.apache.catalina.startup.HostConfig.deployDescriptor Deployment of deployment descriptor [C:\Users\OSHADHA\IdeaProjects\OOP-projectnew\conf\Catalina\localhost\OOP-projectnew.xml] has finished in [897] ms
13-Apr-2025 19:07:59.372 INFO [main] org.apache.coyote.AbstractProtocol.start Starting ProtocolHandler ["http-nio-8080"]
13-Apr-2025 19:07:59.406 INFO [main] org.apache.catalina.startup.Catalina.start Server startup in [1018] milliseconds
13-Apr-2025 19:09:15.320 INFO [Thread-1] org.apache.coyote.AbstractProtocol.pause Pausing ProtocolHandler ["http-nio-8080"]
13-Apr-2025 19:09:15.329 INFO [Thread-1] org.apache.catalina.core.StandardService.stopInternal Stopping service [Catalina]
13-Apr-2025 19:09:15.341 INFO [Thread-1] org.apache.coyote.AbstractProtocol.stop Stopping ProtocolHandler ["http-nio-8080"]
13-Apr-2025 19:09:15.344 INFO [Thread-1] org.apache.coyote.AbstractProtocol.destroy Destroying ProtocolHandler ["http-nio-8080"]
13-Apr-2025 19:09:17.198 INFO [main] org.apache.catalina.startup.VersionLoggerListener.log Server version name:   Apache Tomcat/9.0.102
13-Apr-2025 19:09:17.204 INFO [main] org.apache.catalina.startup.VersionLoggerListener.log Server built:          Mar 3 2025 19:33:14 UTC
13-Apr-2025 19:09:17.205 INFO [main] org.apache.catalina.startup.VersionLoggerListener.log Server version number: 9.0.102.0
13-Apr-2025 19:09:17.205 INFO [main] org.apache.catalina.startup.VersionLoggerListener.log OS Name:               Windows 10
13-Apr-2025 19:09:17.205 INFO [main] org.apache.catalina.startup.VersionLoggerListener.log OS Version:            10.0
13-Apr-2025 19:09:17.205 INFO [main] org.apache.catalina.startup.VersionLoggerListener.log Architecture:          amd64
13-Apr-2025 19:09:17.205 INFO [main] org.apache.catalina.startup.VersionLoggerListener.log Java Home:             C:\Program Files\Java\jdk-22
13-Apr-2025 19:09:17.205 INFO [main] org.apache.catalina.startup.VersionLoggerListener.log JVM Version:           22.0.1+8-16
13-Apr-2025 19:09:17.205 INFO [main] org.apache.catalina.startup.VersionLoggerListener.log JVM Vendor:            Oracle Corporation
13-Apr-2025 19:09:17.205 INFO [main] org.apache.catalina.startup.VersionLoggerListener.log CATALINA_BASE:         C:\Users\OSHADHA\IdeaProjects\OOP-projectnew
13-Apr-2025 19:09:17.206 INFO [main] org.apache.catalina.startup.VersionLoggerListener.log CATALINA_HOME:         C:\Program Files\Apache Software Foundation\Tomcat 9.0
13-Apr-2025 19:09:17.229 INFO [main] org.apache.catalina.startup.VersionLoggerListener.log Command line argument: --add-opens=java.base/java.lang=ALL-UNNAMED
13-Apr-2025 19:09:17.229 INFO [main] org.apache.catalina.startup.VersionLoggerListener.log Command line argument: --add-opens=java.base/java.io=ALL-UNNAMED
13-Apr-2025 19:09:17.230 INFO [main] org.apache.catalina.startup.VersionLoggerListener.log Command line argument: --add-opens=java.base/java.util=ALL-UNNAMED
13-Apr-2025 19:09:17.230 INFO [main] org.apache.catalina.startup.VersionLoggerListener.log Command line argument: --add-opens=java.base/java.util.concurrent=ALL-UNNAMED
13-Apr-2025 19:09:17.230 INFO [main] org.apache.catalina.startup.VersionLoggerListener.log Command line argument: --add-opens=java.rmi/sun.rmi.transport=ALL-UNNAMED
13-Apr-2025 19:09:17.230 INFO [main] org.apache.catalina.startup.VersionLoggerListener.log Command line argument: -Dcatalina.home=C:\Program Files\Apache Software Foundation\Tomcat 9.0
13-Apr-2025 19:09:17.230 INFO [main] org.apache.catalina.startup.VersionLoggerListener.log Command line argument: -Dcatalina.base=C:\Users\OSHADHA\IdeaProjects\OOP-projectnew
13-Apr-2025 19:09:17.230 INFO [main] org.apache.catalina.startup.VersionLoggerListener.log Command line argument: -Djava.io.tmpdir=C:\Users\OSHADHA\IdeaProjects\OOP-projectnew\temp
13-Apr-2025 19:09:17.232 INFO [main] org.apache.catalina.startup.VersionLoggerListener.log Command line argument: -Djava.util.logging.config.file=C:\Users\OSHADHA\IdeaProjects\OOP-projectnew\conf\logging.properties
13-Apr-2025 19:09:17.232 INFO [main] org.apache.catalina.startup.VersionLoggerListener.log Command line argument: -Djava.util.logging.manager=org.apache.juli.ClassLoaderLogManager
13-Apr-2025 19:09:17.232 INFO [main] org.apache.catalina.startup.VersionLoggerListener.log Command line argument: -javaagent:C:\Program Files\JetBrains\IntelliJ IDEA 2024.3.5\lib\idea_rt.jar=54682
13-Apr-2025 19:09:17.232 INFO [main] org.apache.catalina.startup.VersionLoggerListener.log Command line argument: -Dfile.encoding=UTF-8
13-Apr-2025 19:09:17.232 INFO [main] org.apache.catalina.startup.VersionLoggerListener.log Command line argument: -Dsun.stdout.encoding=UTF-8
13-Apr-2025 19:09:17.232 INFO [main] org.apache.catalina.startup.VersionLoggerListener.log Command line argument: -Dsun.stderr.encoding=UTF-8
13-Apr-2025 19:09:17.280 INFO [main] org.apache.catalina.core.AprLifecycleListener.lifecycleEvent Loaded Apache Tomcat Native library [1.3.1] using APR version [1.7.4].
13-Apr-2025 19:09:17.280 INFO [main] org.apache.catalina.core.AprLifecycleListener.lifecycleEvent APR capabilities: IPv6 [true], sendfile [true], accept filters [false], random [true], UDS [true].
13-Apr-2025 19:09:17.281 INFO [main] org.apache.catalina.core.AprLifecycleListener.lifecycleEvent APR/OpenSSL configuration: useAprConnector [false], useOpenSSL [true]
13-Apr-2025 19:09:17.291 INFO [main] org.apache.catalina.core.AprLifecycleListener.initializeSSL OpenSSL successfully initialized [OpenSSL 3.0.14 4 Jun 2024]
13-Apr-2025 19:09:17.964 INFO [main] org.apache.coyote.AbstractProtocol.init Initializing ProtocolHandler ["http-nio-8080"]
13-Apr-2025 19:09:17.992 INFO [main] org.apache.catalina.startup.Catalina.load Server initialization in [1322] milliseconds
13-Apr-2025 19:09:18.053 INFO [main] org.apache.catalina.core.StandardService.startInternal Starting service [Catalina]
13-Apr-2025 19:09:18.053 INFO [main] org.apache.catalina.core.StandardEngine.startInternal Starting Servlet engine: [Apache Tomcat/9.0.102]
13-Apr-2025 19:09:18.063 INFO [main] org.apache.catalina.startup.HostConfig.deployDescriptor Deploying deployment descriptor [C:\Users\OSHADHA\IdeaProjects\OOP-projectnew\conf\Catalina\localhost\OOP-projectnew.xml]
13-Apr-2025 19:09:18.764 INFO [main] org.apache.catalina.startup.HostConfig.deployDescriptor Deployment of deployment descriptor [C:\Users\OSHADHA\IdeaProjects\OOP-projectnew\conf\Catalina\localhost\OOP-projectnew.xml] has finished in [701] ms
13-Apr-2025 19:09:18.767 INFO [main] org.apache.coyote.AbstractProtocol.start Starting ProtocolHandler ["http-nio-8080"]
13-Apr-2025 19:09:18.787 INFO [main] org.apache.catalina.startup.Catalina.start Server startup in [792] milliseconds
13-Apr-2025 19:12:24.375 INFO [Thread-1] org.apache.coyote.AbstractProtocol.pause Pausing ProtocolHandler ["http-nio-8080"]
13-Apr-2025 19:12:24.385 INFO [Thread-1] org.apache.catalina.core.StandardService.stopInternal Stopping service [Catalina]
13-Apr-2025 19:12:24.395 INFO [Thread-1] org.apache.coyote.AbstractProtocol.stop Stopping ProtocolHandler ["http-nio-8080"]
13-Apr-2025 19:12:24.399 INFO [Thread-1] org.apache.coyote.AbstractProtocol.destroy Destroying ProtocolHandler ["http-nio-8080"]
13-Apr-2025 19:12:26.977 INFO [main] org.apache.catalina.startup.VersionLoggerListener.log Server version name:   Apache Tomcat/9.0.102
13-Apr-2025 19:12:26.984 INFO [main] org.apache.catalina.startup.VersionLoggerListener.log Server built:          Mar 3 2025 19:33:14 UTC
13-Apr-2025 19:12:26.984 INFO [main] org.apache.catalina.startup.VersionLoggerListener.log Server version number: 9.0.102.0
13-Apr-2025 19:12:26.984 INFO [main] org.apache.catalina.startup.VersionLoggerListener.log OS Name:               Windows 10
13-Apr-2025 19:12:26.985 INFO [main] org.apache.catalina.startup.VersionLoggerListener.log OS Version:            10.0
13-Apr-2025 19:12:26.985 INFO [main] org.apache.catalina.startup.VersionLoggerListener.log Architecture:          amd64
13-Apr-2025 19:12:26.985 INFO [main] org.apache.catalina.startup.VersionLoggerListener.log Java Home:             C:\Program Files\Java\jdk-22
13-Apr-2025 19:12:26.985 INFO [main] org.apache.catalina.startup.VersionLoggerListener.log JVM Version:           22.0.1+8-16
13-Apr-2025 19:12:26.985 INFO [main] org.apache.catalina.startup.VersionLoggerListener.log JVM Vendor:            Oracle Corporation
13-Apr-2025 19:12:26.985 INFO [main] org.apache.catalina.startup.VersionLoggerListener.log CATALINA_BASE:         C:\Users\OSHADHA\IdeaProjects\OOP-projectnew
13-Apr-2025 19:12:26.985 INFO [main] org.apache.catalina.startup.VersionLoggerListener.log CATALINA_HOME:         C:\Program Files\Apache Software Foundation\Tomcat 9.0
13-Apr-2025 19:12:26.996 INFO [main] org.apache.catalina.startup.VersionLoggerListener.log Command line argument: --add-opens=java.base/java.lang=ALL-UNNAMED
13-Apr-2025 19:12:26.996 INFO [main] org.apache.catalina.startup.VersionLoggerListener.log Command line argument: --add-opens=java.base/java.io=ALL-UNNAMED
13-Apr-2025 19:12:26.996 INFO [main] org.apache.catalina.startup.VersionLoggerListener.log Command line argument: --add-opens=java.base/java.util=ALL-UNNAMED
13-Apr-2025 19:12:26.996 INFO [main] org.apache.catalina.startup.VersionLoggerListener.log Command line argument: --add-opens=java.base/java.util.concurrent=ALL-UNNAMED
13-Apr-2025 19:12:26.996 INFO [main] org.apache.catalina.startup.VersionLoggerListener.log Command line argument: --add-opens=java.rmi/sun.rmi.transport=ALL-UNNAMED
13-Apr-2025 19:12:26.997 INFO [main] org.apache.catalina.startup.VersionLoggerListener.log Command line argument: -Dcatalina.home=C:\Program Files\Apache Software Foundation\Tomcat 9.0
13-Apr-2025 19:12:26.997 INFO [main] org.apache.catalina.startup.VersionLoggerListener.log Command line argument: -Dcatalina.base=C:\Users\OSHADHA\IdeaProjects\OOP-projectnew
13-Apr-2025 19:12:26.997 INFO [main] org.apache.catalina.startup.VersionLoggerListener.log Command line argument: -Djava.io.tmpdir=C:\Users\OSHADHA\IdeaProjects\OOP-projectnew\temp
13-Apr-2025 19:12:26.997 INFO [main] org.apache.catalina.startup.VersionLoggerListener.log Command line argument: -Djava.util.logging.config.file=C:\Users\OSHADHA\IdeaProjects\OOP-projectnew\conf\logging.properties
13-Apr-2025 19:12:26.997 INFO [main] org.apache.catalina.startup.VersionLoggerListener.log Command line argument: -Djava.util.logging.manager=org.apache.juli.ClassLoaderLogManager
13-Apr-2025 19:12:26.997 INFO [main] org.apache.catalina.startup.VersionLoggerListener.log Command line argument: -javaagent:C:\Program Files\JetBrains\IntelliJ IDEA 2024.3.5\lib\idea_rt.jar=54837
13-Apr-2025 19:12:26.997 INFO [main] org.apache.catalina.startup.VersionLoggerListener.log Command line argument: -Dfile.encoding=UTF-8
13-Apr-2025 19:12:26.997 INFO [main] org.apache.catalina.startup.VersionLoggerListener.log Command line argument: -Dsun.stdout.encoding=UTF-8
13-Apr-2025 19:12:26.997 INFO [main] org.apache.catalina.startup.VersionLoggerListener.log Command line argument: -Dsun.stderr.encoding=UTF-8
13-Apr-2025 19:12:27.002 INFO [main] org.apache.catalina.core.AprLifecycleListener.lifecycleEvent Loaded Apache Tomcat Native library [1.3.1] using APR version [1.7.4].
13-Apr-2025 19:12:27.002 INFO [main] org.apache.catalina.core.AprLifecycleListener.lifecycleEvent APR capabilities: IPv6 [true], sendfile [true], accept filters [false], random [true], UDS [true].
13-Apr-2025 19:12:27.003 INFO [main] org.apache.catalina.core.AprLifecycleListener.lifecycleEvent APR/OpenSSL configuration: useAprConnector [false], useOpenSSL [true]
13-Apr-2025 19:12:27.011 INFO [main] org.apache.catalina.core.AprLifecycleListener.initializeSSL OpenSSL successfully initialized [OpenSSL 3.0.14 4 Jun 2024]
13-Apr-2025 19:12:27.507 INFO [main] org.apache.coyote.AbstractProtocol.init Initializing ProtocolHandler ["http-nio-8080"]
13-Apr-2025 19:12:27.532 INFO [main] org.apache.catalina.startup.Catalina.load Server initialization in [1647] milliseconds
13-Apr-2025 19:12:27.593 INFO [main] org.apache.catalina.core.StandardService.startInternal Starting service [Catalina]
13-Apr-2025 19:12:27.593 INFO [main] org.apache.catalina.core.StandardEngine.startInternal Starting Servlet engine: [Apache Tomcat/9.0.102]
13-Apr-2025 19:12:27.603 INFO [main] org.apache.catalina.startup.HostConfig.deployDescriptor Deploying deployment descriptor [C:\Users\OSHADHA\IdeaProjects\OOP-projectnew\conf\Catalina\localhost\OOP-projectnew.xml]
13-Apr-2025 19:12:28.473 INFO [main] org.apache.catalina.startup.HostConfig.deployDescriptor Deployment of deployment descriptor [C:\Users\OSHADHA\IdeaProjects\OOP-projectnew\conf\Catalina\localhost\OOP-projectnew.xml] has finished in [869] ms
13-Apr-2025 19:12:28.476 INFO [main] org.apache.coyote.AbstractProtocol.start Starting ProtocolHandler ["http-nio-8080"]
13-Apr-2025 19:12:28.499 INFO [main] org.apache.catalina.startup.Catalina.start Server startup in [965] milliseconds
13-Apr-2025 19:44:22.702 INFO [Thread-1] org.apache.coyote.AbstractProtocol.pause Pausing ProtocolHandler ["http-nio-8080"]
13-Apr-2025 19:44:22.712 INFO [Thread-1] org.apache.catalina.core.StandardService.stopInternal Stopping service [Catalina]
13-Apr-2025 19:44:22.727 INFO [Thread-1] org.apache.coyote.AbstractProtocol.stop Stopping ProtocolHandler ["http-nio-8080"]
13-Apr-2025 19:44:22.743 INFO [Thread-1] org.apache.coyote.AbstractProtocol.destroy Destroying ProtocolHandler ["http-nio-8080"]
13-Apr-2025 19:44:25.444 INFO [main] org.apache.catalina.startup.VersionLoggerListener.log Server version name:   Apache Tomcat/9.0.102
13-Apr-2025 19:44:25.450 INFO [main] org.apache.catalina.startup.VersionLoggerListener.log Server built:          Mar 3 2025 19:33:14 UTC
13-Apr-2025 19:44:25.450 INFO [main] org.apache.catalina.startup.VersionLoggerListener.log Server version number: 9.0.102.0
13-Apr-2025 19:44:25.450 INFO [main] org.apache.catalina.startup.VersionLoggerListener.log OS Name:               Windows 10
13-Apr-2025 19:44:25.450 INFO [main] org.apache.catalina.startup.VersionLoggerListener.log OS Version:            10.0
13-Apr-2025 19:44:25.450 INFO [main] org.apache.catalina.startup.VersionLoggerListener.log Architecture:          amd64
13-Apr-2025 19:44:25.450 INFO [main] org.apache.catalina.startup.VersionLoggerListener.log Java Home:             C:\Program Files\Java\jdk-22
13-Apr-2025 19:44:25.451 INFO [main] org.apache.catalina.startup.VersionLoggerListener.log JVM Version:           22.0.1+8-16
13-Apr-2025 19:44:25.451 INFO [main] org.apache.catalina.startup.VersionLoggerListener.log JVM Vendor:            Oracle Corporation
13-Apr-2025 19:44:25.451 INFO [main] org.apache.catalina.startup.VersionLoggerListener.log CATALINA_BASE:         C:\Users\OSHADHA\IdeaProjects\OOP-projectnew
13-Apr-2025 19:44:25.451 INFO [main] org.apache.catalina.startup.VersionLoggerListener.log CATALINA_HOME:         C:\Program Files\Apache Software Foundation\Tomcat 9.0
13-Apr-2025 19:44:25.459 INFO [main] org.apache.catalina.startup.VersionLoggerListener.log Command line argument: --add-opens=java.base/java.lang=ALL-UNNAMED
13-Apr-2025 19:44:25.459 INFO [main] org.apache.catalina.startup.VersionLoggerListener.log Command line argument: --add-opens=java.base/java.io=ALL-UNNAMED
13-Apr-2025 19:44:25.459 INFO [main] org.apache.catalina.startup.VersionLoggerListener.log Command line argument: --add-opens=java.base/java.util=ALL-UNNAMED
13-Apr-2025 19:44:25.459 INFO [main] org.apache.catalina.startup.VersionLoggerListener.log Command line argument: --add-opens=java.base/java.util.concurrent=ALL-UNNAMED
13-Apr-2025 19:44:25.459 INFO [main] org.apache.catalina.startup.VersionLoggerListener.log Command line argument: --add-opens=java.rmi/sun.rmi.transport=ALL-UNNAMED
13-Apr-2025 19:44:25.459 INFO [main] org.apache.catalina.startup.VersionLoggerListener.log Command line argument: -Dcatalina.home=C:\Program Files\Apache Software Foundation\Tomcat 9.0
13-Apr-2025 19:44:25.459 INFO [main] org.apache.catalina.startup.VersionLoggerListener.log Command line argument: -Dcatalina.base=C:\Users\OSHADHA\IdeaProjects\OOP-projectnew
13-Apr-2025 19:44:25.459 INFO [main] org.apache.catalina.startup.VersionLoggerListener.log Command line argument: -Djava.io.tmpdir=C:\Users\OSHADHA\IdeaProjects\OOP-projectnew\temp
13-Apr-2025 19:44:25.459 INFO [main] org.apache.catalina.startup.VersionLoggerListener.log Command line argument: -Djava.util.logging.config.file=C:\Users\OSHADHA\IdeaProjects\OOP-projectnew\conf\logging.properties
13-Apr-2025 19:44:25.460 INFO [main] org.apache.catalina.startup.VersionLoggerListener.log Command line argument: -Djava.util.logging.manager=org.apache.juli.ClassLoaderLogManager
13-Apr-2025 19:44:25.460 INFO [main] org.apache.catalina.startup.VersionLoggerListener.log Command line argument: -javaagent:C:\Program Files\JetBrains\IntelliJ IDEA 2024.3.5\lib\idea_rt.jar=55587
13-Apr-2025 19:44:25.460 INFO [main] org.apache.catalina.startup.VersionLoggerListener.log Command line argument: -Dfile.encoding=UTF-8
13-Apr-2025 19:44:25.460 INFO [main] org.apache.catalina.startup.VersionLoggerListener.log Command line argument: -Dsun.stdout.encoding=UTF-8
13-Apr-2025 19:44:25.460 INFO [main] org.apache.catalina.startup.VersionLoggerListener.log Command line argument: -Dsun.stderr.encoding=UTF-8
13-Apr-2025 19:44:25.464 INFO [main] org.apache.catalina.core.AprLifecycleListener.lifecycleEvent Loaded Apache Tomcat Native library [1.3.1] using APR version [1.7.4].
13-Apr-2025 19:44:25.464 INFO [main] org.apache.catalina.core.AprLifecycleListener.lifecycleEvent APR capabilities: IPv6 [true], sendfile [true], accept filters [false], random [true], UDS [true].
13-Apr-2025 19:44:25.464 INFO [main] org.apache.catalina.core.AprLifecycleListener.lifecycleEvent APR/OpenSSL configuration: useAprConnector [false], useOpenSSL [true]
13-Apr-2025 19:44:25.472 INFO [main] org.apache.catalina.core.AprLifecycleListener.initializeSSL OpenSSL successfully initialized [OpenSSL 3.0.14 4 Jun 2024]
13-Apr-2025 19:44:25.961 INFO [main] org.apache.coyote.AbstractProtocol.init Initializing ProtocolHandler ["http-nio-8080"]
13-Apr-2025 19:44:25.990 INFO [main] org.apache.catalina.startup.Catalina.load Server initialization in [854] milliseconds
13-Apr-2025 19:44:26.057 INFO [main] org.apache.catalina.core.StandardService.startInternal Starting service [Catalina]
13-Apr-2025 19:44:26.057 INFO [main] org.apache.catalina.core.StandardEngine.startInternal Starting Servlet engine: [Apache Tomcat/9.0.102]
13-Apr-2025 19:44:26.068 INFO [main] org.apache.catalina.startup.HostConfig.deployDescriptor Deploying deployment descriptor [C:\Users\OSHADHA\IdeaProjects\OOP-projectnew\conf\Catalina\localhost\OOP-projectnew.xml]
13-Apr-2025 19:44:26.709 INFO [main] org.apache.catalina.startup.HostConfig.deployDescriptor Deployment of deployment descriptor [C:\Users\OSHADHA\IdeaProjects\OOP-projectnew\conf\Catalina\localhost\OOP-projectnew.xml] has finished in [641] ms
13-Apr-2025 19:44:26.712 INFO [main] org.apache.coyote.AbstractProtocol.start Starting ProtocolHandler ["http-nio-8080"]
13-Apr-2025 19:44:26.731 INFO [main] org.apache.catalina.startup.Catalina.start Server startup in [738] milliseconds
13-Apr-2025 19:46:34.877 INFO [Thread-1] org.apache.coyote.AbstractProtocol.pause Pausing ProtocolHandler ["http-nio-8080"]
13-Apr-2025 19:46:34.887 INFO [Thread-1] org.apache.catalina.core.StandardService.stopInternal Stopping service [Catalina]
13-Apr-2025 19:46:34.898 INFO [Thread-1] org.apache.coyote.AbstractProtocol.stop Stopping ProtocolHandler ["http-nio-8080"]
13-Apr-2025 19:46:34.901 INFO [Thread-1] org.apache.coyote.AbstractProtocol.destroy Destroying ProtocolHandler ["http-nio-8080"]
13-Apr-2025 19:46:37.126 INFO [main] org.apache.catalina.startup.VersionLoggerListener.log Server version name:   Apache Tomcat/9.0.102
13-Apr-2025 19:46:37.130 INFO [main] org.apache.catalina.startup.VersionLoggerListener.log Server built:          Mar 3 2025 19:33:14 UTC
13-Apr-2025 19:46:37.131 INFO [main] org.apache.catalina.startup.VersionLoggerListener.log Server version number: 9.0.102.0
13-Apr-2025 19:46:37.131 INFO [main] org.apache.catalina.startup.VersionLoggerListener.log OS Name:               Windows 10
13-Apr-2025 19:46:37.131 INFO [main] org.apache.catalina.startup.VersionLoggerListener.log OS Version:            10.0
13-Apr-2025 19:46:37.131 INFO [main] org.apache.catalina.startup.VersionLoggerListener.log Architecture:          amd64
13-Apr-2025 19:46:37.131 INFO [main] org.apache.catalina.startup.VersionLoggerListener.log Java Home:             C:\Program Files\Java\jdk-22
13-Apr-2025 19:46:37.131 INFO [main] org.apache.catalina.startup.VersionLoggerListener.log JVM Version:           22.0.1+8-16
13-Apr-2025 19:46:37.131 INFO [main] org.apache.catalina.startup.VersionLoggerListener.log JVM Vendor:            Oracle Corporation
13-Apr-2025 19:46:37.132 INFO [main] org.apache.catalina.startup.VersionLoggerListener.log CATALINA_BASE:         C:\Users\OSHADHA\IdeaProjects\OOP-projectnew
13-Apr-2025 19:46:37.132 INFO [main] org.apache.catalina.startup.VersionLoggerListener.log CATALINA_HOME:         C:\Program Files\Apache Software Foundation\Tomcat 9.0
13-Apr-2025 19:46:37.142 INFO [main] org.apache.catalina.startup.VersionLoggerListener.log Command line argument: --add-opens=java.base/java.lang=ALL-UNNAMED
13-Apr-2025 19:46:37.142 INFO [main] org.apache.catalina.startup.VersionLoggerListener.log Command line argument: --add-opens=java.base/java.io=ALL-UNNAMED
13-Apr-2025 19:46:37.142 INFO [main] org.apache.catalina.startup.VersionLoggerListener.log Command line argument: --add-opens=java.base/java.util=ALL-UNNAMED
13-Apr-2025 19:46:37.142 INFO [main] org.apache.catalina.startup.VersionLoggerListener.log Command line argument: --add-opens=java.base/java.util.concurrent=ALL-UNNAMED
13-Apr-2025 19:46:37.143 INFO [main] org.apache.catalina.startup.VersionLoggerListener.log Command line argument: --add-opens=java.rmi/sun.rmi.transport=ALL-UNNAMED
13-Apr-2025 19:46:37.143 INFO [main] org.apache.catalina.startup.VersionLoggerListener.log Command line argument: -Dcatalina.home=C:\Program Files\Apache Software Foundation\Tomcat 9.0
13-Apr-2025 19:46:37.143 INFO [main] org.apache.catalina.startup.VersionLoggerListener.log Command line argument: -Dcatalina.base=C:\Users\OSHADHA\IdeaProjects\OOP-projectnew
13-Apr-2025 19:46:37.143 INFO [main] org.apache.catalina.startup.VersionLoggerListener.log Command line argument: -Djava.io.tmpdir=C:\Users\OSHADHA\IdeaProjects\OOP-projectnew\temp
13-Apr-2025 19:46:37.143 INFO [main] org.apache.catalina.startup.VersionLoggerListener.log Command line argument: -Djava.util.logging.config.file=C:\Users\OSHADHA\IdeaProjects\OOP-projectnew\conf\logging.properties
13-Apr-2025 19:46:37.143 INFO [main] org.apache.catalina.startup.VersionLoggerListener.log Command line argument: -Djava.util.logging.manager=org.apache.juli.ClassLoaderLogManager
13-Apr-2025 19:46:37.143 INFO [main] org.apache.catalina.startup.VersionLoggerListener.log Command line argument: -javaagent:C:\Program Files\JetBrains\IntelliJ IDEA 2024.3.5\lib\idea_rt.jar=55620
13-Apr-2025 19:46:37.143 INFO [main] org.apache.catalina.startup.VersionLoggerListener.log Command line argument: -Dfile.encoding=UTF-8
13-Apr-2025 19:46:37.143 INFO [main] org.apache.catalina.startup.VersionLoggerListener.log Command line argument: -Dsun.stdout.encoding=UTF-8
13-Apr-2025 19:46:37.143 INFO [main] org.apache.catalina.startup.VersionLoggerListener.log Command line argument: -Dsun.stderr.encoding=UTF-8
13-Apr-2025 19:46:37.148 INFO [main] org.apache.catalina.core.AprLifecycleListener.lifecycleEvent Loaded Apache Tomcat Native library [1.3.1] using APR version [1.7.4].
13-Apr-2025 19:46:37.148 INFO [main] org.apache.catalina.core.AprLifecycleListener.lifecycleEvent APR capabilities: IPv6 [true], sendfile [true], accept filters [false], random [true], UDS [true].
13-Apr-2025 19:46:37.148 INFO [main] org.apache.catalina.core.AprLifecycleListener.lifecycleEvent APR/OpenSSL configuration: useAprConnector [false], useOpenSSL [true]
13-Apr-2025 19:46:37.157 INFO [main] org.apache.catalina.core.AprLifecycleListener.initializeSSL OpenSSL successfully initialized [OpenSSL 3.0.14 4 Jun 2024]
13-Apr-2025 19:46:37.615 INFO [main] org.apache.coyote.AbstractProtocol.init Initializing ProtocolHandler ["http-nio-8080"]
13-Apr-2025 19:46:37.641 INFO [main] org.apache.catalina.startup.Catalina.load Server initialization in [1312] milliseconds
13-Apr-2025 19:46:37.708 INFO [main] org.apache.catalina.core.StandardService.startInternal Starting service [Catalina]
13-Apr-2025 19:46:37.708 INFO [main] org.apache.catalina.core.StandardEngine.startInternal Starting Servlet engine: [Apache Tomcat/9.0.102]
13-Apr-2025 19:46:37.719 INFO [main] org.apache.catalina.startup.HostConfig.deployDescriptor Deploying deployment descriptor [C:\Users\OSHADHA\IdeaProjects\OOP-projectnew\conf\Catalina\localhost\OOP-projectnew.xml]
13-Apr-2025 19:46:38.419 INFO [main] org.apache.catalina.startup.HostConfig.deployDescriptor Deployment of deployment descriptor [C:\Users\OSHADHA\IdeaProjects\OOP-projectnew\conf\Catalina\localhost\OOP-projectnew.xml] has finished in [700] ms
13-Apr-2025 19:46:38.423 INFO [main] org.apache.coyote.AbstractProtocol.start Starting ProtocolHandler ["http-nio-8080"]
13-Apr-2025 19:46:38.444 INFO [main] org.apache.catalina.startup.Catalina.start Server startup in [801] milliseconds
13-Apr-2025 19:47:46.667 INFO [Thread-1] org.apache.coyote.AbstractProtocol.pause Pausing ProtocolHandler ["http-nio-8080"]
13-Apr-2025 19:47:46.678 INFO [Thread-1] org.apache.catalina.core.StandardService.stopInternal Stopping service [Catalina]
13-Apr-2025 19:47:46.691 INFO [Thread-1] org.apache.coyote.AbstractProtocol.stop Stopping ProtocolHandler ["http-nio-8080"]
13-Apr-2025 19:47:46.716 INFO [Thread-1] org.apache.coyote.AbstractProtocol.destroy Destroying ProtocolHandler ["http-nio-8080"]
13-Apr-2025 19:47:48.528 INFO [main] org.apache.catalina.startup.VersionLoggerListener.log Server version name:   Apache Tomcat/9.0.102
13-Apr-2025 19:47:48.533 INFO [main] org.apache.catalina.startup.VersionLoggerListener.log Server built:          Mar 3 2025 19:33:14 UTC
13-Apr-2025 19:47:48.533 INFO [main] org.apache.catalina.startup.VersionLoggerListener.log Server version number: 9.0.102.0
13-Apr-2025 19:47:48.533 INFO [main] org.apache.catalina.startup.VersionLoggerListener.log OS Name:               Windows 10
13-Apr-2025 19:47:48.534 INFO [main] org.apache.catalina.startup.VersionLoggerListener.log OS Version:            10.0
13-Apr-2025 19:47:48.534 INFO [main] org.apache.catalina.startup.VersionLoggerListener.log Architecture:          amd64
13-Apr-2025 19:47:48.534 INFO [main] org.apache.catalina.startup.VersionLoggerListener.log Java Home:             C:\Program Files\Java\jdk-22
13-Apr-2025 19:47:48.534 INFO [main] org.apache.catalina.startup.VersionLoggerListener.log JVM Version:           22.0.1+8-16
13-Apr-2025 19:47:48.534 INFO [main] org.apache.catalina.startup.VersionLoggerListener.log JVM Vendor:            Oracle Corporation
13-Apr-2025 19:47:48.534 INFO [main] org.apache.catalina.startup.VersionLoggerListener.log CATALINA_BASE:         C:\Users\OSHADHA\IdeaProjects\OOP-projectnew
13-Apr-2025 19:47:48.534 INFO [main] org.apache.catalina.startup.VersionLoggerListener.log CATALINA_HOME:         C:\Program Files\Apache Software Foundation\Tomcat 9.0
13-Apr-2025 19:47:48.543 INFO [main] org.apache.catalina.startup.VersionLoggerListener.log Command line argument: --add-opens=java.base/java.lang=ALL-UNNAMED
13-Apr-2025 19:47:48.543 INFO [main] org.apache.catalina.startup.VersionLoggerListener.log Command line argument: --add-opens=java.base/java.io=ALL-UNNAMED
13-Apr-2025 19:47:48.543 INFO [main] org.apache.catalina.startup.VersionLoggerListener.log Command line argument: --add-opens=java.base/java.util=ALL-UNNAMED
13-Apr-2025 19:47:48.544 INFO [main] org.apache.catalina.startup.VersionLoggerListener.log Command line argument: --add-opens=java.base/java.util.concurrent=ALL-UNNAMED
13-Apr-2025 19:47:48.544 INFO [main] org.apache.catalina.startup.VersionLoggerListener.log Command line argument: --add-opens=java.rmi/sun.rmi.transport=ALL-UNNAMED
13-Apr-2025 19:47:48.544 INFO [main] org.apache.catalina.startup.VersionLoggerListener.log Command line argument: -Dcatalina.home=C:\Program Files\Apache Software Foundation\Tomcat 9.0
13-Apr-2025 19:47:48.544 INFO [main] org.apache.catalina.startup.VersionLoggerListener.log Command line argument: -Dcatalina.base=C:\Users\OSHADHA\IdeaProjects\OOP-projectnew
13-Apr-2025 19:47:48.544 INFO [main] org.apache.catalina.startup.VersionLoggerListener.log Command line argument: -Djava.io.tmpdir=C:\Users\OSHADHA\IdeaProjects\OOP-projectnew\temp
13-Apr-2025 19:47:48.544 INFO [main] org.apache.catalina.startup.VersionLoggerListener.log Command line argument: -Djava.util.logging.config.file=C:\Users\OSHADHA\IdeaProjects\OOP-projectnew\conf\logging.properties
13-Apr-2025 19:47:48.544 INFO [main] org.apache.catalina.startup.VersionLoggerListener.log Command line argument: -Djava.util.logging.manager=org.apache.juli.ClassLoaderLogManager
13-Apr-2025 19:47:48.544 INFO [main] org.apache.catalina.startup.VersionLoggerListener.log Command line argument: -javaagent:C:\Program Files\JetBrains\IntelliJ IDEA 2024.3.5\lib\idea_rt.jar=55630
13-Apr-2025 19:47:48.545 INFO [main] org.apache.catalina.startup.VersionLoggerListener.log Command line argument: -Dfile.encoding=UTF-8
13-Apr-2025 19:47:48.545 INFO [main] org.apache.catalina.startup.VersionLoggerListener.log Command line argument: -Dsun.stdout.encoding=UTF-8
13-Apr-2025 19:47:48.545 INFO [main] org.apache.catalina.startup.VersionLoggerListener.log Command line argument: -Dsun.stderr.encoding=UTF-8
13-Apr-2025 19:47:48.548 INFO [main] org.apache.catalina.core.AprLifecycleListener.lifecycleEvent Loaded Apache Tomcat Native library [1.3.1] using APR version [1.7.4].
13-Apr-2025 19:47:48.548 INFO [main] org.apache.catalina.core.AprLifecycleListener.lifecycleEvent APR capabilities: IPv6 [true], sendfile [true], accept filters [false], random [true], UDS [true].
13-Apr-2025 19:47:48.548 INFO [main] org.apache.catalina.core.AprLifecycleListener.lifecycleEvent APR/OpenSSL configuration: useAprConnector [false], useOpenSSL [true]
13-Apr-2025 19:47:48.555 INFO [main] org.apache.catalina.core.AprLifecycleListener.initializeSSL OpenSSL successfully initialized [OpenSSL 3.0.14 4 Jun 2024]
13-Apr-2025 19:47:49.043 INFO [main] org.apache.coyote.AbstractProtocol.init Initializing ProtocolHandler ["http-nio-8080"]
13-Apr-2025 19:47:49.065 INFO [main] org.apache.catalina.startup.Catalina.load Server initialization in [923] milliseconds
13-Apr-2025 19:47:49.126 INFO [main] org.apache.catalina.core.StandardService.startInternal Starting service [Catalina]
13-Apr-2025 19:47:49.127 INFO [main] org.apache.catalina.core.StandardEngine.startInternal Starting Servlet engine: [Apache Tomcat/9.0.102]
13-Apr-2025 19:47:49.141 INFO [main] org.apache.catalina.startup.HostConfig.deployDescriptor Deploying deployment descriptor [C:\Users\OSHADHA\IdeaProjects\OOP-projectnew\conf\Catalina\localhost\OOP-projectnew.xml]
13-Apr-2025 19:47:49.937 INFO [main] org.apache.catalina.startup.HostConfig.deployDescriptor Deployment of deployment descriptor [C:\Users\OSHADHA\IdeaProjects\OOP-projectnew\conf\Catalina\localhost\OOP-projectnew.xml] has finished in [795] ms
13-Apr-2025 19:47:49.940 INFO [main] org.apache.coyote.AbstractProtocol.start Starting ProtocolHandler ["http-nio-8080"]
13-Apr-2025 19:47:49.964 INFO [main] org.apache.catalina.startup.Catalina.start Server startup in [896] milliseconds
13-Apr-2025 19:49:10.615 INFO [Thread-1] org.apache.coyote.AbstractProtocol.pause Pausing ProtocolHandler ["http-nio-8080"]
13-Apr-2025 19:49:10.626 INFO [Thread-1] org.apache.catalina.core.StandardService.stopInternal Stopping service [Catalina]
13-Apr-2025 19:49:10.635 INFO [Thread-1] org.apache.coyote.AbstractProtocol.stop Stopping ProtocolHandler ["http-nio-8080"]
13-Apr-2025 19:49:10.638 INFO [Thread-1] org.apache.coyote.AbstractProtocol.destroy Destroying ProtocolHandler ["http-nio-8080"]
13-Apr-2025 19:49:12.430 INFO [main] org.apache.catalina.startup.VersionLoggerListener.log Server version name:   Apache Tomcat/9.0.102
13-Apr-2025 19:49:12.433 INFO [main] org.apache.catalina.startup.VersionLoggerListener.log Server built:          Mar 3 2025 19:33:14 UTC
13-Apr-2025 19:49:12.434 INFO [main] org.apache.catalina.startup.VersionLoggerListener.log Server version number: 9.0.102.0
13-Apr-2025 19:49:12.434 INFO [main] org.apache.catalina.startup.VersionLoggerListener.log OS Name:               Windows 10
13-Apr-2025 19:49:12.434 INFO [main] org.apache.catalina.startup.VersionLoggerListener.log OS Version:            10.0
13-Apr-2025 19:49:12.434 INFO [main] org.apache.catalina.startup.VersionLoggerListener.log Architecture:          amd64
13-Apr-2025 19:49:12.434 INFO [main] org.apache.catalina.startup.VersionLoggerListener.log Java Home:             C:\Program Files\Java\jdk-22
13-Apr-2025 19:49:12.434 INFO [main] org.apache.catalina.startup.VersionLoggerListener.log JVM Version:           22.0.1+8-16
13-Apr-2025 19:49:12.434 INFO [main] org.apache.catalina.startup.VersionLoggerListener.log JVM Vendor:            Oracle Corporation
13-Apr-2025 19:49:12.434 INFO [main] org.apache.catalina.startup.VersionLoggerListener.log CATALINA_BASE:         C:\Users\OSHADHA\IdeaProjects\OOP-projectnew
13-Apr-2025 19:49:12.434 INFO [main] org.apache.catalina.startup.VersionLoggerListener.log CATALINA_HOME:         C:\Program Files\Apache Software Foundation\Tomcat 9.0
13-Apr-2025 19:49:12.445 INFO [main] org.apache.catalina.startup.VersionLoggerListener.log Command line argument: --add-opens=java.base/java.lang=ALL-UNNAMED
13-Apr-2025 19:49:12.445 INFO [main] org.apache.catalina.startup.VersionLoggerListener.log Command line argument: --add-opens=java.base/java.io=ALL-UNNAMED
13-Apr-2025 19:49:12.445 INFO [main] org.apache.catalina.startup.VersionLoggerListener.log Command line argument: --add-opens=java.base/java.util=ALL-UNNAMED
13-Apr-2025 19:49:12.446 INFO [main] org.apache.catalina.startup.VersionLoggerListener.log Command line argument: --add-opens=java.base/java.util.concurrent=ALL-UNNAMED
13-Apr-2025 19:49:12.446 INFO [main] org.apache.catalina.startup.VersionLoggerListener.log Command line argument: --add-opens=java.rmi/sun.rmi.transport=ALL-UNNAMED
13-Apr-2025 19:49:12.446 INFO [main] org.apache.catalina.startup.VersionLoggerListener.log Command line argument: -Dcatalina.home=C:\Program Files\Apache Software Foundation\Tomcat 9.0
13-Apr-2025 19:49:12.446 INFO [main] org.apache.catalina.startup.VersionLoggerListener.log Command line argument: -Dcatalina.base=C:\Users\OSHADHA\IdeaProjects\OOP-projectnew
13-Apr-2025 19:49:12.446 INFO [main] org.apache.catalina.startup.VersionLoggerListener.log Command line argument: -Djava.io.tmpdir=C:\Users\OSHADHA\IdeaProjects\OOP-projectnew\temp
13-Apr-2025 19:49:12.446 INFO [main] org.apache.catalina.startup.VersionLoggerListener.log Command line argument: -Djava.util.logging.config.file=C:\Users\OSHADHA\IdeaProjects\OOP-projectnew\conf\logging.properties
13-Apr-2025 19:49:12.446 INFO [main] org.apache.catalina.startup.VersionLoggerListener.log Command line argument: -Djava.util.logging.manager=org.apache.juli.ClassLoaderLogManager
13-Apr-2025 19:49:12.446 INFO [main] org.apache.catalina.startup.VersionLoggerListener.log Command line argument: -javaagent:C:\Program Files\JetBrains\IntelliJ IDEA 2024.3.5\lib\idea_rt.jar=55656
13-Apr-2025 19:49:12.446 INFO [main] org.apache.catalina.startup.VersionLoggerListener.log Command line argument: -Dfile.encoding=UTF-8
13-Apr-2025 19:49:12.446 INFO [main] org.apache.catalina.startup.VersionLoggerListener.log Command line argument: -Dsun.stdout.encoding=UTF-8
13-Apr-2025 19:49:12.446 INFO [main] org.apache.catalina.startup.VersionLoggerListener.log Command line argument: -Dsun.stderr.encoding=UTF-8
13-Apr-2025 19:49:12.450 INFO [main] org.apache.catalina.core.AprLifecycleListener.lifecycleEvent Loaded Apache Tomcat Native library [1.3.1] using APR version [1.7.4].
13-Apr-2025 19:49:12.450 INFO [main] org.apache.catalina.core.AprLifecycleListener.lifecycleEvent APR capabilities: IPv6 [true], sendfile [true], accept filters [false], random [true], UDS [true].
13-Apr-2025 19:49:12.450 INFO [main] org.apache.catalina.core.AprLifecycleListener.lifecycleEvent APR/OpenSSL configuration: useAprConnector [false], useOpenSSL [true]
13-Apr-2025 19:49:12.459 INFO [main] org.apache.catalina.core.AprLifecycleListener.initializeSSL OpenSSL successfully initialized [OpenSSL 3.0.14 4 Jun 2024]
13-Apr-2025 19:49:12.927 INFO [main] org.apache.coyote.AbstractProtocol.init Initializing ProtocolHandler ["http-nio-8080"]
13-Apr-2025 19:49:12.949 INFO [main] org.apache.catalina.startup.Catalina.load Server initialization in [880] milliseconds
13-Apr-2025 19:49:13.010 INFO [main] org.apache.catalina.core.StandardService.startInternal Starting service [Catalina]
13-Apr-2025 19:49:13.011 INFO [main] org.apache.catalina.core.StandardEngine.startInternal Starting Servlet engine: [Apache Tomcat/9.0.102]
13-Apr-2025 19:49:13.020 INFO [main] org.apache.catalina.startup.HostConfig.deployDescriptor Deploying deployment descriptor [C:\Users\OSHADHA\IdeaProjects\OOP-projectnew\conf\Catalina\localhost\OOP-projectnew.xml]
13-Apr-2025 19:49:13.697 INFO [main] org.apache.catalina.startup.HostConfig.deployDescriptor Deployment of deployment descriptor [C:\Users\OSHADHA\IdeaProjects\OOP-projectnew\conf\Catalina\localhost\OOP-projectnew.xml] has finished in [677] ms
13-Apr-2025 19:49:13.700 INFO [main] org.apache.coyote.AbstractProtocol.start Starting ProtocolHandler ["http-nio-8080"]
13-Apr-2025 19:49:13.719 INFO [main] org.apache.catalina.startup.Catalina.start Server startup in [768] milliseconds
13-Apr-2025 19:49:47.077 INFO [Thread-1] org.apache.coyote.AbstractProtocol.pause Pausing ProtocolHandler ["http-nio-8080"]
13-Apr-2025 19:49:47.088 INFO [Thread-1] org.apache.catalina.core.StandardService.stopInternal Stopping service [Catalina]
13-Apr-2025 19:49:47.098 INFO [Thread-1] org.apache.coyote.AbstractProtocol.stop Stopping ProtocolHandler ["http-nio-8080"]
13-Apr-2025 19:49:47.101 INFO [Thread-1] org.apache.coyote.AbstractProtocol.destroy Destroying ProtocolHandler ["http-nio-8080"]
13-Apr-2025 19:49:50.026 INFO [main] org.apache.catalina.startup.VersionLoggerListener.log Server version name:   Apache Tomcat/9.0.102
13-Apr-2025 19:49:50.031 INFO [main] org.apache.catalina.startup.VersionLoggerListener.log Server built:          Mar 3 2025 19:33:14 UTC
13-Apr-2025 19:49:50.032 INFO [main] org.apache.catalina.startup.VersionLoggerListener.log Server version number: 9.0.102.0
13-Apr-2025 19:49:50.032 INFO [main] org.apache.catalina.startup.VersionLoggerListener.log OS Name:               Windows 10
13-Apr-2025 19:49:50.032 INFO [main] org.apache.catalina.startup.VersionLoggerListener.log OS Version:            10.0
13-Apr-2025 19:49:50.032 INFO [main] org.apache.catalina.startup.VersionLoggerListener.log Architecture:          amd64
13-Apr-2025 19:49:50.032 INFO [main] org.apache.catalina.startup.VersionLoggerListener.log Java Home:             C:\Program Files\Java\jdk-22
13-Apr-2025 19:49:50.032 INFO [main] org.apache.catalina.startup.VersionLoggerListener.log JVM Version:           22.0.1+8-16
13-Apr-2025 19:49:50.033 INFO [main] org.apache.catalina.startup.VersionLoggerListener.log JVM Vendor:            Oracle Corporation
13-Apr-2025 19:49:50.033 INFO [main] org.apache.catalina.startup.VersionLoggerListener.log CATALINA_BASE:         C:\Users\OSHADHA\IdeaProjects\OOP-projectnew
13-Apr-2025 19:49:50.033 INFO [main] org.apache.catalina.startup.VersionLoggerListener.log CATALINA_HOME:         C:\Program Files\Apache Software Foundation\Tomcat 9.0
13-Apr-2025 19:49:50.046 INFO [main] org.apache.catalina.startup.VersionLoggerListener.log Command line argument: --add-opens=java.base/java.lang=ALL-UNNAMED
13-Apr-2025 19:49:50.046 INFO [main] org.apache.catalina.startup.VersionLoggerListener.log Command line argument: --add-opens=java.base/java.io=ALL-UNNAMED
13-Apr-2025 19:49:50.046 INFO [main] org.apache.catalina.startup.VersionLoggerListener.log Command line argument: --add-opens=java.base/java.util=ALL-UNNAMED
13-Apr-2025 19:49:50.046 INFO [main] org.apache.catalina.startup.VersionLoggerListener.log Command line argument: --add-opens=java.base/java.util.concurrent=ALL-UNNAMED
13-Apr-2025 19:49:50.046 INFO [main] org.apache.catalina.startup.VersionLoggerListener.log Command line argument: --add-opens=java.rmi/sun.rmi.transport=ALL-UNNAMED
13-Apr-2025 19:49:50.047 INFO [main] org.apache.catalina.startup.VersionLoggerListener.log Command line argument: -Dcatalina.home=C:\Program Files\Apache Software Foundation\Tomcat 9.0
13-Apr-2025 19:49:50.047 INFO [main] org.apache.catalina.startup.VersionLoggerListener.log Command line argument: -Dcatalina.base=C:\Users\OSHADHA\IdeaProjects\OOP-projectnew
13-Apr-2025 19:49:50.047 INFO [main] org.apache.catalina.startup.VersionLoggerListener.log Command line argument: -Djava.io.tmpdir=C:\Users\OSHADHA\IdeaProjects\OOP-projectnew\temp
13-Apr-2025 19:49:50.047 INFO [main] org.apache.catalina.startup.VersionLoggerListener.log Command line argument: -Djava.util.logging.config.file=C:\Users\OSHADHA\IdeaProjects\OOP-projectnew\conf\logging.properties
13-Apr-2025 19:49:50.047 INFO [main] org.apache.catalina.startup.VersionLoggerListener.log Command line argument: -Djava.util.logging.manager=org.apache.juli.ClassLoaderLogManager
13-Apr-2025 19:49:50.047 INFO [main] org.apache.catalina.startup.VersionLoggerListener.log Command line argument: -javaagent:C:\Program Files\JetBrains\IntelliJ IDEA 2024.3.5\lib\idea_rt.jar=55672
13-Apr-2025 19:49:50.047 INFO [main] org.apache.catalina.startup.VersionLoggerListener.log Command line argument: -Dfile.encoding=UTF-8
13-Apr-2025 19:49:50.048 INFO [main] org.apache.catalina.startup.VersionLoggerListener.log Command line argument: -Dsun.stdout.encoding=UTF-8
13-Apr-2025 19:49:50.048 INFO [main] org.apache.catalina.startup.VersionLoggerListener.log Command line argument: -Dsun.stderr.encoding=UTF-8
13-Apr-2025 19:49:50.053 INFO [main] org.apache.catalina.core.AprLifecycleListener.lifecycleEvent Loaded Apache Tomcat Native library [1.3.1] using APR version [1.7.4].
13-Apr-2025 19:49:50.053 INFO [main] org.apache.catalina.core.AprLifecycleListener.lifecycleEvent APR capabilities: IPv6 [true], sendfile [true], accept filters [false], random [true], UDS [true].
13-Apr-2025 19:49:50.053 INFO [main] org.apache.catalina.core.AprLifecycleListener.lifecycleEvent APR/OpenSSL configuration: useAprConnector [false], useOpenSSL [true]
13-Apr-2025 19:49:50.063 INFO [main] org.apache.catalina.core.AprLifecycleListener.initializeSSL OpenSSL successfully initialized [OpenSSL 3.0.14 4 Jun 2024]
13-Apr-2025 19:49:50.554 INFO [main] org.apache.coyote.AbstractProtocol.init Initializing ProtocolHandler ["http-nio-8080"]
13-Apr-2025 19:49:50.581 INFO [main] org.apache.catalina.startup.Catalina.load Server initialization in [863] milliseconds
13-Apr-2025 19:49:50.646 INFO [main] org.apache.catalina.core.StandardService.startInternal Starting service [Catalina]
13-Apr-2025 19:49:50.646 INFO [main] org.apache.catalina.core.StandardEngine.startInternal Starting Servlet engine: [Apache Tomcat/9.0.102]
13-Apr-2025 19:49:50.656 INFO [main] org.apache.catalina.startup.HostConfig.deployDescriptor Deploying deployment descriptor [C:\Users\OSHADHA\IdeaProjects\OOP-projectnew\conf\Catalina\localhost\OOP-projectnew.xml]
13-Apr-2025 19:49:51.315 INFO [main] org.apache.catalina.startup.HostConfig.deployDescriptor Deployment of deployment descriptor [C:\Users\OSHADHA\IdeaProjects\OOP-projectnew\conf\Catalina\localhost\OOP-projectnew.xml] has finished in [659] ms
13-Apr-2025 19:49:51.318 INFO [main] org.apache.coyote.AbstractProtocol.start Starting ProtocolHandler ["http-nio-8080"]
13-Apr-2025 19:49:51.340 INFO [main] org.apache.catalina.startup.Catalina.start Server startup in [757] milliseconds
13-Apr-2025 19:50:51.041 INFO [Thread-1] org.apache.coyote.AbstractProtocol.pause Pausing ProtocolHandler ["http-nio-8080"]
13-Apr-2025 19:50:51.051 INFO [Thread-1] org.apache.catalina.core.StandardService.stopInternal Stopping service [Catalina]
13-Apr-2025 19:50:51.062 INFO [Thread-1] org.apache.coyote.AbstractProtocol.stop Stopping ProtocolHandler ["http-nio-8080"]
13-Apr-2025 19:50:51.089 INFO [Thread-1] org.apache.coyote.AbstractProtocol.destroy Destroying ProtocolHandler ["http-nio-8080"]
13-Apr-2025 19:50:53.318 INFO [main] org.apache.catalina.startup.VersionLoggerListener.log Server version name:   Apache Tomcat/9.0.102
13-Apr-2025 19:50:53.323 INFO [main] org.apache.catalina.startup.VersionLoggerListener.log Server built:          Mar 3 2025 19:33:14 UTC
13-Apr-2025 19:50:53.323 INFO [main] org.apache.catalina.startup.VersionLoggerListener.log Server version number: 9.0.102.0
13-Apr-2025 19:50:53.323 INFO [main] org.apache.catalina.startup.VersionLoggerListener.log OS Name:               Windows 10
13-Apr-2025 19:50:53.323 INFO [main] org.apache.catalina.startup.VersionLoggerListener.log OS Version:            10.0
13-Apr-2025 19:50:53.324 INFO [main] org.apache.catalina.startup.VersionLoggerListener.log Architecture:          amd64
13-Apr-2025 19:50:53.324 INFO [main] org.apache.catalina.startup.VersionLoggerListener.log Java Home:             C:\Program Files\Java\jdk-22
13-Apr-2025 19:50:53.324 INFO [main] org.apache.catalina.startup.VersionLoggerListener.log JVM Version:           22.0.1+8-16
13-Apr-2025 19:50:53.324 INFO [main] org.apache.catalina.startup.VersionLoggerListener.log JVM Vendor:            Oracle Corporation
13-Apr-2025 19:50:53.324 INFO [main] org.apache.catalina.startup.VersionLoggerListener.log CATALINA_BASE:         C:\Users\OSHADHA\IdeaProjects\OOP-projectnew
13-Apr-2025 19:50:53.324 INFO [main] org.apache.catalina.startup.VersionLoggerListener.log CATALINA_HOME:         C:\Program Files\Apache Software Foundation\Tomcat 9.0
13-Apr-2025 19:50:53.334 INFO [main] org.apache.catalina.startup.VersionLoggerListener.log Command line argument: --add-opens=java.base/java.lang=ALL-UNNAMED
13-Apr-2025 19:50:53.334 INFO [main] org.apache.catalina.startup.VersionLoggerListener.log Command line argument: --add-opens=java.base/java.io=ALL-UNNAMED
13-Apr-2025 19:50:53.334 INFO [main] org.apache.catalina.startup.VersionLoggerListener.log Command line argument: --add-opens=java.base/java.util=ALL-UNNAMED
13-Apr-2025 19:50:53.334 INFO [main] org.apache.catalina.startup.VersionLoggerListener.log Command line argument: --add-opens=java.base/java.util.concurrent=ALL-UNNAMED
13-Apr-2025 19:50:53.334 INFO [main] org.apache.catalina.startup.VersionLoggerListener.log Command line argument: --add-opens=java.rmi/sun.rmi.transport=ALL-UNNAMED
13-Apr-2025 19:50:53.334 INFO [main] org.apache.catalina.startup.VersionLoggerListener.log Command line argument: -Dcatalina.home=C:\Program Files\Apache Software Foundation\Tomcat 9.0
13-Apr-2025 19:50:53.334 INFO [main] org.apache.catalina.startup.VersionLoggerListener.log Command line argument: -Dcatalina.base=C:\Users\OSHADHA\IdeaProjects\OOP-projectnew
13-Apr-2025 19:50:53.334 INFO [main] org.apache.catalina.startup.VersionLoggerListener.log Command line argument: -Djava.io.tmpdir=C:\Users\OSHADHA\IdeaProjects\OOP-projectnew\temp
13-Apr-2025 19:50:53.335 INFO [main] org.apache.catalina.startup.VersionLoggerListener.log Command line argument: -Djava.util.logging.config.file=C:\Users\OSHADHA\IdeaProjects\OOP-projectnew\conf\logging.properties
13-Apr-2025 19:50:53.335 INFO [main] org.apache.catalina.startup.VersionLoggerListener.log Command line argument: -Djava.util.logging.manager=org.apache.juli.ClassLoaderLogManager
13-Apr-2025 19:50:53.335 INFO [main] org.apache.catalina.startup.VersionLoggerListener.log Command line argument: -javaagent:C:\Program Files\JetBrains\IntelliJ IDEA 2024.3.5\lib\idea_rt.jar=55694
13-Apr-2025 19:50:53.335 INFO [main] org.apache.catalina.startup.VersionLoggerListener.log Command line argument: -Dfile.encoding=UTF-8
13-Apr-2025 19:50:53.335 INFO [main] org.apache.catalina.startup.VersionLoggerListener.log Command line argument: -Dsun.stdout.encoding=UTF-8
13-Apr-2025 19:50:53.335 INFO [main] org.apache.catalina.startup.VersionLoggerListener.log Command line argument: -Dsun.stderr.encoding=UTF-8
13-Apr-2025 19:50:53.341 INFO [main] org.apache.catalina.core.AprLifecycleListener.lifecycleEvent Loaded Apache Tomcat Native library [1.3.1] using APR version [1.7.4].
13-Apr-2025 19:50:53.341 INFO [main] org.apache.catalina.core.AprLifecycleListener.lifecycleEvent APR capabilities: IPv6 [true], sendfile [true], accept filters [false], random [true], UDS [true].
13-Apr-2025 19:50:53.341 INFO [main] org.apache.catalina.core.AprLifecycleListener.lifecycleEvent APR/OpenSSL configuration: useAprConnector [false], useOpenSSL [true]
13-Apr-2025 19:50:53.350 INFO [main] org.apache.catalina.core.AprLifecycleListener.initializeSSL OpenSSL successfully initialized [OpenSSL 3.0.14 4 Jun 2024]
13-Apr-2025 19:50:53.902 INFO [main] org.apache.coyote.AbstractProtocol.init Initializing ProtocolHandler ["http-nio-8080"]
13-Apr-2025 19:50:53.936 INFO [main] org.apache.catalina.startup.Catalina.load Server initialization in [1319] milliseconds
13-Apr-2025 19:50:54.017 INFO [main] org.apache.catalina.core.StandardService.startInternal Starting service [Catalina]
13-Apr-2025 19:50:54.017 INFO [main] org.apache.catalina.core.StandardEngine.startInternal Starting Servlet engine: [Apache Tomcat/9.0.102]
13-Apr-2025 19:50:54.035 INFO [main] org.apache.catalina.startup.HostConfig.deployDescriptor Deploying deployment descriptor [C:\Users\OSHADHA\IdeaProjects\OOP-projectnew\conf\Catalina\localhost\OOP-projectnew.xml]
13-Apr-2025 19:50:54.857 INFO [main] org.apache.catalina.startup.HostConfig.deployDescriptor Deployment of deployment descriptor [C:\Users\OSHADHA\IdeaProjects\OOP-projectnew\conf\Catalina\localhost\OOP-projectnew.xml] has finished in [822] ms
13-Apr-2025 19:50:54.861 INFO [main] org.apache.coyote.AbstractProtocol.start Starting ProtocolHandler ["http-nio-8080"]
13-Apr-2025 19:50:54.891 INFO [main] org.apache.catalina.startup.Catalina.start Server startup in [953] milliseconds
13-Apr-2025 19:51:11.385 INFO [Thread-1] org.apache.coyote.AbstractProtocol.pause Pausing ProtocolHandler ["http-nio-8080"]
13-Apr-2025 19:51:11.397 INFO [Thread-1] org.apache.catalina.core.StandardService.stopInternal Stopping service [Catalina]
13-Apr-2025 19:51:11.407 INFO [Thread-1] org.apache.coyote.AbstractProtocol.stop Stopping ProtocolHandler ["http-nio-8080"]
13-Apr-2025 19:51:11.409 INFO [Thread-1] org.apache.coyote.AbstractProtocol.destroy Destroying ProtocolHandler ["http-nio-8080"]
13-Apr-2025 19:51:13.918 INFO [main] org.apache.catalina.startup.VersionLoggerListener.log Server version name:   Apache Tomcat/9.0.102
13-Apr-2025 19:51:13.933 INFO [main] org.apache.catalina.startup.VersionLoggerListener.log Server built:          Mar 3 2025 19:33:14 UTC
13-Apr-2025 19:51:13.933 INFO [main] org.apache.catalina.startup.VersionLoggerListener.log Server version number: 9.0.102.0
13-Apr-2025 19:51:13.933 INFO [main] org.apache.catalina.startup.VersionLoggerListener.log OS Name:               Windows 10
13-Apr-2025 19:51:13.934 INFO [main] org.apache.catalina.startup.VersionLoggerListener.log OS Version:            10.0
13-Apr-2025 19:51:13.934 INFO [main] org.apache.catalina.startup.VersionLoggerListener.log Architecture:          amd64
13-Apr-2025 19:51:13.934 INFO [main] org.apache.catalina.startup.VersionLoggerListener.log Java Home:             C:\Program Files\Java\jdk-22
13-Apr-2025 19:51:13.934 INFO [main] org.apache.catalina.startup.VersionLoggerListener.log JVM Version:           22.0.1+8-16
13-Apr-2025 19:51:13.934 INFO [main] org.apache.catalina.startup.VersionLoggerListener.log JVM Vendor:            Oracle Corporation
13-Apr-2025 19:51:13.934 INFO [main] org.apache.catalina.startup.VersionLoggerListener.log CATALINA_BASE:         C:\Users\OSHADHA\IdeaProjects\OOP-projectnew
13-Apr-2025 19:51:13.934 INFO [main] org.apache.catalina.startup.VersionLoggerListener.log CATALINA_HOME:         C:\Program Files\Apache Software Foundation\Tomcat 9.0
13-Apr-2025 19:51:13.956 INFO [main] org.apache.catalina.startup.VersionLoggerListener.log Command line argument: --add-opens=java.base/java.lang=ALL-UNNAMED
13-Apr-2025 19:51:13.956 INFO [main] org.apache.catalina.startup.VersionLoggerListener.log Command line argument: --add-opens=java.base/java.io=ALL-UNNAMED
13-Apr-2025 19:51:13.957 INFO [main] org.apache.catalina.startup.VersionLoggerListener.log Command line argument: --add-opens=java.base/java.util=ALL-UNNAMED
13-Apr-2025 19:51:13.957 INFO [main] org.apache.catalina.startup.VersionLoggerListener.log Command line argument: --add-opens=java.base/java.util.concurrent=ALL-UNNAMED
13-Apr-2025 19:51:13.957 INFO [main] org.apache.catalina.startup.VersionLoggerListener.log Command line argument: --add-opens=java.rmi/sun.rmi.transport=ALL-UNNAMED
13-Apr-2025 19:51:13.957 INFO [main] org.apache.catalina.startup.VersionLoggerListener.log Command line argument: -Dcatalina.home=C:\Program Files\Apache Software Foundation\Tomcat 9.0
13-Apr-2025 19:51:13.957 INFO [main] org.apache.catalina.startup.VersionLoggerListener.log Command line argument: -Dcatalina.base=C:\Users\OSHADHA\IdeaProjects\OOP-projectnew
13-Apr-2025 19:51:13.957 INFO [main] org.apache.catalina.startup.VersionLoggerListener.log Command line argument: -Djava.io.tmpdir=C:\Users\OSHADHA\IdeaProjects\OOP-projectnew\temp
13-Apr-2025 19:51:13.957 INFO [main] org.apache.catalina.startup.VersionLoggerListener.log Command line argument: -Djava.util.logging.config.file=C:\Users\OSHADHA\IdeaProjects\OOP-projectnew\conf\logging.properties
13-Apr-2025 19:51:13.957 INFO [main] org.apache.catalina.startup.VersionLoggerListener.log Command line argument: -Djava.util.logging.manager=org.apache.juli.ClassLoaderLogManager
13-Apr-2025 19:51:13.958 INFO [main] org.apache.catalina.startup.VersionLoggerListener.log Command line argument: -javaagent:C:\Program Files\JetBrains\IntelliJ IDEA 2024.3.5\lib\idea_rt.jar=55705
13-Apr-2025 19:51:13.958 INFO [main] org.apache.catalina.startup.VersionLoggerListener.log Command line argument: -Dfile.encoding=UTF-8
13-Apr-2025 19:51:13.958 INFO [main] org.apache.catalina.startup.VersionLoggerListener.log Command line argument: -Dsun.stdout.encoding=UTF-8
13-Apr-2025 19:51:13.958 INFO [main] org.apache.catalina.startup.VersionLoggerListener.log Command line argument: -Dsun.stderr.encoding=UTF-8
13-Apr-2025 19:51:13.963 INFO [main] org.apache.catalina.core.AprLifecycleListener.lifecycleEvent Loaded Apache Tomcat Native library [1.3.1] using APR version [1.7.4].
13-Apr-2025 19:51:13.963 INFO [main] org.apache.catalina.core.AprLifecycleListener.lifecycleEvent APR capabilities: IPv6 [true], sendfile [true], accept filters [false], random [true], UDS [true].
13-Apr-2025 19:51:13.963 INFO [main] org.apache.catalina.core.AprLifecycleListener.lifecycleEvent APR/OpenSSL configuration: useAprConnector [false], useOpenSSL [true]
13-Apr-2025 19:51:13.973 INFO [main] org.apache.catalina.core.AprLifecycleListener.initializeSSL OpenSSL successfully initialized [OpenSSL 3.0.14 4 Jun 2024]
13-Apr-2025 19:51:14.593 INFO [main] org.apache.coyote.AbstractProtocol.init Initializing ProtocolHandler ["http-nio-8080"]
13-Apr-2025 19:51:14.623 INFO [main] org.apache.catalina.startup.Catalina.load Server initialization in [1630] milliseconds
13-Apr-2025 19:51:14.692 INFO [main] org.apache.catalina.core.StandardService.startInternal Starting service [Catalina]
13-Apr-2025 19:51:14.693 INFO [main] org.apache.catalina.core.StandardEngine.startInternal Starting Servlet engine: [Apache Tomcat/9.0.102]
13-Apr-2025 19:51:14.707 INFO [main] org.apache.catalina.startup.HostConfig.deployDescriptor Deploying deployment descriptor [C:\Users\OSHADHA\IdeaProjects\OOP-projectnew\conf\Catalina\localhost\OOP-projectnew.xml]
13-Apr-2025 19:51:15.468 INFO [main] org.apache.catalina.startup.HostConfig.deployDescriptor Deployment of deployment descriptor [C:\Users\OSHADHA\IdeaProjects\OOP-projectnew\conf\Catalina\localhost\OOP-projectnew.xml] has finished in [761] ms
13-Apr-2025 19:51:15.473 INFO [main] org.apache.coyote.AbstractProtocol.start Starting ProtocolHandler ["http-nio-8080"]
13-Apr-2025 19:51:15.500 INFO [main] org.apache.catalina.startup.Catalina.start Server startup in [876] milliseconds
13-Apr-2025 19:52:22.144 INFO [Thread-1] org.apache.coyote.AbstractProtocol.pause Pausing ProtocolHandler ["http-nio-8080"]
13-Apr-2025 19:52:22.153 INFO [Thread-1] org.apache.catalina.core.StandardService.stopInternal Stopping service [Catalina]
13-Apr-2025 19:52:22.164 INFO [Thread-1] org.apache.coyote.AbstractProtocol.stop Stopping ProtocolHandler ["http-nio-8080"]
13-Apr-2025 19:52:22.179 INFO [Thread-1] org.apache.coyote.AbstractProtocol.destroy Destroying ProtocolHandler ["http-nio-8080"]
13-Apr-2025 19:52:24.509 INFO [main] org.apache.catalina.startup.VersionLoggerListener.log Server version name:   Apache Tomcat/9.0.102
13-Apr-2025 19:52:24.520 INFO [main] org.apache.catalina.startup.VersionLoggerListener.log Server built:          Mar 3 2025 19:33:14 UTC
13-Apr-2025 19:52:24.520 INFO [main] org.apache.catalina.startup.VersionLoggerListener.log Server version number: 9.0.102.0
13-Apr-2025 19:52:24.521 INFO [main] org.apache.catalina.startup.VersionLoggerListener.log OS Name:               Windows 10
13-Apr-2025 19:52:24.521 INFO [main] org.apache.catalina.startup.VersionLoggerListener.log OS Version:            10.0
13-Apr-2025 19:52:24.521 INFO [main] org.apache.catalina.startup.VersionLoggerListener.log Architecture:          amd64
13-Apr-2025 19:52:24.521 INFO [main] org.apache.catalina.startup.VersionLoggerListener.log Java Home:             C:\Program Files\Java\jdk-22
13-Apr-2025 19:52:24.521 INFO [main] org.apache.catalina.startup.VersionLoggerListener.log JVM Version:           22.0.1+8-16
13-Apr-2025 19:52:24.521 INFO [main] org.apache.catalina.startup.VersionLoggerListener.log JVM Vendor:            Oracle Corporation
13-Apr-2025 19:52:24.521 INFO [main] org.apache.catalina.startup.VersionLoggerListener.log CATALINA_BASE:         C:\Users\OSHADHA\IdeaProjects\OOP-projectnew
13-Apr-2025 19:52:24.522 INFO [main] org.apache.catalina.startup.VersionLoggerListener.log CATALINA_HOME:         C:\Program Files\Apache Software Foundation\Tomcat 9.0
13-Apr-2025 19:52:24.534 INFO [main] org.apache.catalina.startup.VersionLoggerListener.log Command line argument: --add-opens=java.base/java.lang=ALL-UNNAMED
13-Apr-2025 19:52:24.535 INFO [main] org.apache.catalina.startup.VersionLoggerListener.log Command line argument: --add-opens=java.base/java.io=ALL-UNNAMED
13-Apr-2025 19:52:24.535 INFO [main] org.apache.catalina.startup.VersionLoggerListener.log Command line argument: --add-opens=java.base/java.util=ALL-UNNAMED
13-Apr-2025 19:52:24.535 INFO [main] org.apache.catalina.startup.VersionLoggerListener.log Command line argument: --add-opens=java.base/java.util.concurrent=ALL-UNNAMED
13-Apr-2025 19:52:24.535 INFO [main] org.apache.catalina.startup.VersionLoggerListener.log Command line argument: --add-opens=java.rmi/sun.rmi.transport=ALL-UNNAMED
13-Apr-2025 19:52:24.535 INFO [main] org.apache.catalina.startup.VersionLoggerListener.log Command line argument: -Dcatalina.home=C:\Program Files\Apache Software Foundation\Tomcat 9.0
13-Apr-2025 19:52:24.535 INFO [main] org.apache.catalina.startup.VersionLoggerListener.log Command line argument: -Dcatalina.base=C:\Users\OSHADHA\IdeaProjects\OOP-projectnew
13-Apr-2025 19:52:24.536 INFO [main] org.apache.catalina.startup.VersionLoggerListener.log Command line argument: -Djava.io.tmpdir=C:\Users\OSHADHA\IdeaProjects\OOP-projectnew\temp
13-Apr-2025 19:52:24.536 INFO [main] org.apache.catalina.startup.VersionLoggerListener.log Command line argument: -Djava.util.logging.config.file=C:\Users\OSHADHA\IdeaProjects\OOP-projectnew\conf\logging.properties
13-Apr-2025 19:52:24.536 INFO [main] org.apache.catalina.startup.VersionLoggerListener.log Command line argument: -Djava.util.logging.manager=org.apache.juli.ClassLoaderLogManager
13-Apr-2025 19:52:24.536 INFO [main] org.apache.catalina.startup.VersionLoggerListener.log Command line argument: -javaagent:C:\Program Files\JetBrains\IntelliJ IDEA 2024.3.5\lib\idea_rt.jar=55726
13-Apr-2025 19:52:24.536 INFO [main] org.apache.catalina.startup.VersionLoggerListener.log Command line argument: -Dfile.encoding=UTF-8
13-Apr-2025 19:52:24.536 INFO [main] org.apache.catalina.startup.VersionLoggerListener.log Command line argument: -Dsun.stdout.encoding=UTF-8
13-Apr-2025 19:52:24.536 INFO [main] org.apache.catalina.startup.VersionLoggerListener.log Command line argument: -Dsun.stderr.encoding=UTF-8
13-Apr-2025 19:52:24.548 INFO [main] org.apache.catalina.core.AprLifecycleListener.lifecycleEvent Loaded Apache Tomcat Native library [1.3.1] using APR version [1.7.4].
13-Apr-2025 19:52:24.548 INFO [main] org.apache.catalina.core.AprLifecycleListener.lifecycleEvent APR capabilities: IPv6 [true], sendfile [true], accept filters [false], random [true], UDS [true].
13-Apr-2025 19:52:24.548 INFO [main] org.apache.catalina.core.AprLifecycleListener.lifecycleEvent APR/OpenSSL configuration: useAprConnector [false], useOpenSSL [true]
13-Apr-2025 19:52:24.565 INFO [main] org.apache.catalina.core.AprLifecycleListener.initializeSSL OpenSSL successfully initialized [OpenSSL 3.0.14 4 Jun 2024]
13-Apr-2025 19:52:25.709 INFO [main] org.apache.coyote.AbstractProtocol.init Initializing ProtocolHandler ["http-nio-8080"]
13-Apr-2025 19:52:25.735 INFO [main] org.apache.catalina.startup.Catalina.load Server initialization in [1756] milliseconds
13-Apr-2025 19:52:25.797 INFO [main] org.apache.catalina.core.StandardService.startInternal Starting service [Catalina]
13-Apr-2025 19:52:25.797 INFO [main] org.apache.catalina.core.StandardEngine.startInternal Starting Servlet engine: [Apache Tomcat/9.0.102]
13-Apr-2025 19:52:25.806 INFO [main] org.apache.catalina.startup.HostConfig.deployDescriptor Deploying deployment descriptor [C:\Users\OSHADHA\IdeaProjects\OOP-projectnew\conf\Catalina\localhost\OOP-projectnew.xml]
13-Apr-2025 19:52:26.509 INFO [main] org.apache.catalina.startup.HostConfig.deployDescriptor Deployment of deployment descriptor [C:\Users\OSHADHA\IdeaProjects\OOP-projectnew\conf\Catalina\localhost\OOP-projectnew.xml] has finished in [702] ms
13-Apr-2025 19:52:26.512 INFO [main] org.apache.coyote.AbstractProtocol.start Starting ProtocolHandler ["http-nio-8080"]
13-Apr-2025 19:52:26.533 INFO [main] org.apache.catalina.startup.Catalina.start Server startup in [795] milliseconds
13-Apr-2025 19:53:07.609 INFO [Thread-1] org.apache.coyote.AbstractProtocol.pause Pausing ProtocolHandler ["http-nio-8080"]
13-Apr-2025 19:53:07.620 INFO [Thread-1] org.apache.catalina.core.StandardService.stopInternal Stopping service [Catalina]
13-Apr-2025 19:53:07.628 INFO [Thread-1] org.apache.coyote.AbstractProtocol.stop Stopping ProtocolHandler ["http-nio-8080"]
13-Apr-2025 19:53:07.631 INFO [Thread-1] org.apache.coyote.AbstractProtocol.destroy Destroying ProtocolHandler ["http-nio-8080"]
13-Apr-2025 19:53:11.446 INFO [main] org.apache.catalina.startup.VersionLoggerListener.log Server version name:   Apache Tomcat/9.0.102
13-Apr-2025 19:53:11.452 INFO [main] org.apache.catalina.startup.VersionLoggerListener.log Server built:          Mar 3 2025 19:33:14 UTC
13-Apr-2025 19:53:11.452 INFO [main] org.apache.catalina.startup.VersionLoggerListener.log Server version number: 9.0.102.0
13-Apr-2025 19:53:11.453 INFO [main] org.apache.catalina.startup.VersionLoggerListener.log OS Name:               Windows 10
13-Apr-2025 19:53:11.453 INFO [main] org.apache.catalina.startup.VersionLoggerListener.log OS Version:            10.0
13-Apr-2025 19:53:11.453 INFO [main] org.apache.catalina.startup.VersionLoggerListener.log Architecture:          amd64
13-Apr-2025 19:53:11.453 INFO [main] org.apache.catalina.startup.VersionLoggerListener.log Java Home:             C:\Program Files\Java\jdk-22
13-Apr-2025 19:53:11.453 INFO [main] org.apache.catalina.startup.VersionLoggerListener.log JVM Version:           22.0.1+8-16
13-Apr-2025 19:53:11.453 INFO [main] org.apache.catalina.startup.VersionLoggerListener.log JVM Vendor:            Oracle Corporation
13-Apr-2025 19:53:11.453 INFO [main] org.apache.catalina.startup.VersionLoggerListener.log CATALINA_BASE:         C:\Users\OSHADHA\IdeaProjects\OOP-projectnew
13-Apr-2025 19:53:11.453 INFO [main] org.apache.catalina.startup.VersionLoggerListener.log CATALINA_HOME:         C:\Program Files\Apache Software Foundation\Tomcat 9.0
13-Apr-2025 19:53:11.462 INFO [main] org.apache.catalina.startup.VersionLoggerListener.log Command line argument: --add-opens=java.base/java.lang=ALL-UNNAMED
13-Apr-2025 19:53:11.463 INFO [main] org.apache.catalina.startup.VersionLoggerListener.log Command line argument: --add-opens=java.base/java.io=ALL-UNNAMED
13-Apr-2025 19:53:11.463 INFO [main] org.apache.catalina.startup.VersionLoggerListener.log Command line argument: --add-opens=java.base/java.util=ALL-UNNAMED
13-Apr-2025 19:53:11.463 INFO [main] org.apache.catalina.startup.VersionLoggerListener.log Command line argument: --add-opens=java.base/java.util.concurrent=ALL-UNNAMED
13-Apr-2025 19:53:11.463 INFO [main] org.apache.catalina.startup.VersionLoggerListener.log Command line argument: --add-opens=java.rmi/sun.rmi.transport=ALL-UNNAMED
13-Apr-2025 19:53:11.463 INFO [main] org.apache.catalina.startup.VersionLoggerListener.log Command line argument: -Dcatalina.home=C:\Program Files\Apache Software Foundation\Tomcat 9.0
13-Apr-2025 19:53:11.463 INFO [main] org.apache.catalina.startup.VersionLoggerListener.log Command line argument: -Dcatalina.base=C:\Users\OSHADHA\IdeaProjects\OOP-projectnew
13-Apr-2025 19:53:11.464 INFO [main] org.apache.catalina.startup.VersionLoggerListener.log Command line argument: -Djava.io.tmpdir=C:\Users\OSHADHA\IdeaProjects\OOP-projectnew\temp
13-Apr-2025 19:53:11.464 INFO [main] org.apache.catalina.startup.VersionLoggerListener.log Command line argument: -Djava.util.logging.config.file=C:\Users\OSHADHA\IdeaProjects\OOP-projectnew\conf\logging.properties
13-Apr-2025 19:53:11.464 INFO [main] org.apache.catalina.startup.VersionLoggerListener.log Command line argument: -Djava.util.logging.manager=org.apache.juli.ClassLoaderLogManager
13-Apr-2025 19:53:11.464 INFO [main] org.apache.catalina.startup.VersionLoggerListener.log Command line argument: -javaagent:C:\Program Files\JetBrains\IntelliJ IDEA 2024.3.5\lib\idea_rt.jar=55752
13-Apr-2025 19:53:11.464 INFO [main] org.apache.catalina.startup.VersionLoggerListener.log Command line argument: -Dfile.encoding=UTF-8
13-Apr-2025 19:53:11.464 INFO [main] org.apache.catalina.startup.VersionLoggerListener.log Command line argument: -Dsun.stdout.encoding=UTF-8
13-Apr-2025 19:53:11.465 INFO [main] org.apache.catalina.startup.VersionLoggerListener.log Command line argument: -Dsun.stderr.encoding=UTF-8
13-Apr-2025 19:53:11.469 INFO [main] org.apache.catalina.core.AprLifecycleListener.lifecycleEvent Loaded Apache Tomcat Native library [1.3.1] using APR version [1.7.4].
13-Apr-2025 19:53:11.469 INFO [main] org.apache.catalina.core.AprLifecycleListener.lifecycleEvent APR capabilities: IPv6 [true], sendfile [true], accept filters [false], random [true], UDS [true].
13-Apr-2025 19:53:11.470 INFO [main] org.apache.catalina.core.AprLifecycleListener.lifecycleEvent APR/OpenSSL configuration: useAprConnector [false], useOpenSSL [true]
13-Apr-2025 19:53:11.477 INFO [main] org.apache.catalina.core.AprLifecycleListener.initializeSSL OpenSSL successfully initialized [OpenSSL 3.0.14 4 Jun 2024]
13-Apr-2025 19:53:11.944 INFO [main] org.apache.coyote.AbstractProtocol.init Initializing ProtocolHandler ["http-nio-8080"]
13-Apr-2025 19:53:11.968 INFO [main] org.apache.catalina.startup.Catalina.load Server initialization in [755] milliseconds
13-Apr-2025 19:53:12.022 INFO [main] org.apache.catalina.core.StandardService.startInternal Starting service [Catalina]
13-Apr-2025 19:53:12.022 INFO [main] org.apache.catalina.core.StandardEngine.startInternal Starting Servlet engine: [Apache Tomcat/9.0.102]
13-Apr-2025 19:53:12.032 INFO [main] org.apache.catalina.startup.HostConfig.deployDescriptor Deploying deployment descriptor [C:\Users\OSHADHA\IdeaProjects\OOP-projectnew\conf\Catalina\localhost\OOP-projectnew.xml]
13-Apr-2025 19:53:12.741 INFO [main] org.apache.catalina.startup.HostConfig.deployDescriptor Deployment of deployment descriptor [C:\Users\OSHADHA\IdeaProjects\OOP-projectnew\conf\Catalina\localhost\OOP-projectnew.xml] has finished in [708] ms
13-Apr-2025 19:53:12.745 INFO [main] org.apache.coyote.AbstractProtocol.start Starting ProtocolHandler ["http-nio-8080"]
13-Apr-2025 19:53:12.773 INFO [main] org.apache.catalina.startup.Catalina.start Server startup in [803] milliseconds
13-Apr-2025 19:54:17.969 INFO [Thread-1] org.apache.coyote.AbstractProtocol.pause Pausing ProtocolHandler ["http-nio-8080"]
13-Apr-2025 19:54:17.980 INFO [Thread-1] org.apache.catalina.core.StandardService.stopInternal Stopping service [Catalina]
13-Apr-2025 19:54:17.990 INFO [Thread-1] org.apache.coyote.AbstractProtocol.stop Stopping ProtocolHandler ["http-nio-8080"]
13-Apr-2025 19:54:18.004 INFO [Thread-1] org.apache.coyote.AbstractProtocol.destroy Destroying ProtocolHandler ["http-nio-8080"]
13-Apr-2025 20:00:06.804 INFO [main] org.apache.catalina.startup.VersionLoggerListener.log Server version name:   Apache Tomcat/9.0.102
13-Apr-2025 20:00:06.812 INFO [main] org.apache.catalina.startup.VersionLoggerListener.log Server built:          Mar 3 2025 19:33:14 UTC
13-Apr-2025 20:00:06.812 INFO [main] org.apache.catalina.startup.VersionLoggerListener.log Server version number: 9.0.102.0
13-Apr-2025 20:00:06.812 INFO [main] org.apache.catalina.startup.VersionLoggerListener.log OS Name:               Windows 10
13-Apr-2025 20:00:06.812 INFO [main] org.apache.catalina.startup.VersionLoggerListener.log OS Version:            10.0
13-Apr-2025 20:00:06.812 INFO [main] org.apache.catalina.startup.VersionLoggerListener.log Architecture:          amd64
13-Apr-2025 20:00:06.813 INFO [main] org.apache.catalina.startup.VersionLoggerListener.log Java Home:             C:\Program Files\Java\jdk-22
13-Apr-2025 20:00:06.813 INFO [main] org.apache.catalina.startup.VersionLoggerListener.log JVM Version:           22.0.1+8-16
13-Apr-2025 20:00:06.813 INFO [main] org.apache.catalina.startup.VersionLoggerListener.log JVM Vendor:            Oracle Corporation
13-Apr-2025 20:00:06.813 INFO [main] org.apache.catalina.startup.VersionLoggerListener.log CATALINA_BASE:         C:\Users\OSHADHA\IdeaProjects\OOP-projectnew
13-Apr-2025 20:00:06.813 INFO [main] org.apache.catalina.startup.VersionLoggerListener.log CATALINA_HOME:         C:\Program Files\Apache Software Foundation\Tomcat 9.0
13-Apr-2025 20:00:06.825 INFO [main] org.apache.catalina.startup.VersionLoggerListener.log Command line argument: --add-opens=java.base/java.lang=ALL-UNNAMED
13-Apr-2025 20:00:06.826 INFO [main] org.apache.catalina.startup.VersionLoggerListener.log Command line argument: --add-opens=java.base/java.io=ALL-UNNAMED
13-Apr-2025 20:00:06.826 INFO [main] org.apache.catalina.startup.VersionLoggerListener.log Command line argument: --add-opens=java.base/java.util=ALL-UNNAMED
13-Apr-2025 20:00:06.826 INFO [main] org.apache.catalina.startup.VersionLoggerListener.log Command line argument: --add-opens=java.base/java.util.concurrent=ALL-UNNAMED
13-Apr-2025 20:00:06.826 INFO [main] org.apache.catalina.startup.VersionLoggerListener.log Command line argument: --add-opens=java.rmi/sun.rmi.transport=ALL-UNNAMED
13-Apr-2025 20:00:06.826 INFO [main] org.apache.catalina.startup.VersionLoggerListener.log Command line argument: -Dcatalina.home=C:\Program Files\Apache Software Foundation\Tomcat 9.0
13-Apr-2025 20:00:06.826 INFO [main] org.apache.catalina.startup.VersionLoggerListener.log Command line argument: -Dcatalina.base=C:\Users\OSHADHA\IdeaProjects\OOP-projectnew
13-Apr-2025 20:00:06.826 INFO [main] org.apache.catalina.startup.VersionLoggerListener.log Command line argument: -Djava.io.tmpdir=C:\Users\OSHADHA\IdeaProjects\OOP-projectnew\temp
13-Apr-2025 20:00:06.826 INFO [main] org.apache.catalina.startup.VersionLoggerListener.log Command line argument: -Djava.util.logging.config.file=C:\Users\OSHADHA\IdeaProjects\OOP-projectnew\conf\logging.properties
13-Apr-2025 20:00:06.826 INFO [main] org.apache.catalina.startup.VersionLoggerListener.log Command line argument: -Djava.util.logging.manager=org.apache.juli.ClassLoaderLogManager
13-Apr-2025 20:00:06.827 INFO [main] org.apache.catalina.startup.VersionLoggerListener.log Command line argument: -javaagent:C:\Program Files\JetBrains\IntelliJ IDEA 2024.3.5\lib\idea_rt.jar=55916
13-Apr-2025 20:00:06.827 INFO [main] org.apache.catalina.startup.VersionLoggerListener.log Command line argument: -Dfile.encoding=UTF-8
13-Apr-2025 20:00:06.827 INFO [main] org.apache.catalina.startup.VersionLoggerListener.log Command line argument: -Dsun.stdout.encoding=UTF-8
13-Apr-2025 20:00:06.827 INFO [main] org.apache.catalina.startup.VersionLoggerListener.log Command line argument: -Dsun.stderr.encoding=UTF-8
13-Apr-2025 20:00:06.832 INFO [main] org.apache.catalina.core.AprLifecycleListener.lifecycleEvent Loaded Apache Tomcat Native library [1.3.1] using APR version [1.7.4].
13-Apr-2025 20:00:06.833 INFO [main] org.apache.catalina.core.AprLifecycleListener.lifecycleEvent APR capabilities: IPv6 [true], sendfile [true], accept filters [false], random [true], UDS [true].
13-Apr-2025 20:00:06.833 INFO [main] org.apache.catalina.core.AprLifecycleListener.lifecycleEvent APR/OpenSSL configuration: useAprConnector [false], useOpenSSL [true]
13-Apr-2025 20:00:06.842 INFO [main] org.apache.catalina.core.AprLifecycleListener.initializeSSL OpenSSL successfully initialized [OpenSSL 3.0.14 4 Jun 2024]
13-Apr-2025 20:00:08.150 INFO [main] org.apache.coyote.AbstractProtocol.init Initializing ProtocolHandler ["http-nio-8080"]
13-Apr-2025 20:00:08.178 INFO [main] org.apache.catalina.startup.Catalina.load Server initialization in [1703] milliseconds
13-Apr-2025 20:00:08.423 INFO [main] org.apache.catalina.core.StandardService.startInternal Starting service [Catalina]
13-Apr-2025 20:00:08.424 INFO [main] org.apache.catalina.core.StandardEngine.startInternal Starting Servlet engine: [Apache Tomcat/9.0.102]
13-Apr-2025 20:00:08.452 INFO [main] org.apache.catalina.startup.HostConfig.deployDescriptor Deploying deployment descriptor [C:\Users\OSHADHA\IdeaProjects\OOP-projectnew\conf\Catalina\localhost\OOP-projectnew.xml]
13-Apr-2025 20:00:10.330 INFO [main] org.apache.catalina.startup.HostConfig.deployDescriptor Deployment of deployment descriptor [C:\Users\OSHADHA\IdeaProjects\OOP-projectnew\conf\Catalina\localhost\OOP-projectnew.xml] has finished in [1,879] ms
13-Apr-2025 20:00:10.338 INFO [main] org.apache.coyote.AbstractProtocol.start Starting ProtocolHandler ["http-nio-8080"]
13-Apr-2025 20:00:10.371 INFO [main] org.apache.catalina.startup.Catalina.start Server startup in [2191] milliseconds
13-Apr-2025 20:03:04.073 INFO [Thread-1] org.apache.coyote.AbstractProtocol.pause Pausing ProtocolHandler ["http-nio-8080"]
13-Apr-2025 20:03:04.084 INFO [Thread-1] org.apache.catalina.core.StandardService.stopInternal Stopping service [Catalina]
13-Apr-2025 20:03:04.096 INFO [Thread-1] org.apache.coyote.AbstractProtocol.stop Stopping ProtocolHandler ["http-nio-8080"]
13-Apr-2025 20:03:04.118 INFO [Thread-1] org.apache.coyote.AbstractProtocol.destroy Destroying ProtocolHandler ["http-nio-8080"]
13-Apr-2025 20:05:36.875 INFO [main] org.apache.catalina.startup.VersionLoggerListener.log Server version name:   Apache Tomcat/9.0.102
13-Apr-2025 20:05:36.880 INFO [main] org.apache.catalina.startup.VersionLoggerListener.log Server built:          Mar 3 2025 19:33:14 UTC
13-Apr-2025 20:05:36.881 INFO [main] org.apache.catalina.startup.VersionLoggerListener.log Server version number: 9.0.102.0
13-Apr-2025 20:05:36.881 INFO [main] org.apache.catalina.startup.VersionLoggerListener.log OS Name:               Windows 10
13-Apr-2025 20:05:36.881 INFO [main] org.apache.catalina.startup.VersionLoggerListener.log OS Version:            10.0
13-Apr-2025 20:05:36.881 INFO [main] org.apache.catalina.startup.VersionLoggerListener.log Architecture:          amd64
13-Apr-2025 20:05:36.881 INFO [main] org.apache.catalina.startup.VersionLoggerListener.log Java Home:             C:\Program Files\Java\jdk-22
13-Apr-2025 20:05:36.881 INFO [main] org.apache.catalina.startup.VersionLoggerListener.log JVM Version:           22.0.1+8-16
13-Apr-2025 20:05:36.881 INFO [main] org.apache.catalina.startup.VersionLoggerListener.log JVM Vendor:            Oracle Corporation
13-Apr-2025 20:05:36.881 INFO [main] org.apache.catalina.startup.VersionLoggerListener.log CATALINA_BASE:         C:\Users\OSHADHA\IdeaProjects\OOP-projectnew
13-Apr-2025 20:05:36.882 INFO [main] org.apache.catalina.startup.VersionLoggerListener.log CATALINA_HOME:         C:\Program Files\Apache Software Foundation\Tomcat 9.0
13-Apr-2025 20:05:36.892 INFO [main] org.apache.catalina.startup.VersionLoggerListener.log Command line argument: --add-opens=java.base/java.lang=ALL-UNNAMED
13-Apr-2025 20:05:36.893 INFO [main] org.apache.catalina.startup.VersionLoggerListener.log Command line argument: --add-opens=java.base/java.io=ALL-UNNAMED
13-Apr-2025 20:05:36.893 INFO [main] org.apache.catalina.startup.VersionLoggerListener.log Command line argument: --add-opens=java.base/java.util=ALL-UNNAMED
13-Apr-2025 20:05:36.893 INFO [main] org.apache.catalina.startup.VersionLoggerListener.log Command line argument: --add-opens=java.base/java.util.concurrent=ALL-UNNAMED
13-Apr-2025 20:05:36.893 INFO [main] org.apache.catalina.startup.VersionLoggerListener.log Command line argument: --add-opens=java.rmi/sun.rmi.transport=ALL-UNNAMED
13-Apr-2025 20:05:36.893 INFO [main] org.apache.catalina.startup.VersionLoggerListener.log Command line argument: -Dcatalina.home=C:\Program Files\Apache Software Foundation\Tomcat 9.0
13-Apr-2025 20:05:36.894 INFO [main] org.apache.catalina.startup.VersionLoggerListener.log Command line argument: -Dcatalina.base=C:\Users\OSHADHA\IdeaProjects\OOP-projectnew
13-Apr-2025 20:05:36.894 INFO [main] org.apache.catalina.startup.VersionLoggerListener.log Command line argument: -Djava.io.tmpdir=C:\Users\OSHADHA\IdeaProjects\OOP-projectnew\temp
13-Apr-2025 20:05:36.894 INFO [main] org.apache.catalina.startup.VersionLoggerListener.log Command line argument: -Djava.util.logging.config.file=C:\Users\OSHADHA\IdeaProjects\OOP-projectnew\conf\logging.properties
13-Apr-2025 20:05:36.894 INFO [main] org.apache.catalina.startup.VersionLoggerListener.log Command line argument: -Djava.util.logging.manager=org.apache.juli.ClassLoaderLogManager
13-Apr-2025 20:05:36.894 INFO [main] org.apache.catalina.startup.VersionLoggerListener.log Command line argument: -javaagent:C:\Program Files\JetBrains\IntelliJ IDEA 2024.3.5\lib\idea_rt.jar=56140
13-Apr-2025 20:05:36.894 INFO [main] org.apache.catalina.startup.VersionLoggerListener.log Command line argument: -Dfile.encoding=UTF-8
13-Apr-2025 20:05:36.895 INFO [main] org.apache.catalina.startup.VersionLoggerListener.log Command line argument: -Dsun.stdout.encoding=UTF-8
13-Apr-2025 20:05:36.895 INFO [main] org.apache.catalina.startup.VersionLoggerListener.log Command line argument: -Dsun.stderr.encoding=UTF-8
13-Apr-2025 20:05:36.898 INFO [main] org.apache.catalina.core.AprLifecycleListener.lifecycleEvent Loaded Apache Tomcat Native library [1.3.1] using APR version [1.7.4].
13-Apr-2025 20:05:36.898 INFO [main] org.apache.catalina.core.AprLifecycleListener.lifecycleEvent APR capabilities: IPv6 [true], sendfile [true], accept filters [false], random [true], UDS [true].
13-Apr-2025 20:05:36.898 INFO [main] org.apache.catalina.core.AprLifecycleListener.lifecycleEvent APR/OpenSSL configuration: useAprConnector [false], useOpenSSL [true]
13-Apr-2025 20:05:36.907 INFO [main] org.apache.catalina.core.AprLifecycleListener.initializeSSL OpenSSL successfully initialized [OpenSSL 3.0.14 4 Jun 2024]
13-Apr-2025 20:05:37.335 INFO [main] org.apache.coyote.AbstractProtocol.init Initializing ProtocolHandler ["http-nio-8080"]
13-Apr-2025 20:05:37.356 INFO [main] org.apache.catalina.startup.Catalina.load Server initialization in [792] milliseconds
13-Apr-2025 20:05:37.418 INFO [main] org.apache.catalina.core.StandardService.startInternal Starting service [Catalina]
13-Apr-2025 20:05:37.418 INFO [main] org.apache.catalina.core.StandardEngine.startInternal Starting Servlet engine: [Apache Tomcat/9.0.102]
13-Apr-2025 20:05:37.428 INFO [main] org.apache.catalina.startup.HostConfig.deployDescriptor Deploying deployment descriptor [C:\Users\OSHADHA\IdeaProjects\OOP-projectnew\conf\Catalina\localhost\OOP-projectnew.xml]
13-Apr-2025 20:05:38.081 INFO [main] org.apache.catalina.startup.HostConfig.deployDescriptor Deployment of deployment descriptor [C:\Users\OSHADHA\IdeaProjects\OOP-projectnew\conf\Catalina\localhost\OOP-projectnew.xml] has finished in [654] ms
13-Apr-2025 20:05:38.084 INFO [main] org.apache.coyote.AbstractProtocol.start Starting ProtocolHandler ["http-nio-8080"]
13-Apr-2025 20:05:38.105 INFO [main] org.apache.catalina.startup.Catalina.start Server startup in [746] milliseconds
13-Apr-2025 20:14:21.175 INFO [Thread-1] org.apache.coyote.AbstractProtocol.pause Pausing ProtocolHandler ["http-nio-8080"]
13-Apr-2025 20:14:21.186 INFO [Thread-1] org.apache.catalina.core.StandardService.stopInternal Stopping service [Catalina]
13-Apr-2025 20:14:21.197 INFO [Thread-1] org.apache.coyote.AbstractProtocol.stop Stopping ProtocolHandler ["http-nio-8080"]
13-Apr-2025 20:14:21.209 INFO [Thread-1] org.apache.coyote.AbstractProtocol.destroy Destroying ProtocolHandler ["http-nio-8080"]
13-Apr-2025 20:14:23.421 INFO [main] org.apache.catalina.startup.VersionLoggerListener.log Server version name:   Apache Tomcat/9.0.102
13-Apr-2025 20:14:23.425 INFO [main] org.apache.catalina.startup.VersionLoggerListener.log Server built:          Mar 3 2025 19:33:14 UTC
13-Apr-2025 20:14:23.425 INFO [main] org.apache.catalina.startup.VersionLoggerListener.log Server version number: 9.0.102.0
13-Apr-2025 20:14:23.426 INFO [main] org.apache.catalina.startup.VersionLoggerListener.log OS Name:               Windows 10
13-Apr-2025 20:14:23.426 INFO [main] org.apache.catalina.startup.VersionLoggerListener.log OS Version:            10.0
13-Apr-2025 20:14:23.426 INFO [main] org.apache.catalina.startup.VersionLoggerListener.log Architecture:          amd64
13-Apr-2025 20:14:23.426 INFO [main] org.apache.catalina.startup.VersionLoggerListener.log Java Home:             C:\Program Files\Java\jdk-22
13-Apr-2025 20:14:23.426 INFO [main] org.apache.catalina.startup.VersionLoggerListener.log JVM Version:           22.0.1+8-16
13-Apr-2025 20:14:23.426 INFO [main] org.apache.catalina.startup.VersionLoggerListener.log JVM Vendor:            Oracle Corporation
13-Apr-2025 20:14:23.426 INFO [main] org.apache.catalina.startup.VersionLoggerListener.log CATALINA_BASE:         C:\Users\OSHADHA\IdeaProjects\OOP-projectnew
13-Apr-2025 20:14:23.426 INFO [main] org.apache.catalina.startup.VersionLoggerListener.log CATALINA_HOME:         C:\Program Files\Apache Software Foundation\Tomcat 9.0
13-Apr-2025 20:14:23.433 INFO [main] org.apache.catalina.startup.VersionLoggerListener.log Command line argument: --add-opens=java.base/java.lang=ALL-UNNAMED
13-Apr-2025 20:14:23.434 INFO [main] org.apache.catalina.startup.VersionLoggerListener.log Command line argument: --add-opens=java.base/java.io=ALL-UNNAMED
13-Apr-2025 20:14:23.434 INFO [main] org.apache.catalina.startup.VersionLoggerListener.log Command line argument: --add-opens=java.base/java.util=ALL-UNNAMED
13-Apr-2025 20:14:23.434 INFO [main] org.apache.catalina.startup.VersionLoggerListener.log Command line argument: --add-opens=java.base/java.util.concurrent=ALL-UNNAMED
13-Apr-2025 20:14:23.434 INFO [main] org.apache.catalina.startup.VersionLoggerListener.log Command line argument: --add-opens=java.rmi/sun.rmi.transport=ALL-UNNAMED
13-Apr-2025 20:14:23.434 INFO [main] org.apache.catalina.startup.VersionLoggerListener.log Command line argument: -Dcatalina.home=C:\Program Files\Apache Software Foundation\Tomcat 9.0
13-Apr-2025 20:14:23.434 INFO [main] org.apache.catalina.startup.VersionLoggerListener.log Command line argument: -Dcatalina.base=C:\Users\OSHADHA\IdeaProjects\OOP-projectnew
13-Apr-2025 20:14:23.434 INFO [main] org.apache.catalina.startup.VersionLoggerListener.log Command line argument: -Djava.io.tmpdir=C:\Users\OSHADHA\IdeaProjects\OOP-projectnew\temp
13-Apr-2025 20:14:23.434 INFO [main] org.apache.catalina.startup.VersionLoggerListener.log Command line argument: -Djava.util.logging.config.file=C:\Users\OSHADHA\IdeaProjects\OOP-projectnew\conf\logging.properties
13-Apr-2025 20:14:23.435 INFO [main] org.apache.catalina.startup.VersionLoggerListener.log Command line argument: -Djava.util.logging.manager=org.apache.juli.ClassLoaderLogManager
13-Apr-2025 20:14:23.435 INFO [main] org.apache.catalina.startup.VersionLoggerListener.log Command line argument: -javaagent:C:\Program Files\JetBrains\IntelliJ IDEA 2024.3.5\lib\idea_rt.jar=56268
13-Apr-2025 20:14:23.435 INFO [main] org.apache.catalina.startup.VersionLoggerListener.log Command line argument: -Dfile.encoding=UTF-8
13-Apr-2025 20:14:23.435 INFO [main] org.apache.catalina.startup.VersionLoggerListener.log Command line argument: -Dsun.stdout.encoding=UTF-8
13-Apr-2025 20:14:23.435 INFO [main] org.apache.catalina.startup.VersionLoggerListener.log Command line argument: -Dsun.stderr.encoding=UTF-8
13-Apr-2025 20:14:23.439 INFO [main] org.apache.catalina.core.AprLifecycleListener.lifecycleEvent Loaded Apache Tomcat Native library [1.3.1] using APR version [1.7.4].
13-Apr-2025 20:14:23.440 INFO [main] org.apache.catalina.core.AprLifecycleListener.lifecycleEvent APR capabilities: IPv6 [true], sendfile [true], accept filters [false], random [true], UDS [true].
13-Apr-2025 20:14:23.440 INFO [main] org.apache.catalina.core.AprLifecycleListener.lifecycleEvent APR/OpenSSL configuration: useAprConnector [false], useOpenSSL [true]
13-Apr-2025 20:14:23.446 INFO [main] org.apache.catalina.core.AprLifecycleListener.initializeSSL OpenSSL successfully initialized [OpenSSL 3.0.14 4 Jun 2024]
13-Apr-2025 20:14:23.877 INFO [main] org.apache.coyote.AbstractProtocol.init Initializing ProtocolHandler ["http-nio-8080"]
13-Apr-2025 20:14:23.898 INFO [main] org.apache.catalina.startup.Catalina.load Server initialization in [725] milliseconds
13-Apr-2025 20:14:23.963 INFO [main] org.apache.catalina.core.StandardService.startInternal Starting service [Catalina]
13-Apr-2025 20:14:23.963 INFO [main] org.apache.catalina.core.StandardEngine.startInternal Starting Servlet engine: [Apache Tomcat/9.0.102]
13-Apr-2025 20:14:23.977 INFO [main] org.apache.catalina.startup.HostConfig.deployDescriptor Deploying deployment descriptor [C:\Users\OSHADHA\IdeaProjects\OOP-projectnew\conf\Catalina\localhost\OOP-projectnew.xml]
13-Apr-2025 20:14:24.729 INFO [main] org.apache.catalina.startup.HostConfig.deployDescriptor Deployment of deployment descriptor [C:\Users\OSHADHA\IdeaProjects\OOP-projectnew\conf\Catalina\localhost\OOP-projectnew.xml] has finished in [752] ms
13-Apr-2025 20:14:24.733 INFO [main] org.apache.coyote.AbstractProtocol.start Starting ProtocolHandler ["http-nio-8080"]
13-Apr-2025 20:14:24.755 INFO [main] org.apache.catalina.startup.Catalina.start Server startup in [853] milliseconds
13-Apr-2025 20:16:10.511 INFO [Thread-1] org.apache.coyote.AbstractProtocol.pause Pausing ProtocolHandler ["http-nio-8080"]
13-Apr-2025 20:16:10.521 INFO [Thread-1] org.apache.catalina.core.StandardService.stopInternal Stopping service [Catalina]
13-Apr-2025 20:16:10.532 INFO [Thread-1] org.apache.coyote.AbstractProtocol.stop Stopping ProtocolHandler ["http-nio-8080"]
13-Apr-2025 20:16:10.546 INFO [Thread-1] org.apache.coyote.AbstractProtocol.destroy Destroying ProtocolHandler ["http-nio-8080"]
13-Apr-2025 20:16:12.795 INFO [main] org.apache.catalina.startup.VersionLoggerListener.log Server version name:   Apache Tomcat/9.0.102
13-Apr-2025 20:16:12.799 INFO [main] org.apache.catalina.startup.VersionLoggerListener.log Server built:          Mar 3 2025 19:33:14 UTC
13-Apr-2025 20:16:12.799 INFO [main] org.apache.catalina.startup.VersionLoggerListener.log Server version number: 9.0.102.0
13-Apr-2025 20:16:12.799 INFO [main] org.apache.catalina.startup.VersionLoggerListener.log OS Name:               Windows 10
13-Apr-2025 20:16:12.799 INFO [main] org.apache.catalina.startup.VersionLoggerListener.log OS Version:            10.0
13-Apr-2025 20:16:12.800 INFO [main] org.apache.catalina.startup.VersionLoggerListener.log Architecture:          amd64
13-Apr-2025 20:16:12.800 INFO [main] org.apache.catalina.startup.VersionLoggerListener.log Java Home:             C:\Program Files\Java\jdk-22
13-Apr-2025 20:16:12.800 INFO [main] org.apache.catalina.startup.VersionLoggerListener.log JVM Version:           22.0.1+8-16
13-Apr-2025 20:16:12.800 INFO [main] org.apache.catalina.startup.VersionLoggerListener.log JVM Vendor:            Oracle Corporation
13-Apr-2025 20:16:12.800 INFO [main] org.apache.catalina.startup.VersionLoggerListener.log CATALINA_BASE:         C:\Users\OSHADHA\IdeaProjects\OOP-projectnew
13-Apr-2025 20:16:12.800 INFO [main] org.apache.catalina.startup.VersionLoggerListener.log CATALINA_HOME:         C:\Program Files\Apache Software Foundation\Tomcat 9.0
13-Apr-2025 20:16:12.808 INFO [main] org.apache.catalina.startup.VersionLoggerListener.log Command line argument: --add-opens=java.base/java.lang=ALL-UNNAMED
13-Apr-2025 20:16:12.808 INFO [main] org.apache.catalina.startup.VersionLoggerListener.log Command line argument: --add-opens=java.base/java.io=ALL-UNNAMED
13-Apr-2025 20:16:12.808 INFO [main] org.apache.catalina.startup.VersionLoggerListener.log Command line argument: --add-opens=java.base/java.util=ALL-UNNAMED
13-Apr-2025 20:16:12.808 INFO [main] org.apache.catalina.startup.VersionLoggerListener.log Command line argument: --add-opens=java.base/java.util.concurrent=ALL-UNNAMED
13-Apr-2025 20:16:12.808 INFO [main] org.apache.catalina.startup.VersionLoggerListener.log Command line argument: --add-opens=java.rmi/sun.rmi.transport=ALL-UNNAMED
13-Apr-2025 20:16:12.809 INFO [main] org.apache.catalina.startup.VersionLoggerListener.log Command line argument: -Dcatalina.home=C:\Program Files\Apache Software Foundation\Tomcat 9.0
13-Apr-2025 20:16:12.809 INFO [main] org.apache.catalina.startup.VersionLoggerListener.log Command line argument: -Dcatalina.base=C:\Users\OSHADHA\IdeaProjects\OOP-projectnew
13-Apr-2025 20:16:12.809 INFO [main] org.apache.catalina.startup.VersionLoggerListener.log Command line argument: -Djava.io.tmpdir=C:\Users\OSHADHA\IdeaProjects\OOP-projectnew\temp
13-Apr-2025 20:16:12.809 INFO [main] org.apache.catalina.startup.VersionLoggerListener.log Command line argument: -Djava.util.logging.config.file=C:\Users\OSHADHA\IdeaProjects\OOP-projectnew\conf\logging.properties
13-Apr-2025 20:16:12.809 INFO [main] org.apache.catalina.startup.VersionLoggerListener.log Command line argument: -Djava.util.logging.manager=org.apache.juli.ClassLoaderLogManager
13-Apr-2025 20:16:12.809 INFO [main] org.apache.catalina.startup.VersionLoggerListener.log Command line argument: -javaagent:C:\Program Files\JetBrains\IntelliJ IDEA 2024.3.5\lib\idea_rt.jar=56315
13-Apr-2025 20:16:12.809 INFO [main] org.apache.catalina.startup.VersionLoggerListener.log Command line argument: -Dfile.encoding=UTF-8
13-Apr-2025 20:16:12.809 INFO [main] org.apache.catalina.startup.VersionLoggerListener.log Command line argument: -Dsun.stdout.encoding=UTF-8
13-Apr-2025 20:16:12.809 INFO [main] org.apache.catalina.startup.VersionLoggerListener.log Command line argument: -Dsun.stderr.encoding=UTF-8
13-Apr-2025 20:16:12.814 INFO [main] org.apache.catalina.core.AprLifecycleListener.lifecycleEvent Loaded Apache Tomcat Native library [1.3.1] using APR version [1.7.4].
13-Apr-2025 20:16:12.814 INFO [main] org.apache.catalina.core.AprLifecycleListener.lifecycleEvent APR capabilities: IPv6 [true], sendfile [true], accept filters [false], random [true], UDS [true].
13-Apr-2025 20:16:12.814 INFO [main] org.apache.catalina.core.AprLifecycleListener.lifecycleEvent APR/OpenSSL configuration: useAprConnector [false], useOpenSSL [true]
13-Apr-2025 20:16:12.821 INFO [main] org.apache.catalina.core.AprLifecycleListener.initializeSSL OpenSSL successfully initialized [OpenSSL 3.0.14 4 Jun 2024]
13-Apr-2025 20:16:13.273 INFO [main] org.apache.coyote.AbstractProtocol.init Initializing ProtocolHandler ["http-nio-8080"]
13-Apr-2025 20:16:13.301 INFO [main] org.apache.catalina.startup.Catalina.load Server initialization in [769] milliseconds
13-Apr-2025 20:16:13.364 INFO [main] org.apache.catalina.core.StandardService.startInternal Starting service [Catalina]
13-Apr-2025 20:16:13.365 INFO [main] org.apache.catalina.core.StandardEngine.startInternal Starting Servlet engine: [Apache Tomcat/9.0.102]
13-Apr-2025 20:16:13.378 INFO [main] org.apache.catalina.startup.HostConfig.deployDescriptor Deploying deployment descriptor [C:\Users\OSHADHA\IdeaProjects\OOP-projectnew\conf\Catalina\localhost\OOP-projectnew.xml]
13-Apr-2025 20:16:14.033 INFO [main] org.apache.catalina.startup.HostConfig.deployDescriptor Deployment of deployment descriptor [C:\Users\OSHADHA\IdeaProjects\OOP-projectnew\conf\Catalina\localhost\OOP-projectnew.xml] has finished in [654] ms
13-Apr-2025 20:16:14.036 INFO [main] org.apache.coyote.AbstractProtocol.start Starting ProtocolHandler ["http-nio-8080"]
13-Apr-2025 20:16:14.059 INFO [main] org.apache.catalina.startup.Catalina.start Server startup in [756] milliseconds
13-Apr-2025 20:23:22.658 INFO [Thread-1] org.apache.coyote.AbstractProtocol.pause Pausing ProtocolHandler ["http-nio-8080"]
13-Apr-2025 20:23:22.671 INFO [Thread-1] org.apache.catalina.core.StandardService.stopInternal Stopping service [Catalina]
13-Apr-2025 20:23:22.681 INFO [Thread-1] org.apache.coyote.AbstractProtocol.stop Stopping ProtocolHandler ["http-nio-8080"]
13-Apr-2025 20:23:22.683 INFO [Thread-1] org.apache.coyote.AbstractProtocol.destroy Destroying ProtocolHandler ["http-nio-8080"]
13-Apr-2025 20:23:25.329 INFO [main] org.apache.catalina.startup.VersionLoggerListener.log Server version name:   Apache Tomcat/9.0.102
13-Apr-2025 20:23:25.335 INFO [main] org.apache.catalina.startup.VersionLoggerListener.log Server built:          Mar 3 2025 19:33:14 UTC
13-Apr-2025 20:23:25.336 INFO [main] org.apache.catalina.startup.VersionLoggerListener.log Server version number: 9.0.102.0
13-Apr-2025 20:23:25.337 INFO [main] org.apache.catalina.startup.VersionLoggerListener.log OS Name:               Windows 10
13-Apr-2025 20:23:25.337 INFO [main] org.apache.catalina.startup.VersionLoggerListener.log OS Version:            10.0
13-Apr-2025 20:23:25.337 INFO [main] org.apache.catalina.startup.VersionLoggerListener.log Architecture:          amd64
13-Apr-2025 20:23:25.337 INFO [main] org.apache.catalina.startup.VersionLoggerListener.log Java Home:             C:\Program Files\Java\jdk-22
13-Apr-2025 20:23:25.337 INFO [main] org.apache.catalina.startup.VersionLoggerListener.log JVM Version:           22.0.1+8-16
13-Apr-2025 20:23:25.337 INFO [main] org.apache.catalina.startup.VersionLoggerListener.log JVM Vendor:            Oracle Corporation
13-Apr-2025 20:23:25.337 INFO [main] org.apache.catalina.startup.VersionLoggerListener.log CATALINA_BASE:         C:\Users\OSHADHA\IdeaProjects\OOP-projectnew
13-Apr-2025 20:23:25.337 INFO [main] org.apache.catalina.startup.VersionLoggerListener.log CATALINA_HOME:         C:\Program Files\Apache Software Foundation\Tomcat 9.0
13-Apr-2025 20:23:25.351 INFO [main] org.apache.catalina.startup.VersionLoggerListener.log Command line argument: --add-opens=java.base/java.lang=ALL-UNNAMED
13-Apr-2025 20:23:25.351 INFO [main] org.apache.catalina.startup.VersionLoggerListener.log Command line argument: --add-opens=java.base/java.io=ALL-UNNAMED
13-Apr-2025 20:23:25.351 INFO [main] org.apache.catalina.startup.VersionLoggerListener.log Command line argument: --add-opens=java.base/java.util=ALL-UNNAMED
13-Apr-2025 20:23:25.351 INFO [main] org.apache.catalina.startup.VersionLoggerListener.log Command line argument: --add-opens=java.base/java.util.concurrent=ALL-UNNAMED
13-Apr-2025 20:23:25.351 INFO [main] org.apache.catalina.startup.VersionLoggerListener.log Command line argument: --add-opens=java.rmi/sun.rmi.transport=ALL-UNNAMED
13-Apr-2025 20:23:25.352 INFO [main] org.apache.catalina.startup.VersionLoggerListener.log Command line argument: -Dcatalina.home=C:\Program Files\Apache Software Foundation\Tomcat 9.0
13-Apr-2025 20:23:25.352 INFO [main] org.apache.catalina.startup.VersionLoggerListener.log Command line argument: -Dcatalina.base=C:\Users\OSHADHA\IdeaProjects\OOP-projectnew
13-Apr-2025 20:23:25.352 INFO [main] org.apache.catalina.startup.VersionLoggerListener.log Command line argument: -Djava.io.tmpdir=C:\Users\OSHADHA\IdeaProjects\OOP-projectnew\temp
13-Apr-2025 20:23:25.352 INFO [main] org.apache.catalina.startup.VersionLoggerListener.log Command line argument: -Djava.util.logging.config.file=C:\Users\OSHADHA\IdeaProjects\OOP-projectnew\conf\logging.properties
13-Apr-2025 20:23:25.352 INFO [main] org.apache.catalina.startup.VersionLoggerListener.log Command line argument: -Djava.util.logging.manager=org.apache.juli.ClassLoaderLogManager
13-Apr-2025 20:23:25.352 INFO [main] org.apache.catalina.startup.VersionLoggerListener.log Command line argument: -javaagent:C:\Program Files\JetBrains\IntelliJ IDEA 2024.3.5\lib\idea_rt.jar=58915
13-Apr-2025 20:23:25.353 INFO [main] org.apache.catalina.startup.VersionLoggerListener.log Command line argument: -Dfile.encoding=UTF-8
13-Apr-2025 20:23:25.353 INFO [main] org.apache.catalina.startup.VersionLoggerListener.log Command line argument: -Dsun.stdout.encoding=UTF-8
13-Apr-2025 20:23:25.353 INFO [main] org.apache.catalina.startup.VersionLoggerListener.log Command line argument: -Dsun.stderr.encoding=UTF-8
13-Apr-2025 20:23:25.358 INFO [main] org.apache.catalina.core.AprLifecycleListener.lifecycleEvent Loaded Apache Tomcat Native library [1.3.1] using APR version [1.7.4].
13-Apr-2025 20:23:25.359 INFO [main] org.apache.catalina.core.AprLifecycleListener.lifecycleEvent APR capabilities: IPv6 [true], sendfile [true], accept filters [false], random [true], UDS [true].
13-Apr-2025 20:23:25.359 INFO [main] org.apache.catalina.core.AprLifecycleListener.lifecycleEvent APR/OpenSSL configuration: useAprConnector [false], useOpenSSL [true]
13-Apr-2025 20:23:25.366 INFO [main] org.apache.catalina.core.AprLifecycleListener.initializeSSL OpenSSL successfully initialized [OpenSSL 3.0.14 4 Jun 2024]
13-Apr-2025 20:23:25.862 INFO [main] org.apache.coyote.AbstractProtocol.init Initializing ProtocolHandler ["http-nio-8080"]
13-Apr-2025 20:23:25.893 INFO [main] org.apache.catalina.startup.Catalina.load Server initialization in [902] milliseconds
13-Apr-2025 20:23:25.959 INFO [main] org.apache.catalina.core.StandardService.startInternal Starting service [Catalina]
13-Apr-2025 20:23:25.959 INFO [main] org.apache.catalina.core.StandardEngine.startInternal Starting Servlet engine: [Apache Tomcat/9.0.102]
13-Apr-2025 20:23:25.971 INFO [main] org.apache.catalina.startup.HostConfig.deployDescriptor Deploying deployment descriptor [C:\Users\OSHADHA\IdeaProjects\OOP-projectnew\conf\Catalina\localhost\OOP-projectnew.xml]
13-Apr-2025 20:23:26.702 INFO [main] org.apache.catalina.startup.HostConfig.deployDescriptor Deployment of deployment descriptor [C:\Users\OSHADHA\IdeaProjects\OOP-projectnew\conf\Catalina\localhost\OOP-projectnew.xml] has finished in [731] ms
13-Apr-2025 20:23:26.706 INFO [main] org.apache.coyote.AbstractProtocol.start Starting ProtocolHandler ["http-nio-8080"]
13-Apr-2025 20:23:26.728 INFO [main] org.apache.catalina.startup.Catalina.start Server startup in [833] milliseconds
13-Apr-2025 20:30:14.494 INFO [Thread-1] org.apache.coyote.AbstractProtocol.pause Pausing ProtocolHandler ["http-nio-8080"]
13-Apr-2025 20:30:14.504 INFO [Thread-1] org.apache.catalina.core.StandardService.stopInternal Stopping service [Catalina]
13-Apr-2025 20:30:14.515 INFO [Thread-1] org.apache.coyote.AbstractProtocol.stop Stopping ProtocolHandler ["http-nio-8080"]
13-Apr-2025 20:30:14.517 INFO [Thread-1] org.apache.coyote.AbstractProtocol.destroy Destroying ProtocolHandler ["http-nio-8080"]
