12-Apr-2025 10:10:03.958 INFO [main] org.apache.catalina.startup.VersionLoggerListener.log Server version name:   Apache Tomcat/9.0.102
12-Apr-2025 10:10:03.964 INFO [main] org.apache.catalina.startup.VersionLoggerListener.log Server built:          Mar 3 2025 19:33:14 UTC
12-Apr-2025 10:10:03.964 INFO [main] org.apache.catalina.startup.VersionLoggerListener.log Server version number: 9.0.102.0
12-Apr-2025 10:10:03.964 INFO [main] org.apache.catalina.startup.VersionLoggerListener.log OS Name:               Windows 10
12-Apr-2025 10:10:03.964 INFO [main] org.apache.catalina.startup.VersionLoggerListener.log OS Version:            10.0
12-Apr-2025 10:10:03.964 INFO [main] org.apache.catalina.startup.VersionLoggerListener.log Architecture:          amd64
12-Apr-2025 10:10:03.965 INFO [main] org.apache.catalina.startup.VersionLoggerListener.log Java Home:             C:\Program Files\Java\jdk-22
12-Apr-2025 10:10:03.965 INFO [main] org.apache.catalina.startup.VersionLoggerListener.log JVM Version:           22.0.1+8-16
12-Apr-2025 10:10:03.965 INFO [main] org.apache.catalina.startup.VersionLoggerListener.log JVM Vendor:            Oracle Corporation
12-Apr-2025 10:10:03.965 INFO [main] org.apache.catalina.startup.VersionLoggerListener.log CATALINA_BASE:         C:\Users\OSHADHA\IdeaProjects\OOP-projectnew
12-Apr-2025 10:10:03.965 INFO [main] org.apache.catalina.startup.VersionLoggerListener.log CATALINA_HOME:         C:\Program Files\Apache Software Foundation\Tomcat 9.0
12-Apr-2025 10:10:03.974 INFO [main] org.apache.catalina.startup.VersionLoggerListener.log Command line argument: --add-opens=java.base/java.lang=ALL-UNNAMED
12-Apr-2025 10:10:03.974 INFO [main] org.apache.catalina.startup.VersionLoggerListener.log Command line argument: --add-opens=java.base/java.io=ALL-UNNAMED
12-Apr-2025 10:10:03.975 INFO [main] org.apache.catalina.startup.VersionLoggerListener.log Command line argument: --add-opens=java.base/java.util=ALL-UNNAMED
12-Apr-2025 10:10:03.975 INFO [main] org.apache.catalina.startup.VersionLoggerListener.log Command line argument: --add-opens=java.base/java.util.concurrent=ALL-UNNAMED
12-Apr-2025 10:10:03.975 INFO [main] org.apache.catalina.startup.VersionLoggerListener.log Command line argument: --add-opens=java.rmi/sun.rmi.transport=ALL-UNNAMED
12-Apr-2025 10:10:03.975 INFO [main] org.apache.catalina.startup.VersionLoggerListener.log Command line argument: -Dcatalina.home=C:\Program Files\Apache Software Foundation\Tomcat 9.0
12-Apr-2025 10:10:03.975 INFO [main] org.apache.catalina.startup.VersionLoggerListener.log Command line argument: -Dcatalina.base=C:\Users\OSHADHA\IdeaProjects\OOP-projectnew
12-Apr-2025 10:10:03.975 INFO [main] org.apache.catalina.startup.VersionLoggerListener.log Command line argument: -Djava.io.tmpdir=C:\Users\OSHADHA\IdeaProjects\OOP-projectnew\temp
12-Apr-2025 10:10:03.975 INFO [main] org.apache.catalina.startup.VersionLoggerListener.log Command line argument: -Djava.util.logging.config.file=C:\Users\OSHADHA\IdeaProjects\OOP-projectnew\conf\logging.properties
12-Apr-2025 10:10:03.975 INFO [main] org.apache.catalina.startup.VersionLoggerListener.log Command line argument: -Djava.util.logging.manager=org.apache.juli.ClassLoaderLogManager
12-Apr-2025 10:10:03.975 INFO [main] org.apache.catalina.startup.VersionLoggerListener.log Command line argument: -javaagent:C:\Program Files\JetBrains\IntelliJ IDEA 2024.3.5\lib\idea_rt.jar=59428
12-Apr-2025 10:10:03.976 INFO [main] org.apache.catalina.startup.VersionLoggerListener.log Command line argument: -Dfile.encoding=UTF-8
12-Apr-2025 10:10:03.976 INFO [main] org.apache.catalina.startup.VersionLoggerListener.log Command line argument: -Dsun.stdout.encoding=UTF-8
12-Apr-2025 10:10:03.976 INFO [main] org.apache.catalina.startup.VersionLoggerListener.log Command line argument: -Dsun.stderr.encoding=UTF-8
12-Apr-2025 10:10:03.983 INFO [main] org.apache.catalina.core.AprLifecycleListener.lifecycleEvent Loaded Apache Tomcat Native library [1.3.1] using APR version [1.7.4].
12-Apr-2025 10:10:03.983 INFO [main] org.apache.catalina.core.AprLifecycleListener.lifecycleEvent APR capabilities: IPv6 [true], sendfile [true], accept filters [false], random [true], UDS [true].
12-Apr-2025 10:10:03.983 INFO [main] org.apache.catalina.core.AprLifecycleListener.lifecycleEvent APR/OpenSSL configuration: useAprConnector [false], useOpenSSL [true]
12-Apr-2025 10:10:04.003 INFO [main] org.apache.catalina.core.AprLifecycleListener.initializeSSL OpenSSL successfully initialized [OpenSSL 3.0.14 4 Jun 2024]
12-Apr-2025 10:10:04.441 INFO [main] org.apache.coyote.AbstractProtocol.init Initializing ProtocolHandler ["http-nio-8080"]
12-Apr-2025 10:10:04.463 INFO [main] org.apache.catalina.startup.Catalina.load Server initialization in [797] milliseconds
12-Apr-2025 10:10:04.526 INFO [main] org.apache.catalina.core.StandardService.startInternal Starting service [Catalina]
12-Apr-2025 10:10:04.526 INFO [main] org.apache.catalina.core.StandardEngine.startInternal Starting Servlet engine: [Apache Tomcat/9.0.102]
12-Apr-2025 10:10:04.534 INFO [main] org.apache.catalina.startup.HostConfig.deployDescriptor Deploying deployment descriptor [C:\Users\OSHADHA\IdeaProjects\OOP-projectnew\conf\Catalina\localhost\OOP-projectnew.xml]
12-Apr-2025 10:10:04.926 INFO [main] org.apache.catalina.startup.HostConfig.deployDescriptor Deployment of deployment descriptor [C:\Users\OSHADHA\IdeaProjects\OOP-projectnew\conf\Catalina\localhost\OOP-projectnew.xml] has finished in [392] ms
12-Apr-2025 10:10:04.930 INFO [main] org.apache.coyote.AbstractProtocol.start Starting ProtocolHandler ["http-nio-8080"]
12-Apr-2025 10:10:04.952 INFO [main] org.apache.catalina.startup.Catalina.start Server startup in [488] milliseconds
12-Apr-2025 10:10:36.467 INFO [Thread-1] org.apache.coyote.AbstractProtocol.pause Pausing ProtocolHandler ["http-nio-8080"]
12-Apr-2025 10:10:36.478 INFO [Thread-1] org.apache.catalina.core.StandardService.stopInternal Stopping service [Catalina]
12-Apr-2025 10:10:36.494 INFO [Thread-1] org.apache.coyote.AbstractProtocol.stop Stopping ProtocolHandler ["http-nio-8080"]
12-Apr-2025 10:10:36.507 INFO [Thread-1] org.apache.coyote.AbstractProtocol.destroy Destroying ProtocolHandler ["http-nio-8080"]
12-Apr-2025 10:15:35.100 INFO [main] org.apache.catalina.startup.VersionLoggerListener.log Server version name:   Apache Tomcat/9.0.102
12-Apr-2025 10:15:35.106 INFO [main] org.apache.catalina.startup.VersionLoggerListener.log Server built:          Mar 3 2025 19:33:14 UTC
12-Apr-2025 10:15:35.106 INFO [main] org.apache.catalina.startup.VersionLoggerListener.log Server version number: 9.0.102.0
12-Apr-2025 10:15:35.106 INFO [main] org.apache.catalina.startup.VersionLoggerListener.log OS Name:               Windows 10
12-Apr-2025 10:15:35.107 INFO [main] org.apache.catalina.startup.VersionLoggerListener.log OS Version:            10.0
12-Apr-2025 10:15:35.107 INFO [main] org.apache.catalina.startup.VersionLoggerListener.log Architecture:          amd64
12-Apr-2025 10:15:35.107 INFO [main] org.apache.catalina.startup.VersionLoggerListener.log Java Home:             C:\Program Files\Java\jdk-22
12-Apr-2025 10:15:35.107 INFO [main] org.apache.catalina.startup.VersionLoggerListener.log JVM Version:           22.0.1+8-16
12-Apr-2025 10:15:35.107 INFO [main] org.apache.catalina.startup.VersionLoggerListener.log JVM Vendor:            Oracle Corporation
12-Apr-2025 10:15:35.107 INFO [main] org.apache.catalina.startup.VersionLoggerListener.log CATALINA_BASE:         C:\Users\OSHADHA\IdeaProjects\OOP-projectnew
12-Apr-2025 10:15:35.107 INFO [main] org.apache.catalina.startup.VersionLoggerListener.log CATALINA_HOME:         C:\Program Files\Apache Software Foundation\Tomcat 9.0
12-Apr-2025 10:15:35.117 INFO [main] org.apache.catalina.startup.VersionLoggerListener.log Command line argument: --add-opens=java.base/java.lang=ALL-UNNAMED
12-Apr-2025 10:15:35.117 INFO [main] org.apache.catalina.startup.VersionLoggerListener.log Command line argument: --add-opens=java.base/java.io=ALL-UNNAMED
12-Apr-2025 10:15:35.117 INFO [main] org.apache.catalina.startup.VersionLoggerListener.log Command line argument: --add-opens=java.base/java.util=ALL-UNNAMED
12-Apr-2025 10:15:35.118 INFO [main] org.apache.catalina.startup.VersionLoggerListener.log Command line argument: --add-opens=java.base/java.util.concurrent=ALL-UNNAMED
12-Apr-2025 10:15:35.118 INFO [main] org.apache.catalina.startup.VersionLoggerListener.log Command line argument: --add-opens=java.rmi/sun.rmi.transport=ALL-UNNAMED
12-Apr-2025 10:15:35.118 INFO [main] org.apache.catalina.startup.VersionLoggerListener.log Command line argument: -Dcatalina.home=C:\Program Files\Apache Software Foundation\Tomcat 9.0
12-Apr-2025 10:15:35.118 INFO [main] org.apache.catalina.startup.VersionLoggerListener.log Command line argument: -Dcatalina.base=C:\Users\OSHADHA\IdeaProjects\OOP-projectnew
12-Apr-2025 10:15:35.118 INFO [main] org.apache.catalina.startup.VersionLoggerListener.log Command line argument: -Djava.io.tmpdir=C:\Users\OSHADHA\IdeaProjects\OOP-projectnew\temp
12-Apr-2025 10:15:35.118 INFO [main] org.apache.catalina.startup.VersionLoggerListener.log Command line argument: -Djava.util.logging.config.file=C:\Users\OSHADHA\IdeaProjects\OOP-projectnew\conf\logging.properties
12-Apr-2025 10:15:35.118 INFO [main] org.apache.catalina.startup.VersionLoggerListener.log Command line argument: -Djava.util.logging.manager=org.apache.juli.ClassLoaderLogManager
12-Apr-2025 10:15:35.118 INFO [main] org.apache.catalina.startup.VersionLoggerListener.log Command line argument: -javaagent:C:\Program Files\JetBrains\IntelliJ IDEA 2024.3.5\lib\idea_rt.jar=59760
12-Apr-2025 10:15:35.118 INFO [main] org.apache.catalina.startup.VersionLoggerListener.log Command line argument: -Dfile.encoding=UTF-8
12-Apr-2025 10:15:35.119 INFO [main] org.apache.catalina.startup.VersionLoggerListener.log Command line argument: -Dsun.stdout.encoding=UTF-8
12-Apr-2025 10:15:35.119 INFO [main] org.apache.catalina.startup.VersionLoggerListener.log Command line argument: -Dsun.stderr.encoding=UTF-8
12-Apr-2025 10:15:35.124 INFO [main] org.apache.catalina.core.AprLifecycleListener.lifecycleEvent Loaded Apache Tomcat Native library [1.3.1] using APR version [1.7.4].
12-Apr-2025 10:15:35.124 INFO [main] org.apache.catalina.core.AprLifecycleListener.lifecycleEvent APR capabilities: IPv6 [true], sendfile [true], accept filters [false], random [true], UDS [true].
12-Apr-2025 10:15:35.124 INFO [main] org.apache.catalina.core.AprLifecycleListener.lifecycleEvent APR/OpenSSL configuration: useAprConnector [false], useOpenSSL [true]
12-Apr-2025 10:15:35.133 INFO [main] org.apache.catalina.core.AprLifecycleListener.initializeSSL OpenSSL successfully initialized [OpenSSL 3.0.14 4 Jun 2024]
12-Apr-2025 10:15:35.587 INFO [main] org.apache.coyote.AbstractProtocol.init Initializing ProtocolHandler ["http-nio-8080"]
12-Apr-2025 10:15:35.609 INFO [main] org.apache.catalina.startup.Catalina.load Server initialization in [767] milliseconds
12-Apr-2025 10:15:35.665 INFO [main] org.apache.catalina.core.StandardService.startInternal Starting service [Catalina]
12-Apr-2025 10:15:35.665 INFO [main] org.apache.catalina.core.StandardEngine.startInternal Starting Servlet engine: [Apache Tomcat/9.0.102]
12-Apr-2025 10:15:35.674 INFO [main] org.apache.catalina.startup.HostConfig.deployDescriptor Deploying deployment descriptor [C:\Users\OSHADHA\IdeaProjects\OOP-projectnew\conf\Catalina\localhost\OOP-projectnew.xml]
12-Apr-2025 10:15:36.047 INFO [main] org.apache.catalina.startup.HostConfig.deployDescriptor Deployment of deployment descriptor [C:\Users\OSHADHA\IdeaProjects\OOP-projectnew\conf\Catalina\localhost\OOP-projectnew.xml] has finished in [373] ms
12-Apr-2025 10:15:36.051 INFO [main] org.apache.coyote.AbstractProtocol.start Starting ProtocolHandler ["http-nio-8080"]
12-Apr-2025 10:15:36.072 INFO [main] org.apache.catalina.startup.Catalina.start Server startup in [461] milliseconds
12-Apr-2025 10:17:50.845 INFO [Thread-1] org.apache.coyote.AbstractProtocol.pause Pausing ProtocolHandler ["http-nio-8080"]
12-Apr-2025 10:17:50.855 INFO [Thread-1] org.apache.catalina.core.StandardService.stopInternal Stopping service [Catalina]
12-Apr-2025 10:17:50.867 INFO [Thread-1] org.apache.coyote.AbstractProtocol.stop Stopping ProtocolHandler ["http-nio-8080"]
12-Apr-2025 10:17:50.894 INFO [Thread-1] org.apache.coyote.AbstractProtocol.destroy Destroying ProtocolHandler ["http-nio-8080"]
12-Apr-2025 10:17:53.100 INFO [main] org.apache.catalina.startup.VersionLoggerListener.log Server version name:   Apache Tomcat/9.0.102
12-Apr-2025 10:17:53.105 INFO [main] org.apache.catalina.startup.VersionLoggerListener.log Server built:          Mar 3 2025 19:33:14 UTC
12-Apr-2025 10:17:53.106 INFO [main] org.apache.catalina.startup.VersionLoggerListener.log Server version number: 9.0.102.0
12-Apr-2025 10:17:53.106 INFO [main] org.apache.catalina.startup.VersionLoggerListener.log OS Name:               Windows 10
12-Apr-2025 10:17:53.106 INFO [main] org.apache.catalina.startup.VersionLoggerListener.log OS Version:            10.0
12-Apr-2025 10:17:53.106 INFO [main] org.apache.catalina.startup.VersionLoggerListener.log Architecture:          amd64
12-Apr-2025 10:17:53.106 INFO [main] org.apache.catalina.startup.VersionLoggerListener.log Java Home:             C:\Program Files\Java\jdk-22
12-Apr-2025 10:17:53.106 INFO [main] org.apache.catalina.startup.VersionLoggerListener.log JVM Version:           22.0.1+8-16
12-Apr-2025 10:17:53.106 INFO [main] org.apache.catalina.startup.VersionLoggerListener.log JVM Vendor:            Oracle Corporation
12-Apr-2025 10:17:53.106 INFO [main] org.apache.catalina.startup.VersionLoggerListener.log CATALINA_BASE:         C:\Users\OSHADHA\IdeaProjects\OOP-projectnew
12-Apr-2025 10:17:53.106 INFO [main] org.apache.catalina.startup.VersionLoggerListener.log CATALINA_HOME:         C:\Program Files\Apache Software Foundation\Tomcat 9.0
12-Apr-2025 10:17:53.116 INFO [main] org.apache.catalina.startup.VersionLoggerListener.log Command line argument: --add-opens=java.base/java.lang=ALL-UNNAMED
12-Apr-2025 10:17:53.116 INFO [main] org.apache.catalina.startup.VersionLoggerListener.log Command line argument: --add-opens=java.base/java.io=ALL-UNNAMED
12-Apr-2025 10:17:53.116 INFO [main] org.apache.catalina.startup.VersionLoggerListener.log Command line argument: --add-opens=java.base/java.util=ALL-UNNAMED
12-Apr-2025 10:17:53.116 INFO [main] org.apache.catalina.startup.VersionLoggerListener.log Command line argument: --add-opens=java.base/java.util.concurrent=ALL-UNNAMED
12-Apr-2025 10:17:53.116 INFO [main] org.apache.catalina.startup.VersionLoggerListener.log Command line argument: --add-opens=java.rmi/sun.rmi.transport=ALL-UNNAMED
12-Apr-2025 10:17:53.116 INFO [main] org.apache.catalina.startup.VersionLoggerListener.log Command line argument: -Dcatalina.home=C:\Program Files\Apache Software Foundation\Tomcat 9.0
12-Apr-2025 10:17:53.116 INFO [main] org.apache.catalina.startup.VersionLoggerListener.log Command line argument: -Dcatalina.base=C:\Users\OSHADHA\IdeaProjects\OOP-projectnew
12-Apr-2025 10:17:53.117 INFO [main] org.apache.catalina.startup.VersionLoggerListener.log Command line argument: -Djava.io.tmpdir=C:\Users\OSHADHA\IdeaProjects\OOP-projectnew\temp
12-Apr-2025 10:17:53.117 INFO [main] org.apache.catalina.startup.VersionLoggerListener.log Command line argument: -Djava.util.logging.config.file=C:\Users\OSHADHA\IdeaProjects\OOP-projectnew\conf\logging.properties
12-Apr-2025 10:17:53.117 INFO [main] org.apache.catalina.startup.VersionLoggerListener.log Command line argument: -Djava.util.logging.manager=org.apache.juli.ClassLoaderLogManager
12-Apr-2025 10:17:53.117 INFO [main] org.apache.catalina.startup.VersionLoggerListener.log Command line argument: -javaagent:C:\Program Files\JetBrains\IntelliJ IDEA 2024.3.5\lib\idea_rt.jar=59765
12-Apr-2025 10:17:53.117 INFO [main] org.apache.catalina.startup.VersionLoggerListener.log Command line argument: -Dfile.encoding=UTF-8
12-Apr-2025 10:17:53.117 INFO [main] org.apache.catalina.startup.VersionLoggerListener.log Command line argument: -Dsun.stdout.encoding=UTF-8
12-Apr-2025 10:17:53.117 INFO [main] org.apache.catalina.startup.VersionLoggerListener.log Command line argument: -Dsun.stderr.encoding=UTF-8
12-Apr-2025 10:17:53.121 INFO [main] org.apache.catalina.core.AprLifecycleListener.lifecycleEvent Loaded Apache Tomcat Native library [1.3.1] using APR version [1.7.4].
12-Apr-2025 10:17:53.122 INFO [main] org.apache.catalina.core.AprLifecycleListener.lifecycleEvent APR capabilities: IPv6 [true], sendfile [true], accept filters [false], random [true], UDS [true].
12-Apr-2025 10:17:53.122 INFO [main] org.apache.catalina.core.AprLifecycleListener.lifecycleEvent APR/OpenSSL configuration: useAprConnector [false], useOpenSSL [true]
12-Apr-2025 10:17:53.130 INFO [main] org.apache.catalina.core.AprLifecycleListener.initializeSSL OpenSSL successfully initialized [OpenSSL 3.0.14 4 Jun 2024]
12-Apr-2025 10:17:53.545 INFO [main] org.apache.coyote.AbstractProtocol.init Initializing ProtocolHandler ["http-nio-8080"]
12-Apr-2025 10:17:53.570 INFO [main] org.apache.catalina.startup.Catalina.load Server initialization in [724] milliseconds
12-Apr-2025 10:17:53.632 INFO [main] org.apache.catalina.core.StandardService.startInternal Starting service [Catalina]
12-Apr-2025 10:17:53.633 INFO [main] org.apache.catalina.core.StandardEngine.startInternal Starting Servlet engine: [Apache Tomcat/9.0.102]
12-Apr-2025 10:17:53.642 INFO [main] org.apache.catalina.startup.HostConfig.deployDescriptor Deploying deployment descriptor [C:\Users\OSHADHA\IdeaProjects\OOP-projectnew\conf\Catalina\localhost\OOP-projectnew.xml]
12-Apr-2025 10:17:54.075 INFO [main] org.apache.catalina.startup.HostConfig.deployDescriptor Deployment of deployment descriptor [C:\Users\OSHADHA\IdeaProjects\OOP-projectnew\conf\Catalina\localhost\OOP-projectnew.xml] has finished in [433] ms
12-Apr-2025 10:17:54.079 INFO [main] org.apache.coyote.AbstractProtocol.start Starting ProtocolHandler ["http-nio-8080"]
12-Apr-2025 10:17:54.100 INFO [main] org.apache.catalina.startup.Catalina.start Server startup in [528] milliseconds
12-Apr-2025 10:23:03.521 INFO [Thread-1] org.apache.coyote.AbstractProtocol.pause Pausing ProtocolHandler ["http-nio-8080"]
12-Apr-2025 10:23:03.527 INFO [Thread-1] org.apache.catalina.core.StandardService.stopInternal Stopping service [Catalina]
12-Apr-2025 10:23:03.539 INFO [Thread-1] org.apache.coyote.AbstractProtocol.stop Stopping ProtocolHandler ["http-nio-8080"]
12-Apr-2025 10:23:03.565 INFO [Thread-1] org.apache.coyote.AbstractProtocol.destroy Destroying ProtocolHandler ["http-nio-8080"]
12-Apr-2025 10:24:29.216 INFO [main] org.apache.catalina.startup.VersionLoggerListener.log Server version name:   Apache Tomcat/9.0.102
12-Apr-2025 10:24:29.219 INFO [main] org.apache.catalina.startup.VersionLoggerListener.log Server built:          Mar 3 2025 19:33:14 UTC
12-Apr-2025 10:24:29.220 INFO [main] org.apache.catalina.startup.VersionLoggerListener.log Server version number: 9.0.102.0
12-Apr-2025 10:24:29.220 INFO [main] org.apache.catalina.startup.VersionLoggerListener.log OS Name:               Windows 10
12-Apr-2025 10:24:29.220 INFO [main] org.apache.catalina.startup.VersionLoggerListener.log OS Version:            10.0
12-Apr-2025 10:24:29.220 INFO [main] org.apache.catalina.startup.VersionLoggerListener.log Architecture:          amd64
12-Apr-2025 10:24:29.220 INFO [main] org.apache.catalina.startup.VersionLoggerListener.log Java Home:             C:\Program Files\Java\jdk-22
12-Apr-2025 10:24:29.220 INFO [main] org.apache.catalina.startup.VersionLoggerListener.log JVM Version:           22.0.1+8-16
12-Apr-2025 10:24:29.220 INFO [main] org.apache.catalina.startup.VersionLoggerListener.log JVM Vendor:            Oracle Corporation
12-Apr-2025 10:24:29.220 INFO [main] org.apache.catalina.startup.VersionLoggerListener.log CATALINA_BASE:         C:\Users\OSHADHA\IdeaProjects\OOP-projectnew
12-Apr-2025 10:24:29.220 INFO [main] org.apache.catalina.startup.VersionLoggerListener.log CATALINA_HOME:         C:\Program Files\Apache Software Foundation\Tomcat 9.0
12-Apr-2025 10:24:29.228 INFO [main] org.apache.catalina.startup.VersionLoggerListener.log Command line argument: --add-opens=java.base/java.lang=ALL-UNNAMED
12-Apr-2025 10:24:29.228 INFO [main] org.apache.catalina.startup.VersionLoggerListener.log Command line argument: --add-opens=java.base/java.io=ALL-UNNAMED
12-Apr-2025 10:24:29.228 INFO [main] org.apache.catalina.startup.VersionLoggerListener.log Command line argument: --add-opens=java.base/java.util=ALL-UNNAMED
12-Apr-2025 10:24:29.228 INFO [main] org.apache.catalina.startup.VersionLoggerListener.log Command line argument: --add-opens=java.base/java.util.concurrent=ALL-UNNAMED
12-Apr-2025 10:24:29.228 INFO [main] org.apache.catalina.startup.VersionLoggerListener.log Command line argument: --add-opens=java.rmi/sun.rmi.transport=ALL-UNNAMED
12-Apr-2025 10:24:29.228 INFO [main] org.apache.catalina.startup.VersionLoggerListener.log Command line argument: -Dcatalina.home=C:\Program Files\Apache Software Foundation\Tomcat 9.0
12-Apr-2025 10:24:29.228 INFO [main] org.apache.catalina.startup.VersionLoggerListener.log Command line argument: -Dcatalina.base=C:\Users\OSHADHA\IdeaProjects\OOP-projectnew
12-Apr-2025 10:24:29.228 INFO [main] org.apache.catalina.startup.VersionLoggerListener.log Command line argument: -Djava.io.tmpdir=C:\Users\OSHADHA\IdeaProjects\OOP-projectnew\temp
12-Apr-2025 10:24:29.229 INFO [main] org.apache.catalina.startup.VersionLoggerListener.log Command line argument: -Djava.util.logging.config.file=C:\Users\OSHADHA\IdeaProjects\OOP-projectnew\conf\logging.properties
12-Apr-2025 10:24:29.229 INFO [main] org.apache.catalina.startup.VersionLoggerListener.log Command line argument: -Djava.util.logging.manager=org.apache.juli.ClassLoaderLogManager
12-Apr-2025 10:24:29.229 INFO [main] org.apache.catalina.startup.VersionLoggerListener.log Command line argument: -javaagent:C:\Program Files\JetBrains\IntelliJ IDEA 2024.3.5\lib\idea_rt.jar=59862
12-Apr-2025 10:24:29.229 INFO [main] org.apache.catalina.startup.VersionLoggerListener.log Command line argument: -Dfile.encoding=UTF-8
12-Apr-2025 10:24:29.229 INFO [main] org.apache.catalina.startup.VersionLoggerListener.log Command line argument: -Dsun.stdout.encoding=UTF-8
12-Apr-2025 10:24:29.229 INFO [main] org.apache.catalina.startup.VersionLoggerListener.log Command line argument: -Dsun.stderr.encoding=UTF-8
12-Apr-2025 10:24:29.233 INFO [main] org.apache.catalina.core.AprLifecycleListener.lifecycleEvent Loaded Apache Tomcat Native library [1.3.1] using APR version [1.7.4].
12-Apr-2025 10:24:29.233 INFO [main] org.apache.catalina.core.AprLifecycleListener.lifecycleEvent APR capabilities: IPv6 [true], sendfile [true], accept filters [false], random [true], UDS [true].
12-Apr-2025 10:24:29.234 INFO [main] org.apache.catalina.core.AprLifecycleListener.lifecycleEvent APR/OpenSSL configuration: useAprConnector [false], useOpenSSL [true]
12-Apr-2025 10:24:29.241 INFO [main] org.apache.catalina.core.AprLifecycleListener.initializeSSL OpenSSL successfully initialized [OpenSSL 3.0.14 4 Jun 2024]
12-Apr-2025 10:24:29.727 INFO [main] org.apache.coyote.AbstractProtocol.init Initializing ProtocolHandler ["http-nio-8080"]
12-Apr-2025 10:24:29.750 INFO [main] org.apache.catalina.startup.Catalina.load Server initialization in [752] milliseconds
12-Apr-2025 10:24:29.812 INFO [main] org.apache.catalina.core.StandardService.startInternal Starting service [Catalina]
12-Apr-2025 10:24:29.812 INFO [main] org.apache.catalina.core.StandardEngine.startInternal Starting Servlet engine: [Apache Tomcat/9.0.102]
12-Apr-2025 10:24:29.823 INFO [main] org.apache.catalina.startup.HostConfig.deployDescriptor Deploying deployment descriptor [C:\Users\OSHADHA\IdeaProjects\OOP-projectnew\conf\Catalina\localhost\OOP-projectnew.xml]
12-Apr-2025 10:24:30.256 INFO [main] org.apache.catalina.startup.HostConfig.deployDescriptor Deployment of deployment descriptor [C:\Users\OSHADHA\IdeaProjects\OOP-projectnew\conf\Catalina\localhost\OOP-projectnew.xml] has finished in [433] ms
12-Apr-2025 10:24:30.259 INFO [main] org.apache.coyote.AbstractProtocol.start Starting ProtocolHandler ["http-nio-8080"]
12-Apr-2025 10:24:30.279 INFO [main] org.apache.catalina.startup.Catalina.start Server startup in [527] milliseconds
12-Apr-2025 10:26:03.915 INFO [Thread-1] org.apache.coyote.AbstractProtocol.pause Pausing ProtocolHandler ["http-nio-8080"]
12-Apr-2025 10:26:03.926 INFO [Thread-1] org.apache.catalina.core.StandardService.stopInternal Stopping service [Catalina]
12-Apr-2025 10:26:03.941 INFO [Thread-1] org.apache.coyote.AbstractProtocol.stop Stopping ProtocolHandler ["http-nio-8080"]
12-Apr-2025 10:26:03.958 INFO [Thread-1] org.apache.coyote.AbstractProtocol.destroy Destroying ProtocolHandler ["http-nio-8080"]
12-Apr-2025 10:26:25.984 INFO [main] org.apache.catalina.startup.VersionLoggerListener.log Server version name:   Apache Tomcat/9.0.102
12-Apr-2025 10:26:25.987 INFO [main] org.apache.catalina.startup.VersionLoggerListener.log Server built:          Mar 3 2025 19:33:14 UTC
12-Apr-2025 10:26:25.988 INFO [main] org.apache.catalina.startup.VersionLoggerListener.log Server version number: 9.0.102.0
12-Apr-2025 10:26:25.988 INFO [main] org.apache.catalina.startup.VersionLoggerListener.log OS Name:               Windows 10
12-Apr-2025 10:26:25.988 INFO [main] org.apache.catalina.startup.VersionLoggerListener.log OS Version:            10.0
12-Apr-2025 10:26:25.988 INFO [main] org.apache.catalina.startup.VersionLoggerListener.log Architecture:          amd64
12-Apr-2025 10:26:25.988 INFO [main] org.apache.catalina.startup.VersionLoggerListener.log Java Home:             C:\Program Files\Java\jdk-22
12-Apr-2025 10:26:25.988 INFO [main] org.apache.catalina.startup.VersionLoggerListener.log JVM Version:           22.0.1+8-16
12-Apr-2025 10:26:25.988 INFO [main] org.apache.catalina.startup.VersionLoggerListener.log JVM Vendor:            Oracle Corporation
12-Apr-2025 10:26:25.988 INFO [main] org.apache.catalina.startup.VersionLoggerListener.log CATALINA_BASE:         C:\Users\OSHADHA\IdeaProjects\OOP-projectnew
12-Apr-2025 10:26:25.988 INFO [main] org.apache.catalina.startup.VersionLoggerListener.log CATALINA_HOME:         C:\Program Files\Apache Software Foundation\Tomcat 9.0
12-Apr-2025 10:26:25.997 INFO [main] org.apache.catalina.startup.VersionLoggerListener.log Command line argument: --add-opens=java.base/java.lang=ALL-UNNAMED
12-Apr-2025 10:26:25.997 INFO [main] org.apache.catalina.startup.VersionLoggerListener.log Command line argument: --add-opens=java.base/java.io=ALL-UNNAMED
12-Apr-2025 10:26:25.997 INFO [main] org.apache.catalina.startup.VersionLoggerListener.log Command line argument: --add-opens=java.base/java.util=ALL-UNNAMED
12-Apr-2025 10:26:25.997 INFO [main] org.apache.catalina.startup.VersionLoggerListener.log Command line argument: --add-opens=java.base/java.util.concurrent=ALL-UNNAMED
12-Apr-2025 10:26:25.997 INFO [main] org.apache.catalina.startup.VersionLoggerListener.log Command line argument: --add-opens=java.rmi/sun.rmi.transport=ALL-UNNAMED
12-Apr-2025 10:26:25.997 INFO [main] org.apache.catalina.startup.VersionLoggerListener.log Command line argument: -Dcatalina.home=C:\Program Files\Apache Software Foundation\Tomcat 9.0
12-Apr-2025 10:26:25.997 INFO [main] org.apache.catalina.startup.VersionLoggerListener.log Command line argument: -Dcatalina.base=C:\Users\OSHADHA\IdeaProjects\OOP-projectnew
12-Apr-2025 10:26:25.998 INFO [main] org.apache.catalina.startup.VersionLoggerListener.log Command line argument: -Djava.io.tmpdir=C:\Users\OSHADHA\IdeaProjects\OOP-projectnew\temp
12-Apr-2025 10:26:25.998 INFO [main] org.apache.catalina.startup.VersionLoggerListener.log Command line argument: -Djava.util.logging.config.file=C:\Users\OSHADHA\IdeaProjects\OOP-projectnew\conf\logging.properties
12-Apr-2025 10:26:25.998 INFO [main] org.apache.catalina.startup.VersionLoggerListener.log Command line argument: -Djava.util.logging.manager=org.apache.juli.ClassLoaderLogManager
12-Apr-2025 10:26:25.998 INFO [main] org.apache.catalina.startup.VersionLoggerListener.log Command line argument: -javaagent:C:\Program Files\JetBrains\IntelliJ IDEA 2024.3.5\lib\idea_rt.jar=59874
12-Apr-2025 10:26:25.998 INFO [main] org.apache.catalina.startup.VersionLoggerListener.log Command line argument: -Dfile.encoding=UTF-8
12-Apr-2025 10:26:25.998 INFO [main] org.apache.catalina.startup.VersionLoggerListener.log Command line argument: -Dsun.stdout.encoding=UTF-8
12-Apr-2025 10:26:25.998 INFO [main] org.apache.catalina.startup.VersionLoggerListener.log Command line argument: -Dsun.stderr.encoding=UTF-8
12-Apr-2025 10:26:26.001 INFO [main] org.apache.catalina.core.AprLifecycleListener.lifecycleEvent Loaded Apache Tomcat Native library [1.3.1] using APR version [1.7.4].
12-Apr-2025 10:26:26.001 INFO [main] org.apache.catalina.core.AprLifecycleListener.lifecycleEvent APR capabilities: IPv6 [true], sendfile [true], accept filters [false], random [true], UDS [true].
12-Apr-2025 10:26:26.002 INFO [main] org.apache.catalina.core.AprLifecycleListener.lifecycleEvent APR/OpenSSL configuration: useAprConnector [false], useOpenSSL [true]
12-Apr-2025 10:26:26.008 INFO [main] org.apache.catalina.core.AprLifecycleListener.initializeSSL OpenSSL successfully initialized [OpenSSL 3.0.14 4 Jun 2024]
12-Apr-2025 10:26:26.448 INFO [main] org.apache.coyote.AbstractProtocol.init Initializing ProtocolHandler ["http-nio-8080"]
12-Apr-2025 10:26:26.469 INFO [main] org.apache.catalina.startup.Catalina.load Server initialization in [696] milliseconds
12-Apr-2025 10:26:26.520 INFO [main] org.apache.catalina.core.StandardService.startInternal Starting service [Catalina]
12-Apr-2025 10:26:26.521 INFO [main] org.apache.catalina.core.StandardEngine.startInternal Starting Servlet engine: [Apache Tomcat/9.0.102]
12-Apr-2025 10:26:26.530 INFO [main] org.apache.catalina.startup.HostConfig.deployDescriptor Deploying deployment descriptor [C:\Users\OSHADHA\IdeaProjects\OOP-projectnew\conf\Catalina\localhost\OOP-projectnew.xml]
12-Apr-2025 10:26:26.928 INFO [main] org.apache.catalina.startup.HostConfig.deployDescriptor Deployment of deployment descriptor [C:\Users\OSHADHA\IdeaProjects\OOP-projectnew\conf\Catalina\localhost\OOP-projectnew.xml] has finished in [397] ms
12-Apr-2025 10:26:26.931 INFO [main] org.apache.coyote.AbstractProtocol.start Starting ProtocolHandler ["http-nio-8080"]
12-Apr-2025 10:26:26.952 INFO [main] org.apache.catalina.startup.Catalina.start Server startup in [480] milliseconds
12-Apr-2025 10:26:44.968 INFO [Thread-1] org.apache.coyote.AbstractProtocol.pause Pausing ProtocolHandler ["http-nio-8080"]
12-Apr-2025 10:26:44.978 INFO [Thread-1] org.apache.catalina.core.StandardService.stopInternal Stopping service [Catalina]
12-Apr-2025 10:26:44.992 INFO [Thread-1] org.apache.coyote.AbstractProtocol.stop Stopping ProtocolHandler ["http-nio-8080"]
12-Apr-2025 10:26:45.009 INFO [Thread-1] org.apache.coyote.AbstractProtocol.destroy Destroying ProtocolHandler ["http-nio-8080"]
12-Apr-2025 10:26:46.723 INFO [main] org.apache.catalina.startup.VersionLoggerListener.log Server version name:   Apache Tomcat/9.0.102
12-Apr-2025 10:26:46.728 INFO [main] org.apache.catalina.startup.VersionLoggerListener.log Server built:          Mar 3 2025 19:33:14 UTC
12-Apr-2025 10:26:46.729 INFO [main] org.apache.catalina.startup.VersionLoggerListener.log Server version number: 9.0.102.0
12-Apr-2025 10:26:46.729 INFO [main] org.apache.catalina.startup.VersionLoggerListener.log OS Name:               Windows 10
12-Apr-2025 10:26:46.729 INFO [main] org.apache.catalina.startup.VersionLoggerListener.log OS Version:            10.0
12-Apr-2025 10:26:46.729 INFO [main] org.apache.catalina.startup.VersionLoggerListener.log Architecture:          amd64
12-Apr-2025 10:26:46.729 INFO [main] org.apache.catalina.startup.VersionLoggerListener.log Java Home:             C:\Program Files\Java\jdk-22
12-Apr-2025 10:26:46.729 INFO [main] org.apache.catalina.startup.VersionLoggerListener.log JVM Version:           22.0.1+8-16
12-Apr-2025 10:26:46.729 INFO [main] org.apache.catalina.startup.VersionLoggerListener.log JVM Vendor:            Oracle Corporation
12-Apr-2025 10:26:46.729 INFO [main] org.apache.catalina.startup.VersionLoggerListener.log CATALINA_BASE:         C:\Users\OSHADHA\IdeaProjects\OOP-projectnew
12-Apr-2025 10:26:46.730 INFO [main] org.apache.catalina.startup.VersionLoggerListener.log CATALINA_HOME:         C:\Program Files\Apache Software Foundation\Tomcat 9.0
12-Apr-2025 10:26:46.740 INFO [main] org.apache.catalina.startup.VersionLoggerListener.log Command line argument: --add-opens=java.base/java.lang=ALL-UNNAMED
12-Apr-2025 10:26:46.741 INFO [main] org.apache.catalina.startup.VersionLoggerListener.log Command line argument: --add-opens=java.base/java.io=ALL-UNNAMED
12-Apr-2025 10:26:46.741 INFO [main] org.apache.catalina.startup.VersionLoggerListener.log Command line argument: --add-opens=java.base/java.util=ALL-UNNAMED
12-Apr-2025 10:26:46.741 INFO [main] org.apache.catalina.startup.VersionLoggerListener.log Command line argument: --add-opens=java.base/java.util.concurrent=ALL-UNNAMED
12-Apr-2025 10:26:46.741 INFO [main] org.apache.catalina.startup.VersionLoggerListener.log Command line argument: --add-opens=java.rmi/sun.rmi.transport=ALL-UNNAMED
12-Apr-2025 10:26:46.741 INFO [main] org.apache.catalina.startup.VersionLoggerListener.log Command line argument: -Dcatalina.home=C:\Program Files\Apache Software Foundation\Tomcat 9.0
12-Apr-2025 10:26:46.741 INFO [main] org.apache.catalina.startup.VersionLoggerListener.log Command line argument: -Dcatalina.base=C:\Users\OSHADHA\IdeaProjects\OOP-projectnew
12-Apr-2025 10:26:46.741 INFO [main] org.apache.catalina.startup.VersionLoggerListener.log Command line argument: -Djava.io.tmpdir=C:\Users\OSHADHA\IdeaProjects\OOP-projectnew\temp
12-Apr-2025 10:26:46.742 INFO [main] org.apache.catalina.startup.VersionLoggerListener.log Command line argument: -Djava.util.logging.config.file=C:\Users\OSHADHA\IdeaProjects\OOP-projectnew\conf\logging.properties
12-Apr-2025 10:26:46.742 INFO [main] org.apache.catalina.startup.VersionLoggerListener.log Command line argument: -Djava.util.logging.manager=org.apache.juli.ClassLoaderLogManager
12-Apr-2025 10:26:46.742 INFO [main] org.apache.catalina.startup.VersionLoggerListener.log Command line argument: -javaagent:C:\Program Files\JetBrains\IntelliJ IDEA 2024.3.5\lib\idea_rt.jar=59878
12-Apr-2025 10:26:46.742 INFO [main] org.apache.catalina.startup.VersionLoggerListener.log Command line argument: -Dfile.encoding=UTF-8
12-Apr-2025 10:26:46.742 INFO [main] org.apache.catalina.startup.VersionLoggerListener.log Command line argument: -Dsun.stdout.encoding=UTF-8
12-Apr-2025 10:26:46.742 INFO [main] org.apache.catalina.startup.VersionLoggerListener.log Command line argument: -Dsun.stderr.encoding=UTF-8
12-Apr-2025 10:26:46.746 INFO [main] org.apache.catalina.core.AprLifecycleListener.lifecycleEvent Loaded Apache Tomcat Native library [1.3.1] using APR version [1.7.4].
12-Apr-2025 10:26:46.746 INFO [main] org.apache.catalina.core.AprLifecycleListener.lifecycleEvent APR capabilities: IPv6 [true], sendfile [true], accept filters [false], random [true], UDS [true].
12-Apr-2025 10:26:46.747 INFO [main] org.apache.catalina.core.AprLifecycleListener.lifecycleEvent APR/OpenSSL configuration: useAprConnector [false], useOpenSSL [true]
12-Apr-2025 10:26:46.754 INFO [main] org.apache.catalina.core.AprLifecycleListener.initializeSSL OpenSSL successfully initialized [OpenSSL 3.0.14 4 Jun 2024]
12-Apr-2025 10:26:47.147 INFO [main] org.apache.coyote.AbstractProtocol.init Initializing ProtocolHandler ["http-nio-8080"]
12-Apr-2025 10:26:47.178 INFO [main] org.apache.catalina.startup.Catalina.load Server initialization in [961] milliseconds
12-Apr-2025 10:26:47.238 INFO [main] org.apache.catalina.core.StandardService.startInternal Starting service [Catalina]
12-Apr-2025 10:26:47.238 INFO [main] org.apache.catalina.core.StandardEngine.startInternal Starting Servlet engine: [Apache Tomcat/9.0.102]
12-Apr-2025 10:26:47.246 INFO [main] org.apache.catalina.startup.HostConfig.deployDescriptor Deploying deployment descriptor [C:\Users\OSHADHA\IdeaProjects\OOP-projectnew\conf\Catalina\localhost\OOP-projectnew.xml]
12-Apr-2025 10:26:47.666 INFO [main] org.apache.catalina.startup.HostConfig.deployDescriptor Deployment of deployment descriptor [C:\Users\OSHADHA\IdeaProjects\OOP-projectnew\conf\Catalina\localhost\OOP-projectnew.xml] has finished in [419] ms
12-Apr-2025 10:26:47.669 INFO [main] org.apache.coyote.AbstractProtocol.start Starting ProtocolHandler ["http-nio-8080"]
12-Apr-2025 10:26:47.687 INFO [main] org.apache.catalina.startup.Catalina.start Server startup in [508] milliseconds
12-Apr-2025 10:27:17.020 INFO [Thread-1] org.apache.coyote.AbstractProtocol.pause Pausing ProtocolHandler ["http-nio-8080"]
12-Apr-2025 10:27:17.029 INFO [Thread-1] org.apache.catalina.core.StandardService.stopInternal Stopping service [Catalina]
12-Apr-2025 10:27:17.039 INFO [Thread-1] org.apache.coyote.AbstractProtocol.stop Stopping ProtocolHandler ["http-nio-8080"]
12-Apr-2025 10:27:17.046 INFO [Thread-1] org.apache.coyote.AbstractProtocol.destroy Destroying ProtocolHandler ["http-nio-8080"]
12-Apr-2025 10:27:18.932 INFO [main] org.apache.catalina.startup.VersionLoggerListener.log Server version name:   Apache Tomcat/9.0.102
12-Apr-2025 10:27:18.937 INFO [main] org.apache.catalina.startup.VersionLoggerListener.log Server built:          Mar 3 2025 19:33:14 UTC
12-Apr-2025 10:27:18.937 INFO [main] org.apache.catalina.startup.VersionLoggerListener.log Server version number: 9.0.102.0
12-Apr-2025 10:27:18.937 INFO [main] org.apache.catalina.startup.VersionLoggerListener.log OS Name:               Windows 10
12-Apr-2025 10:27:18.937 INFO [main] org.apache.catalina.startup.VersionLoggerListener.log OS Version:            10.0
12-Apr-2025 10:27:18.937 INFO [main] org.apache.catalina.startup.VersionLoggerListener.log Architecture:          amd64
12-Apr-2025 10:27:18.938 INFO [main] org.apache.catalina.startup.VersionLoggerListener.log Java Home:             C:\Program Files\Java\jdk-22
12-Apr-2025 10:27:18.938 INFO [main] org.apache.catalina.startup.VersionLoggerListener.log JVM Version:           22.0.1+8-16
12-Apr-2025 10:27:18.938 INFO [main] org.apache.catalina.startup.VersionLoggerListener.log JVM Vendor:            Oracle Corporation
12-Apr-2025 10:27:18.938 INFO [main] org.apache.catalina.startup.VersionLoggerListener.log CATALINA_BASE:         C:\Users\OSHADHA\IdeaProjects\OOP-projectnew
12-Apr-2025 10:27:18.938 INFO [main] org.apache.catalina.startup.VersionLoggerListener.log CATALINA_HOME:         C:\Program Files\Apache Software Foundation\Tomcat 9.0
12-Apr-2025 10:27:18.948 INFO [main] org.apache.catalina.startup.VersionLoggerListener.log Command line argument: --add-opens=java.base/java.lang=ALL-UNNAMED
12-Apr-2025 10:27:18.948 INFO [main] org.apache.catalina.startup.VersionLoggerListener.log Command line argument: --add-opens=java.base/java.io=ALL-UNNAMED
12-Apr-2025 10:27:18.948 INFO [main] org.apache.catalina.startup.VersionLoggerListener.log Command line argument: --add-opens=java.base/java.util=ALL-UNNAMED
12-Apr-2025 10:27:18.948 INFO [main] org.apache.catalina.startup.VersionLoggerListener.log Command line argument: --add-opens=java.base/java.util.concurrent=ALL-UNNAMED
12-Apr-2025 10:27:18.948 INFO [main] org.apache.catalina.startup.VersionLoggerListener.log Command line argument: --add-opens=java.rmi/sun.rmi.transport=ALL-UNNAMED
12-Apr-2025 10:27:18.948 INFO [main] org.apache.catalina.startup.VersionLoggerListener.log Command line argument: -Dcatalina.home=C:\Program Files\Apache Software Foundation\Tomcat 9.0
12-Apr-2025 10:27:18.948 INFO [main] org.apache.catalina.startup.VersionLoggerListener.log Command line argument: -Dcatalina.base=C:\Users\OSHADHA\IdeaProjects\OOP-projectnew
12-Apr-2025 10:27:18.949 INFO [main] org.apache.catalina.startup.VersionLoggerListener.log Command line argument: -Djava.io.tmpdir=C:\Users\OSHADHA\IdeaProjects\OOP-projectnew\temp
12-Apr-2025 10:27:18.949 INFO [main] org.apache.catalina.startup.VersionLoggerListener.log Command line argument: -Djava.util.logging.config.file=C:\Users\OSHADHA\IdeaProjects\OOP-projectnew\conf\logging.properties
12-Apr-2025 10:27:18.949 INFO [main] org.apache.catalina.startup.VersionLoggerListener.log Command line argument: -Djava.util.logging.manager=org.apache.juli.ClassLoaderLogManager
12-Apr-2025 10:27:18.949 INFO [main] org.apache.catalina.startup.VersionLoggerListener.log Command line argument: -javaagent:C:\Program Files\JetBrains\IntelliJ IDEA 2024.3.5\lib\idea_rt.jar=59884
12-Apr-2025 10:27:18.949 INFO [main] org.apache.catalina.startup.VersionLoggerListener.log Command line argument: -Dfile.encoding=UTF-8
12-Apr-2025 10:27:18.949 INFO [main] org.apache.catalina.startup.VersionLoggerListener.log Command line argument: -Dsun.stdout.encoding=UTF-8
12-Apr-2025 10:27:18.949 INFO [main] org.apache.catalina.startup.VersionLoggerListener.log Command line argument: -Dsun.stderr.encoding=UTF-8
12-Apr-2025 10:27:18.953 INFO [main] org.apache.catalina.core.AprLifecycleListener.lifecycleEvent Loaded Apache Tomcat Native library [1.3.1] using APR version [1.7.4].
12-Apr-2025 10:27:18.954 INFO [main] org.apache.catalina.core.AprLifecycleListener.lifecycleEvent APR capabilities: IPv6 [true], sendfile [true], accept filters [false], random [true], UDS [true].
12-Apr-2025 10:27:18.954 INFO [main] org.apache.catalina.core.AprLifecycleListener.lifecycleEvent APR/OpenSSL configuration: useAprConnector [false], useOpenSSL [true]
12-Apr-2025 10:27:18.961 INFO [main] org.apache.catalina.core.AprLifecycleListener.initializeSSL OpenSSL successfully initialized [OpenSSL 3.0.14 4 Jun 2024]
12-Apr-2025 10:27:19.391 INFO [main] org.apache.coyote.AbstractProtocol.init Initializing ProtocolHandler ["http-nio-8080"]
12-Apr-2025 10:27:19.413 INFO [main] org.apache.catalina.startup.Catalina.load Server initialization in [1035] milliseconds
12-Apr-2025 10:27:19.467 INFO [main] org.apache.catalina.core.StandardService.startInternal Starting service [Catalina]
12-Apr-2025 10:27:19.467 INFO [main] org.apache.catalina.core.StandardEngine.startInternal Starting Servlet engine: [Apache Tomcat/9.0.102]
12-Apr-2025 10:27:19.477 INFO [main] org.apache.catalina.startup.HostConfig.deployDescriptor Deploying deployment descriptor [C:\Users\OSHADHA\IdeaProjects\OOP-projectnew\conf\Catalina\localhost\OOP-projectnew.xml]
12-Apr-2025 10:27:19.937 INFO [main] org.apache.catalina.startup.HostConfig.deployDescriptor Deployment of deployment descriptor [C:\Users\OSHADHA\IdeaProjects\OOP-projectnew\conf\Catalina\localhost\OOP-projectnew.xml] has finished in [460] ms
12-Apr-2025 10:27:19.941 INFO [main] org.apache.coyote.AbstractProtocol.start Starting ProtocolHandler ["http-nio-8080"]
12-Apr-2025 10:27:19.963 INFO [main] org.apache.catalina.startup.Catalina.start Server startup in [549] milliseconds
12-Apr-2025 10:27:28.272 INFO [Thread-1] org.apache.coyote.AbstractProtocol.pause Pausing ProtocolHandler ["http-nio-8080"]
12-Apr-2025 10:27:28.282 INFO [Thread-1] org.apache.catalina.core.StandardService.stopInternal Stopping service [Catalina]
12-Apr-2025 10:27:28.291 INFO [Thread-1] org.apache.coyote.AbstractProtocol.stop Stopping ProtocolHandler ["http-nio-8080"]
12-Apr-2025 10:27:28.297 INFO [Thread-1] org.apache.coyote.AbstractProtocol.destroy Destroying ProtocolHandler ["http-nio-8080"]
12-Apr-2025 10:27:30.134 INFO [main] org.apache.catalina.startup.VersionLoggerListener.log Server version name:   Apache Tomcat/9.0.102
12-Apr-2025 10:27:30.138 INFO [main] org.apache.catalina.startup.VersionLoggerListener.log Server built:          Mar 3 2025 19:33:14 UTC
12-Apr-2025 10:27:30.139 INFO [main] org.apache.catalina.startup.VersionLoggerListener.log Server version number: 9.0.102.0
12-Apr-2025 10:27:30.139 INFO [main] org.apache.catalina.startup.VersionLoggerListener.log OS Name:               Windows 10
12-Apr-2025 10:27:30.139 INFO [main] org.apache.catalina.startup.VersionLoggerListener.log OS Version:            10.0
12-Apr-2025 10:27:30.139 INFO [main] org.apache.catalina.startup.VersionLoggerListener.log Architecture:          amd64
12-Apr-2025 10:27:30.139 INFO [main] org.apache.catalina.startup.VersionLoggerListener.log Java Home:             C:\Program Files\Java\jdk-22
12-Apr-2025 10:27:30.139 INFO [main] org.apache.catalina.startup.VersionLoggerListener.log JVM Version:           22.0.1+8-16
12-Apr-2025 10:27:30.139 INFO [main] org.apache.catalina.startup.VersionLoggerListener.log JVM Vendor:            Oracle Corporation
12-Apr-2025 10:27:30.139 INFO [main] org.apache.catalina.startup.VersionLoggerListener.log CATALINA_BASE:         C:\Users\OSHADHA\IdeaProjects\OOP-projectnew
12-Apr-2025 10:27:30.139 INFO [main] org.apache.catalina.startup.VersionLoggerListener.log CATALINA_HOME:         C:\Program Files\Apache Software Foundation\Tomcat 9.0
12-Apr-2025 10:27:30.150 INFO [main] org.apache.catalina.startup.VersionLoggerListener.log Command line argument: --add-opens=java.base/java.lang=ALL-UNNAMED
12-Apr-2025 10:27:30.150 INFO [main] org.apache.catalina.startup.VersionLoggerListener.log Command line argument: --add-opens=java.base/java.io=ALL-UNNAMED
12-Apr-2025 10:27:30.150 INFO [main] org.apache.catalina.startup.VersionLoggerListener.log Command line argument: --add-opens=java.base/java.util=ALL-UNNAMED
12-Apr-2025 10:27:30.150 INFO [main] org.apache.catalina.startup.VersionLoggerListener.log Command line argument: --add-opens=java.base/java.util.concurrent=ALL-UNNAMED
12-Apr-2025 10:27:30.151 INFO [main] org.apache.catalina.startup.VersionLoggerListener.log Command line argument: --add-opens=java.rmi/sun.rmi.transport=ALL-UNNAMED
12-Apr-2025 10:27:30.151 INFO [main] org.apache.catalina.startup.VersionLoggerListener.log Command line argument: -Dcatalina.home=C:\Program Files\Apache Software Foundation\Tomcat 9.0
12-Apr-2025 10:27:30.151 INFO [main] org.apache.catalina.startup.VersionLoggerListener.log Command line argument: -Dcatalina.base=C:\Users\OSHADHA\IdeaProjects\OOP-projectnew
12-Apr-2025 10:27:30.151 INFO [main] org.apache.catalina.startup.VersionLoggerListener.log Command line argument: -Djava.io.tmpdir=C:\Users\OSHADHA\IdeaProjects\OOP-projectnew\temp
12-Apr-2025 10:27:30.151 INFO [main] org.apache.catalina.startup.VersionLoggerListener.log Command line argument: -Djava.util.logging.config.file=C:\Users\OSHADHA\IdeaProjects\OOP-projectnew\conf\logging.properties
12-Apr-2025 10:27:30.152 INFO [main] org.apache.catalina.startup.VersionLoggerListener.log Command line argument: -Djava.util.logging.manager=org.apache.juli.ClassLoaderLogManager
12-Apr-2025 10:27:30.152 INFO [main] org.apache.catalina.startup.VersionLoggerListener.log Command line argument: -javaagent:C:\Program Files\JetBrains\IntelliJ IDEA 2024.3.5\lib\idea_rt.jar=59890
12-Apr-2025 10:27:30.152 INFO [main] org.apache.catalina.startup.VersionLoggerListener.log Command line argument: -Dfile.encoding=UTF-8
12-Apr-2025 10:27:30.152 INFO [main] org.apache.catalina.startup.VersionLoggerListener.log Command line argument: -Dsun.stdout.encoding=UTF-8
12-Apr-2025 10:27:30.152 INFO [main] org.apache.catalina.startup.VersionLoggerListener.log Command line argument: -Dsun.stderr.encoding=UTF-8
12-Apr-2025 10:27:30.156 INFO [main] org.apache.catalina.core.AprLifecycleListener.lifecycleEvent Loaded Apache Tomcat Native library [1.3.1] using APR version [1.7.4].
12-Apr-2025 10:27:30.156 INFO [main] org.apache.catalina.core.AprLifecycleListener.lifecycleEvent APR capabilities: IPv6 [true], sendfile [true], accept filters [false], random [true], UDS [true].
12-Apr-2025 10:27:30.156 INFO [main] org.apache.catalina.core.AprLifecycleListener.lifecycleEvent APR/OpenSSL configuration: useAprConnector [false], useOpenSSL [true]
12-Apr-2025 10:27:30.162 INFO [main] org.apache.catalina.core.AprLifecycleListener.initializeSSL OpenSSL successfully initialized [OpenSSL 3.0.14 4 Jun 2024]
12-Apr-2025 10:27:30.548 INFO [main] org.apache.coyote.AbstractProtocol.init Initializing ProtocolHandler ["http-nio-8080"]
12-Apr-2025 10:27:30.566 INFO [main] org.apache.catalina.startup.Catalina.load Server initialization in [990] milliseconds
12-Apr-2025 10:27:30.611 INFO [main] org.apache.catalina.core.StandardService.startInternal Starting service [Catalina]
12-Apr-2025 10:27:30.612 INFO [main] org.apache.catalina.core.StandardEngine.startInternal Starting Servlet engine: [Apache Tomcat/9.0.102]
12-Apr-2025 10:27:30.620 INFO [main] org.apache.catalina.startup.HostConfig.deployDescriptor Deploying deployment descriptor [C:\Users\OSHADHA\IdeaProjects\OOP-projectnew\conf\Catalina\localhost\OOP-projectnew.xml]
12-Apr-2025 10:27:31.053 INFO [main] org.apache.catalina.startup.HostConfig.deployDescriptor Deployment of deployment descriptor [C:\Users\OSHADHA\IdeaProjects\OOP-projectnew\conf\Catalina\localhost\OOP-projectnew.xml] has finished in [432] ms
12-Apr-2025 10:27:31.057 INFO [main] org.apache.coyote.AbstractProtocol.start Starting ProtocolHandler ["http-nio-8080"]
12-Apr-2025 10:27:31.081 INFO [main] org.apache.catalina.startup.Catalina.start Server startup in [512] milliseconds
12-Apr-2025 10:30:33.458 INFO [Thread-1] org.apache.coyote.AbstractProtocol.pause Pausing ProtocolHandler ["http-nio-8080"]
12-Apr-2025 10:30:33.468 INFO [Thread-1] org.apache.catalina.core.StandardService.stopInternal Stopping service [Catalina]
12-Apr-2025 10:30:33.477 INFO [Thread-1] org.apache.coyote.AbstractProtocol.stop Stopping ProtocolHandler ["http-nio-8080"]
12-Apr-2025 10:30:33.480 INFO [Thread-1] org.apache.coyote.AbstractProtocol.destroy Destroying ProtocolHandler ["http-nio-8080"]
12-Apr-2025 10:30:35.386 INFO [main] org.apache.catalina.startup.VersionLoggerListener.log Server version name:   Apache Tomcat/9.0.102
12-Apr-2025 10:30:35.394 INFO [main] org.apache.catalina.startup.VersionLoggerListener.log Server built:          Mar 3 2025 19:33:14 UTC
12-Apr-2025 10:30:35.395 INFO [main] org.apache.catalina.startup.VersionLoggerListener.log Server version number: 9.0.102.0
12-Apr-2025 10:30:35.395 INFO [main] org.apache.catalina.startup.VersionLoggerListener.log OS Name:               Windows 10
12-Apr-2025 10:30:35.395 INFO [main] org.apache.catalina.startup.VersionLoggerListener.log OS Version:            10.0
12-Apr-2025 10:30:35.395 INFO [main] org.apache.catalina.startup.VersionLoggerListener.log Architecture:          amd64
12-Apr-2025 10:30:35.395 INFO [main] org.apache.catalina.startup.VersionLoggerListener.log Java Home:             C:\Program Files\Java\jdk-22
12-Apr-2025 10:30:35.395 INFO [main] org.apache.catalina.startup.VersionLoggerListener.log JVM Version:           22.0.1+8-16
12-Apr-2025 10:30:35.395 INFO [main] org.apache.catalina.startup.VersionLoggerListener.log JVM Vendor:            Oracle Corporation
12-Apr-2025 10:30:35.396 INFO [main] org.apache.catalina.startup.VersionLoggerListener.log CATALINA_BASE:         C:\Users\OSHADHA\IdeaProjects\OOP-projectnew
12-Apr-2025 10:30:35.396 INFO [main] org.apache.catalina.startup.VersionLoggerListener.log CATALINA_HOME:         C:\Program Files\Apache Software Foundation\Tomcat 9.0
12-Apr-2025 10:30:35.412 INFO [main] org.apache.catalina.startup.VersionLoggerListener.log Command line argument: --add-opens=java.base/java.lang=ALL-UNNAMED
12-Apr-2025 10:30:35.412 INFO [main] org.apache.catalina.startup.VersionLoggerListener.log Command line argument: --add-opens=java.base/java.io=ALL-UNNAMED
12-Apr-2025 10:30:35.412 INFO [main] org.apache.catalina.startup.VersionLoggerListener.log Command line argument: --add-opens=java.base/java.util=ALL-UNNAMED
12-Apr-2025 10:30:35.412 INFO [main] org.apache.catalina.startup.VersionLoggerListener.log Command line argument: --add-opens=java.base/java.util.concurrent=ALL-UNNAMED
12-Apr-2025 10:30:35.412 INFO [main] org.apache.catalina.startup.VersionLoggerListener.log Command line argument: --add-opens=java.rmi/sun.rmi.transport=ALL-UNNAMED
12-Apr-2025 10:30:35.413 INFO [main] org.apache.catalina.startup.VersionLoggerListener.log Command line argument: -Dcatalina.home=C:\Program Files\Apache Software Foundation\Tomcat 9.0
12-Apr-2025 10:30:35.413 INFO [main] org.apache.catalina.startup.VersionLoggerListener.log Command line argument: -Dcatalina.base=C:\Users\OSHADHA\IdeaProjects\OOP-projectnew
12-Apr-2025 10:30:35.413 INFO [main] org.apache.catalina.startup.VersionLoggerListener.log Command line argument: -Djava.io.tmpdir=C:\Users\OSHADHA\IdeaProjects\OOP-projectnew\temp
12-Apr-2025 10:30:35.413 INFO [main] org.apache.catalina.startup.VersionLoggerListener.log Command line argument: -Djava.util.logging.config.file=C:\Users\OSHADHA\IdeaProjects\OOP-projectnew\conf\logging.properties
12-Apr-2025 10:30:35.413 INFO [main] org.apache.catalina.startup.VersionLoggerListener.log Command line argument: -Djava.util.logging.manager=org.apache.juli.ClassLoaderLogManager
12-Apr-2025 10:30:35.413 INFO [main] org.apache.catalina.startup.VersionLoggerListener.log Command line argument: -javaagent:C:\Program Files\JetBrains\IntelliJ IDEA 2024.3.5\lib\idea_rt.jar=59926
12-Apr-2025 10:30:35.413 INFO [main] org.apache.catalina.startup.VersionLoggerListener.log Command line argument: -Dfile.encoding=UTF-8
12-Apr-2025 10:30:35.413 INFO [main] org.apache.catalina.startup.VersionLoggerListener.log Command line argument: -Dsun.stdout.encoding=UTF-8
12-Apr-2025 10:30:35.413 INFO [main] org.apache.catalina.startup.VersionLoggerListener.log Command line argument: -Dsun.stderr.encoding=UTF-8
12-Apr-2025 10:30:35.433 INFO [main] org.apache.catalina.core.AprLifecycleListener.lifecycleEvent Loaded Apache Tomcat Native library [1.3.1] using APR version [1.7.4].
12-Apr-2025 10:30:35.434 INFO [main] org.apache.catalina.core.AprLifecycleListener.lifecycleEvent APR capabilities: IPv6 [true], sendfile [true], accept filters [false], random [true], UDS [true].
12-Apr-2025 10:30:35.434 INFO [main] org.apache.catalina.core.AprLifecycleListener.lifecycleEvent APR/OpenSSL configuration: useAprConnector [false], useOpenSSL [true]
12-Apr-2025 10:30:35.444 INFO [main] org.apache.catalina.core.AprLifecycleListener.initializeSSL OpenSSL successfully initialized [OpenSSL 3.0.14 4 Jun 2024]
12-Apr-2025 10:30:35.929 INFO [main] org.apache.coyote.AbstractProtocol.init Initializing ProtocolHandler ["http-nio-8080"]
12-Apr-2025 10:30:35.964 INFO [main] org.apache.catalina.startup.Catalina.load Server initialization in [1082] milliseconds
12-Apr-2025 10:30:36.024 INFO [main] org.apache.catalina.core.StandardService.startInternal Starting service [Catalina]
12-Apr-2025 10:30:36.025 INFO [main] org.apache.catalina.core.StandardEngine.startInternal Starting Servlet engine: [Apache Tomcat/9.0.102]
12-Apr-2025 10:30:36.039 INFO [main] org.apache.catalina.startup.HostConfig.deployDescriptor Deploying deployment descriptor [C:\Users\OSHADHA\IdeaProjects\OOP-projectnew\conf\Catalina\localhost\OOP-projectnew.xml]
12-Apr-2025 10:30:36.607 INFO [main] org.apache.catalina.startup.HostConfig.deployDescriptor Deployment of deployment descriptor [C:\Users\OSHADHA\IdeaProjects\OOP-projectnew\conf\Catalina\localhost\OOP-projectnew.xml] has finished in [568] ms
12-Apr-2025 10:30:36.614 INFO [main] org.apache.coyote.AbstractProtocol.start Starting ProtocolHandler ["http-nio-8080"]
12-Apr-2025 10:30:36.645 INFO [main] org.apache.catalina.startup.Catalina.start Server startup in [679] milliseconds
12-Apr-2025 10:34:48.433 INFO [Thread-1] org.apache.coyote.AbstractProtocol.pause Pausing ProtocolHandler ["http-nio-8080"]
12-Apr-2025 10:34:48.444 INFO [Thread-1] org.apache.catalina.core.StandardService.stopInternal Stopping service [Catalina]
12-Apr-2025 10:34:48.454 INFO [Thread-1] org.apache.coyote.AbstractProtocol.stop Stopping ProtocolHandler ["http-nio-8080"]
12-Apr-2025 10:34:48.457 INFO [Thread-1] org.apache.coyote.AbstractProtocol.destroy Destroying ProtocolHandler ["http-nio-8080"]
12-Apr-2025 10:34:50.579 INFO [main] org.apache.catalina.startup.VersionLoggerListener.log Server version name:   Apache Tomcat/9.0.102
12-Apr-2025 10:34:50.585 INFO [main] org.apache.catalina.startup.VersionLoggerListener.log Server built:          Mar 3 2025 19:33:14 UTC
12-Apr-2025 10:34:50.585 INFO [main] org.apache.catalina.startup.VersionLoggerListener.log Server version number: 9.0.102.0
12-Apr-2025 10:34:50.585 INFO [main] org.apache.catalina.startup.VersionLoggerListener.log OS Name:               Windows 10
12-Apr-2025 10:34:50.585 INFO [main] org.apache.catalina.startup.VersionLoggerListener.log OS Version:            10.0
12-Apr-2025 10:34:50.585 INFO [main] org.apache.catalina.startup.VersionLoggerListener.log Architecture:          amd64
12-Apr-2025 10:34:50.585 INFO [main] org.apache.catalina.startup.VersionLoggerListener.log Java Home:             C:\Program Files\Java\jdk-22
12-Apr-2025 10:34:50.585 INFO [main] org.apache.catalina.startup.VersionLoggerListener.log JVM Version:           22.0.1+8-16
12-Apr-2025 10:34:50.586 INFO [main] org.apache.catalina.startup.VersionLoggerListener.log JVM Vendor:            Oracle Corporation
12-Apr-2025 10:34:50.586 INFO [main] org.apache.catalina.startup.VersionLoggerListener.log CATALINA_BASE:         C:\Users\OSHADHA\IdeaProjects\OOP-projectnew
12-Apr-2025 10:34:50.586 INFO [main] org.apache.catalina.startup.VersionLoggerListener.log CATALINA_HOME:         C:\Program Files\Apache Software Foundation\Tomcat 9.0
12-Apr-2025 10:34:50.597 INFO [main] org.apache.catalina.startup.VersionLoggerListener.log Command line argument: --add-opens=java.base/java.lang=ALL-UNNAMED
12-Apr-2025 10:34:50.598 INFO [main] org.apache.catalina.startup.VersionLoggerListener.log Command line argument: --add-opens=java.base/java.io=ALL-UNNAMED
12-Apr-2025 10:34:50.598 INFO [main] org.apache.catalina.startup.VersionLoggerListener.log Command line argument: --add-opens=java.base/java.util=ALL-UNNAMED
12-Apr-2025 10:34:50.598 INFO [main] org.apache.catalina.startup.VersionLoggerListener.log Command line argument: --add-opens=java.base/java.util.concurrent=ALL-UNNAMED
12-Apr-2025 10:34:50.598 INFO [main] org.apache.catalina.startup.VersionLoggerListener.log Command line argument: --add-opens=java.rmi/sun.rmi.transport=ALL-UNNAMED
12-Apr-2025 10:34:50.598 INFO [main] org.apache.catalina.startup.VersionLoggerListener.log Command line argument: -Dcatalina.home=C:\Program Files\Apache Software Foundation\Tomcat 9.0
12-Apr-2025 10:34:50.598 INFO [main] org.apache.catalina.startup.VersionLoggerListener.log Command line argument: -Dcatalina.base=C:\Users\OSHADHA\IdeaProjects\OOP-projectnew
12-Apr-2025 10:34:50.598 INFO [main] org.apache.catalina.startup.VersionLoggerListener.log Command line argument: -Djava.io.tmpdir=C:\Users\OSHADHA\IdeaProjects\OOP-projectnew\temp
12-Apr-2025 10:34:50.598 INFO [main] org.apache.catalina.startup.VersionLoggerListener.log Command line argument: -Djava.util.logging.config.file=C:\Users\OSHADHA\IdeaProjects\OOP-projectnew\conf\logging.properties
12-Apr-2025 10:34:50.599 INFO [main] org.apache.catalina.startup.VersionLoggerListener.log Command line argument: -Djava.util.logging.manager=org.apache.juli.ClassLoaderLogManager
12-Apr-2025 10:34:50.599 INFO [main] org.apache.catalina.startup.VersionLoggerListener.log Command line argument: -javaagent:C:\Program Files\JetBrains\IntelliJ IDEA 2024.3.5\lib\idea_rt.jar=59963
12-Apr-2025 10:34:50.599 INFO [main] org.apache.catalina.startup.VersionLoggerListener.log Command line argument: -Dfile.encoding=UTF-8
12-Apr-2025 10:34:50.599 INFO [main] org.apache.catalina.startup.VersionLoggerListener.log Command line argument: -Dsun.stdout.encoding=UTF-8
12-Apr-2025 10:34:50.599 INFO [main] org.apache.catalina.startup.VersionLoggerListener.log Command line argument: -Dsun.stderr.encoding=UTF-8
12-Apr-2025 10:34:50.603 INFO [main] org.apache.catalina.core.AprLifecycleListener.lifecycleEvent Loaded Apache Tomcat Native library [1.3.1] using APR version [1.7.4].
12-Apr-2025 10:34:50.604 INFO [main] org.apache.catalina.core.AprLifecycleListener.lifecycleEvent APR capabilities: IPv6 [true], sendfile [true], accept filters [false], random [true], UDS [true].
12-Apr-2025 10:34:50.604 INFO [main] org.apache.catalina.core.AprLifecycleListener.lifecycleEvent APR/OpenSSL configuration: useAprConnector [false], useOpenSSL [true]
12-Apr-2025 10:34:50.611 INFO [main] org.apache.catalina.core.AprLifecycleListener.initializeSSL OpenSSL successfully initialized [OpenSSL 3.0.14 4 Jun 2024]
12-Apr-2025 10:34:51.001 INFO [main] org.apache.coyote.AbstractProtocol.init Initializing ProtocolHandler ["http-nio-8080"]
12-Apr-2025 10:34:51.025 INFO [main] org.apache.catalina.startup.Catalina.load Server initialization in [667] milliseconds
12-Apr-2025 10:34:51.079 INFO [main] org.apache.catalina.core.StandardService.startInternal Starting service [Catalina]
12-Apr-2025 10:34:51.079 INFO [main] org.apache.catalina.core.StandardEngine.startInternal Starting Servlet engine: [Apache Tomcat/9.0.102]
12-Apr-2025 10:34:51.088 INFO [main] org.apache.catalina.startup.HostConfig.deployDescriptor Deploying deployment descriptor [C:\Users\OSHADHA\IdeaProjects\OOP-projectnew\conf\Catalina\localhost\OOP-projectnew.xml]
12-Apr-2025 10:34:51.445 INFO [main] org.apache.catalina.startup.HostConfig.deployDescriptor Deployment of deployment descriptor [C:\Users\OSHADHA\IdeaProjects\OOP-projectnew\conf\Catalina\localhost\OOP-projectnew.xml] has finished in [357] ms
12-Apr-2025 10:34:51.448 INFO [main] org.apache.coyote.AbstractProtocol.start Starting ProtocolHandler ["http-nio-8080"]
12-Apr-2025 10:34:51.468 INFO [main] org.apache.catalina.startup.Catalina.start Server startup in [442] milliseconds
12-Apr-2025 10:35:21.027 INFO [Thread-1] org.apache.coyote.AbstractProtocol.pause Pausing ProtocolHandler ["http-nio-8080"]
12-Apr-2025 10:35:21.040 INFO [Thread-1] org.apache.catalina.core.StandardService.stopInternal Stopping service [Catalina]
12-Apr-2025 10:35:21.050 INFO [Thread-1] org.apache.coyote.AbstractProtocol.stop Stopping ProtocolHandler ["http-nio-8080"]
12-Apr-2025 10:35:21.063 INFO [Thread-1] org.apache.coyote.AbstractProtocol.destroy Destroying ProtocolHandler ["http-nio-8080"]
12-Apr-2025 10:35:22.820 INFO [main] org.apache.catalina.startup.VersionLoggerListener.log Server version name:   Apache Tomcat/9.0.102
12-Apr-2025 10:35:22.826 INFO [main] org.apache.catalina.startup.VersionLoggerListener.log Server built:          Mar 3 2025 19:33:14 UTC
12-Apr-2025 10:35:22.826 INFO [main] org.apache.catalina.startup.VersionLoggerListener.log Server version number: 9.0.102.0
12-Apr-2025 10:35:22.826 INFO [main] org.apache.catalina.startup.VersionLoggerListener.log OS Name:               Windows 10
12-Apr-2025 10:35:22.826 INFO [main] org.apache.catalina.startup.VersionLoggerListener.log OS Version:            10.0
12-Apr-2025 10:35:22.826 INFO [main] org.apache.catalina.startup.VersionLoggerListener.log Architecture:          amd64
12-Apr-2025 10:35:22.826 INFO [main] org.apache.catalina.startup.VersionLoggerListener.log Java Home:             C:\Program Files\Java\jdk-22
12-Apr-2025 10:35:22.827 INFO [main] org.apache.catalina.startup.VersionLoggerListener.log JVM Version:           22.0.1+8-16
12-Apr-2025 10:35:22.827 INFO [main] org.apache.catalina.startup.VersionLoggerListener.log JVM Vendor:            Oracle Corporation
12-Apr-2025 10:35:22.827 INFO [main] org.apache.catalina.startup.VersionLoggerListener.log CATALINA_BASE:         C:\Users\OSHADHA\IdeaProjects\OOP-projectnew
12-Apr-2025 10:35:22.827 INFO [main] org.apache.catalina.startup.VersionLoggerListener.log CATALINA_HOME:         C:\Program Files\Apache Software Foundation\Tomcat 9.0
12-Apr-2025 10:35:22.838 INFO [main] org.apache.catalina.startup.VersionLoggerListener.log Command line argument: --add-opens=java.base/java.lang=ALL-UNNAMED
12-Apr-2025 10:35:22.838 INFO [main] org.apache.catalina.startup.VersionLoggerListener.log Command line argument: --add-opens=java.base/java.io=ALL-UNNAMED
12-Apr-2025 10:35:22.838 INFO [main] org.apache.catalina.startup.VersionLoggerListener.log Command line argument: --add-opens=java.base/java.util=ALL-UNNAMED
12-Apr-2025 10:35:22.838 INFO [main] org.apache.catalina.startup.VersionLoggerListener.log Command line argument: --add-opens=java.base/java.util.concurrent=ALL-UNNAMED
12-Apr-2025 10:35:22.838 INFO [main] org.apache.catalina.startup.VersionLoggerListener.log Command line argument: --add-opens=java.rmi/sun.rmi.transport=ALL-UNNAMED
12-Apr-2025 10:35:22.839 INFO [main] org.apache.catalina.startup.VersionLoggerListener.log Command line argument: -Dcatalina.home=C:\Program Files\Apache Software Foundation\Tomcat 9.0
12-Apr-2025 10:35:22.839 INFO [main] org.apache.catalina.startup.VersionLoggerListener.log Command line argument: -Dcatalina.base=C:\Users\OSHADHA\IdeaProjects\OOP-projectnew
12-Apr-2025 10:35:22.839 INFO [main] org.apache.catalina.startup.VersionLoggerListener.log Command line argument: -Djava.io.tmpdir=C:\Users\OSHADHA\IdeaProjects\OOP-projectnew\temp
12-Apr-2025 10:35:22.839 INFO [main] org.apache.catalina.startup.VersionLoggerListener.log Command line argument: -Djava.util.logging.config.file=C:\Users\OSHADHA\IdeaProjects\OOP-projectnew\conf\logging.properties
12-Apr-2025 10:35:22.839 INFO [main] org.apache.catalina.startup.VersionLoggerListener.log Command line argument: -Djava.util.logging.manager=org.apache.juli.ClassLoaderLogManager
12-Apr-2025 10:35:22.839 INFO [main] org.apache.catalina.startup.VersionLoggerListener.log Command line argument: -javaagent:C:\Program Files\JetBrains\IntelliJ IDEA 2024.3.5\lib\idea_rt.jar=59970
12-Apr-2025 10:35:22.839 INFO [main] org.apache.catalina.startup.VersionLoggerListener.log Command line argument: -Dfile.encoding=UTF-8
12-Apr-2025 10:35:22.839 INFO [main] org.apache.catalina.startup.VersionLoggerListener.log Command line argument: -Dsun.stdout.encoding=UTF-8
12-Apr-2025 10:35:22.840 INFO [main] org.apache.catalina.startup.VersionLoggerListener.log Command line argument: -Dsun.stderr.encoding=UTF-8
12-Apr-2025 10:35:22.843 INFO [main] org.apache.catalina.core.AprLifecycleListener.lifecycleEvent Loaded Apache Tomcat Native library [1.3.1] using APR version [1.7.4].
12-Apr-2025 10:35:22.844 INFO [main] org.apache.catalina.core.AprLifecycleListener.lifecycleEvent APR capabilities: IPv6 [true], sendfile [true], accept filters [false], random [true], UDS [true].
12-Apr-2025 10:35:22.844 INFO [main] org.apache.catalina.core.AprLifecycleListener.lifecycleEvent APR/OpenSSL configuration: useAprConnector [false], useOpenSSL [true]
12-Apr-2025 10:35:22.853 INFO [main] org.apache.catalina.core.AprLifecycleListener.initializeSSL OpenSSL successfully initialized [OpenSSL 3.0.14 4 Jun 2024]
12-Apr-2025 10:35:23.265 INFO [main] org.apache.coyote.AbstractProtocol.init Initializing ProtocolHandler ["http-nio-8080"]
12-Apr-2025 10:35:23.285 INFO [main] org.apache.catalina.startup.Catalina.load Server initialization in [952] milliseconds
12-Apr-2025 10:35:23.337 INFO [main] org.apache.catalina.core.StandardService.startInternal Starting service [Catalina]
12-Apr-2025 10:35:23.337 INFO [main] org.apache.catalina.core.StandardEngine.startInternal Starting Servlet engine: [Apache Tomcat/9.0.102]
12-Apr-2025 10:35:23.345 INFO [main] org.apache.catalina.startup.HostConfig.deployDescriptor Deploying deployment descriptor [C:\Users\OSHADHA\IdeaProjects\OOP-projectnew\conf\Catalina\localhost\OOP-projectnew.xml]
12-Apr-2025 10:35:23.827 INFO [main] org.apache.catalina.startup.HostConfig.deployDescriptor Deployment of deployment descriptor [C:\Users\OSHADHA\IdeaProjects\OOP-projectnew\conf\Catalina\localhost\OOP-projectnew.xml] has finished in [482] ms
12-Apr-2025 10:35:23.830 INFO [main] org.apache.coyote.AbstractProtocol.start Starting ProtocolHandler ["http-nio-8080"]
12-Apr-2025 10:35:23.857 INFO [main] org.apache.catalina.startup.Catalina.start Server startup in [570] milliseconds
12-Apr-2025 10:35:43.250 INFO [Thread-1] org.apache.coyote.AbstractProtocol.pause Pausing ProtocolHandler ["http-nio-8080"]
12-Apr-2025 10:35:43.260 INFO [Thread-1] org.apache.catalina.core.StandardService.stopInternal Stopping service [Catalina]
12-Apr-2025 10:35:43.270 INFO [Thread-1] org.apache.coyote.AbstractProtocol.stop Stopping ProtocolHandler ["http-nio-8080"]
12-Apr-2025 10:35:43.279 INFO [Thread-1] org.apache.coyote.AbstractProtocol.destroy Destroying ProtocolHandler ["http-nio-8080"]
12-Apr-2025 10:35:45.117 INFO [main] org.apache.catalina.startup.VersionLoggerListener.log Server version name:   Apache Tomcat/9.0.102
12-Apr-2025 10:35:45.121 INFO [main] org.apache.catalina.startup.VersionLoggerListener.log Server built:          Mar 3 2025 19:33:14 UTC
12-Apr-2025 10:35:45.122 INFO [main] org.apache.catalina.startup.VersionLoggerListener.log Server version number: 9.0.102.0
12-Apr-2025 10:35:45.122 INFO [main] org.apache.catalina.startup.VersionLoggerListener.log OS Name:               Windows 10
12-Apr-2025 10:35:45.122 INFO [main] org.apache.catalina.startup.VersionLoggerListener.log OS Version:            10.0
12-Apr-2025 10:35:45.122 INFO [main] org.apache.catalina.startup.VersionLoggerListener.log Architecture:          amd64
12-Apr-2025 10:35:45.122 INFO [main] org.apache.catalina.startup.VersionLoggerListener.log Java Home:             C:\Program Files\Java\jdk-22
12-Apr-2025 10:35:45.122 INFO [main] org.apache.catalina.startup.VersionLoggerListener.log JVM Version:           22.0.1+8-16
12-Apr-2025 10:35:45.122 INFO [main] org.apache.catalina.startup.VersionLoggerListener.log JVM Vendor:            Oracle Corporation
12-Apr-2025 10:35:45.122 INFO [main] org.apache.catalina.startup.VersionLoggerListener.log CATALINA_BASE:         C:\Users\OSHADHA\IdeaProjects\OOP-projectnew
12-Apr-2025 10:35:45.122 INFO [main] org.apache.catalina.startup.VersionLoggerListener.log CATALINA_HOME:         C:\Program Files\Apache Software Foundation\Tomcat 9.0
12-Apr-2025 10:35:45.130 INFO [main] org.apache.catalina.startup.VersionLoggerListener.log Command line argument: --add-opens=java.base/java.lang=ALL-UNNAMED
12-Apr-2025 10:35:45.130 INFO [main] org.apache.catalina.startup.VersionLoggerListener.log Command line argument: --add-opens=java.base/java.io=ALL-UNNAMED
12-Apr-2025 10:35:45.130 INFO [main] org.apache.catalina.startup.VersionLoggerListener.log Command line argument: --add-opens=java.base/java.util=ALL-UNNAMED
12-Apr-2025 10:35:45.130 INFO [main] org.apache.catalina.startup.VersionLoggerListener.log Command line argument: --add-opens=java.base/java.util.concurrent=ALL-UNNAMED
12-Apr-2025 10:35:45.130 INFO [main] org.apache.catalina.startup.VersionLoggerListener.log Command line argument: --add-opens=java.rmi/sun.rmi.transport=ALL-UNNAMED
12-Apr-2025 10:35:45.131 INFO [main] org.apache.catalina.startup.VersionLoggerListener.log Command line argument: -Dcatalina.home=C:\Program Files\Apache Software Foundation\Tomcat 9.0
12-Apr-2025 10:35:45.131 INFO [main] org.apache.catalina.startup.VersionLoggerListener.log Command line argument: -Dcatalina.base=C:\Users\OSHADHA\IdeaProjects\OOP-projectnew
12-Apr-2025 10:35:45.131 INFO [main] org.apache.catalina.startup.VersionLoggerListener.log Command line argument: -Djava.io.tmpdir=C:\Users\OSHADHA\IdeaProjects\OOP-projectnew\temp
12-Apr-2025 10:35:45.131 INFO [main] org.apache.catalina.startup.VersionLoggerListener.log Command line argument: -Djava.util.logging.config.file=C:\Users\OSHADHA\IdeaProjects\OOP-projectnew\conf\logging.properties
12-Apr-2025 10:35:45.131 INFO [main] org.apache.catalina.startup.VersionLoggerListener.log Command line argument: -Djava.util.logging.manager=org.apache.juli.ClassLoaderLogManager
12-Apr-2025 10:35:45.131 INFO [main] org.apache.catalina.startup.VersionLoggerListener.log Command line argument: -javaagent:C:\Program Files\JetBrains\IntelliJ IDEA 2024.3.5\lib\idea_rt.jar=59976
12-Apr-2025 10:35:45.131 INFO [main] org.apache.catalina.startup.VersionLoggerListener.log Command line argument: -Dfile.encoding=UTF-8
12-Apr-2025 10:35:45.131 INFO [main] org.apache.catalina.startup.VersionLoggerListener.log Command line argument: -Dsun.stdout.encoding=UTF-8
12-Apr-2025 10:35:45.132 INFO [main] org.apache.catalina.startup.VersionLoggerListener.log Command line argument: -Dsun.stderr.encoding=UTF-8
12-Apr-2025 10:35:45.136 INFO [main] org.apache.catalina.core.AprLifecycleListener.lifecycleEvent Loaded Apache Tomcat Native library [1.3.1] using APR version [1.7.4].
12-Apr-2025 10:35:45.136 INFO [main] org.apache.catalina.core.AprLifecycleListener.lifecycleEvent APR capabilities: IPv6 [true], sendfile [true], accept filters [false], random [true], UDS [true].
12-Apr-2025 10:35:45.136 INFO [main] org.apache.catalina.core.AprLifecycleListener.lifecycleEvent APR/OpenSSL configuration: useAprConnector [false], useOpenSSL [true]
12-Apr-2025 10:35:45.142 INFO [main] org.apache.catalina.core.AprLifecycleListener.initializeSSL OpenSSL successfully initialized [OpenSSL 3.0.14 4 Jun 2024]
12-Apr-2025 10:35:45.537 INFO [main] org.apache.coyote.AbstractProtocol.init Initializing ProtocolHandler ["http-nio-8080"]
12-Apr-2025 10:35:45.563 INFO [main] org.apache.catalina.startup.Catalina.load Server initialization in [978] milliseconds
12-Apr-2025 10:35:45.620 INFO [main] org.apache.catalina.core.StandardService.startInternal Starting service [Catalina]
12-Apr-2025 10:35:45.621 INFO [main] org.apache.catalina.core.StandardEngine.startInternal Starting Servlet engine: [Apache Tomcat/9.0.102]
12-Apr-2025 10:35:45.634 INFO [main] org.apache.catalina.startup.HostConfig.deployDescriptor Deploying deployment descriptor [C:\Users\OSHADHA\IdeaProjects\OOP-projectnew\conf\Catalina\localhost\OOP-projectnew.xml]
12-Apr-2025 10:35:46.071 INFO [main] org.apache.catalina.startup.HostConfig.deployDescriptor Deployment of deployment descriptor [C:\Users\OSHADHA\IdeaProjects\OOP-projectnew\conf\Catalina\localhost\OOP-projectnew.xml] has finished in [436] ms
12-Apr-2025 10:35:46.074 INFO [main] org.apache.coyote.AbstractProtocol.start Starting ProtocolHandler ["http-nio-8080"]
12-Apr-2025 10:35:46.099 INFO [main] org.apache.catalina.startup.Catalina.start Server startup in [534] milliseconds
12-Apr-2025 10:38:52.623 INFO [Thread-1] org.apache.coyote.AbstractProtocol.pause Pausing ProtocolHandler ["http-nio-8080"]
12-Apr-2025 10:38:52.635 INFO [Thread-1] org.apache.catalina.core.StandardService.stopInternal Stopping service [Catalina]
12-Apr-2025 10:38:52.644 INFO [Thread-1] org.apache.coyote.AbstractProtocol.stop Stopping ProtocolHandler ["http-nio-8080"]
12-Apr-2025 10:38:52.647 INFO [Thread-1] org.apache.coyote.AbstractProtocol.destroy Destroying ProtocolHandler ["http-nio-8080"]
12-Apr-2025 10:38:54.419 INFO [main] org.apache.catalina.startup.VersionLoggerListener.log Server version name:   Apache Tomcat/9.0.102
12-Apr-2025 10:38:54.422 INFO [main] org.apache.catalina.startup.VersionLoggerListener.log Server built:          Mar 3 2025 19:33:14 UTC
12-Apr-2025 10:38:54.422 INFO [main] org.apache.catalina.startup.VersionLoggerListener.log Server version number: 9.0.102.0
12-Apr-2025 10:38:54.422 INFO [main] org.apache.catalina.startup.VersionLoggerListener.log OS Name:               Windows 10
12-Apr-2025 10:38:54.422 INFO [main] org.apache.catalina.startup.VersionLoggerListener.log OS Version:            10.0
12-Apr-2025 10:38:54.422 INFO [main] org.apache.catalina.startup.VersionLoggerListener.log Architecture:          amd64
12-Apr-2025 10:38:54.423 INFO [main] org.apache.catalina.startup.VersionLoggerListener.log Java Home:             C:\Program Files\Java\jdk-22
12-Apr-2025 10:38:54.423 INFO [main] org.apache.catalina.startup.VersionLoggerListener.log JVM Version:           22.0.1+8-16
12-Apr-2025 10:38:54.423 INFO [main] org.apache.catalina.startup.VersionLoggerListener.log JVM Vendor:            Oracle Corporation
12-Apr-2025 10:38:54.423 INFO [main] org.apache.catalina.startup.VersionLoggerListener.log CATALINA_BASE:         C:\Users\OSHADHA\IdeaProjects\OOP-projectnew
12-Apr-2025 10:38:54.423 INFO [main] org.apache.catalina.startup.VersionLoggerListener.log CATALINA_HOME:         C:\Program Files\Apache Software Foundation\Tomcat 9.0
12-Apr-2025 10:38:54.430 INFO [main] org.apache.catalina.startup.VersionLoggerListener.log Command line argument: --add-opens=java.base/java.lang=ALL-UNNAMED
12-Apr-2025 10:38:54.430 INFO [main] org.apache.catalina.startup.VersionLoggerListener.log Command line argument: --add-opens=java.base/java.io=ALL-UNNAMED
12-Apr-2025 10:38:54.430 INFO [main] org.apache.catalina.startup.VersionLoggerListener.log Command line argument: --add-opens=java.base/java.util=ALL-UNNAMED
12-Apr-2025 10:38:54.430 INFO [main] org.apache.catalina.startup.VersionLoggerListener.log Command line argument: --add-opens=java.base/java.util.concurrent=ALL-UNNAMED
12-Apr-2025 10:38:54.430 INFO [main] org.apache.catalina.startup.VersionLoggerListener.log Command line argument: --add-opens=java.rmi/sun.rmi.transport=ALL-UNNAMED
12-Apr-2025 10:38:54.430 INFO [main] org.apache.catalina.startup.VersionLoggerListener.log Command line argument: -Dcatalina.home=C:\Program Files\Apache Software Foundation\Tomcat 9.0
12-Apr-2025 10:38:54.430 INFO [main] org.apache.catalina.startup.VersionLoggerListener.log Command line argument: -Dcatalina.base=C:\Users\OSHADHA\IdeaProjects\OOP-projectnew
12-Apr-2025 10:38:54.430 INFO [main] org.apache.catalina.startup.VersionLoggerListener.log Command line argument: -Djava.io.tmpdir=C:\Users\OSHADHA\IdeaProjects\OOP-projectnew\temp
12-Apr-2025 10:38:54.430 INFO [main] org.apache.catalina.startup.VersionLoggerListener.log Command line argument: -Djava.util.logging.config.file=C:\Users\OSHADHA\IdeaProjects\OOP-projectnew\conf\logging.properties
12-Apr-2025 10:38:54.431 INFO [main] org.apache.catalina.startup.VersionLoggerListener.log Command line argument: -Djava.util.logging.manager=org.apache.juli.ClassLoaderLogManager
12-Apr-2025 10:38:54.431 INFO [main] org.apache.catalina.startup.VersionLoggerListener.log Command line argument: -javaagent:C:\Program Files\JetBrains\IntelliJ IDEA 2024.3.5\lib\idea_rt.jar=60012
12-Apr-2025 10:38:54.431 INFO [main] org.apache.catalina.startup.VersionLoggerListener.log Command line argument: -Dfile.encoding=UTF-8
12-Apr-2025 10:38:54.431 INFO [main] org.apache.catalina.startup.VersionLoggerListener.log Command line argument: -Dsun.stdout.encoding=UTF-8
12-Apr-2025 10:38:54.431 INFO [main] org.apache.catalina.startup.VersionLoggerListener.log Command line argument: -Dsun.stderr.encoding=UTF-8
12-Apr-2025 10:38:54.435 INFO [main] org.apache.catalina.core.AprLifecycleListener.lifecycleEvent Loaded Apache Tomcat Native library [1.3.1] using APR version [1.7.4].
12-Apr-2025 10:38:54.435 INFO [main] org.apache.catalina.core.AprLifecycleListener.lifecycleEvent APR capabilities: IPv6 [true], sendfile [true], accept filters [false], random [true], UDS [true].
12-Apr-2025 10:38:54.435 INFO [main] org.apache.catalina.core.AprLifecycleListener.lifecycleEvent APR/OpenSSL configuration: useAprConnector [false], useOpenSSL [true]
12-Apr-2025 10:38:54.440 INFO [main] org.apache.catalina.core.AprLifecycleListener.initializeSSL OpenSSL successfully initialized [OpenSSL 3.0.14 4 Jun 2024]
12-Apr-2025 10:38:54.820 INFO [main] org.apache.coyote.AbstractProtocol.init Initializing ProtocolHandler ["http-nio-8080"]
12-Apr-2025 10:38:54.840 INFO [main] org.apache.catalina.startup.Catalina.load Server initialization in [914] milliseconds
12-Apr-2025 10:38:54.889 INFO [main] org.apache.catalina.core.StandardService.startInternal Starting service [Catalina]
12-Apr-2025 10:38:54.890 INFO [main] org.apache.catalina.core.StandardEngine.startInternal Starting Servlet engine: [Apache Tomcat/9.0.102]
12-Apr-2025 10:38:54.899 INFO [main] org.apache.catalina.startup.HostConfig.deployDescriptor Deploying deployment descriptor [C:\Users\OSHADHA\IdeaProjects\OOP-projectnew\conf\Catalina\localhost\OOP-projectnew.xml]
12-Apr-2025 10:38:55.323 INFO [main] org.apache.catalina.startup.HostConfig.deployDescriptor Deployment of deployment descriptor [C:\Users\OSHADHA\IdeaProjects\OOP-projectnew\conf\Catalina\localhost\OOP-projectnew.xml] has finished in [424] ms
12-Apr-2025 10:38:55.326 INFO [main] org.apache.coyote.AbstractProtocol.start Starting ProtocolHandler ["http-nio-8080"]
12-Apr-2025 10:38:55.350 INFO [main] org.apache.catalina.startup.Catalina.start Server startup in [507] milliseconds
12-Apr-2025 10:39:56.367 INFO [Thread-1] org.apache.coyote.AbstractProtocol.pause Pausing ProtocolHandler ["http-nio-8080"]
12-Apr-2025 10:39:56.378 INFO [Thread-1] org.apache.catalina.core.StandardService.stopInternal Stopping service [Catalina]
12-Apr-2025 10:39:56.387 INFO [Thread-1] org.apache.coyote.AbstractProtocol.stop Stopping ProtocolHandler ["http-nio-8080"]
12-Apr-2025 10:39:56.394 INFO [Thread-1] org.apache.coyote.AbstractProtocol.destroy Destroying ProtocolHandler ["http-nio-8080"]
12-Apr-2025 10:39:58.253 INFO [main] org.apache.catalina.startup.VersionLoggerListener.log Server version name:   Apache Tomcat/9.0.102
12-Apr-2025 10:39:58.257 INFO [main] org.apache.catalina.startup.VersionLoggerListener.log Server built:          Mar 3 2025 19:33:14 UTC
12-Apr-2025 10:39:58.258 INFO [main] org.apache.catalina.startup.VersionLoggerListener.log Server version number: 9.0.102.0
12-Apr-2025 10:39:58.258 INFO [main] org.apache.catalina.startup.VersionLoggerListener.log OS Name:               Windows 10
12-Apr-2025 10:39:58.258 INFO [main] org.apache.catalina.startup.VersionLoggerListener.log OS Version:            10.0
12-Apr-2025 10:39:58.258 INFO [main] org.apache.catalina.startup.VersionLoggerListener.log Architecture:          amd64
12-Apr-2025 10:39:58.258 INFO [main] org.apache.catalina.startup.VersionLoggerListener.log Java Home:             C:\Program Files\Java\jdk-22
12-Apr-2025 10:39:58.258 INFO [main] org.apache.catalina.startup.VersionLoggerListener.log JVM Version:           22.0.1+8-16
12-Apr-2025 10:39:58.258 INFO [main] org.apache.catalina.startup.VersionLoggerListener.log JVM Vendor:            Oracle Corporation
12-Apr-2025 10:39:58.258 INFO [main] org.apache.catalina.startup.VersionLoggerListener.log CATALINA_BASE:         C:\Users\OSHADHA\IdeaProjects\OOP-projectnew
12-Apr-2025 10:39:58.258 INFO [main] org.apache.catalina.startup.VersionLoggerListener.log CATALINA_HOME:         C:\Program Files\Apache Software Foundation\Tomcat 9.0
12-Apr-2025 10:39:58.266 INFO [main] org.apache.catalina.startup.VersionLoggerListener.log Command line argument: --add-opens=java.base/java.lang=ALL-UNNAMED
12-Apr-2025 10:39:58.266 INFO [main] org.apache.catalina.startup.VersionLoggerListener.log Command line argument: --add-opens=java.base/java.io=ALL-UNNAMED
12-Apr-2025 10:39:58.266 INFO [main] org.apache.catalina.startup.VersionLoggerListener.log Command line argument: --add-opens=java.base/java.util=ALL-UNNAMED
12-Apr-2025 10:39:58.266 INFO [main] org.apache.catalina.startup.VersionLoggerListener.log Command line argument: --add-opens=java.base/java.util.concurrent=ALL-UNNAMED
12-Apr-2025 10:39:58.267 INFO [main] org.apache.catalina.startup.VersionLoggerListener.log Command line argument: --add-opens=java.rmi/sun.rmi.transport=ALL-UNNAMED
12-Apr-2025 10:39:58.267 INFO [main] org.apache.catalina.startup.VersionLoggerListener.log Command line argument: -Dcatalina.home=C:\Program Files\Apache Software Foundation\Tomcat 9.0
12-Apr-2025 10:39:58.267 INFO [main] org.apache.catalina.startup.VersionLoggerListener.log Command line argument: -Dcatalina.base=C:\Users\OSHADHA\IdeaProjects\OOP-projectnew
12-Apr-2025 10:39:58.267 INFO [main] org.apache.catalina.startup.VersionLoggerListener.log Command line argument: -Djava.io.tmpdir=C:\Users\OSHADHA\IdeaProjects\OOP-projectnew\temp
12-Apr-2025 10:39:58.267 INFO [main] org.apache.catalina.startup.VersionLoggerListener.log Command line argument: -Djava.util.logging.config.file=C:\Users\OSHADHA\IdeaProjects\OOP-projectnew\conf\logging.properties
12-Apr-2025 10:39:58.267 INFO [main] org.apache.catalina.startup.VersionLoggerListener.log Command line argument: -Djava.util.logging.manager=org.apache.juli.ClassLoaderLogManager
12-Apr-2025 10:39:58.267 INFO [main] org.apache.catalina.startup.VersionLoggerListener.log Command line argument: -javaagent:C:\Program Files\JetBrains\IntelliJ IDEA 2024.3.5\lib\idea_rt.jar=60018
12-Apr-2025 10:39:58.267 INFO [main] org.apache.catalina.startup.VersionLoggerListener.log Command line argument: -Dfile.encoding=UTF-8
12-Apr-2025 10:39:58.267 INFO [main] org.apache.catalina.startup.VersionLoggerListener.log Command line argument: -Dsun.stdout.encoding=UTF-8
12-Apr-2025 10:39:58.268 INFO [main] org.apache.catalina.startup.VersionLoggerListener.log Command line argument: -Dsun.stderr.encoding=UTF-8
12-Apr-2025 10:39:58.271 INFO [main] org.apache.catalina.core.AprLifecycleListener.lifecycleEvent Loaded Apache Tomcat Native library [1.3.1] using APR version [1.7.4].
12-Apr-2025 10:39:58.271 INFO [main] org.apache.catalina.core.AprLifecycleListener.lifecycleEvent APR capabilities: IPv6 [true], sendfile [true], accept filters [false], random [true], UDS [true].
12-Apr-2025 10:39:58.271 INFO [main] org.apache.catalina.core.AprLifecycleListener.lifecycleEvent APR/OpenSSL configuration: useAprConnector [false], useOpenSSL [true]
12-Apr-2025 10:39:58.277 INFO [main] org.apache.catalina.core.AprLifecycleListener.initializeSSL OpenSSL successfully initialized [OpenSSL 3.0.14 4 Jun 2024]
12-Apr-2025 10:39:58.685 INFO [main] org.apache.coyote.AbstractProtocol.init Initializing ProtocolHandler ["http-nio-8080"]
12-Apr-2025 10:39:58.705 INFO [main] org.apache.catalina.startup.Catalina.load Server initialization in [992] milliseconds
12-Apr-2025 10:39:58.753 INFO [main] org.apache.catalina.core.StandardService.startInternal Starting service [Catalina]
12-Apr-2025 10:39:58.753 INFO [main] org.apache.catalina.core.StandardEngine.startInternal Starting Servlet engine: [Apache Tomcat/9.0.102]
12-Apr-2025 10:39:58.761 INFO [main] org.apache.catalina.startup.HostConfig.deployDescriptor Deploying deployment descriptor [C:\Users\OSHADHA\IdeaProjects\OOP-projectnew\conf\Catalina\localhost\OOP-projectnew.xml]
12-Apr-2025 10:39:59.313 INFO [main] org.apache.catalina.startup.HostConfig.deployDescriptor Deployment of deployment descriptor [C:\Users\OSHADHA\IdeaProjects\OOP-projectnew\conf\Catalina\localhost\OOP-projectnew.xml] has finished in [552] ms
12-Apr-2025 10:39:59.317 INFO [main] org.apache.coyote.AbstractProtocol.start Starting ProtocolHandler ["http-nio-8080"]
12-Apr-2025 10:39:59.345 INFO [main] org.apache.catalina.startup.Catalina.start Server startup in [639] milliseconds
12-Apr-2025 10:40:50.247 INFO [Thread-1] org.apache.coyote.AbstractProtocol.pause Pausing ProtocolHandler ["http-nio-8080"]
12-Apr-2025 10:40:50.257 INFO [Thread-1] org.apache.catalina.core.StandardService.stopInternal Stopping service [Catalina]
12-Apr-2025 10:40:50.267 INFO [Thread-1] org.apache.coyote.AbstractProtocol.stop Stopping ProtocolHandler ["http-nio-8080"]
12-Apr-2025 10:40:50.273 INFO [Thread-1] org.apache.coyote.AbstractProtocol.destroy Destroying ProtocolHandler ["http-nio-8080"]
12-Apr-2025 10:42:42.359 INFO [main] org.apache.catalina.startup.VersionLoggerListener.log Server version name:   Apache Tomcat/9.0.102
12-Apr-2025 10:42:42.363 INFO [main] org.apache.catalina.startup.VersionLoggerListener.log Server built:          Mar 3 2025 19:33:14 UTC
12-Apr-2025 10:42:42.364 INFO [main] org.apache.catalina.startup.VersionLoggerListener.log Server version number: 9.0.102.0
12-Apr-2025 10:42:42.364 INFO [main] org.apache.catalina.startup.VersionLoggerListener.log OS Name:               Windows 10
12-Apr-2025 10:42:42.364 INFO [main] org.apache.catalina.startup.VersionLoggerListener.log OS Version:            10.0
12-Apr-2025 10:42:42.364 INFO [main] org.apache.catalina.startup.VersionLoggerListener.log Architecture:          amd64
12-Apr-2025 10:42:42.364 INFO [main] org.apache.catalina.startup.VersionLoggerListener.log Java Home:             C:\Program Files\Java\jdk-22
12-Apr-2025 10:42:42.364 INFO [main] org.apache.catalina.startup.VersionLoggerListener.log JVM Version:           22.0.1+8-16
12-Apr-2025 10:42:42.364 INFO [main] org.apache.catalina.startup.VersionLoggerListener.log JVM Vendor:            Oracle Corporation
12-Apr-2025 10:42:42.364 INFO [main] org.apache.catalina.startup.VersionLoggerListener.log CATALINA_BASE:         C:\Users\OSHADHA\IdeaProjects\OOP-projectnew
12-Apr-2025 10:42:42.365 INFO [main] org.apache.catalina.startup.VersionLoggerListener.log CATALINA_HOME:         C:\Program Files\Apache Software Foundation\Tomcat 9.0
12-Apr-2025 10:42:42.375 INFO [main] org.apache.catalina.startup.VersionLoggerListener.log Command line argument: --add-opens=java.base/java.lang=ALL-UNNAMED
12-Apr-2025 10:42:42.375 INFO [main] org.apache.catalina.startup.VersionLoggerListener.log Command line argument: --add-opens=java.base/java.io=ALL-UNNAMED
12-Apr-2025 10:42:42.375 INFO [main] org.apache.catalina.startup.VersionLoggerListener.log Command line argument: --add-opens=java.base/java.util=ALL-UNNAMED
12-Apr-2025 10:42:42.375 INFO [main] org.apache.catalina.startup.VersionLoggerListener.log Command line argument: --add-opens=java.base/java.util.concurrent=ALL-UNNAMED
12-Apr-2025 10:42:42.375 INFO [main] org.apache.catalina.startup.VersionLoggerListener.log Command line argument: --add-opens=java.rmi/sun.rmi.transport=ALL-UNNAMED
12-Apr-2025 10:42:42.375 INFO [main] org.apache.catalina.startup.VersionLoggerListener.log Command line argument: -Dcatalina.home=C:\Program Files\Apache Software Foundation\Tomcat 9.0
12-Apr-2025 10:42:42.375 INFO [main] org.apache.catalina.startup.VersionLoggerListener.log Command line argument: -Dcatalina.base=C:\Users\OSHADHA\IdeaProjects\OOP-projectnew
12-Apr-2025 10:42:42.376 INFO [main] org.apache.catalina.startup.VersionLoggerListener.log Command line argument: -Djava.io.tmpdir=C:\Users\OSHADHA\IdeaProjects\OOP-projectnew\temp
12-Apr-2025 10:42:42.376 INFO [main] org.apache.catalina.startup.VersionLoggerListener.log Command line argument: -Djava.util.logging.config.file=C:\Users\OSHADHA\IdeaProjects\OOP-projectnew\conf\logging.properties
12-Apr-2025 10:42:42.376 INFO [main] org.apache.catalina.startup.VersionLoggerListener.log Command line argument: -Djava.util.logging.manager=org.apache.juli.ClassLoaderLogManager
12-Apr-2025 10:42:42.376 INFO [main] org.apache.catalina.startup.VersionLoggerListener.log Command line argument: -javaagent:C:\Program Files\JetBrains\IntelliJ IDEA 2024.3.5\lib\idea_rt.jar=60028
12-Apr-2025 10:42:42.376 INFO [main] org.apache.catalina.startup.VersionLoggerListener.log Command line argument: -Dfile.encoding=UTF-8
12-Apr-2025 10:42:42.376 INFO [main] org.apache.catalina.startup.VersionLoggerListener.log Command line argument: -Dsun.stdout.encoding=UTF-8
12-Apr-2025 10:42:42.376 INFO [main] org.apache.catalina.startup.VersionLoggerListener.log Command line argument: -Dsun.stderr.encoding=UTF-8
12-Apr-2025 10:42:42.380 INFO [main] org.apache.catalina.core.AprLifecycleListener.lifecycleEvent Loaded Apache Tomcat Native library [1.3.1] using APR version [1.7.4].
12-Apr-2025 10:42:42.380 INFO [main] org.apache.catalina.core.AprLifecycleListener.lifecycleEvent APR capabilities: IPv6 [true], sendfile [true], accept filters [false], random [true], UDS [true].
12-Apr-2025 10:42:42.380 INFO [main] org.apache.catalina.core.AprLifecycleListener.lifecycleEvent APR/OpenSSL configuration: useAprConnector [false], useOpenSSL [true]
12-Apr-2025 10:42:42.389 INFO [main] org.apache.catalina.core.AprLifecycleListener.initializeSSL OpenSSL successfully initialized [OpenSSL 3.0.14 4 Jun 2024]
12-Apr-2025 10:42:42.781 INFO [main] org.apache.coyote.AbstractProtocol.init Initializing ProtocolHandler ["http-nio-8080"]
12-Apr-2025 10:42:42.807 INFO [main] org.apache.catalina.startup.Catalina.load Server initialization in [681] milliseconds
12-Apr-2025 10:42:42.878 INFO [main] org.apache.catalina.core.StandardService.startInternal Starting service [Catalina]
12-Apr-2025 10:42:42.878 INFO [main] org.apache.catalina.core.StandardEngine.startInternal Starting Servlet engine: [Apache Tomcat/9.0.102]
12-Apr-2025 10:42:42.889 INFO [main] org.apache.catalina.startup.HostConfig.deployDescriptor Deploying deployment descriptor [C:\Users\OSHADHA\IdeaProjects\OOP-projectnew\conf\Catalina\localhost\OOP-projectnew.xml]
12-Apr-2025 10:42:43.307 INFO [main] org.apache.catalina.startup.HostConfig.deployDescriptor Deployment of deployment descriptor [C:\Users\OSHADHA\IdeaProjects\OOP-projectnew\conf\Catalina\localhost\OOP-projectnew.xml] has finished in [417] ms
12-Apr-2025 10:42:43.312 INFO [main] org.apache.coyote.AbstractProtocol.start Starting ProtocolHandler ["http-nio-8080"]
12-Apr-2025 10:42:43.339 INFO [main] org.apache.catalina.startup.Catalina.start Server startup in [530] milliseconds
12-Apr-2025 10:44:01.945 INFO [Thread-1] org.apache.coyote.AbstractProtocol.pause Pausing ProtocolHandler ["http-nio-8080"]
12-Apr-2025 10:44:01.956 INFO [Thread-1] org.apache.catalina.core.StandardService.stopInternal Stopping service [Catalina]
12-Apr-2025 10:44:01.964 INFO [Thread-1] org.apache.coyote.AbstractProtocol.stop Stopping ProtocolHandler ["http-nio-8080"]
12-Apr-2025 10:44:01.967 INFO [Thread-1] org.apache.coyote.AbstractProtocol.destroy Destroying ProtocolHandler ["http-nio-8080"]
12-Apr-2025 10:51:27.391 INFO [main] org.apache.catalina.startup.VersionLoggerListener.log Server version name:   Apache Tomcat/9.0.102
12-Apr-2025 10:51:27.397 INFO [main] org.apache.catalina.startup.VersionLoggerListener.log Server built:          Mar 3 2025 19:33:14 UTC
12-Apr-2025 10:51:27.397 INFO [main] org.apache.catalina.startup.VersionLoggerListener.log Server version number: 9.0.102.0
12-Apr-2025 10:51:27.397 INFO [main] org.apache.catalina.startup.VersionLoggerListener.log OS Name:               Windows 10
12-Apr-2025 10:51:27.397 INFO [main] org.apache.catalina.startup.VersionLoggerListener.log OS Version:            10.0
12-Apr-2025 10:51:27.397 INFO [main] org.apache.catalina.startup.VersionLoggerListener.log Architecture:          amd64
12-Apr-2025 10:51:27.397 INFO [main] org.apache.catalina.startup.VersionLoggerListener.log Java Home:             C:\Program Files\Java\jdk-22
12-Apr-2025 10:51:27.398 INFO [main] org.apache.catalina.startup.VersionLoggerListener.log JVM Version:           22.0.1+8-16
12-Apr-2025 10:51:27.398 INFO [main] org.apache.catalina.startup.VersionLoggerListener.log JVM Vendor:            Oracle Corporation
12-Apr-2025 10:51:27.398 INFO [main] org.apache.catalina.startup.VersionLoggerListener.log CATALINA_BASE:         C:\Users\OSHADHA\IdeaProjects\OOP-projectnew
12-Apr-2025 10:51:27.398 INFO [main] org.apache.catalina.startup.VersionLoggerListener.log CATALINA_HOME:         C:\Program Files\Apache Software Foundation\Tomcat 9.0
12-Apr-2025 10:51:27.408 INFO [main] org.apache.catalina.startup.VersionLoggerListener.log Command line argument: --add-opens=java.base/java.lang=ALL-UNNAMED
12-Apr-2025 10:51:27.409 INFO [main] org.apache.catalina.startup.VersionLoggerListener.log Command line argument: --add-opens=java.base/java.io=ALL-UNNAMED
12-Apr-2025 10:51:27.409 INFO [main] org.apache.catalina.startup.VersionLoggerListener.log Command line argument: --add-opens=java.base/java.util=ALL-UNNAMED
12-Apr-2025 10:51:27.409 INFO [main] org.apache.catalina.startup.VersionLoggerListener.log Command line argument: --add-opens=java.base/java.util.concurrent=ALL-UNNAMED
12-Apr-2025 10:51:27.409 INFO [main] org.apache.catalina.startup.VersionLoggerListener.log Command line argument: --add-opens=java.rmi/sun.rmi.transport=ALL-UNNAMED
12-Apr-2025 10:51:27.409 INFO [main] org.apache.catalina.startup.VersionLoggerListener.log Command line argument: -Dcatalina.home=C:\Program Files\Apache Software Foundation\Tomcat 9.0
12-Apr-2025 10:51:27.409 INFO [main] org.apache.catalina.startup.VersionLoggerListener.log Command line argument: -Dcatalina.base=C:\Users\OSHADHA\IdeaProjects\OOP-projectnew
12-Apr-2025 10:51:27.409 INFO [main] org.apache.catalina.startup.VersionLoggerListener.log Command line argument: -Djava.io.tmpdir=C:\Users\OSHADHA\IdeaProjects\OOP-projectnew\temp
12-Apr-2025 10:51:27.409 INFO [main] org.apache.catalina.startup.VersionLoggerListener.log Command line argument: -Djava.util.logging.config.file=C:\Users\OSHADHA\IdeaProjects\OOP-projectnew\conf\logging.properties
12-Apr-2025 10:51:27.410 INFO [main] org.apache.catalina.startup.VersionLoggerListener.log Command line argument: -Djava.util.logging.manager=org.apache.juli.ClassLoaderLogManager
12-Apr-2025 10:51:27.410 INFO [main] org.apache.catalina.startup.VersionLoggerListener.log Command line argument: -javaagent:C:\Program Files\JetBrains\IntelliJ IDEA 2024.3.5\lib\idea_rt.jar=60098
12-Apr-2025 10:51:27.410 INFO [main] org.apache.catalina.startup.VersionLoggerListener.log Command line argument: -Dfile.encoding=UTF-8
12-Apr-2025 10:51:27.410 INFO [main] org.apache.catalina.startup.VersionLoggerListener.log Command line argument: -Dsun.stdout.encoding=UTF-8
12-Apr-2025 10:51:27.410 INFO [main] org.apache.catalina.startup.VersionLoggerListener.log Command line argument: -Dsun.stderr.encoding=UTF-8
12-Apr-2025 10:51:27.414 INFO [main] org.apache.catalina.core.AprLifecycleListener.lifecycleEvent Loaded Apache Tomcat Native library [1.3.1] using APR version [1.7.4].
12-Apr-2025 10:51:27.414 INFO [main] org.apache.catalina.core.AprLifecycleListener.lifecycleEvent APR capabilities: IPv6 [true], sendfile [true], accept filters [false], random [true], UDS [true].
12-Apr-2025 10:51:27.414 INFO [main] org.apache.catalina.core.AprLifecycleListener.lifecycleEvent APR/OpenSSL configuration: useAprConnector [false], useOpenSSL [true]
12-Apr-2025 10:51:27.421 INFO [main] org.apache.catalina.core.AprLifecycleListener.initializeSSL OpenSSL successfully initialized [OpenSSL 3.0.14 4 Jun 2024]
12-Apr-2025 10:51:27.878 INFO [main] org.apache.coyote.AbstractProtocol.init Initializing ProtocolHandler ["http-nio-8080"]
12-Apr-2025 10:51:27.898 INFO [main] org.apache.catalina.startup.Catalina.load Server initialization in [731] milliseconds
12-Apr-2025 10:51:27.959 INFO [main] org.apache.catalina.core.StandardService.startInternal Starting service [Catalina]
12-Apr-2025 10:51:27.959 INFO [main] org.apache.catalina.core.StandardEngine.startInternal Starting Servlet engine: [Apache Tomcat/9.0.102]
12-Apr-2025 10:51:27.971 INFO [main] org.apache.catalina.startup.HostConfig.deployDescriptor Deploying deployment descriptor [C:\Users\OSHADHA\IdeaProjects\OOP-projectnew\conf\Catalina\localhost\OOP-projectnew.xml]
12-Apr-2025 10:51:28.403 INFO [main] org.apache.catalina.startup.HostConfig.deployDescriptor Deployment of deployment descriptor [C:\Users\OSHADHA\IdeaProjects\OOP-projectnew\conf\Catalina\localhost\OOP-projectnew.xml] has finished in [432] ms
12-Apr-2025 10:51:28.407 INFO [main] org.apache.coyote.AbstractProtocol.start Starting ProtocolHandler ["http-nio-8080"]
12-Apr-2025 10:51:28.428 INFO [main] org.apache.catalina.startup.Catalina.start Server startup in [528] milliseconds
12-Apr-2025 10:52:59.775 INFO [Thread-1] org.apache.coyote.AbstractProtocol.pause Pausing ProtocolHandler ["http-nio-8080"]
12-Apr-2025 10:52:59.784 INFO [Thread-1] org.apache.catalina.core.StandardService.stopInternal Stopping service [Catalina]
12-Apr-2025 10:52:59.794 INFO [Thread-1] org.apache.coyote.AbstractProtocol.stop Stopping ProtocolHandler ["http-nio-8080"]
12-Apr-2025 10:52:59.796 INFO [Thread-1] org.apache.coyote.AbstractProtocol.destroy Destroying ProtocolHandler ["http-nio-8080"]
12-Apr-2025 10:53:01.879 INFO [main] org.apache.catalina.startup.VersionLoggerListener.log Server version name:   Apache Tomcat/9.0.102
12-Apr-2025 10:53:01.884 INFO [main] org.apache.catalina.startup.VersionLoggerListener.log Server built:          Mar 3 2025 19:33:14 UTC
12-Apr-2025 10:53:01.884 INFO [main] org.apache.catalina.startup.VersionLoggerListener.log Server version number: 9.0.102.0
12-Apr-2025 10:53:01.884 INFO [main] org.apache.catalina.startup.VersionLoggerListener.log OS Name:               Windows 10
12-Apr-2025 10:53:01.884 INFO [main] org.apache.catalina.startup.VersionLoggerListener.log OS Version:            10.0
12-Apr-2025 10:53:01.884 INFO [main] org.apache.catalina.startup.VersionLoggerListener.log Architecture:          amd64
12-Apr-2025 10:53:01.884 INFO [main] org.apache.catalina.startup.VersionLoggerListener.log Java Home:             C:\Program Files\Java\jdk-22
12-Apr-2025 10:53:01.885 INFO [main] org.apache.catalina.startup.VersionLoggerListener.log JVM Version:           22.0.1+8-16
12-Apr-2025 10:53:01.885 INFO [main] org.apache.catalina.startup.VersionLoggerListener.log JVM Vendor:            Oracle Corporation
12-Apr-2025 10:53:01.885 INFO [main] org.apache.catalina.startup.VersionLoggerListener.log CATALINA_BASE:         C:\Users\OSHADHA\IdeaProjects\OOP-projectnew
12-Apr-2025 10:53:01.885 INFO [main] org.apache.catalina.startup.VersionLoggerListener.log CATALINA_HOME:         C:\Program Files\Apache Software Foundation\Tomcat 9.0
12-Apr-2025 10:53:01.894 INFO [main] org.apache.catalina.startup.VersionLoggerListener.log Command line argument: --add-opens=java.base/java.lang=ALL-UNNAMED
12-Apr-2025 10:53:01.895 INFO [main] org.apache.catalina.startup.VersionLoggerListener.log Command line argument: --add-opens=java.base/java.io=ALL-UNNAMED
12-Apr-2025 10:53:01.895 INFO [main] org.apache.catalina.startup.VersionLoggerListener.log Command line argument: --add-opens=java.base/java.util=ALL-UNNAMED
12-Apr-2025 10:53:01.895 INFO [main] org.apache.catalina.startup.VersionLoggerListener.log Command line argument: --add-opens=java.base/java.util.concurrent=ALL-UNNAMED
12-Apr-2025 10:53:01.895 INFO [main] org.apache.catalina.startup.VersionLoggerListener.log Command line argument: --add-opens=java.rmi/sun.rmi.transport=ALL-UNNAMED
12-Apr-2025 10:53:01.896 INFO [main] org.apache.catalina.startup.VersionLoggerListener.log Command line argument: -Dcatalina.home=C:\Program Files\Apache Software Foundation\Tomcat 9.0
12-Apr-2025 10:53:01.896 INFO [main] org.apache.catalina.startup.VersionLoggerListener.log Command line argument: -Dcatalina.base=C:\Users\OSHADHA\IdeaProjects\OOP-projectnew
12-Apr-2025 10:53:01.896 INFO [main] org.apache.catalina.startup.VersionLoggerListener.log Command line argument: -Djava.io.tmpdir=C:\Users\OSHADHA\IdeaProjects\OOP-projectnew\temp
12-Apr-2025 10:53:01.896 INFO [main] org.apache.catalina.startup.VersionLoggerListener.log Command line argument: -Djava.util.logging.config.file=C:\Users\OSHADHA\IdeaProjects\OOP-projectnew\conf\logging.properties
12-Apr-2025 10:53:01.896 INFO [main] org.apache.catalina.startup.VersionLoggerListener.log Command line argument: -Djava.util.logging.manager=org.apache.juli.ClassLoaderLogManager
12-Apr-2025 10:53:01.896 INFO [main] org.apache.catalina.startup.VersionLoggerListener.log Command line argument: -javaagent:C:\Program Files\JetBrains\IntelliJ IDEA 2024.3.5\lib\idea_rt.jar=60125
12-Apr-2025 10:53:01.896 INFO [main] org.apache.catalina.startup.VersionLoggerListener.log Command line argument: -Dfile.encoding=UTF-8
12-Apr-2025 10:53:01.896 INFO [main] org.apache.catalina.startup.VersionLoggerListener.log Command line argument: -Dsun.stdout.encoding=UTF-8
12-Apr-2025 10:53:01.896 INFO [main] org.apache.catalina.startup.VersionLoggerListener.log Command line argument: -Dsun.stderr.encoding=UTF-8
12-Apr-2025 10:53:01.900 INFO [main] org.apache.catalina.core.AprLifecycleListener.lifecycleEvent Loaded Apache Tomcat Native library [1.3.1] using APR version [1.7.4].
12-Apr-2025 10:53:01.900 INFO [main] org.apache.catalina.core.AprLifecycleListener.lifecycleEvent APR capabilities: IPv6 [true], sendfile [true], accept filters [false], random [true], UDS [true].
12-Apr-2025 10:53:01.900 INFO [main] org.apache.catalina.core.AprLifecycleListener.lifecycleEvent APR/OpenSSL configuration: useAprConnector [false], useOpenSSL [true]
12-Apr-2025 10:53:01.908 INFO [main] org.apache.catalina.core.AprLifecycleListener.initializeSSL OpenSSL successfully initialized [OpenSSL 3.0.14 4 Jun 2024]
12-Apr-2025 10:53:02.344 INFO [main] org.apache.coyote.AbstractProtocol.init Initializing ProtocolHandler ["http-nio-8080"]
12-Apr-2025 10:53:02.374 INFO [main] org.apache.catalina.startup.Catalina.load Server initialization in [784] milliseconds
12-Apr-2025 10:53:02.446 INFO [main] org.apache.catalina.core.StandardService.startInternal Starting service [Catalina]
12-Apr-2025 10:53:02.447 INFO [main] org.apache.catalina.core.StandardEngine.startInternal Starting Servlet engine: [Apache Tomcat/9.0.102]
12-Apr-2025 10:53:02.461 INFO [main] org.apache.catalina.startup.HostConfig.deployDescriptor Deploying deployment descriptor [C:\Users\OSHADHA\IdeaProjects\OOP-projectnew\conf\Catalina\localhost\OOP-projectnew.xml]
12-Apr-2025 10:53:02.927 INFO [main] org.apache.catalina.startup.HostConfig.deployDescriptor Deployment of deployment descriptor [C:\Users\OSHADHA\IdeaProjects\OOP-projectnew\conf\Catalina\localhost\OOP-projectnew.xml] has finished in [466] ms
12-Apr-2025 10:53:02.931 INFO [main] org.apache.coyote.AbstractProtocol.start Starting ProtocolHandler ["http-nio-8080"]
12-Apr-2025 10:53:02.951 INFO [main] org.apache.catalina.startup.Catalina.start Server startup in [575] milliseconds
12-Apr-2025 10:53:38.737 INFO [Thread-1] org.apache.coyote.AbstractProtocol.pause Pausing ProtocolHandler ["http-nio-8080"]
12-Apr-2025 10:53:38.746 INFO [Thread-1] org.apache.catalina.core.StandardService.stopInternal Stopping service [Catalina]
12-Apr-2025 10:53:38.758 INFO [Thread-1] org.apache.coyote.AbstractProtocol.stop Stopping ProtocolHandler ["http-nio-8080"]
12-Apr-2025 10:53:38.777 INFO [Thread-1] org.apache.coyote.AbstractProtocol.destroy Destroying ProtocolHandler ["http-nio-8080"]
12-Apr-2025 11:20:10.488 INFO [main] org.apache.catalina.startup.VersionLoggerListener.log Server version name:   Apache Tomcat/9.0.102
12-Apr-2025 11:20:10.496 INFO [main] org.apache.catalina.startup.VersionLoggerListener.log Server built:          Mar 3 2025 19:33:14 UTC
12-Apr-2025 11:20:10.496 INFO [main] org.apache.catalina.startup.VersionLoggerListener.log Server version number: 9.0.102.0
12-Apr-2025 11:20:10.497 INFO [main] org.apache.catalina.startup.VersionLoggerListener.log OS Name:               Windows 10
12-Apr-2025 11:20:10.497 INFO [main] org.apache.catalina.startup.VersionLoggerListener.log OS Version:            10.0
12-Apr-2025 11:20:10.497 INFO [main] org.apache.catalina.startup.VersionLoggerListener.log Architecture:          amd64
12-Apr-2025 11:20:10.497 INFO [main] org.apache.catalina.startup.VersionLoggerListener.log Java Home:             C:\Program Files\Java\jdk-22
12-Apr-2025 11:20:10.497 INFO [main] org.apache.catalina.startup.VersionLoggerListener.log JVM Version:           22.0.1+8-16
12-Apr-2025 11:20:10.497 INFO [main] org.apache.catalina.startup.VersionLoggerListener.log JVM Vendor:            Oracle Corporation
12-Apr-2025 11:20:10.497 INFO [main] org.apache.catalina.startup.VersionLoggerListener.log CATALINA_BASE:         C:\Users\OSHADHA\IdeaProjects\OOP-projectnew
12-Apr-2025 11:20:10.497 INFO [main] org.apache.catalina.startup.VersionLoggerListener.log CATALINA_HOME:         C:\Program Files\Apache Software Foundation\Tomcat 9.0
12-Apr-2025 11:20:10.508 INFO [main] org.apache.catalina.startup.VersionLoggerListener.log Command line argument: --add-opens=java.base/java.lang=ALL-UNNAMED
12-Apr-2025 11:20:10.508 INFO [main] org.apache.catalina.startup.VersionLoggerListener.log Command line argument: --add-opens=java.base/java.io=ALL-UNNAMED
12-Apr-2025 11:20:10.509 INFO [main] org.apache.catalina.startup.VersionLoggerListener.log Command line argument: --add-opens=java.base/java.util=ALL-UNNAMED
12-Apr-2025 11:20:10.509 INFO [main] org.apache.catalina.startup.VersionLoggerListener.log Command line argument: --add-opens=java.base/java.util.concurrent=ALL-UNNAMED
12-Apr-2025 11:20:10.509 INFO [main] org.apache.catalina.startup.VersionLoggerListener.log Command line argument: --add-opens=java.rmi/sun.rmi.transport=ALL-UNNAMED
12-Apr-2025 11:20:10.509 INFO [main] org.apache.catalina.startup.VersionLoggerListener.log Command line argument: -Dcatalina.home=C:\Program Files\Apache Software Foundation\Tomcat 9.0
12-Apr-2025 11:20:10.509 INFO [main] org.apache.catalina.startup.VersionLoggerListener.log Command line argument: -Dcatalina.base=C:\Users\OSHADHA\IdeaProjects\OOP-projectnew
12-Apr-2025 11:20:10.509 INFO [main] org.apache.catalina.startup.VersionLoggerListener.log Command line argument: -Djava.io.tmpdir=C:\Users\OSHADHA\IdeaProjects\OOP-projectnew\temp
12-Apr-2025 11:20:10.509 INFO [main] org.apache.catalina.startup.VersionLoggerListener.log Command line argument: -Djava.util.logging.config.file=C:\Users\OSHADHA\IdeaProjects\OOP-projectnew\conf\logging.properties
12-Apr-2025 11:20:10.509 INFO [main] org.apache.catalina.startup.VersionLoggerListener.log Command line argument: -Djava.util.logging.manager=org.apache.juli.ClassLoaderLogManager
12-Apr-2025 11:20:10.510 INFO [main] org.apache.catalina.startup.VersionLoggerListener.log Command line argument: -javaagent:C:\Program Files\JetBrains\IntelliJ IDEA 2024.3.5\lib\idea_rt.jar=58707
12-Apr-2025 11:20:10.510 INFO [main] org.apache.catalina.startup.VersionLoggerListener.log Command line argument: -Dfile.encoding=UTF-8
12-Apr-2025 11:20:10.510 INFO [main] org.apache.catalina.startup.VersionLoggerListener.log Command line argument: -Dsun.stdout.encoding=UTF-8
12-Apr-2025 11:20:10.510 INFO [main] org.apache.catalina.startup.VersionLoggerListener.log Command line argument: -Dsun.stderr.encoding=UTF-8
12-Apr-2025 11:20:10.519 INFO [main] org.apache.catalina.core.AprLifecycleListener.lifecycleEvent Loaded Apache Tomcat Native library [1.3.1] using APR version [1.7.4].
12-Apr-2025 11:20:10.519 INFO [main] org.apache.catalina.core.AprLifecycleListener.lifecycleEvent APR capabilities: IPv6 [true], sendfile [true], accept filters [false], random [true], UDS [true].
12-Apr-2025 11:20:10.519 INFO [main] org.apache.catalina.core.AprLifecycleListener.lifecycleEvent APR/OpenSSL configuration: useAprConnector [false], useOpenSSL [true]
12-Apr-2025 11:20:10.541 INFO [main] org.apache.catalina.core.AprLifecycleListener.initializeSSL OpenSSL successfully initialized [OpenSSL 3.0.14 4 Jun 2024]
12-Apr-2025 11:20:11.038 INFO [main] org.apache.coyote.AbstractProtocol.init Initializing ProtocolHandler ["http-nio-8080"]
12-Apr-2025 11:20:11.063 INFO [main] org.apache.catalina.startup.Catalina.load Server initialization in [875] milliseconds
12-Apr-2025 11:20:11.129 INFO [main] org.apache.catalina.core.StandardService.startInternal Starting service [Catalina]
12-Apr-2025 11:20:11.129 INFO [main] org.apache.catalina.core.StandardEngine.startInternal Starting Servlet engine: [Apache Tomcat/9.0.102]
12-Apr-2025 11:20:11.139 INFO [main] org.apache.catalina.startup.HostConfig.deployDescriptor Deploying deployment descriptor [C:\Users\OSHADHA\IdeaProjects\OOP-projectnew\conf\Catalina\localhost\OOP-projectnew.xml]
12-Apr-2025 11:20:11.611 INFO [main] org.apache.catalina.startup.HostConfig.deployDescriptor Deployment of deployment descriptor [C:\Users\OSHADHA\IdeaProjects\OOP-projectnew\conf\Catalina\localhost\OOP-projectnew.xml] has finished in [471] ms
12-Apr-2025 11:20:11.614 INFO [main] org.apache.coyote.AbstractProtocol.start Starting ProtocolHandler ["http-nio-8080"]
12-Apr-2025 11:20:11.636 INFO [main] org.apache.catalina.startup.Catalina.start Server startup in [572] milliseconds
12-Apr-2025 11:35:01.956 INFO [Thread-1] org.apache.coyote.AbstractProtocol.pause Pausing ProtocolHandler ["http-nio-8080"]
12-Apr-2025 11:35:01.965 INFO [Thread-1] org.apache.catalina.core.StandardService.stopInternal Stopping service [Catalina]
12-Apr-2025 11:35:01.977 INFO [Thread-1] org.apache.coyote.AbstractProtocol.stop Stopping ProtocolHandler ["http-nio-8080"]
12-Apr-2025 11:35:01.994 INFO [Thread-1] org.apache.coyote.AbstractProtocol.destroy Destroying ProtocolHandler ["http-nio-8080"]
12-Apr-2025 12:39:02.485 INFO [main] org.apache.catalina.startup.VersionLoggerListener.log Server version name:   Apache Tomcat/9.0.102
12-Apr-2025 12:39:02.489 INFO [main] org.apache.catalina.startup.VersionLoggerListener.log Server built:          Mar 3 2025 19:33:14 UTC
12-Apr-2025 12:39:02.489 INFO [main] org.apache.catalina.startup.VersionLoggerListener.log Server version number: 9.0.102.0
12-Apr-2025 12:39:02.490 INFO [main] org.apache.catalina.startup.VersionLoggerListener.log OS Name:               Windows 10
12-Apr-2025 12:39:02.490 INFO [main] org.apache.catalina.startup.VersionLoggerListener.log OS Version:            10.0
12-Apr-2025 12:39:02.490 INFO [main] org.apache.catalina.startup.VersionLoggerListener.log Architecture:          amd64
12-Apr-2025 12:39:02.490 INFO [main] org.apache.catalina.startup.VersionLoggerListener.log Java Home:             C:\Program Files\Java\jdk-22
12-Apr-2025 12:39:02.490 INFO [main] org.apache.catalina.startup.VersionLoggerListener.log JVM Version:           22.0.1+8-16
12-Apr-2025 12:39:02.490 INFO [main] org.apache.catalina.startup.VersionLoggerListener.log JVM Vendor:            Oracle Corporation
12-Apr-2025 12:39:02.490 INFO [main] org.apache.catalina.startup.VersionLoggerListener.log CATALINA_BASE:         C:\Users\OSHADHA\IdeaProjects\OOP-projectnew
12-Apr-2025 12:39:02.491 INFO [main] org.apache.catalina.startup.VersionLoggerListener.log CATALINA_HOME:         C:\Program Files\Apache Software Foundation\Tomcat 9.0
12-Apr-2025 12:39:02.499 INFO [main] org.apache.catalina.startup.VersionLoggerListener.log Command line argument: --add-opens=java.base/java.lang=ALL-UNNAMED
12-Apr-2025 12:39:02.499 INFO [main] org.apache.catalina.startup.VersionLoggerListener.log Command line argument: --add-opens=java.base/java.io=ALL-UNNAMED
12-Apr-2025 12:39:02.500 INFO [main] org.apache.catalina.startup.VersionLoggerListener.log Command line argument: --add-opens=java.base/java.util=ALL-UNNAMED
12-Apr-2025 12:39:02.500 INFO [main] org.apache.catalina.startup.VersionLoggerListener.log Command line argument: --add-opens=java.base/java.util.concurrent=ALL-UNNAMED
12-Apr-2025 12:39:02.500 INFO [main] org.apache.catalina.startup.VersionLoggerListener.log Command line argument: --add-opens=java.rmi/sun.rmi.transport=ALL-UNNAMED
12-Apr-2025 12:39:02.500 INFO [main] org.apache.catalina.startup.VersionLoggerListener.log Command line argument: -Dcatalina.home=C:\Program Files\Apache Software Foundation\Tomcat 9.0
12-Apr-2025 12:39:02.500 INFO [main] org.apache.catalina.startup.VersionLoggerListener.log Command line argument: -Dcatalina.base=C:\Users\OSHADHA\IdeaProjects\OOP-projectnew
12-Apr-2025 12:39:02.500 INFO [main] org.apache.catalina.startup.VersionLoggerListener.log Command line argument: -Djava.io.tmpdir=C:\Users\OSHADHA\IdeaProjects\OOP-projectnew\temp
12-Apr-2025 12:39:02.501 INFO [main] org.apache.catalina.startup.VersionLoggerListener.log Command line argument: -Djava.util.logging.config.file=C:\Users\OSHADHA\IdeaProjects\OOP-projectnew\conf\logging.properties
12-Apr-2025 12:39:02.501 INFO [main] org.apache.catalina.startup.VersionLoggerListener.log Command line argument: -Djava.util.logging.manager=org.apache.juli.ClassLoaderLogManager
12-Apr-2025 12:39:02.501 INFO [main] org.apache.catalina.startup.VersionLoggerListener.log Command line argument: -javaagent:C:\Program Files\JetBrains\IntelliJ IDEA 2024.3.5\lib\idea_rt.jar=63617
12-Apr-2025 12:39:02.501 INFO [main] org.apache.catalina.startup.VersionLoggerListener.log Command line argument: -Dfile.encoding=UTF-8
12-Apr-2025 12:39:02.501 INFO [main] org.apache.catalina.startup.VersionLoggerListener.log Command line argument: -Dsun.stdout.encoding=UTF-8
12-Apr-2025 12:39:02.501 INFO [main] org.apache.catalina.startup.VersionLoggerListener.log Command line argument: -Dsun.stderr.encoding=UTF-8
12-Apr-2025 12:39:02.507 INFO [main] org.apache.catalina.core.AprLifecycleListener.lifecycleEvent Loaded Apache Tomcat Native library [1.3.1] using APR version [1.7.4].
12-Apr-2025 12:39:02.507 INFO [main] org.apache.catalina.core.AprLifecycleListener.lifecycleEvent APR capabilities: IPv6 [true], sendfile [true], accept filters [false], random [true], UDS [true].
12-Apr-2025 12:39:02.507 INFO [main] org.apache.catalina.core.AprLifecycleListener.lifecycleEvent APR/OpenSSL configuration: useAprConnector [false], useOpenSSL [true]
12-Apr-2025 12:39:02.525 INFO [main] org.apache.catalina.core.AprLifecycleListener.initializeSSL OpenSSL successfully initialized [OpenSSL 3.0.14 4 Jun 2024]
12-Apr-2025 12:39:03.011 INFO [main] org.apache.coyote.AbstractProtocol.init Initializing ProtocolHandler ["http-nio-8080"]
12-Apr-2025 12:39:03.032 INFO [main] org.apache.catalina.startup.Catalina.load Server initialization in [854] milliseconds
12-Apr-2025 12:39:03.086 INFO [main] org.apache.catalina.core.StandardService.startInternal Starting service [Catalina]
12-Apr-2025 12:39:03.086 INFO [main] org.apache.catalina.core.StandardEngine.startInternal Starting Servlet engine: [Apache Tomcat/9.0.102]
12-Apr-2025 12:39:03.098 INFO [main] org.apache.catalina.startup.HostConfig.deployDescriptor Deploying deployment descriptor [C:\Users\OSHADHA\IdeaProjects\OOP-projectnew\conf\Catalina\localhost\OOP-projectnew.xml]
12-Apr-2025 12:39:03.547 INFO [main] org.apache.catalina.startup.HostConfig.deployDescriptor Deployment of deployment descriptor [C:\Users\OSHADHA\IdeaProjects\OOP-projectnew\conf\Catalina\localhost\OOP-projectnew.xml] has finished in [448] ms
12-Apr-2025 12:39:03.551 INFO [main] org.apache.coyote.AbstractProtocol.start Starting ProtocolHandler ["http-nio-8080"]
12-Apr-2025 12:39:03.572 INFO [main] org.apache.catalina.startup.Catalina.start Server startup in [538] milliseconds
12-Apr-2025 12:39:06.199 INFO [Thread-1] org.apache.coyote.AbstractProtocol.pause Pausing ProtocolHandler ["http-nio-8080"]
12-Apr-2025 12:39:06.210 INFO [Thread-1] org.apache.catalina.core.StandardService.stopInternal Stopping service [Catalina]
12-Apr-2025 12:39:06.220 INFO [Thread-1] org.apache.coyote.AbstractProtocol.stop Stopping ProtocolHandler ["http-nio-8080"]
12-Apr-2025 12:39:06.223 INFO [Thread-1] org.apache.coyote.AbstractProtocol.destroy Destroying ProtocolHandler ["http-nio-8080"]
12-Apr-2025 12:52:19.950 INFO [main] org.apache.catalina.startup.VersionLoggerListener.log Server version name:   Apache Tomcat/9.0.102
12-Apr-2025 12:52:19.955 INFO [main] org.apache.catalina.startup.VersionLoggerListener.log Server built:          Mar 3 2025 19:33:14 UTC
12-Apr-2025 12:52:19.956 INFO [main] org.apache.catalina.startup.VersionLoggerListener.log Server version number: 9.0.102.0
12-Apr-2025 12:52:19.956 INFO [main] org.apache.catalina.startup.VersionLoggerListener.log OS Name:               Windows 10
12-Apr-2025 12:52:19.956 INFO [main] org.apache.catalina.startup.VersionLoggerListener.log OS Version:            10.0
12-Apr-2025 12:52:19.956 INFO [main] org.apache.catalina.startup.VersionLoggerListener.log Architecture:          amd64
12-Apr-2025 12:52:19.956 INFO [main] org.apache.catalina.startup.VersionLoggerListener.log Java Home:             C:\Program Files\Java\jdk-22
12-Apr-2025 12:52:19.956 INFO [main] org.apache.catalina.startup.VersionLoggerListener.log JVM Version:           22.0.1+8-16
12-Apr-2025 12:52:19.956 INFO [main] org.apache.catalina.startup.VersionLoggerListener.log JVM Vendor:            Oracle Corporation
12-Apr-2025 12:52:19.956 INFO [main] org.apache.catalina.startup.VersionLoggerListener.log CATALINA_BASE:         C:\Users\OSHADHA\IdeaProjects\OOP-projectnew
12-Apr-2025 12:52:19.957 INFO [main] org.apache.catalina.startup.VersionLoggerListener.log CATALINA_HOME:         C:\Program Files\Apache Software Foundation\Tomcat 9.0
12-Apr-2025 12:52:19.966 INFO [main] org.apache.catalina.startup.VersionLoggerListener.log Command line argument: --add-opens=java.base/java.lang=ALL-UNNAMED
12-Apr-2025 12:52:19.966 INFO [main] org.apache.catalina.startup.VersionLoggerListener.log Command line argument: --add-opens=java.base/java.io=ALL-UNNAMED
12-Apr-2025 12:52:19.966 INFO [main] org.apache.catalina.startup.VersionLoggerListener.log Command line argument: --add-opens=java.base/java.util=ALL-UNNAMED
12-Apr-2025 12:52:19.967 INFO [main] org.apache.catalina.startup.VersionLoggerListener.log Command line argument: --add-opens=java.base/java.util.concurrent=ALL-UNNAMED
12-Apr-2025 12:52:19.967 INFO [main] org.apache.catalina.startup.VersionLoggerListener.log Command line argument: --add-opens=java.rmi/sun.rmi.transport=ALL-UNNAMED
12-Apr-2025 12:52:19.967 INFO [main] org.apache.catalina.startup.VersionLoggerListener.log Command line argument: -Dcatalina.home=C:\Program Files\Apache Software Foundation\Tomcat 9.0
12-Apr-2025 12:52:19.967 INFO [main] org.apache.catalina.startup.VersionLoggerListener.log Command line argument: -Dcatalina.base=C:\Users\OSHADHA\IdeaProjects\OOP-projectnew
12-Apr-2025 12:52:19.967 INFO [main] org.apache.catalina.startup.VersionLoggerListener.log Command line argument: -Djava.io.tmpdir=C:\Users\OSHADHA\IdeaProjects\OOP-projectnew\temp
12-Apr-2025 12:52:19.967 INFO [main] org.apache.catalina.startup.VersionLoggerListener.log Command line argument: -Djava.util.logging.config.file=C:\Users\OSHADHA\IdeaProjects\OOP-projectnew\conf\logging.properties
12-Apr-2025 12:52:19.968 INFO [main] org.apache.catalina.startup.VersionLoggerListener.log Command line argument: -Djava.util.logging.manager=org.apache.juli.ClassLoaderLogManager
12-Apr-2025 12:52:19.968 INFO [main] org.apache.catalina.startup.VersionLoggerListener.log Command line argument: -javaagent:C:\Program Files\JetBrains\IntelliJ IDEA 2024.3.5\lib\idea_rt.jar=63801
12-Apr-2025 12:52:19.968 INFO [main] org.apache.catalina.startup.VersionLoggerListener.log Command line argument: -Dfile.encoding=UTF-8
12-Apr-2025 12:52:19.968 INFO [main] org.apache.catalina.startup.VersionLoggerListener.log Command line argument: -Dsun.stdout.encoding=UTF-8
12-Apr-2025 12:52:19.968 INFO [main] org.apache.catalina.startup.VersionLoggerListener.log Command line argument: -Dsun.stderr.encoding=UTF-8
12-Apr-2025 12:52:19.975 INFO [main] org.apache.catalina.core.AprLifecycleListener.lifecycleEvent Loaded Apache Tomcat Native library [1.3.1] using APR version [1.7.4].
12-Apr-2025 12:52:19.975 INFO [main] org.apache.catalina.core.AprLifecycleListener.lifecycleEvent APR capabilities: IPv6 [true], sendfile [true], accept filters [false], random [true], UDS [true].
12-Apr-2025 12:52:19.975 INFO [main] org.apache.catalina.core.AprLifecycleListener.lifecycleEvent APR/OpenSSL configuration: useAprConnector [false], useOpenSSL [true]
12-Apr-2025 12:52:19.994 INFO [main] org.apache.catalina.core.AprLifecycleListener.initializeSSL OpenSSL successfully initialized [OpenSSL 3.0.14 4 Jun 2024]
12-Apr-2025 12:52:20.470 INFO [main] org.apache.coyote.AbstractProtocol.init Initializing ProtocolHandler ["http-nio-8080"]
12-Apr-2025 12:52:20.493 INFO [main] org.apache.catalina.startup.Catalina.load Server initialization in [844] milliseconds
12-Apr-2025 12:52:20.557 INFO [main] org.apache.catalina.core.StandardService.startInternal Starting service [Catalina]
12-Apr-2025 12:52:20.558 INFO [main] org.apache.catalina.core.StandardEngine.startInternal Starting Servlet engine: [Apache Tomcat/9.0.102]
12-Apr-2025 12:52:20.566 INFO [main] org.apache.catalina.startup.HostConfig.deployDescriptor Deploying deployment descriptor [C:\Users\OSHADHA\IdeaProjects\OOP-projectnew\conf\Catalina\localhost\OOP-projectnew.xml]
12-Apr-2025 12:52:21.190 INFO [main] org.apache.catalina.startup.HostConfig.deployDescriptor Deployment of deployment descriptor [C:\Users\OSHADHA\IdeaProjects\OOP-projectnew\conf\Catalina\localhost\OOP-projectnew.xml] has finished in [624] ms
12-Apr-2025 12:52:21.194 INFO [main] org.apache.coyote.AbstractProtocol.start Starting ProtocolHandler ["http-nio-8080"]
12-Apr-2025 12:52:21.217 INFO [main] org.apache.catalina.startup.Catalina.start Server startup in [721] milliseconds
12-Apr-2025 12:55:08.910 INFO [Thread-1] org.apache.coyote.AbstractProtocol.pause Pausing ProtocolHandler ["http-nio-8080"]
12-Apr-2025 12:55:08.920 INFO [Thread-1] org.apache.catalina.core.StandardService.stopInternal Stopping service [Catalina]
12-Apr-2025 12:55:08.932 INFO [Thread-1] org.apache.coyote.AbstractProtocol.stop Stopping ProtocolHandler ["http-nio-8080"]
12-Apr-2025 12:55:08.934 INFO [Thread-1] org.apache.coyote.AbstractProtocol.destroy Destroying ProtocolHandler ["http-nio-8080"]
12-Apr-2025 12:55:10.618 INFO [main] org.apache.catalina.startup.VersionLoggerListener.log Server version name:   Apache Tomcat/9.0.102
12-Apr-2025 12:55:10.622 INFO [main] org.apache.catalina.startup.VersionLoggerListener.log Server built:          Mar 3 2025 19:33:14 UTC
12-Apr-2025 12:55:10.622 INFO [main] org.apache.catalina.startup.VersionLoggerListener.log Server version number: 9.0.102.0
12-Apr-2025 12:55:10.622 INFO [main] org.apache.catalina.startup.VersionLoggerListener.log OS Name:               Windows 10
12-Apr-2025 12:55:10.622 INFO [main] org.apache.catalina.startup.VersionLoggerListener.log OS Version:            10.0
12-Apr-2025 12:55:10.622 INFO [main] org.apache.catalina.startup.VersionLoggerListener.log Architecture:          amd64
12-Apr-2025 12:55:10.622 INFO [main] org.apache.catalina.startup.VersionLoggerListener.log Java Home:             C:\Program Files\Java\jdk-22
12-Apr-2025 12:55:10.622 INFO [main] org.apache.catalina.startup.VersionLoggerListener.log JVM Version:           22.0.1+8-16
12-Apr-2025 12:55:10.622 INFO [main] org.apache.catalina.startup.VersionLoggerListener.log JVM Vendor:            Oracle Corporation
12-Apr-2025 12:55:10.623 INFO [main] org.apache.catalina.startup.VersionLoggerListener.log CATALINA_BASE:         C:\Users\OSHADHA\IdeaProjects\OOP-projectnew
12-Apr-2025 12:55:10.623 INFO [main] org.apache.catalina.startup.VersionLoggerListener.log CATALINA_HOME:         C:\Program Files\Apache Software Foundation\Tomcat 9.0
12-Apr-2025 12:55:10.630 INFO [main] org.apache.catalina.startup.VersionLoggerListener.log Command line argument: --add-opens=java.base/java.lang=ALL-UNNAMED
12-Apr-2025 12:55:10.631 INFO [main] org.apache.catalina.startup.VersionLoggerListener.log Command line argument: --add-opens=java.base/java.io=ALL-UNNAMED
12-Apr-2025 12:55:10.631 INFO [main] org.apache.catalina.startup.VersionLoggerListener.log Command line argument: --add-opens=java.base/java.util=ALL-UNNAMED
12-Apr-2025 12:55:10.631 INFO [main] org.apache.catalina.startup.VersionLoggerListener.log Command line argument: --add-opens=java.base/java.util.concurrent=ALL-UNNAMED
12-Apr-2025 12:55:10.631 INFO [main] org.apache.catalina.startup.VersionLoggerListener.log Command line argument: --add-opens=java.rmi/sun.rmi.transport=ALL-UNNAMED
12-Apr-2025 12:55:10.631 INFO [main] org.apache.catalina.startup.VersionLoggerListener.log Command line argument: -Dcatalina.home=C:\Program Files\Apache Software Foundation\Tomcat 9.0
12-Apr-2025 12:55:10.631 INFO [main] org.apache.catalina.startup.VersionLoggerListener.log Command line argument: -Dcatalina.base=C:\Users\OSHADHA\IdeaProjects\OOP-projectnew
12-Apr-2025 12:55:10.631 INFO [main] org.apache.catalina.startup.VersionLoggerListener.log Command line argument: -Djava.io.tmpdir=C:\Users\OSHADHA\IdeaProjects\OOP-projectnew\temp
12-Apr-2025 12:55:10.631 INFO [main] org.apache.catalina.startup.VersionLoggerListener.log Command line argument: -Djava.util.logging.config.file=C:\Users\OSHADHA\IdeaProjects\OOP-projectnew\conf\logging.properties
12-Apr-2025 12:55:10.631 INFO [main] org.apache.catalina.startup.VersionLoggerListener.log Command line argument: -Djava.util.logging.manager=org.apache.juli.ClassLoaderLogManager
12-Apr-2025 12:55:10.631 INFO [main] org.apache.catalina.startup.VersionLoggerListener.log Command line argument: -javaagent:C:\Program Files\JetBrains\IntelliJ IDEA 2024.3.5\lib\idea_rt.jar=63851
12-Apr-2025 12:55:10.631 INFO [main] org.apache.catalina.startup.VersionLoggerListener.log Command line argument: -Dfile.encoding=UTF-8
12-Apr-2025 12:55:10.632 INFO [main] org.apache.catalina.startup.VersionLoggerListener.log Command line argument: -Dsun.stdout.encoding=UTF-8
12-Apr-2025 12:55:10.632 INFO [main] org.apache.catalina.startup.VersionLoggerListener.log Command line argument: -Dsun.stderr.encoding=UTF-8
12-Apr-2025 12:55:10.635 INFO [main] org.apache.catalina.core.AprLifecycleListener.lifecycleEvent Loaded Apache Tomcat Native library [1.3.1] using APR version [1.7.4].
12-Apr-2025 12:55:10.635 INFO [main] org.apache.catalina.core.AprLifecycleListener.lifecycleEvent APR capabilities: IPv6 [true], sendfile [true], accept filters [false], random [true], UDS [true].
12-Apr-2025 12:55:10.635 INFO [main] org.apache.catalina.core.AprLifecycleListener.lifecycleEvent APR/OpenSSL configuration: useAprConnector [false], useOpenSSL [true]
12-Apr-2025 12:55:10.642 INFO [main] org.apache.catalina.core.AprLifecycleListener.initializeSSL OpenSSL successfully initialized [OpenSSL 3.0.14 4 Jun 2024]
12-Apr-2025 12:55:11.086 INFO [main] org.apache.coyote.AbstractProtocol.init Initializing ProtocolHandler ["http-nio-8080"]
12-Apr-2025 12:55:11.112 INFO [main] org.apache.catalina.startup.Catalina.load Server initialization in [945] milliseconds
12-Apr-2025 12:56:25.909 INFO [main] org.apache.catalina.startup.VersionLoggerListener.log Server version name:   Apache Tomcat/9.0.102
12-Apr-2025 12:56:25.915 INFO [main] org.apache.catalina.startup.VersionLoggerListener.log Server built:          Mar 3 2025 19:33:14 UTC
12-Apr-2025 12:56:25.915 INFO [main] org.apache.catalina.startup.VersionLoggerListener.log Server version number: 9.0.102.0
12-Apr-2025 12:56:25.916 INFO [main] org.apache.catalina.startup.VersionLoggerListener.log OS Name:               Windows 10
12-Apr-2025 12:56:25.916 INFO [main] org.apache.catalina.startup.VersionLoggerListener.log OS Version:            10.0
12-Apr-2025 12:56:25.916 INFO [main] org.apache.catalina.startup.VersionLoggerListener.log Architecture:          amd64
12-Apr-2025 12:56:25.916 INFO [main] org.apache.catalina.startup.VersionLoggerListener.log Java Home:             C:\Program Files\Java\jdk-22
12-Apr-2025 12:56:25.916 INFO [main] org.apache.catalina.startup.VersionLoggerListener.log JVM Version:           22.0.1+8-16
12-Apr-2025 12:56:25.916 INFO [main] org.apache.catalina.startup.VersionLoggerListener.log JVM Vendor:            Oracle Corporation
12-Apr-2025 12:56:25.916 INFO [main] org.apache.catalina.startup.VersionLoggerListener.log CATALINA_BASE:         C:\Users\OSHADHA\IdeaProjects\OOP-projectnew
12-Apr-2025 12:56:25.917 INFO [main] org.apache.catalina.startup.VersionLoggerListener.log CATALINA_HOME:         C:\Program Files\Apache Software Foundation\Tomcat 9.0
12-Apr-2025 12:56:25.927 INFO [main] org.apache.catalina.startup.VersionLoggerListener.log Command line argument: --add-opens=java.base/java.lang=ALL-UNNAMED
12-Apr-2025 12:56:25.927 INFO [main] org.apache.catalina.startup.VersionLoggerListener.log Command line argument: --add-opens=java.base/java.io=ALL-UNNAMED
12-Apr-2025 12:56:25.927 INFO [main] org.apache.catalina.startup.VersionLoggerListener.log Command line argument: --add-opens=java.base/java.util=ALL-UNNAMED
12-Apr-2025 12:56:25.928 INFO [main] org.apache.catalina.startup.VersionLoggerListener.log Command line argument: --add-opens=java.base/java.util.concurrent=ALL-UNNAMED
12-Apr-2025 12:56:25.928 INFO [main] org.apache.catalina.startup.VersionLoggerListener.log Command line argument: --add-opens=java.rmi/sun.rmi.transport=ALL-UNNAMED
12-Apr-2025 12:56:25.928 INFO [main] org.apache.catalina.startup.VersionLoggerListener.log Command line argument: -Dcatalina.home=C:\Program Files\Apache Software Foundation\Tomcat 9.0
12-Apr-2025 12:56:25.928 INFO [main] org.apache.catalina.startup.VersionLoggerListener.log Command line argument: -Dcatalina.base=C:\Users\OSHADHA\IdeaProjects\OOP-projectnew
12-Apr-2025 12:56:25.928 INFO [main] org.apache.catalina.startup.VersionLoggerListener.log Command line argument: -Djava.io.tmpdir=C:\Users\OSHADHA\IdeaProjects\OOP-projectnew\temp
12-Apr-2025 12:56:25.928 INFO [main] org.apache.catalina.startup.VersionLoggerListener.log Command line argument: -Djava.util.logging.config.file=C:\Users\OSHADHA\IdeaProjects\OOP-projectnew\conf\logging.properties
12-Apr-2025 12:56:25.928 INFO [main] org.apache.catalina.startup.VersionLoggerListener.log Command line argument: -Djava.util.logging.manager=org.apache.juli.ClassLoaderLogManager
12-Apr-2025 12:56:25.928 INFO [main] org.apache.catalina.startup.VersionLoggerListener.log Command line argument: -javaagent:C:\Program Files\JetBrains\IntelliJ IDEA 2024.3.5\lib\idea_rt.jar=63971
12-Apr-2025 12:56:25.929 INFO [main] org.apache.catalina.startup.VersionLoggerListener.log Command line argument: -Dfile.encoding=UTF-8
12-Apr-2025 12:56:25.929 INFO [main] org.apache.catalina.startup.VersionLoggerListener.log Command line argument: -Dsun.stdout.encoding=UTF-8
12-Apr-2025 12:56:25.929 INFO [main] org.apache.catalina.startup.VersionLoggerListener.log Command line argument: -Dsun.stderr.encoding=UTF-8
12-Apr-2025 12:56:25.933 INFO [main] org.apache.catalina.core.AprLifecycleListener.lifecycleEvent Loaded Apache Tomcat Native library [1.3.1] using APR version [1.7.4].
12-Apr-2025 12:56:25.934 INFO [main] org.apache.catalina.core.AprLifecycleListener.lifecycleEvent APR capabilities: IPv6 [true], sendfile [true], accept filters [false], random [true], UDS [true].
12-Apr-2025 12:56:25.934 INFO [main] org.apache.catalina.core.AprLifecycleListener.lifecycleEvent APR/OpenSSL configuration: useAprConnector [false], useOpenSSL [true]
12-Apr-2025 12:56:25.941 INFO [main] org.apache.catalina.core.AprLifecycleListener.initializeSSL OpenSSL successfully initialized [OpenSSL 3.0.14 4 Jun 2024]
12-Apr-2025 12:56:26.371 INFO [main] org.apache.coyote.AbstractProtocol.init Initializing ProtocolHandler ["http-nio-8080"]
12-Apr-2025 12:56:26.395 INFO [main] org.apache.catalina.startup.Catalina.load Server initialization in [774] milliseconds
12-Apr-2025 12:56:26.452 INFO [main] org.apache.catalina.core.StandardService.startInternal Starting service [Catalina]
12-Apr-2025 12:56:26.454 INFO [main] org.apache.catalina.core.StandardEngine.startInternal Starting Servlet engine: [Apache Tomcat/9.0.102]
12-Apr-2025 12:56:26.465 INFO [main] org.apache.catalina.startup.HostConfig.deployDescriptor Deploying deployment descriptor [C:\Users\OSHADHA\IdeaProjects\OOP-projectnew\conf\Catalina\localhost\OOP-projectnew.xml]
12-Apr-2025 12:56:27.021 INFO [main] org.apache.catalina.startup.HostConfig.deployDescriptor Deployment of deployment descriptor [C:\Users\OSHADHA\IdeaProjects\OOP-projectnew\conf\Catalina\localhost\OOP-projectnew.xml] has finished in [555] ms
12-Apr-2025 12:56:27.024 INFO [main] org.apache.coyote.AbstractProtocol.start Starting ProtocolHandler ["http-nio-8080"]
12-Apr-2025 12:56:27.043 INFO [main] org.apache.catalina.startup.Catalina.start Server startup in [645] milliseconds
12-Apr-2025 13:17:53.497 INFO [Thread-1] org.apache.coyote.AbstractProtocol.pause Pausing ProtocolHandler ["http-nio-8080"]
12-Apr-2025 13:17:53.507 INFO [Thread-1] org.apache.catalina.core.StandardService.stopInternal Stopping service [Catalina]
12-Apr-2025 13:17:53.523 INFO [Thread-1] org.apache.coyote.AbstractProtocol.stop Stopping ProtocolHandler ["http-nio-8080"]
12-Apr-2025 13:17:53.533 INFO [Thread-1] org.apache.coyote.AbstractProtocol.destroy Destroying ProtocolHandler ["http-nio-8080"]
12-Apr-2025 13:17:56.460 INFO [main] org.apache.catalina.startup.VersionLoggerListener.log Server version name:   Apache Tomcat/9.0.102
12-Apr-2025 13:17:56.466 INFO [main] org.apache.catalina.startup.VersionLoggerListener.log Server built:          Mar 3 2025 19:33:14 UTC
12-Apr-2025 13:17:56.466 INFO [main] org.apache.catalina.startup.VersionLoggerListener.log Server version number: 9.0.102.0
12-Apr-2025 13:17:56.467 INFO [main] org.apache.catalina.startup.VersionLoggerListener.log OS Name:               Windows 10
12-Apr-2025 13:17:56.467 INFO [main] org.apache.catalina.startup.VersionLoggerListener.log OS Version:            10.0
12-Apr-2025 13:17:56.467 INFO [main] org.apache.catalina.startup.VersionLoggerListener.log Architecture:          amd64
12-Apr-2025 13:17:56.467 INFO [main] org.apache.catalina.startup.VersionLoggerListener.log Java Home:             C:\Program Files\Java\jdk-22
12-Apr-2025 13:17:56.467 INFO [main] org.apache.catalina.startup.VersionLoggerListener.log JVM Version:           22.0.1+8-16
12-Apr-2025 13:17:56.467 INFO [main] org.apache.catalina.startup.VersionLoggerListener.log JVM Vendor:            Oracle Corporation
12-Apr-2025 13:17:56.467 INFO [main] org.apache.catalina.startup.VersionLoggerListener.log CATALINA_BASE:         C:\Users\OSHADHA\IdeaProjects\OOP-projectnew
12-Apr-2025 13:17:56.467 INFO [main] org.apache.catalina.startup.VersionLoggerListener.log CATALINA_HOME:         C:\Program Files\Apache Software Foundation\Tomcat 9.0
12-Apr-2025 13:17:56.478 INFO [main] org.apache.catalina.startup.VersionLoggerListener.log Command line argument: --add-opens=java.base/java.lang=ALL-UNNAMED
12-Apr-2025 13:17:56.478 INFO [main] org.apache.catalina.startup.VersionLoggerListener.log Command line argument: --add-opens=java.base/java.io=ALL-UNNAMED
12-Apr-2025 13:17:56.478 INFO [main] org.apache.catalina.startup.VersionLoggerListener.log Command line argument: --add-opens=java.base/java.util=ALL-UNNAMED
12-Apr-2025 13:17:56.478 INFO [main] org.apache.catalina.startup.VersionLoggerListener.log Command line argument: --add-opens=java.base/java.util.concurrent=ALL-UNNAMED
12-Apr-2025 13:17:56.478 INFO [main] org.apache.catalina.startup.VersionLoggerListener.log Command line argument: --add-opens=java.rmi/sun.rmi.transport=ALL-UNNAMED
12-Apr-2025 13:17:56.479 INFO [main] org.apache.catalina.startup.VersionLoggerListener.log Command line argument: -Dcatalina.home=C:\Program Files\Apache Software Foundation\Tomcat 9.0
12-Apr-2025 13:17:56.479 INFO [main] org.apache.catalina.startup.VersionLoggerListener.log Command line argument: -Dcatalina.base=C:\Users\OSHADHA\IdeaProjects\OOP-projectnew
12-Apr-2025 13:17:56.479 INFO [main] org.apache.catalina.startup.VersionLoggerListener.log Command line argument: -Djava.io.tmpdir=C:\Users\OSHADHA\IdeaProjects\OOP-projectnew\temp
12-Apr-2025 13:17:56.479 INFO [main] org.apache.catalina.startup.VersionLoggerListener.log Command line argument: -Djava.util.logging.config.file=C:\Users\OSHADHA\IdeaProjects\OOP-projectnew\conf\logging.properties
12-Apr-2025 13:17:56.479 INFO [main] org.apache.catalina.startup.VersionLoggerListener.log Command line argument: -Djava.util.logging.manager=org.apache.juli.ClassLoaderLogManager
12-Apr-2025 13:17:56.479 INFO [main] org.apache.catalina.startup.VersionLoggerListener.log Command line argument: -javaagent:C:\Program Files\JetBrains\IntelliJ IDEA 2024.3.5\lib\idea_rt.jar=64130
12-Apr-2025 13:17:56.479 INFO [main] org.apache.catalina.startup.VersionLoggerListener.log Command line argument: -Dfile.encoding=UTF-8
12-Apr-2025 13:17:56.479 INFO [main] org.apache.catalina.startup.VersionLoggerListener.log Command line argument: -Dsun.stdout.encoding=UTF-8
12-Apr-2025 13:17:56.479 INFO [main] org.apache.catalina.startup.VersionLoggerListener.log Command line argument: -Dsun.stderr.encoding=UTF-8
12-Apr-2025 13:17:56.484 INFO [main] org.apache.catalina.core.AprLifecycleListener.lifecycleEvent Loaded Apache Tomcat Native library [1.3.1] using APR version [1.7.4].
12-Apr-2025 13:17:56.484 INFO [main] org.apache.catalina.core.AprLifecycleListener.lifecycleEvent APR capabilities: IPv6 [true], sendfile [true], accept filters [false], random [true], UDS [true].
12-Apr-2025 13:17:56.485 INFO [main] org.apache.catalina.core.AprLifecycleListener.lifecycleEvent APR/OpenSSL configuration: useAprConnector [false], useOpenSSL [true]
12-Apr-2025 13:17:56.494 INFO [main] org.apache.catalina.core.AprLifecycleListener.initializeSSL OpenSSL successfully initialized [OpenSSL 3.0.14 4 Jun 2024]
12-Apr-2025 13:17:56.974 INFO [main] org.apache.coyote.AbstractProtocol.init Initializing ProtocolHandler ["http-nio-8080"]
12-Apr-2025 13:17:56.996 INFO [main] org.apache.catalina.startup.Catalina.load Server initialization in [767] milliseconds
12-Apr-2025 13:17:57.057 INFO [main] org.apache.catalina.core.StandardService.startInternal Starting service [Catalina]
12-Apr-2025 13:17:57.057 INFO [main] org.apache.catalina.core.StandardEngine.startInternal Starting Servlet engine: [Apache Tomcat/9.0.102]
12-Apr-2025 13:17:57.067 INFO [main] org.apache.catalina.startup.HostConfig.deployDescriptor Deploying deployment descriptor [C:\Users\OSHADHA\IdeaProjects\OOP-projectnew\conf\Catalina\localhost\OOP-projectnew.xml]
12-Apr-2025 13:17:57.645 INFO [main] org.apache.catalina.startup.HostConfig.deployDescriptor Deployment of deployment descriptor [C:\Users\OSHADHA\IdeaProjects\OOP-projectnew\conf\Catalina\localhost\OOP-projectnew.xml] has finished in [577] ms
12-Apr-2025 13:17:57.649 INFO [main] org.apache.coyote.AbstractProtocol.start Starting ProtocolHandler ["http-nio-8080"]
12-Apr-2025 13:17:57.669 INFO [main] org.apache.catalina.startup.Catalina.start Server startup in [671] milliseconds
12-Apr-2025 13:20:22.165 INFO [Thread-1] org.apache.coyote.AbstractProtocol.pause Pausing ProtocolHandler ["http-nio-8080"]
12-Apr-2025 13:20:22.176 INFO [Thread-1] org.apache.catalina.core.StandardService.stopInternal Stopping service [Catalina]
12-Apr-2025 13:20:22.190 INFO [Thread-1] org.apache.coyote.AbstractProtocol.stop Stopping ProtocolHandler ["http-nio-8080"]
12-Apr-2025 13:20:22.209 INFO [Thread-1] org.apache.coyote.AbstractProtocol.destroy Destroying ProtocolHandler ["http-nio-8080"]
12-Apr-2025 13:20:24.488 INFO [main] org.apache.catalina.startup.VersionLoggerListener.log Server version name:   Apache Tomcat/9.0.102
12-Apr-2025 13:20:24.494 INFO [main] org.apache.catalina.startup.VersionLoggerListener.log Server built:          Mar 3 2025 19:33:14 UTC
12-Apr-2025 13:20:24.495 INFO [main] org.apache.catalina.startup.VersionLoggerListener.log Server version number: 9.0.102.0
12-Apr-2025 13:20:24.495 INFO [main] org.apache.catalina.startup.VersionLoggerListener.log OS Name:               Windows 10
12-Apr-2025 13:20:24.495 INFO [main] org.apache.catalina.startup.VersionLoggerListener.log OS Version:            10.0
12-Apr-2025 13:20:24.495 INFO [main] org.apache.catalina.startup.VersionLoggerListener.log Architecture:          amd64
12-Apr-2025 13:20:24.496 INFO [main] org.apache.catalina.startup.VersionLoggerListener.log Java Home:             C:\Program Files\Java\jdk-22
12-Apr-2025 13:20:24.496 INFO [main] org.apache.catalina.startup.VersionLoggerListener.log JVM Version:           22.0.1+8-16
12-Apr-2025 13:20:24.496 INFO [main] org.apache.catalina.startup.VersionLoggerListener.log JVM Vendor:            Oracle Corporation
12-Apr-2025 13:20:24.496 INFO [main] org.apache.catalina.startup.VersionLoggerListener.log CATALINA_BASE:         C:\Users\OSHADHA\IdeaProjects\OOP-projectnew
12-Apr-2025 13:20:24.496 INFO [main] org.apache.catalina.startup.VersionLoggerListener.log CATALINA_HOME:         C:\Program Files\Apache Software Foundation\Tomcat 9.0
12-Apr-2025 13:20:24.506 INFO [main] org.apache.catalina.startup.VersionLoggerListener.log Command line argument: --add-opens=java.base/java.lang=ALL-UNNAMED
12-Apr-2025 13:20:24.506 INFO [main] org.apache.catalina.startup.VersionLoggerListener.log Command line argument: --add-opens=java.base/java.io=ALL-UNNAMED
12-Apr-2025 13:20:24.507 INFO [main] org.apache.catalina.startup.VersionLoggerListener.log Command line argument: --add-opens=java.base/java.util=ALL-UNNAMED
12-Apr-2025 13:20:24.507 INFO [main] org.apache.catalina.startup.VersionLoggerListener.log Command line argument: --add-opens=java.base/java.util.concurrent=ALL-UNNAMED
12-Apr-2025 13:20:24.507 INFO [main] org.apache.catalina.startup.VersionLoggerListener.log Command line argument: --add-opens=java.rmi/sun.rmi.transport=ALL-UNNAMED
12-Apr-2025 13:20:24.507 INFO [main] org.apache.catalina.startup.VersionLoggerListener.log Command line argument: -Dcatalina.home=C:\Program Files\Apache Software Foundation\Tomcat 9.0
12-Apr-2025 13:20:24.507 INFO [main] org.apache.catalina.startup.VersionLoggerListener.log Command line argument: -Dcatalina.base=C:\Users\OSHADHA\IdeaProjects\OOP-projectnew
12-Apr-2025 13:20:24.507 INFO [main] org.apache.catalina.startup.VersionLoggerListener.log Command line argument: -Djava.io.tmpdir=C:\Users\OSHADHA\IdeaProjects\OOP-projectnew\temp
12-Apr-2025 13:20:24.507 INFO [main] org.apache.catalina.startup.VersionLoggerListener.log Command line argument: -Djava.util.logging.config.file=C:\Users\OSHADHA\IdeaProjects\OOP-projectnew\conf\logging.properties
12-Apr-2025 13:20:24.507 INFO [main] org.apache.catalina.startup.VersionLoggerListener.log Command line argument: -Djava.util.logging.manager=org.apache.juli.ClassLoaderLogManager
12-Apr-2025 13:20:24.507 INFO [main] org.apache.catalina.startup.VersionLoggerListener.log Command line argument: -javaagent:C:\Program Files\JetBrains\IntelliJ IDEA 2024.3.5\lib\idea_rt.jar=64161
12-Apr-2025 13:20:24.507 INFO [main] org.apache.catalina.startup.VersionLoggerListener.log Command line argument: -Dfile.encoding=UTF-8
12-Apr-2025 13:20:24.507 INFO [main] org.apache.catalina.startup.VersionLoggerListener.log Command line argument: -Dsun.stdout.encoding=UTF-8
12-Apr-2025 13:20:24.507 INFO [main] org.apache.catalina.startup.VersionLoggerListener.log Command line argument: -Dsun.stderr.encoding=UTF-8
12-Apr-2025 13:20:24.511 INFO [main] org.apache.catalina.core.AprLifecycleListener.lifecycleEvent Loaded Apache Tomcat Native library [1.3.1] using APR version [1.7.4].
12-Apr-2025 13:20:24.512 INFO [main] org.apache.catalina.core.AprLifecycleListener.lifecycleEvent APR capabilities: IPv6 [true], sendfile [true], accept filters [false], random [true], UDS [true].
12-Apr-2025 13:20:24.512 INFO [main] org.apache.catalina.core.AprLifecycleListener.lifecycleEvent APR/OpenSSL configuration: useAprConnector [false], useOpenSSL [true]
12-Apr-2025 13:20:24.519 INFO [main] org.apache.catalina.core.AprLifecycleListener.initializeSSL OpenSSL successfully initialized [OpenSSL 3.0.14 4 Jun 2024]
12-Apr-2025 13:20:24.984 INFO [main] org.apache.coyote.AbstractProtocol.init Initializing ProtocolHandler ["http-nio-8080"]
12-Apr-2025 13:20:25.007 INFO [main] org.apache.catalina.startup.Catalina.load Server initialization in [833] milliseconds
12-Apr-2025 13:20:25.065 INFO [main] org.apache.catalina.core.StandardService.startInternal Starting service [Catalina]
12-Apr-2025 13:20:25.065 INFO [main] org.apache.catalina.core.StandardEngine.startInternal Starting Servlet engine: [Apache Tomcat/9.0.102]
12-Apr-2025 13:20:25.075 INFO [main] org.apache.catalina.startup.HostConfig.deployDescriptor Deploying deployment descriptor [C:\Users\OSHADHA\IdeaProjects\OOP-projectnew\conf\Catalina\localhost\OOP-projectnew.xml]
12-Apr-2025 13:20:25.711 INFO [main] org.apache.catalina.startup.HostConfig.deployDescriptor Deployment of deployment descriptor [C:\Users\OSHADHA\IdeaProjects\OOP-projectnew\conf\Catalina\localhost\OOP-projectnew.xml] has finished in [635] ms
12-Apr-2025 13:20:25.714 INFO [main] org.apache.coyote.AbstractProtocol.start Starting ProtocolHandler ["http-nio-8080"]
12-Apr-2025 13:20:25.734 INFO [main] org.apache.catalina.startup.Catalina.start Server startup in [724] milliseconds
12-Apr-2025 13:23:01.974 INFO [Thread-1] org.apache.coyote.AbstractProtocol.pause Pausing ProtocolHandler ["http-nio-8080"]
12-Apr-2025 13:23:01.985 INFO [Thread-1] org.apache.catalina.core.StandardService.stopInternal Stopping service [Catalina]
12-Apr-2025 13:23:01.997 INFO [Thread-1] org.apache.coyote.AbstractProtocol.stop Stopping ProtocolHandler ["http-nio-8080"]
12-Apr-2025 13:23:02.021 INFO [Thread-1] org.apache.coyote.AbstractProtocol.destroy Destroying ProtocolHandler ["http-nio-8080"]
12-Apr-2025 13:23:04.240 INFO [main] org.apache.catalina.startup.VersionLoggerListener.log Server version name:   Apache Tomcat/9.0.102
12-Apr-2025 13:23:04.244 INFO [main] org.apache.catalina.startup.VersionLoggerListener.log Server built:          Mar 3 2025 19:33:14 UTC
12-Apr-2025 13:23:04.245 INFO [main] org.apache.catalina.startup.VersionLoggerListener.log Server version number: 9.0.102.0
12-Apr-2025 13:23:04.245 INFO [main] org.apache.catalina.startup.VersionLoggerListener.log OS Name:               Windows 10
12-Apr-2025 13:23:04.245 INFO [main] org.apache.catalina.startup.VersionLoggerListener.log OS Version:            10.0
12-Apr-2025 13:23:04.245 INFO [main] org.apache.catalina.startup.VersionLoggerListener.log Architecture:          amd64
12-Apr-2025 13:23:04.245 INFO [main] org.apache.catalina.startup.VersionLoggerListener.log Java Home:             C:\Program Files\Java\jdk-22
12-Apr-2025 13:23:04.245 INFO [main] org.apache.catalina.startup.VersionLoggerListener.log JVM Version:           22.0.1+8-16
12-Apr-2025 13:23:04.245 INFO [main] org.apache.catalina.startup.VersionLoggerListener.log JVM Vendor:            Oracle Corporation
12-Apr-2025 13:23:04.245 INFO [main] org.apache.catalina.startup.VersionLoggerListener.log CATALINA_BASE:         C:\Users\OSHADHA\IdeaProjects\OOP-projectnew
12-Apr-2025 13:23:04.245 INFO [main] org.apache.catalina.startup.VersionLoggerListener.log CATALINA_HOME:         C:\Program Files\Apache Software Foundation\Tomcat 9.0
12-Apr-2025 13:23:04.256 INFO [main] org.apache.catalina.startup.VersionLoggerListener.log Command line argument: --add-opens=java.base/java.lang=ALL-UNNAMED
12-Apr-2025 13:23:04.256 INFO [main] org.apache.catalina.startup.VersionLoggerListener.log Command line argument: --add-opens=java.base/java.io=ALL-UNNAMED
12-Apr-2025 13:23:04.256 INFO [main] org.apache.catalina.startup.VersionLoggerListener.log Command line argument: --add-opens=java.base/java.util=ALL-UNNAMED
12-Apr-2025 13:23:04.257 INFO [main] org.apache.catalina.startup.VersionLoggerListener.log Command line argument: --add-opens=java.base/java.util.concurrent=ALL-UNNAMED
12-Apr-2025 13:23:04.257 INFO [main] org.apache.catalina.startup.VersionLoggerListener.log Command line argument: --add-opens=java.rmi/sun.rmi.transport=ALL-UNNAMED
12-Apr-2025 13:23:04.257 INFO [main] org.apache.catalina.startup.VersionLoggerListener.log Command line argument: -Dcatalina.home=C:\Program Files\Apache Software Foundation\Tomcat 9.0
12-Apr-2025 13:23:04.257 INFO [main] org.apache.catalina.startup.VersionLoggerListener.log Command line argument: -Dcatalina.base=C:\Users\OSHADHA\IdeaProjects\OOP-projectnew
12-Apr-2025 13:23:04.257 INFO [main] org.apache.catalina.startup.VersionLoggerListener.log Command line argument: -Djava.io.tmpdir=C:\Users\OSHADHA\IdeaProjects\OOP-projectnew\temp
12-Apr-2025 13:23:04.257 INFO [main] org.apache.catalina.startup.VersionLoggerListener.log Command line argument: -Djava.util.logging.config.file=C:\Users\OSHADHA\IdeaProjects\OOP-projectnew\conf\logging.properties
12-Apr-2025 13:23:04.257 INFO [main] org.apache.catalina.startup.VersionLoggerListener.log Command line argument: -Djava.util.logging.manager=org.apache.juli.ClassLoaderLogManager
12-Apr-2025 13:23:04.258 INFO [main] org.apache.catalina.startup.VersionLoggerListener.log Command line argument: -javaagent:C:\Program Files\JetBrains\IntelliJ IDEA 2024.3.5\lib\idea_rt.jar=64190
12-Apr-2025 13:23:04.258 INFO [main] org.apache.catalina.startup.VersionLoggerListener.log Command line argument: -Dfile.encoding=UTF-8
12-Apr-2025 13:23:04.258 INFO [main] org.apache.catalina.startup.VersionLoggerListener.log Command line argument: -Dsun.stdout.encoding=UTF-8
12-Apr-2025 13:23:04.258 INFO [main] org.apache.catalina.startup.VersionLoggerListener.log Command line argument: -Dsun.stderr.encoding=UTF-8
12-Apr-2025 13:23:04.263 INFO [main] org.apache.catalina.core.AprLifecycleListener.lifecycleEvent Loaded Apache Tomcat Native library [1.3.1] using APR version [1.7.4].
12-Apr-2025 13:23:04.263 INFO [main] org.apache.catalina.core.AprLifecycleListener.lifecycleEvent APR capabilities: IPv6 [true], sendfile [true], accept filters [false], random [true], UDS [true].
12-Apr-2025 13:23:04.263 INFO [main] org.apache.catalina.core.AprLifecycleListener.lifecycleEvent APR/OpenSSL configuration: useAprConnector [false], useOpenSSL [true]
12-Apr-2025 13:23:04.270 INFO [main] org.apache.catalina.core.AprLifecycleListener.initializeSSL OpenSSL successfully initialized [OpenSSL 3.0.14 4 Jun 2024]
12-Apr-2025 13:23:04.705 INFO [main] org.apache.coyote.AbstractProtocol.init Initializing ProtocolHandler ["http-nio-8080"]
12-Apr-2025 13:23:04.729 INFO [main] org.apache.catalina.startup.Catalina.load Server initialization in [792] milliseconds
12-Apr-2025 13:23:04.789 INFO [main] org.apache.catalina.core.StandardService.startInternal Starting service [Catalina]
12-Apr-2025 13:23:04.789 INFO [main] org.apache.catalina.core.StandardEngine.startInternal Starting Servlet engine: [Apache Tomcat/9.0.102]
12-Apr-2025 13:23:04.797 INFO [main] org.apache.catalina.startup.HostConfig.deployDescriptor Deploying deployment descriptor [C:\Users\OSHADHA\IdeaProjects\OOP-projectnew\conf\Catalina\localhost\OOP-projectnew.xml]
12-Apr-2025 13:23:05.454 INFO [main] org.apache.catalina.startup.HostConfig.deployDescriptor Deployment of deployment descriptor [C:\Users\OSHADHA\IdeaProjects\OOP-projectnew\conf\Catalina\localhost\OOP-projectnew.xml] has finished in [657] ms
12-Apr-2025 13:23:05.457 INFO [main] org.apache.coyote.AbstractProtocol.start Starting ProtocolHandler ["http-nio-8080"]
12-Apr-2025 13:23:05.478 INFO [main] org.apache.catalina.startup.Catalina.start Server startup in [745] milliseconds
12-Apr-2025 13:25:21.137 INFO [Thread-1] org.apache.coyote.AbstractProtocol.pause Pausing ProtocolHandler ["http-nio-8080"]
12-Apr-2025 13:25:21.148 INFO [Thread-1] org.apache.catalina.core.StandardService.stopInternal Stopping service [Catalina]
12-Apr-2025 13:25:21.157 INFO [Thread-1] org.apache.coyote.AbstractProtocol.stop Stopping ProtocolHandler ["http-nio-8080"]
12-Apr-2025 13:25:21.161 INFO [Thread-1] org.apache.coyote.AbstractProtocol.destroy Destroying ProtocolHandler ["http-nio-8080"]
12-Apr-2025 13:25:23.326 INFO [main] org.apache.catalina.startup.VersionLoggerListener.log Server version name:   Apache Tomcat/9.0.102
12-Apr-2025 13:25:23.332 INFO [main] org.apache.catalina.startup.VersionLoggerListener.log Server built:          Mar 3 2025 19:33:14 UTC
12-Apr-2025 13:25:23.333 INFO [main] org.apache.catalina.startup.VersionLoggerListener.log Server version number: 9.0.102.0
12-Apr-2025 13:25:23.333 INFO [main] org.apache.catalina.startup.VersionLoggerListener.log OS Name:               Windows 10
12-Apr-2025 13:25:23.333 INFO [main] org.apache.catalina.startup.VersionLoggerListener.log OS Version:            10.0
12-Apr-2025 13:25:23.333 INFO [main] org.apache.catalina.startup.VersionLoggerListener.log Architecture:          amd64
12-Apr-2025 13:25:23.333 INFO [main] org.apache.catalina.startup.VersionLoggerListener.log Java Home:             C:\Program Files\Java\jdk-22
12-Apr-2025 13:25:23.333 INFO [main] org.apache.catalina.startup.VersionLoggerListener.log JVM Version:           22.0.1+8-16
12-Apr-2025 13:25:23.334 INFO [main] org.apache.catalina.startup.VersionLoggerListener.log JVM Vendor:            Oracle Corporation
12-Apr-2025 13:25:23.334 INFO [main] org.apache.catalina.startup.VersionLoggerListener.log CATALINA_BASE:         C:\Users\OSHADHA\IdeaProjects\OOP-projectnew
12-Apr-2025 13:25:23.334 INFO [main] org.apache.catalina.startup.VersionLoggerListener.log CATALINA_HOME:         C:\Program Files\Apache Software Foundation\Tomcat 9.0
12-Apr-2025 13:25:23.343 INFO [main] org.apache.catalina.startup.VersionLoggerListener.log Command line argument: --add-opens=java.base/java.lang=ALL-UNNAMED
12-Apr-2025 13:25:23.343 INFO [main] org.apache.catalina.startup.VersionLoggerListener.log Command line argument: --add-opens=java.base/java.io=ALL-UNNAMED
12-Apr-2025 13:25:23.344 INFO [main] org.apache.catalina.startup.VersionLoggerListener.log Command line argument: --add-opens=java.base/java.util=ALL-UNNAMED
12-Apr-2025 13:25:23.344 INFO [main] org.apache.catalina.startup.VersionLoggerListener.log Command line argument: --add-opens=java.base/java.util.concurrent=ALL-UNNAMED
12-Apr-2025 13:25:23.344 INFO [main] org.apache.catalina.startup.VersionLoggerListener.log Command line argument: --add-opens=java.rmi/sun.rmi.transport=ALL-UNNAMED
12-Apr-2025 13:25:23.344 INFO [main] org.apache.catalina.startup.VersionLoggerListener.log Command line argument: -Dcatalina.home=C:\Program Files\Apache Software Foundation\Tomcat 9.0
12-Apr-2025 13:25:23.344 INFO [main] org.apache.catalina.startup.VersionLoggerListener.log Command line argument: -Dcatalina.base=C:\Users\OSHADHA\IdeaProjects\OOP-projectnew
12-Apr-2025 13:25:23.344 INFO [main] org.apache.catalina.startup.VersionLoggerListener.log Command line argument: -Djava.io.tmpdir=C:\Users\OSHADHA\IdeaProjects\OOP-projectnew\temp
12-Apr-2025 13:25:23.344 INFO [main] org.apache.catalina.startup.VersionLoggerListener.log Command line argument: -Djava.util.logging.config.file=C:\Users\OSHADHA\IdeaProjects\OOP-projectnew\conf\logging.properties
12-Apr-2025 13:25:23.345 INFO [main] org.apache.catalina.startup.VersionLoggerListener.log Command line argument: -Djava.util.logging.manager=org.apache.juli.ClassLoaderLogManager
12-Apr-2025 13:25:23.345 INFO [main] org.apache.catalina.startup.VersionLoggerListener.log Command line argument: -javaagent:C:\Program Files\JetBrains\IntelliJ IDEA 2024.3.5\lib\idea_rt.jar=64246
12-Apr-2025 13:25:23.345 INFO [main] org.apache.catalina.startup.VersionLoggerListener.log Command line argument: -Dfile.encoding=UTF-8
12-Apr-2025 13:25:23.345 INFO [main] org.apache.catalina.startup.VersionLoggerListener.log Command line argument: -Dsun.stdout.encoding=UTF-8
12-Apr-2025 13:25:23.345 INFO [main] org.apache.catalina.startup.VersionLoggerListener.log Command line argument: -Dsun.stderr.encoding=UTF-8
12-Apr-2025 13:25:23.349 INFO [main] org.apache.catalina.core.AprLifecycleListener.lifecycleEvent Loaded Apache Tomcat Native library [1.3.1] using APR version [1.7.4].
12-Apr-2025 13:25:23.349 INFO [main] org.apache.catalina.core.AprLifecycleListener.lifecycleEvent APR capabilities: IPv6 [true], sendfile [true], accept filters [false], random [true], UDS [true].
12-Apr-2025 13:25:23.349 INFO [main] org.apache.catalina.core.AprLifecycleListener.lifecycleEvent APR/OpenSSL configuration: useAprConnector [false], useOpenSSL [true]
12-Apr-2025 13:25:23.358 INFO [main] org.apache.catalina.core.AprLifecycleListener.initializeSSL OpenSSL successfully initialized [OpenSSL 3.0.14 4 Jun 2024]
12-Apr-2025 13:25:23.797 INFO [main] org.apache.coyote.AbstractProtocol.init Initializing ProtocolHandler ["http-nio-8080"]
12-Apr-2025 13:25:23.820 INFO [main] org.apache.catalina.startup.Catalina.load Server initialization in [741] milliseconds
12-Apr-2025 13:25:23.874 INFO [main] org.apache.catalina.core.StandardService.startInternal Starting service [Catalina]
12-Apr-2025 13:25:23.874 INFO [main] org.apache.catalina.core.StandardEngine.startInternal Starting Servlet engine: [Apache Tomcat/9.0.102]
12-Apr-2025 13:25:23.884 INFO [main] org.apache.catalina.startup.HostConfig.deployDescriptor Deploying deployment descriptor [C:\Users\OSHADHA\IdeaProjects\OOP-projectnew\conf\Catalina\localhost\OOP-projectnew.xml]
12-Apr-2025 13:25:24.460 INFO [main] org.apache.catalina.startup.HostConfig.deployDescriptor Deployment of deployment descriptor [C:\Users\OSHADHA\IdeaProjects\OOP-projectnew\conf\Catalina\localhost\OOP-projectnew.xml] has finished in [576] ms
12-Apr-2025 13:25:24.463 INFO [main] org.apache.coyote.AbstractProtocol.start Starting ProtocolHandler ["http-nio-8080"]
12-Apr-2025 13:25:24.482 INFO [main] org.apache.catalina.startup.Catalina.start Server startup in [661] milliseconds
12-Apr-2025 13:28:57.217 INFO [Thread-1] org.apache.coyote.AbstractProtocol.pause Pausing ProtocolHandler ["http-nio-8080"]
12-Apr-2025 13:28:57.230 INFO [Thread-1] org.apache.catalina.core.StandardService.stopInternal Stopping service [Catalina]
12-Apr-2025 13:28:57.242 INFO [Thread-1] org.apache.coyote.AbstractProtocol.stop Stopping ProtocolHandler ["http-nio-8080"]
12-Apr-2025 13:28:57.262 INFO [Thread-1] org.apache.coyote.AbstractProtocol.destroy Destroying ProtocolHandler ["http-nio-8080"]
12-Apr-2025 13:29:01.321 INFO [main] org.apache.catalina.startup.VersionLoggerListener.log Server version name:   Apache Tomcat/9.0.102
12-Apr-2025 13:29:01.327 INFO [main] org.apache.catalina.startup.VersionLoggerListener.log Server built:          Mar 3 2025 19:33:14 UTC
12-Apr-2025 13:29:01.327 INFO [main] org.apache.catalina.startup.VersionLoggerListener.log Server version number: 9.0.102.0
12-Apr-2025 13:29:01.327 INFO [main] org.apache.catalina.startup.VersionLoggerListener.log OS Name:               Windows 10
12-Apr-2025 13:29:01.327 INFO [main] org.apache.catalina.startup.VersionLoggerListener.log OS Version:            10.0
12-Apr-2025 13:29:01.327 INFO [main] org.apache.catalina.startup.VersionLoggerListener.log Architecture:          amd64
12-Apr-2025 13:29:01.327 INFO [main] org.apache.catalina.startup.VersionLoggerListener.log Java Home:             C:\Program Files\Java\jdk-22
12-Apr-2025 13:29:01.327 INFO [main] org.apache.catalina.startup.VersionLoggerListener.log JVM Version:           22.0.1+8-16
12-Apr-2025 13:29:01.327 INFO [main] org.apache.catalina.startup.VersionLoggerListener.log JVM Vendor:            Oracle Corporation
12-Apr-2025 13:29:01.327 INFO [main] org.apache.catalina.startup.VersionLoggerListener.log CATALINA_BASE:         C:\Users\OSHADHA\IdeaProjects\OOP-projectnew
12-Apr-2025 13:29:01.328 INFO [main] org.apache.catalina.startup.VersionLoggerListener.log CATALINA_HOME:         C:\Program Files\Apache Software Foundation\Tomcat 9.0
12-Apr-2025 13:29:01.340 INFO [main] org.apache.catalina.startup.VersionLoggerListener.log Command line argument: --add-opens=java.base/java.lang=ALL-UNNAMED
12-Apr-2025 13:29:01.340 INFO [main] org.apache.catalina.startup.VersionLoggerListener.log Command line argument: --add-opens=java.base/java.io=ALL-UNNAMED
12-Apr-2025 13:29:01.340 INFO [main] org.apache.catalina.startup.VersionLoggerListener.log Command line argument: --add-opens=java.base/java.util=ALL-UNNAMED
12-Apr-2025 13:29:01.341 INFO [main] org.apache.catalina.startup.VersionLoggerListener.log Command line argument: --add-opens=java.base/java.util.concurrent=ALL-UNNAMED
12-Apr-2025 13:29:01.341 INFO [main] org.apache.catalina.startup.VersionLoggerListener.log Command line argument: --add-opens=java.rmi/sun.rmi.transport=ALL-UNNAMED
12-Apr-2025 13:29:01.341 INFO [main] org.apache.catalina.startup.VersionLoggerListener.log Command line argument: -Dcatalina.home=C:\Program Files\Apache Software Foundation\Tomcat 9.0
12-Apr-2025 13:29:01.341 INFO [main] org.apache.catalina.startup.VersionLoggerListener.log Command line argument: -Dcatalina.base=C:\Users\OSHADHA\IdeaProjects\OOP-projectnew
12-Apr-2025 13:29:01.341 INFO [main] org.apache.catalina.startup.VersionLoggerListener.log Command line argument: -Djava.io.tmpdir=C:\Users\OSHADHA\IdeaProjects\OOP-projectnew\temp
12-Apr-2025 13:29:01.341 INFO [main] org.apache.catalina.startup.VersionLoggerListener.log Command line argument: -Djava.util.logging.config.file=C:\Users\OSHADHA\IdeaProjects\OOP-projectnew\conf\logging.properties
12-Apr-2025 13:29:01.341 INFO [main] org.apache.catalina.startup.VersionLoggerListener.log Command line argument: -Djava.util.logging.manager=org.apache.juli.ClassLoaderLogManager
12-Apr-2025 13:29:01.341 INFO [main] org.apache.catalina.startup.VersionLoggerListener.log Command line argument: -javaagent:C:\Program Files\JetBrains\IntelliJ IDEA 2024.3.5\lib\idea_rt.jar=64256
12-Apr-2025 13:29:01.342 INFO [main] org.apache.catalina.startup.VersionLoggerListener.log Command line argument: -Dfile.encoding=UTF-8
12-Apr-2025 13:29:01.342 INFO [main] org.apache.catalina.startup.VersionLoggerListener.log Command line argument: -Dsun.stdout.encoding=UTF-8
12-Apr-2025 13:29:01.342 INFO [main] org.apache.catalina.startup.VersionLoggerListener.log Command line argument: -Dsun.stderr.encoding=UTF-8
12-Apr-2025 13:29:01.345 INFO [main] org.apache.catalina.core.AprLifecycleListener.lifecycleEvent Loaded Apache Tomcat Native library [1.3.1] using APR version [1.7.4].
12-Apr-2025 13:29:01.346 INFO [main] org.apache.catalina.core.AprLifecycleListener.lifecycleEvent APR capabilities: IPv6 [true], sendfile [true], accept filters [false], random [true], UDS [true].
12-Apr-2025 13:29:01.346 INFO [main] org.apache.catalina.core.AprLifecycleListener.lifecycleEvent APR/OpenSSL configuration: useAprConnector [false], useOpenSSL [true]
12-Apr-2025 13:29:01.354 INFO [main] org.apache.catalina.core.AprLifecycleListener.initializeSSL OpenSSL successfully initialized [OpenSSL 3.0.14 4 Jun 2024]
12-Apr-2025 13:29:01.796 INFO [main] org.apache.coyote.AbstractProtocol.init Initializing ProtocolHandler ["http-nio-8080"]
12-Apr-2025 13:29:01.821 INFO [main] org.apache.catalina.startup.Catalina.load Server initialization in [828] milliseconds
12-Apr-2025 13:29:01.875 INFO [main] org.apache.catalina.core.StandardService.startInternal Starting service [Catalina]
12-Apr-2025 13:29:01.875 INFO [main] org.apache.catalina.core.StandardEngine.startInternal Starting Servlet engine: [Apache Tomcat/9.0.102]
12-Apr-2025 13:29:01.888 INFO [main] org.apache.catalina.startup.HostConfig.deployDescriptor Deploying deployment descriptor [C:\Users\OSHADHA\IdeaProjects\OOP-projectnew\conf\Catalina\localhost\OOP-projectnew.xml]
12-Apr-2025 13:29:02.539 INFO [main] org.apache.catalina.startup.HostConfig.deployDescriptor Deployment of deployment descriptor [C:\Users\OSHADHA\IdeaProjects\OOP-projectnew\conf\Catalina\localhost\OOP-projectnew.xml] has finished in [650] ms
12-Apr-2025 13:29:02.541 INFO [main] org.apache.coyote.AbstractProtocol.start Starting ProtocolHandler ["http-nio-8080"]
12-Apr-2025 13:29:02.561 INFO [main] org.apache.catalina.startup.Catalina.start Server startup in [739] milliseconds
12-Apr-2025 13:32:12.710 INFO [Thread-1] org.apache.coyote.AbstractProtocol.pause Pausing ProtocolHandler ["http-nio-8080"]
12-Apr-2025 13:32:12.721 INFO [Thread-1] org.apache.catalina.core.StandardService.stopInternal Stopping service [Catalina]
12-Apr-2025 13:32:12.734 INFO [Thread-1] org.apache.coyote.AbstractProtocol.stop Stopping ProtocolHandler ["http-nio-8080"]
12-Apr-2025 13:32:12.747 INFO [Thread-1] org.apache.coyote.AbstractProtocol.destroy Destroying ProtocolHandler ["http-nio-8080"]
12-Apr-2025 13:32:16.291 INFO [main] org.apache.catalina.startup.VersionLoggerListener.log Server version name:   Apache Tomcat/9.0.102
12-Apr-2025 13:32:16.299 INFO [main] org.apache.catalina.startup.VersionLoggerListener.log Server built:          Mar 3 2025 19:33:14 UTC
12-Apr-2025 13:32:16.299 INFO [main] org.apache.catalina.startup.VersionLoggerListener.log Server version number: 9.0.102.0
12-Apr-2025 13:32:16.299 INFO [main] org.apache.catalina.startup.VersionLoggerListener.log OS Name:               Windows 10
12-Apr-2025 13:32:16.299 INFO [main] org.apache.catalina.startup.VersionLoggerListener.log OS Version:            10.0
12-Apr-2025 13:32:16.299 INFO [main] org.apache.catalina.startup.VersionLoggerListener.log Architecture:          amd64
12-Apr-2025 13:32:16.299 INFO [main] org.apache.catalina.startup.VersionLoggerListener.log Java Home:             C:\Program Files\Java\jdk-22
12-Apr-2025 13:32:16.299 INFO [main] org.apache.catalina.startup.VersionLoggerListener.log JVM Version:           22.0.1+8-16
12-Apr-2025 13:32:16.299 INFO [main] org.apache.catalina.startup.VersionLoggerListener.log JVM Vendor:            Oracle Corporation
12-Apr-2025 13:32:16.299 INFO [main] org.apache.catalina.startup.VersionLoggerListener.log CATALINA_BASE:         C:\Users\OSHADHA\IdeaProjects\OOP-projectnew
12-Apr-2025 13:32:16.299 INFO [main] org.apache.catalina.startup.VersionLoggerListener.log CATALINA_HOME:         C:\Program Files\Apache Software Foundation\Tomcat 9.0
12-Apr-2025 13:32:16.307 INFO [main] org.apache.catalina.startup.VersionLoggerListener.log Command line argument: --add-opens=java.base/java.lang=ALL-UNNAMED
12-Apr-2025 13:32:16.307 INFO [main] org.apache.catalina.startup.VersionLoggerListener.log Command line argument: --add-opens=java.base/java.io=ALL-UNNAMED
12-Apr-2025 13:32:16.307 INFO [main] org.apache.catalina.startup.VersionLoggerListener.log Command line argument: --add-opens=java.base/java.util=ALL-UNNAMED
12-Apr-2025 13:32:16.308 INFO [main] org.apache.catalina.startup.VersionLoggerListener.log Command line argument: --add-opens=java.base/java.util.concurrent=ALL-UNNAMED
12-Apr-2025 13:32:16.308 INFO [main] org.apache.catalina.startup.VersionLoggerListener.log Command line argument: --add-opens=java.rmi/sun.rmi.transport=ALL-UNNAMED
12-Apr-2025 13:32:16.308 INFO [main] org.apache.catalina.startup.VersionLoggerListener.log Command line argument: -Dcatalina.home=C:\Program Files\Apache Software Foundation\Tomcat 9.0
12-Apr-2025 13:32:16.308 INFO [main] org.apache.catalina.startup.VersionLoggerListener.log Command line argument: -Dcatalina.base=C:\Users\OSHADHA\IdeaProjects\OOP-projectnew
12-Apr-2025 13:32:16.308 INFO [main] org.apache.catalina.startup.VersionLoggerListener.log Command line argument: -Djava.io.tmpdir=C:\Users\OSHADHA\IdeaProjects\OOP-projectnew\temp
12-Apr-2025 13:32:16.308 INFO [main] org.apache.catalina.startup.VersionLoggerListener.log Command line argument: -Djava.util.logging.config.file=C:\Users\OSHADHA\IdeaProjects\OOP-projectnew\conf\logging.properties
12-Apr-2025 13:32:16.308 INFO [main] org.apache.catalina.startup.VersionLoggerListener.log Command line argument: -Djava.util.logging.manager=org.apache.juli.ClassLoaderLogManager
12-Apr-2025 13:32:16.308 INFO [main] org.apache.catalina.startup.VersionLoggerListener.log Command line argument: -javaagent:C:\Program Files\JetBrains\IntelliJ IDEA 2024.3.5\lib\idea_rt.jar=64284
12-Apr-2025 13:32:16.308 INFO [main] org.apache.catalina.startup.VersionLoggerListener.log Command line argument: -Dfile.encoding=UTF-8
12-Apr-2025 13:32:16.309 INFO [main] org.apache.catalina.startup.VersionLoggerListener.log Command line argument: -Dsun.stdout.encoding=UTF-8
12-Apr-2025 13:32:16.309 INFO [main] org.apache.catalina.startup.VersionLoggerListener.log Command line argument: -Dsun.stderr.encoding=UTF-8
12-Apr-2025 13:32:16.313 INFO [main] org.apache.catalina.core.AprLifecycleListener.lifecycleEvent Loaded Apache Tomcat Native library [1.3.1] using APR version [1.7.4].
12-Apr-2025 13:32:16.314 INFO [main] org.apache.catalina.core.AprLifecycleListener.lifecycleEvent APR capabilities: IPv6 [true], sendfile [true], accept filters [false], random [true], UDS [true].
12-Apr-2025 13:32:16.314 INFO [main] org.apache.catalina.core.AprLifecycleListener.lifecycleEvent APR/OpenSSL configuration: useAprConnector [false], useOpenSSL [true]
12-Apr-2025 13:32:16.320 INFO [main] org.apache.catalina.core.AprLifecycleListener.initializeSSL OpenSSL successfully initialized [OpenSSL 3.0.14 4 Jun 2024]
12-Apr-2025 13:32:16.855 INFO [main] org.apache.coyote.AbstractProtocol.init Initializing ProtocolHandler ["http-nio-8080"]
12-Apr-2025 13:32:16.882 INFO [main] org.apache.catalina.startup.Catalina.load Server initialization in [868] milliseconds
12-Apr-2025 13:32:16.948 INFO [main] org.apache.catalina.core.StandardService.startInternal Starting service [Catalina]
12-Apr-2025 13:32:16.948 INFO [main] org.apache.catalina.core.StandardEngine.startInternal Starting Servlet engine: [Apache Tomcat/9.0.102]
12-Apr-2025 13:32:16.956 INFO [main] org.apache.catalina.startup.HostConfig.deployDescriptor Deploying deployment descriptor [C:\Users\OSHADHA\IdeaProjects\OOP-projectnew\conf\Catalina\localhost\OOP-projectnew.xml]
12-Apr-2025 13:32:17.650 INFO [main] org.apache.catalina.startup.HostConfig.deployDescriptor Deployment of deployment descriptor [C:\Users\OSHADHA\IdeaProjects\OOP-projectnew\conf\Catalina\localhost\OOP-projectnew.xml] has finished in [694] ms
12-Apr-2025 13:32:17.653 INFO [main] org.apache.coyote.AbstractProtocol.start Starting ProtocolHandler ["http-nio-8080"]
12-Apr-2025 13:32:17.680 INFO [main] org.apache.catalina.startup.Catalina.start Server startup in [796] milliseconds
12-Apr-2025 13:33:05.535 INFO [Thread-1] org.apache.coyote.AbstractProtocol.pause Pausing ProtocolHandler ["http-nio-8080"]
12-Apr-2025 13:33:05.545 INFO [Thread-1] org.apache.catalina.core.StandardService.stopInternal Stopping service [Catalina]
12-Apr-2025 13:33:05.555 INFO [Thread-1] org.apache.coyote.AbstractProtocol.stop Stopping ProtocolHandler ["http-nio-8080"]
12-Apr-2025 13:33:05.570 INFO [Thread-1] org.apache.coyote.AbstractProtocol.destroy Destroying ProtocolHandler ["http-nio-8080"]
12-Apr-2025 13:33:07.556 INFO [main] org.apache.catalina.startup.VersionLoggerListener.log Server version name:   Apache Tomcat/9.0.102
12-Apr-2025 13:33:07.563 INFO [main] org.apache.catalina.startup.VersionLoggerListener.log Server built:          Mar 3 2025 19:33:14 UTC
12-Apr-2025 13:33:07.563 INFO [main] org.apache.catalina.startup.VersionLoggerListener.log Server version number: 9.0.102.0
12-Apr-2025 13:33:07.563 INFO [main] org.apache.catalina.startup.VersionLoggerListener.log OS Name:               Windows 10
12-Apr-2025 13:33:07.563 INFO [main] org.apache.catalina.startup.VersionLoggerListener.log OS Version:            10.0
12-Apr-2025 13:33:07.564 INFO [main] org.apache.catalina.startup.VersionLoggerListener.log Architecture:          amd64
12-Apr-2025 13:33:07.564 INFO [main] org.apache.catalina.startup.VersionLoggerListener.log Java Home:             C:\Program Files\Java\jdk-22
12-Apr-2025 13:33:07.564 INFO [main] org.apache.catalina.startup.VersionLoggerListener.log JVM Version:           22.0.1+8-16
12-Apr-2025 13:33:07.564 INFO [main] org.apache.catalina.startup.VersionLoggerListener.log JVM Vendor:            Oracle Corporation
12-Apr-2025 13:33:07.565 INFO [main] org.apache.catalina.startup.VersionLoggerListener.log CATALINA_BASE:         C:\Users\OSHADHA\IdeaProjects\OOP-projectnew
12-Apr-2025 13:33:07.565 INFO [main] org.apache.catalina.startup.VersionLoggerListener.log CATALINA_HOME:         C:\Program Files\Apache Software Foundation\Tomcat 9.0
12-Apr-2025 13:33:07.580 INFO [main] org.apache.catalina.startup.VersionLoggerListener.log Command line argument: --add-opens=java.base/java.lang=ALL-UNNAMED
12-Apr-2025 13:33:07.581 INFO [main] org.apache.catalina.startup.VersionLoggerListener.log Command line argument: --add-opens=java.base/java.io=ALL-UNNAMED
12-Apr-2025 13:33:07.581 INFO [main] org.apache.catalina.startup.VersionLoggerListener.log Command line argument: --add-opens=java.base/java.util=ALL-UNNAMED
12-Apr-2025 13:33:07.581 INFO [main] org.apache.catalina.startup.VersionLoggerListener.log Command line argument: --add-opens=java.base/java.util.concurrent=ALL-UNNAMED
12-Apr-2025 13:33:07.581 INFO [main] org.apache.catalina.startup.VersionLoggerListener.log Command line argument: --add-opens=java.rmi/sun.rmi.transport=ALL-UNNAMED
12-Apr-2025 13:33:07.581 INFO [main] org.apache.catalina.startup.VersionLoggerListener.log Command line argument: -Dcatalina.home=C:\Program Files\Apache Software Foundation\Tomcat 9.0
12-Apr-2025 13:33:07.581 INFO [main] org.apache.catalina.startup.VersionLoggerListener.log Command line argument: -Dcatalina.base=C:\Users\OSHADHA\IdeaProjects\OOP-projectnew
12-Apr-2025 13:33:07.581 INFO [main] org.apache.catalina.startup.VersionLoggerListener.log Command line argument: -Djava.io.tmpdir=C:\Users\OSHADHA\IdeaProjects\OOP-projectnew\temp
12-Apr-2025 13:33:07.582 INFO [main] org.apache.catalina.startup.VersionLoggerListener.log Command line argument: -Djava.util.logging.config.file=C:\Users\OSHADHA\IdeaProjects\OOP-projectnew\conf\logging.properties
12-Apr-2025 13:33:07.582 INFO [main] org.apache.catalina.startup.VersionLoggerListener.log Command line argument: -Djava.util.logging.manager=org.apache.juli.ClassLoaderLogManager
12-Apr-2025 13:33:07.582 INFO [main] org.apache.catalina.startup.VersionLoggerListener.log Command line argument: -javaagent:C:\Program Files\JetBrains\IntelliJ IDEA 2024.3.5\lib\idea_rt.jar=64291
12-Apr-2025 13:33:07.582 INFO [main] org.apache.catalina.startup.VersionLoggerListener.log Command line argument: -Dfile.encoding=UTF-8
12-Apr-2025 13:33:07.582 INFO [main] org.apache.catalina.startup.VersionLoggerListener.log Command line argument: -Dsun.stdout.encoding=UTF-8
12-Apr-2025 13:33:07.582 INFO [main] org.apache.catalina.startup.VersionLoggerListener.log Command line argument: -Dsun.stderr.encoding=UTF-8
12-Apr-2025 13:33:07.587 INFO [main] org.apache.catalina.core.AprLifecycleListener.lifecycleEvent Loaded Apache Tomcat Native library [1.3.1] using APR version [1.7.4].
12-Apr-2025 13:33:07.588 INFO [main] org.apache.catalina.core.AprLifecycleListener.lifecycleEvent APR capabilities: IPv6 [true], sendfile [true], accept filters [false], random [true], UDS [true].
12-Apr-2025 13:33:07.588 INFO [main] org.apache.catalina.core.AprLifecycleListener.lifecycleEvent APR/OpenSSL configuration: useAprConnector [false], useOpenSSL [true]
12-Apr-2025 13:33:07.600 INFO [main] org.apache.catalina.core.AprLifecycleListener.initializeSSL OpenSSL successfully initialized [OpenSSL 3.0.14 4 Jun 2024]
12-Apr-2025 13:33:08.453 INFO [main] org.apache.coyote.AbstractProtocol.init Initializing ProtocolHandler ["http-nio-8080"]
12-Apr-2025 13:33:08.482 INFO [main] org.apache.catalina.startup.Catalina.load Server initialization in [1549] milliseconds
12-Apr-2025 13:33:08.544 INFO [main] org.apache.catalina.core.StandardService.startInternal Starting service [Catalina]
12-Apr-2025 13:33:08.544 INFO [main] org.apache.catalina.core.StandardEngine.startInternal Starting Servlet engine: [Apache Tomcat/9.0.102]
12-Apr-2025 13:33:08.556 INFO [main] org.apache.catalina.startup.HostConfig.deployDescriptor Deploying deployment descriptor [C:\Users\OSHADHA\IdeaProjects\OOP-projectnew\conf\Catalina\localhost\OOP-projectnew.xml]
12-Apr-2025 13:33:09.285 INFO [main] org.apache.catalina.startup.HostConfig.deployDescriptor Deployment of deployment descriptor [C:\Users\OSHADHA\IdeaProjects\OOP-projectnew\conf\Catalina\localhost\OOP-projectnew.xml] has finished in [730] ms
12-Apr-2025 13:33:09.289 INFO [main] org.apache.coyote.AbstractProtocol.start Starting ProtocolHandler ["http-nio-8080"]
12-Apr-2025 13:33:09.312 INFO [main] org.apache.catalina.startup.Catalina.start Server startup in [828] milliseconds
12-Apr-2025 13:36:49.359 INFO [Thread-1] org.apache.coyote.AbstractProtocol.pause Pausing ProtocolHandler ["http-nio-8080"]
12-Apr-2025 13:36:49.371 INFO [Thread-1] org.apache.catalina.core.StandardService.stopInternal Stopping service [Catalina]
12-Apr-2025 13:36:49.383 INFO [Thread-1] org.apache.coyote.AbstractProtocol.stop Stopping ProtocolHandler ["http-nio-8080"]
12-Apr-2025 13:36:49.386 INFO [Thread-1] org.apache.coyote.AbstractProtocol.destroy Destroying ProtocolHandler ["http-nio-8080"]
12-Apr-2025 13:36:51.791 INFO [main] org.apache.catalina.startup.VersionLoggerListener.log Server version name:   Apache Tomcat/9.0.102
12-Apr-2025 13:36:51.795 INFO [main] org.apache.catalina.startup.VersionLoggerListener.log Server built:          Mar 3 2025 19:33:14 UTC
12-Apr-2025 13:36:51.795 INFO [main] org.apache.catalina.startup.VersionLoggerListener.log Server version number: 9.0.102.0
12-Apr-2025 13:36:51.795 INFO [main] org.apache.catalina.startup.VersionLoggerListener.log OS Name:               Windows 10
12-Apr-2025 13:36:51.796 INFO [main] org.apache.catalina.startup.VersionLoggerListener.log OS Version:            10.0
12-Apr-2025 13:36:51.796 INFO [main] org.apache.catalina.startup.VersionLoggerListener.log Architecture:          amd64
12-Apr-2025 13:36:51.796 INFO [main] org.apache.catalina.startup.VersionLoggerListener.log Java Home:             C:\Program Files\Java\jdk-22
12-Apr-2025 13:36:51.796 INFO [main] org.apache.catalina.startup.VersionLoggerListener.log JVM Version:           22.0.1+8-16
12-Apr-2025 13:36:51.796 INFO [main] org.apache.catalina.startup.VersionLoggerListener.log JVM Vendor:            Oracle Corporation
12-Apr-2025 13:36:51.796 INFO [main] org.apache.catalina.startup.VersionLoggerListener.log CATALINA_BASE:         C:\Users\OSHADHA\IdeaProjects\OOP-projectnew
12-Apr-2025 13:36:51.796 INFO [main] org.apache.catalina.startup.VersionLoggerListener.log CATALINA_HOME:         C:\Program Files\Apache Software Foundation\Tomcat 9.0
12-Apr-2025 13:36:51.807 INFO [main] org.apache.catalina.startup.VersionLoggerListener.log Command line argument: --add-opens=java.base/java.lang=ALL-UNNAMED
12-Apr-2025 13:36:51.807 INFO [main] org.apache.catalina.startup.VersionLoggerListener.log Command line argument: --add-opens=java.base/java.io=ALL-UNNAMED
12-Apr-2025 13:36:51.808 INFO [main] org.apache.catalina.startup.VersionLoggerListener.log Command line argument: --add-opens=java.base/java.util=ALL-UNNAMED
12-Apr-2025 13:36:51.808 INFO [main] org.apache.catalina.startup.VersionLoggerListener.log Command line argument: --add-opens=java.base/java.util.concurrent=ALL-UNNAMED
12-Apr-2025 13:36:51.808 INFO [main] org.apache.catalina.startup.VersionLoggerListener.log Command line argument: --add-opens=java.rmi/sun.rmi.transport=ALL-UNNAMED
12-Apr-2025 13:36:51.808 INFO [main] org.apache.catalina.startup.VersionLoggerListener.log Command line argument: -Dcatalina.home=C:\Program Files\Apache Software Foundation\Tomcat 9.0
12-Apr-2025 13:36:51.808 INFO [main] org.apache.catalina.startup.VersionLoggerListener.log Command line argument: -Dcatalina.base=C:\Users\OSHADHA\IdeaProjects\OOP-projectnew
12-Apr-2025 13:36:51.808 INFO [main] org.apache.catalina.startup.VersionLoggerListener.log Command line argument: -Djava.io.tmpdir=C:\Users\OSHADHA\IdeaProjects\OOP-projectnew\temp
12-Apr-2025 13:36:51.808 INFO [main] org.apache.catalina.startup.VersionLoggerListener.log Command line argument: -Djava.util.logging.config.file=C:\Users\OSHADHA\IdeaProjects\OOP-projectnew\conf\logging.properties
12-Apr-2025 13:36:51.808 INFO [main] org.apache.catalina.startup.VersionLoggerListener.log Command line argument: -Djava.util.logging.manager=org.apache.juli.ClassLoaderLogManager
12-Apr-2025 13:36:51.808 INFO [main] org.apache.catalina.startup.VersionLoggerListener.log Command line argument: -javaagent:C:\Program Files\JetBrains\IntelliJ IDEA 2024.3.5\lib\idea_rt.jar=64320
12-Apr-2025 13:36:51.808 INFO [main] org.apache.catalina.startup.VersionLoggerListener.log Command line argument: -Dfile.encoding=UTF-8
12-Apr-2025 13:36:51.808 INFO [main] org.apache.catalina.startup.VersionLoggerListener.log Command line argument: -Dsun.stdout.encoding=UTF-8
12-Apr-2025 13:36:51.808 INFO [main] org.apache.catalina.startup.VersionLoggerListener.log Command line argument: -Dsun.stderr.encoding=UTF-8
12-Apr-2025 13:36:51.812 INFO [main] org.apache.catalina.core.AprLifecycleListener.lifecycleEvent Loaded Apache Tomcat Native library [1.3.1] using APR version [1.7.4].
12-Apr-2025 13:36:51.813 INFO [main] org.apache.catalina.core.AprLifecycleListener.lifecycleEvent APR capabilities: IPv6 [true], sendfile [true], accept filters [false], random [true], UDS [true].
12-Apr-2025 13:36:51.813 INFO [main] org.apache.catalina.core.AprLifecycleListener.lifecycleEvent APR/OpenSSL configuration: useAprConnector [false], useOpenSSL [true]
12-Apr-2025 13:36:51.823 INFO [main] org.apache.catalina.core.AprLifecycleListener.initializeSSL OpenSSL successfully initialized [OpenSSL 3.0.14 4 Jun 2024]
12-Apr-2025 13:36:52.324 INFO [main] org.apache.coyote.AbstractProtocol.init Initializing ProtocolHandler ["http-nio-8080"]
12-Apr-2025 13:36:52.346 INFO [main] org.apache.catalina.startup.Catalina.load Server initialization in [836] milliseconds
12-Apr-2025 13:36:52.419 INFO [main] org.apache.catalina.core.StandardService.startInternal Starting service [Catalina]
12-Apr-2025 13:36:52.419 INFO [main] org.apache.catalina.core.StandardEngine.startInternal Starting Servlet engine: [Apache Tomcat/9.0.102]
12-Apr-2025 13:36:52.430 INFO [main] org.apache.catalina.startup.HostConfig.deployDescriptor Deploying deployment descriptor [C:\Users\OSHADHA\IdeaProjects\OOP-projectnew\conf\Catalina\localhost\OOP-projectnew.xml]
12-Apr-2025 13:36:53.192 INFO [main] org.apache.catalina.startup.HostConfig.deployDescriptor Deployment of deployment descriptor [C:\Users\OSHADHA\IdeaProjects\OOP-projectnew\conf\Catalina\localhost\OOP-projectnew.xml] has finished in [762] ms
12-Apr-2025 13:36:53.195 INFO [main] org.apache.coyote.AbstractProtocol.start Starting ProtocolHandler ["http-nio-8080"]
12-Apr-2025 13:36:53.223 INFO [main] org.apache.catalina.startup.Catalina.start Server startup in [873] milliseconds
12-Apr-2025 13:38:40.912 INFO [Thread-1] org.apache.coyote.AbstractProtocol.pause Pausing ProtocolHandler ["http-nio-8080"]
12-Apr-2025 13:38:40.922 INFO [Thread-1] org.apache.catalina.core.StandardService.stopInternal Stopping service [Catalina]
12-Apr-2025 13:38:40.934 INFO [Thread-1] org.apache.coyote.AbstractProtocol.stop Stopping ProtocolHandler ["http-nio-8080"]
12-Apr-2025 13:38:40.946 INFO [Thread-1] org.apache.coyote.AbstractProtocol.destroy Destroying ProtocolHandler ["http-nio-8080"]
12-Apr-2025 13:38:44.952 INFO [main] org.apache.catalina.startup.VersionLoggerListener.log Server version name:   Apache Tomcat/9.0.102
12-Apr-2025 13:38:44.956 INFO [main] org.apache.catalina.startup.VersionLoggerListener.log Server built:          Mar 3 2025 19:33:14 UTC
12-Apr-2025 13:38:44.957 INFO [main] org.apache.catalina.startup.VersionLoggerListener.log Server version number: 9.0.102.0
12-Apr-2025 13:38:44.957 INFO [main] org.apache.catalina.startup.VersionLoggerListener.log OS Name:               Windows 10
12-Apr-2025 13:38:44.957 INFO [main] org.apache.catalina.startup.VersionLoggerListener.log OS Version:            10.0
12-Apr-2025 13:38:44.957 INFO [main] org.apache.catalina.startup.VersionLoggerListener.log Architecture:          amd64
12-Apr-2025 13:38:44.957 INFO [main] org.apache.catalina.startup.VersionLoggerListener.log Java Home:             C:\Program Files\Java\jdk-22
12-Apr-2025 13:38:44.957 INFO [main] org.apache.catalina.startup.VersionLoggerListener.log JVM Version:           22.0.1+8-16
12-Apr-2025 13:38:44.957 INFO [main] org.apache.catalina.startup.VersionLoggerListener.log JVM Vendor:            Oracle Corporation
12-Apr-2025 13:38:44.957 INFO [main] org.apache.catalina.startup.VersionLoggerListener.log CATALINA_BASE:         C:\Users\OSHADHA\IdeaProjects\OOP-projectnew
12-Apr-2025 13:38:44.957 INFO [main] org.apache.catalina.startup.VersionLoggerListener.log CATALINA_HOME:         C:\Program Files\Apache Software Foundation\Tomcat 9.0
12-Apr-2025 13:38:44.968 INFO [main] org.apache.catalina.startup.VersionLoggerListener.log Command line argument: --add-opens=java.base/java.lang=ALL-UNNAMED
12-Apr-2025 13:38:44.968 INFO [main] org.apache.catalina.startup.VersionLoggerListener.log Command line argument: --add-opens=java.base/java.io=ALL-UNNAMED
12-Apr-2025 13:38:44.968 INFO [main] org.apache.catalina.startup.VersionLoggerListener.log Command line argument: --add-opens=java.base/java.util=ALL-UNNAMED
12-Apr-2025 13:38:44.969 INFO [main] org.apache.catalina.startup.VersionLoggerListener.log Command line argument: --add-opens=java.base/java.util.concurrent=ALL-UNNAMED
12-Apr-2025 13:38:44.969 INFO [main] org.apache.catalina.startup.VersionLoggerListener.log Command line argument: --add-opens=java.rmi/sun.rmi.transport=ALL-UNNAMED
12-Apr-2025 13:38:44.969 INFO [main] org.apache.catalina.startup.VersionLoggerListener.log Command line argument: -Dcatalina.home=C:\Program Files\Apache Software Foundation\Tomcat 9.0
12-Apr-2025 13:38:44.969 INFO [main] org.apache.catalina.startup.VersionLoggerListener.log Command line argument: -Dcatalina.base=C:\Users\OSHADHA\IdeaProjects\OOP-projectnew
12-Apr-2025 13:38:44.969 INFO [main] org.apache.catalina.startup.VersionLoggerListener.log Command line argument: -Djava.io.tmpdir=C:\Users\OSHADHA\IdeaProjects\OOP-projectnew\temp
12-Apr-2025 13:38:44.969 INFO [main] org.apache.catalina.startup.VersionLoggerListener.log Command line argument: -Djava.util.logging.config.file=C:\Users\OSHADHA\IdeaProjects\OOP-projectnew\conf\logging.properties
12-Apr-2025 13:38:44.969 INFO [main] org.apache.catalina.startup.VersionLoggerListener.log Command line argument: -Djava.util.logging.manager=org.apache.juli.ClassLoaderLogManager
12-Apr-2025 13:38:44.969 INFO [main] org.apache.catalina.startup.VersionLoggerListener.log Command line argument: -javaagent:C:\Program Files\JetBrains\IntelliJ IDEA 2024.3.5\lib\idea_rt.jar=64332
12-Apr-2025 13:38:44.969 INFO [main] org.apache.catalina.startup.VersionLoggerListener.log Command line argument: -Dfile.encoding=UTF-8
12-Apr-2025 13:38:44.969 INFO [main] org.apache.catalina.startup.VersionLoggerListener.log Command line argument: -Dsun.stdout.encoding=UTF-8
12-Apr-2025 13:38:44.969 INFO [main] org.apache.catalina.startup.VersionLoggerListener.log Command line argument: -Dsun.stderr.encoding=UTF-8
12-Apr-2025 13:38:44.972 INFO [main] org.apache.catalina.core.AprLifecycleListener.lifecycleEvent Loaded Apache Tomcat Native library [1.3.1] using APR version [1.7.4].
12-Apr-2025 13:38:44.973 INFO [main] org.apache.catalina.core.AprLifecycleListener.lifecycleEvent APR capabilities: IPv6 [true], sendfile [true], accept filters [false], random [true], UDS [true].
12-Apr-2025 13:38:44.973 INFO [main] org.apache.catalina.core.AprLifecycleListener.lifecycleEvent APR/OpenSSL configuration: useAprConnector [false], useOpenSSL [true]
12-Apr-2025 13:38:44.982 INFO [main] org.apache.catalina.core.AprLifecycleListener.initializeSSL OpenSSL successfully initialized [OpenSSL 3.0.14 4 Jun 2024]
12-Apr-2025 13:38:45.534 INFO [main] org.apache.coyote.AbstractProtocol.init Initializing ProtocolHandler ["http-nio-8080"]
12-Apr-2025 13:38:45.561 INFO [main] org.apache.catalina.startup.Catalina.load Server initialization in [922] milliseconds
12-Apr-2025 13:38:45.627 INFO [main] org.apache.catalina.core.StandardService.startInternal Starting service [Catalina]
12-Apr-2025 13:38:45.627 INFO [main] org.apache.catalina.core.StandardEngine.startInternal Starting Servlet engine: [Apache Tomcat/9.0.102]
12-Apr-2025 13:38:45.636 INFO [main] org.apache.catalina.startup.HostConfig.deployDescriptor Deploying deployment descriptor [C:\Users\OSHADHA\IdeaProjects\OOP-projectnew\conf\Catalina\localhost\OOP-projectnew.xml]
12-Apr-2025 13:38:46.365 INFO [main] org.apache.catalina.startup.HostConfig.deployDescriptor Deployment of deployment descriptor [C:\Users\OSHADHA\IdeaProjects\OOP-projectnew\conf\Catalina\localhost\OOP-projectnew.xml] has finished in [728] ms
12-Apr-2025 13:38:46.368 INFO [main] org.apache.coyote.AbstractProtocol.start Starting ProtocolHandler ["http-nio-8080"]
12-Apr-2025 13:38:46.390 INFO [main] org.apache.catalina.startup.Catalina.start Server startup in [827] milliseconds
12-Apr-2025 13:44:32.586 INFO [Thread-1] org.apache.coyote.AbstractProtocol.pause Pausing ProtocolHandler ["http-nio-8080"]
12-Apr-2025 13:44:32.599 INFO [Thread-1] org.apache.catalina.core.StandardService.stopInternal Stopping service [Catalina]
12-Apr-2025 13:44:32.612 INFO [Thread-1] org.apache.coyote.AbstractProtocol.stop Stopping ProtocolHandler ["http-nio-8080"]
12-Apr-2025 13:44:32.631 INFO [Thread-1] org.apache.coyote.AbstractProtocol.destroy Destroying ProtocolHandler ["http-nio-8080"]
12-Apr-2025 13:44:35.557 INFO [main] org.apache.catalina.startup.VersionLoggerListener.log Server version name:   Apache Tomcat/9.0.102
12-Apr-2025 13:44:35.563 INFO [main] org.apache.catalina.startup.VersionLoggerListener.log Server built:          Mar 3 2025 19:33:14 UTC
12-Apr-2025 13:44:35.564 INFO [main] org.apache.catalina.startup.VersionLoggerListener.log Server version number: 9.0.102.0
12-Apr-2025 13:44:35.564 INFO [main] org.apache.catalina.startup.VersionLoggerListener.log OS Name:               Windows 10
12-Apr-2025 13:44:35.564 INFO [main] org.apache.catalina.startup.VersionLoggerListener.log OS Version:            10.0
12-Apr-2025 13:44:35.564 INFO [main] org.apache.catalina.startup.VersionLoggerListener.log Architecture:          amd64
12-Apr-2025 13:44:35.564 INFO [main] org.apache.catalina.startup.VersionLoggerListener.log Java Home:             C:\Program Files\Java\jdk-22
12-Apr-2025 13:44:35.564 INFO [main] org.apache.catalina.startup.VersionLoggerListener.log JVM Version:           22.0.1+8-16
12-Apr-2025 13:44:35.564 INFO [main] org.apache.catalina.startup.VersionLoggerListener.log JVM Vendor:            Oracle Corporation
12-Apr-2025 13:44:35.564 INFO [main] org.apache.catalina.startup.VersionLoggerListener.log CATALINA_BASE:         C:\Users\OSHADHA\IdeaProjects\OOP-projectnew
12-Apr-2025 13:44:35.564 INFO [main] org.apache.catalina.startup.VersionLoggerListener.log CATALINA_HOME:         C:\Program Files\Apache Software Foundation\Tomcat 9.0
12-Apr-2025 13:44:35.573 INFO [main] org.apache.catalina.startup.VersionLoggerListener.log Command line argument: --add-opens=java.base/java.lang=ALL-UNNAMED
12-Apr-2025 13:44:35.573 INFO [main] org.apache.catalina.startup.VersionLoggerListener.log Command line argument: --add-opens=java.base/java.io=ALL-UNNAMED
12-Apr-2025 13:44:35.573 INFO [main] org.apache.catalina.startup.VersionLoggerListener.log Command line argument: --add-opens=java.base/java.util=ALL-UNNAMED
12-Apr-2025 13:44:35.574 INFO [main] org.apache.catalina.startup.VersionLoggerListener.log Command line argument: --add-opens=java.base/java.util.concurrent=ALL-UNNAMED
12-Apr-2025 13:44:35.574 INFO [main] org.apache.catalina.startup.VersionLoggerListener.log Command line argument: --add-opens=java.rmi/sun.rmi.transport=ALL-UNNAMED
12-Apr-2025 13:44:35.574 INFO [main] org.apache.catalina.startup.VersionLoggerListener.log Command line argument: -Dcatalina.home=C:\Program Files\Apache Software Foundation\Tomcat 9.0
12-Apr-2025 13:44:35.574 INFO [main] org.apache.catalina.startup.VersionLoggerListener.log Command line argument: -Dcatalina.base=C:\Users\OSHADHA\IdeaProjects\OOP-projectnew
12-Apr-2025 13:44:35.574 INFO [main] org.apache.catalina.startup.VersionLoggerListener.log Command line argument: -Djava.io.tmpdir=C:\Users\OSHADHA\IdeaProjects\OOP-projectnew\temp
12-Apr-2025 13:44:35.574 INFO [main] org.apache.catalina.startup.VersionLoggerListener.log Command line argument: -Djava.util.logging.config.file=C:\Users\OSHADHA\IdeaProjects\OOP-projectnew\conf\logging.properties
12-Apr-2025 13:44:35.574 INFO [main] org.apache.catalina.startup.VersionLoggerListener.log Command line argument: -Djava.util.logging.manager=org.apache.juli.ClassLoaderLogManager
12-Apr-2025 13:44:35.575 INFO [main] org.apache.catalina.startup.VersionLoggerListener.log Command line argument: -javaagent:C:\Program Files\JetBrains\IntelliJ IDEA 2024.3.5\lib\idea_rt.jar=64375
12-Apr-2025 13:44:35.575 INFO [main] org.apache.catalina.startup.VersionLoggerListener.log Command line argument: -Dfile.encoding=UTF-8
12-Apr-2025 13:44:35.575 INFO [main] org.apache.catalina.startup.VersionLoggerListener.log Command line argument: -Dsun.stdout.encoding=UTF-8
12-Apr-2025 13:44:35.575 INFO [main] org.apache.catalina.startup.VersionLoggerListener.log Command line argument: -Dsun.stderr.encoding=UTF-8
12-Apr-2025 13:44:35.580 INFO [main] org.apache.catalina.core.AprLifecycleListener.lifecycleEvent Loaded Apache Tomcat Native library [1.3.1] using APR version [1.7.4].
12-Apr-2025 13:44:35.580 INFO [main] org.apache.catalina.core.AprLifecycleListener.lifecycleEvent APR capabilities: IPv6 [true], sendfile [true], accept filters [false], random [true], UDS [true].
12-Apr-2025 13:44:35.580 INFO [main] org.apache.catalina.core.AprLifecycleListener.lifecycleEvent APR/OpenSSL configuration: useAprConnector [false], useOpenSSL [true]
12-Apr-2025 13:44:35.587 INFO [main] org.apache.catalina.core.AprLifecycleListener.initializeSSL OpenSSL successfully initialized [OpenSSL 3.0.14 4 Jun 2024]
12-Apr-2025 13:44:36.106 INFO [main] org.apache.coyote.AbstractProtocol.init Initializing ProtocolHandler ["http-nio-8080"]
12-Apr-2025 13:44:36.141 INFO [main] org.apache.catalina.startup.Catalina.load Server initialization in [993] milliseconds
12-Apr-2025 13:44:36.215 INFO [main] org.apache.catalina.core.StandardService.startInternal Starting service [Catalina]
12-Apr-2025 13:44:36.215 INFO [main] org.apache.catalina.core.StandardEngine.startInternal Starting Servlet engine: [Apache Tomcat/9.0.102]
12-Apr-2025 13:44:36.223 INFO [main] org.apache.catalina.startup.HostConfig.deployDescriptor Deploying deployment descriptor [C:\Users\OSHADHA\IdeaProjects\OOP-projectnew\conf\Catalina\localhost\OOP-projectnew.xml]
12-Apr-2025 13:44:37.042 INFO [main] org.apache.catalina.startup.HostConfig.deployDescriptor Deployment of deployment descriptor [C:\Users\OSHADHA\IdeaProjects\OOP-projectnew\conf\Catalina\localhost\OOP-projectnew.xml] has finished in [818] ms
12-Apr-2025 13:44:37.048 INFO [main] org.apache.coyote.AbstractProtocol.start Starting ProtocolHandler ["http-nio-8080"]
12-Apr-2025 13:44:37.070 INFO [main] org.apache.catalina.startup.Catalina.start Server startup in [925] milliseconds
12-Apr-2025 13:52:34.755 INFO [Thread-1] org.apache.coyote.AbstractProtocol.pause Pausing ProtocolHandler ["http-nio-8080"]
12-Apr-2025 13:52:34.766 INFO [Thread-1] org.apache.catalina.core.StandardService.stopInternal Stopping service [Catalina]
12-Apr-2025 13:52:34.778 INFO [Thread-1] org.apache.coyote.AbstractProtocol.stop Stopping ProtocolHandler ["http-nio-8080"]
12-Apr-2025 13:52:34.804 INFO [Thread-1] org.apache.coyote.AbstractProtocol.destroy Destroying ProtocolHandler ["http-nio-8080"]
12-Apr-2025 14:56:21.377 INFO [main] org.apache.catalina.startup.VersionLoggerListener.log Server version name:   Apache Tomcat/9.0.102
12-Apr-2025 14:56:21.382 INFO [main] org.apache.catalina.startup.VersionLoggerListener.log Server built:          Mar 3 2025 19:33:14 UTC
12-Apr-2025 14:56:21.383 INFO [main] org.apache.catalina.startup.VersionLoggerListener.log Server version number: 9.0.102.0
12-Apr-2025 14:56:21.383 INFO [main] org.apache.catalina.startup.VersionLoggerListener.log OS Name:               Windows 10
12-Apr-2025 14:56:21.383 INFO [main] org.apache.catalina.startup.VersionLoggerListener.log OS Version:            10.0
12-Apr-2025 14:56:21.383 INFO [main] org.apache.catalina.startup.VersionLoggerListener.log Architecture:          amd64
12-Apr-2025 14:56:21.383 INFO [main] org.apache.catalina.startup.VersionLoggerListener.log Java Home:             C:\Program Files\Java\jdk-22
12-Apr-2025 14:56:21.383 INFO [main] org.apache.catalina.startup.VersionLoggerListener.log JVM Version:           22.0.1+8-16
12-Apr-2025 14:56:21.383 INFO [main] org.apache.catalina.startup.VersionLoggerListener.log JVM Vendor:            Oracle Corporation
12-Apr-2025 14:56:21.383 INFO [main] org.apache.catalina.startup.VersionLoggerListener.log CATALINA_BASE:         C:\Users\OSHADHA\IdeaProjects\OOP-projectnew
12-Apr-2025 14:56:21.383 INFO [main] org.apache.catalina.startup.VersionLoggerListener.log CATALINA_HOME:         C:\Program Files\Apache Software Foundation\Tomcat 9.0
12-Apr-2025 14:56:21.391 INFO [main] org.apache.catalina.startup.VersionLoggerListener.log Command line argument: --add-opens=java.base/java.lang=ALL-UNNAMED
12-Apr-2025 14:56:21.391 INFO [main] org.apache.catalina.startup.VersionLoggerListener.log Command line argument: --add-opens=java.base/java.io=ALL-UNNAMED
12-Apr-2025 14:56:21.391 INFO [main] org.apache.catalina.startup.VersionLoggerListener.log Command line argument: --add-opens=java.base/java.util=ALL-UNNAMED
12-Apr-2025 14:56:21.391 INFO [main] org.apache.catalina.startup.VersionLoggerListener.log Command line argument: --add-opens=java.base/java.util.concurrent=ALL-UNNAMED
12-Apr-2025 14:56:21.391 INFO [main] org.apache.catalina.startup.VersionLoggerListener.log Command line argument: --add-opens=java.rmi/sun.rmi.transport=ALL-UNNAMED
12-Apr-2025 14:56:21.391 INFO [main] org.apache.catalina.startup.VersionLoggerListener.log Command line argument: -Dcatalina.home=C:\Program Files\Apache Software Foundation\Tomcat 9.0
12-Apr-2025 14:56:21.392 INFO [main] org.apache.catalina.startup.VersionLoggerListener.log Command line argument: -Dcatalina.base=C:\Users\OSHADHA\IdeaProjects\OOP-projectnew
12-Apr-2025 14:56:21.392 INFO [main] org.apache.catalina.startup.VersionLoggerListener.log Command line argument: -Djava.io.tmpdir=C:\Users\OSHADHA\IdeaProjects\OOP-projectnew\temp
12-Apr-2025 14:56:21.392 INFO [main] org.apache.catalina.startup.VersionLoggerListener.log Command line argument: -Djava.util.logging.config.file=C:\Users\OSHADHA\IdeaProjects\OOP-projectnew\conf\logging.properties
12-Apr-2025 14:56:21.392 INFO [main] org.apache.catalina.startup.VersionLoggerListener.log Command line argument: -Djava.util.logging.manager=org.apache.juli.ClassLoaderLogManager
12-Apr-2025 14:56:21.392 INFO [main] org.apache.catalina.startup.VersionLoggerListener.log Command line argument: -javaagent:C:\Program Files\JetBrains\IntelliJ IDEA 2024.3.5\lib\idea_rt.jar=49255
12-Apr-2025 14:56:21.392 INFO [main] org.apache.catalina.startup.VersionLoggerListener.log Command line argument: -Dfile.encoding=UTF-8
12-Apr-2025 14:56:21.392 INFO [main] org.apache.catalina.startup.VersionLoggerListener.log Command line argument: -Dsun.stdout.encoding=UTF-8
12-Apr-2025 14:56:21.392 INFO [main] org.apache.catalina.startup.VersionLoggerListener.log Command line argument: -Dsun.stderr.encoding=UTF-8
12-Apr-2025 14:56:21.399 INFO [main] org.apache.catalina.core.AprLifecycleListener.lifecycleEvent Loaded Apache Tomcat Native library [1.3.1] using APR version [1.7.4].
12-Apr-2025 14:56:21.399 INFO [main] org.apache.catalina.core.AprLifecycleListener.lifecycleEvent APR capabilities: IPv6 [true], sendfile [true], accept filters [false], random [true], UDS [true].
12-Apr-2025 14:56:21.399 INFO [main] org.apache.catalina.core.AprLifecycleListener.lifecycleEvent APR/OpenSSL configuration: useAprConnector [false], useOpenSSL [true]
12-Apr-2025 14:56:21.416 INFO [main] org.apache.catalina.core.AprLifecycleListener.initializeSSL OpenSSL successfully initialized [OpenSSL 3.0.14 4 Jun 2024]
12-Apr-2025 14:56:21.887 INFO [main] org.apache.coyote.AbstractProtocol.init Initializing ProtocolHandler ["http-nio-8080"]
12-Apr-2025 14:56:21.915 INFO [main] org.apache.catalina.startup.Catalina.load Server initialization in [825] milliseconds
12-Apr-2025 14:56:21.988 INFO [main] org.apache.catalina.core.StandardService.startInternal Starting service [Catalina]
12-Apr-2025 14:56:21.988 INFO [main] org.apache.catalina.core.StandardEngine.startInternal Starting Servlet engine: [Apache Tomcat/9.0.102]
12-Apr-2025 14:56:21.998 INFO [main] org.apache.catalina.startup.HostConfig.deployDescriptor Deploying deployment descriptor [C:\Users\OSHADHA\IdeaProjects\OOP-projectnew\conf\Catalina\localhost\OOP-projectnew.xml]
12-Apr-2025 14:56:22.593 INFO [main] org.apache.catalina.startup.HostConfig.deployDescriptor Deployment of deployment descriptor [C:\Users\OSHADHA\IdeaProjects\OOP-projectnew\conf\Catalina\localhost\OOP-projectnew.xml] has finished in [594] ms
12-Apr-2025 14:56:22.597 INFO [main] org.apache.coyote.AbstractProtocol.start Starting ProtocolHandler ["http-nio-8080"]
12-Apr-2025 14:56:22.619 INFO [main] org.apache.catalina.startup.Catalina.start Server startup in [700] milliseconds
12-Apr-2025 15:28:59.583 INFO [Thread-1] org.apache.coyote.AbstractProtocol.pause Pausing ProtocolHandler ["http-nio-8080"]
12-Apr-2025 15:28:59.596 INFO [Thread-1] org.apache.catalina.core.StandardService.stopInternal Stopping service [Catalina]
12-Apr-2025 15:28:59.617 INFO [Thread-1] org.apache.coyote.AbstractProtocol.stop Stopping ProtocolHandler ["http-nio-8080"]
12-Apr-2025 15:28:59.624 INFO [Thread-1] org.apache.coyote.AbstractProtocol.destroy Destroying ProtocolHandler ["http-nio-8080"]
12-Apr-2025 15:29:02.815 INFO [main] org.apache.catalina.startup.VersionLoggerListener.log Server version name:   Apache Tomcat/9.0.102
12-Apr-2025 15:29:02.822 INFO [main] org.apache.catalina.startup.VersionLoggerListener.log Server built:          Mar 3 2025 19:33:14 UTC
12-Apr-2025 15:29:02.822 INFO [main] org.apache.catalina.startup.VersionLoggerListener.log Server version number: 9.0.102.0
12-Apr-2025 15:29:02.822 INFO [main] org.apache.catalina.startup.VersionLoggerListener.log OS Name:               Windows 10
12-Apr-2025 15:29:02.822 INFO [main] org.apache.catalina.startup.VersionLoggerListener.log OS Version:            10.0
12-Apr-2025 15:29:02.823 INFO [main] org.apache.catalina.startup.VersionLoggerListener.log Architecture:          amd64
12-Apr-2025 15:29:02.823 INFO [main] org.apache.catalina.startup.VersionLoggerListener.log Java Home:             C:\Program Files\Java\jdk-22
12-Apr-2025 15:29:02.823 INFO [main] org.apache.catalina.startup.VersionLoggerListener.log JVM Version:           22.0.1+8-16
12-Apr-2025 15:29:02.823 INFO [main] org.apache.catalina.startup.VersionLoggerListener.log JVM Vendor:            Oracle Corporation
12-Apr-2025 15:29:02.823 INFO [main] org.apache.catalina.startup.VersionLoggerListener.log CATALINA_BASE:         C:\Users\OSHADHA\IdeaProjects\OOP-projectnew
12-Apr-2025 15:29:02.823 INFO [main] org.apache.catalina.startup.VersionLoggerListener.log CATALINA_HOME:         C:\Program Files\Apache Software Foundation\Tomcat 9.0
12-Apr-2025 15:29:02.835 INFO [main] org.apache.catalina.startup.VersionLoggerListener.log Command line argument: --add-opens=java.base/java.lang=ALL-UNNAMED
12-Apr-2025 15:29:02.835 INFO [main] org.apache.catalina.startup.VersionLoggerListener.log Command line argument: --add-opens=java.base/java.io=ALL-UNNAMED
12-Apr-2025 15:29:02.835 INFO [main] org.apache.catalina.startup.VersionLoggerListener.log Command line argument: --add-opens=java.base/java.util=ALL-UNNAMED
12-Apr-2025 15:29:02.835 INFO [main] org.apache.catalina.startup.VersionLoggerListener.log Command line argument: --add-opens=java.base/java.util.concurrent=ALL-UNNAMED
12-Apr-2025 15:29:02.836 INFO [main] org.apache.catalina.startup.VersionLoggerListener.log Command line argument: --add-opens=java.rmi/sun.rmi.transport=ALL-UNNAMED
12-Apr-2025 15:29:02.836 INFO [main] org.apache.catalina.startup.VersionLoggerListener.log Command line argument: -Dcatalina.home=C:\Program Files\Apache Software Foundation\Tomcat 9.0
12-Apr-2025 15:29:02.836 INFO [main] org.apache.catalina.startup.VersionLoggerListener.log Command line argument: -Dcatalina.base=C:\Users\OSHADHA\IdeaProjects\OOP-projectnew
12-Apr-2025 15:29:02.836 INFO [main] org.apache.catalina.startup.VersionLoggerListener.log Command line argument: -Djava.io.tmpdir=C:\Users\OSHADHA\IdeaProjects\OOP-projectnew\temp
12-Apr-2025 15:29:02.836 INFO [main] org.apache.catalina.startup.VersionLoggerListener.log Command line argument: -Djava.util.logging.config.file=C:\Users\OSHADHA\IdeaProjects\OOP-projectnew\conf\logging.properties
12-Apr-2025 15:29:02.836 INFO [main] org.apache.catalina.startup.VersionLoggerListener.log Command line argument: -Djava.util.logging.manager=org.apache.juli.ClassLoaderLogManager
12-Apr-2025 15:29:02.836 INFO [main] org.apache.catalina.startup.VersionLoggerListener.log Command line argument: -javaagent:C:\Program Files\JetBrains\IntelliJ IDEA 2024.3.5\lib\idea_rt.jar=49801
12-Apr-2025 15:29:02.837 INFO [main] org.apache.catalina.startup.VersionLoggerListener.log Command line argument: -Dfile.encoding=UTF-8
12-Apr-2025 15:29:02.837 INFO [main] org.apache.catalina.startup.VersionLoggerListener.log Command line argument: -Dsun.stdout.encoding=UTF-8
12-Apr-2025 15:29:02.837 INFO [main] org.apache.catalina.startup.VersionLoggerListener.log Command line argument: -Dsun.stderr.encoding=UTF-8
12-Apr-2025 15:29:02.843 INFO [main] org.apache.catalina.core.AprLifecycleListener.lifecycleEvent Loaded Apache Tomcat Native library [1.3.1] using APR version [1.7.4].
12-Apr-2025 15:29:02.843 INFO [main] org.apache.catalina.core.AprLifecycleListener.lifecycleEvent APR capabilities: IPv6 [true], sendfile [true], accept filters [false], random [true], UDS [true].
12-Apr-2025 15:29:02.843 INFO [main] org.apache.catalina.core.AprLifecycleListener.lifecycleEvent APR/OpenSSL configuration: useAprConnector [false], useOpenSSL [true]
12-Apr-2025 15:29:02.854 INFO [main] org.apache.catalina.core.AprLifecycleListener.initializeSSL OpenSSL successfully initialized [OpenSSL 3.0.14 4 Jun 2024]
12-Apr-2025 15:29:03.397 INFO [main] org.apache.coyote.AbstractProtocol.init Initializing ProtocolHandler ["http-nio-8080"]
12-Apr-2025 15:29:03.426 INFO [main] org.apache.catalina.startup.Catalina.load Server initialization in [1300] milliseconds
12-Apr-2025 15:29:03.494 INFO [main] org.apache.catalina.core.StandardService.startInternal Starting service [Catalina]
12-Apr-2025 15:29:03.495 INFO [main] org.apache.catalina.core.StandardEngine.startInternal Starting Servlet engine: [Apache Tomcat/9.0.102]
12-Apr-2025 15:29:03.503 INFO [main] org.apache.catalina.startup.HostConfig.deployDescriptor Deploying deployment descriptor [C:\Users\OSHADHA\IdeaProjects\OOP-projectnew\conf\Catalina\localhost\OOP-projectnew.xml]
12-Apr-2025 15:29:04.246 INFO [main] org.apache.catalina.startup.HostConfig.deployDescriptor Deployment of deployment descriptor [C:\Users\OSHADHA\IdeaProjects\OOP-projectnew\conf\Catalina\localhost\OOP-projectnew.xml] has finished in [743] ms
12-Apr-2025 15:29:04.249 INFO [main] org.apache.coyote.AbstractProtocol.start Starting ProtocolHandler ["http-nio-8080"]
12-Apr-2025 15:29:04.270 INFO [main] org.apache.catalina.startup.Catalina.start Server startup in [842] milliseconds
12-Apr-2025 15:30:39.267 INFO [Thread-1] org.apache.coyote.AbstractProtocol.pause Pausing ProtocolHandler ["http-nio-8080"]
12-Apr-2025 15:30:39.277 INFO [Thread-1] org.apache.catalina.core.StandardService.stopInternal Stopping service [Catalina]
12-Apr-2025 15:30:39.287 INFO [Thread-1] org.apache.coyote.AbstractProtocol.stop Stopping ProtocolHandler ["http-nio-8080"]
12-Apr-2025 15:30:39.290 INFO [Thread-1] org.apache.coyote.AbstractProtocol.destroy Destroying ProtocolHandler ["http-nio-8080"]
12-Apr-2025 15:32:47.500 INFO [main] org.apache.catalina.startup.VersionLoggerListener.log Server version name:   Apache Tomcat/9.0.102
12-Apr-2025 15:32:47.507 INFO [main] org.apache.catalina.startup.VersionLoggerListener.log Server built:          Mar 3 2025 19:33:14 UTC
12-Apr-2025 15:32:47.508 INFO [main] org.apache.catalina.startup.VersionLoggerListener.log Server version number: 9.0.102.0
12-Apr-2025 15:32:47.508 INFO [main] org.apache.catalina.startup.VersionLoggerListener.log OS Name:               Windows 10
12-Apr-2025 15:32:47.508 INFO [main] org.apache.catalina.startup.VersionLoggerListener.log OS Version:            10.0
12-Apr-2025 15:32:47.508 INFO [main] org.apache.catalina.startup.VersionLoggerListener.log Architecture:          amd64
12-Apr-2025 15:32:47.508 INFO [main] org.apache.catalina.startup.VersionLoggerListener.log Java Home:             C:\Program Files\Java\jdk-22
12-Apr-2025 15:32:47.508 INFO [main] org.apache.catalina.startup.VersionLoggerListener.log JVM Version:           22.0.1+8-16
12-Apr-2025 15:32:47.508 INFO [main] org.apache.catalina.startup.VersionLoggerListener.log JVM Vendor:            Oracle Corporation
12-Apr-2025 15:32:47.509 INFO [main] org.apache.catalina.startup.VersionLoggerListener.log CATALINA_BASE:         C:\Users\OSHADHA\IdeaProjects\OOP-projectnew
12-Apr-2025 15:32:47.509 INFO [main] org.apache.catalina.startup.VersionLoggerListener.log CATALINA_HOME:         C:\Program Files\Apache Software Foundation\Tomcat 9.0
12-Apr-2025 15:32:47.524 INFO [main] org.apache.catalina.startup.VersionLoggerListener.log Command line argument: --add-opens=java.base/java.lang=ALL-UNNAMED
12-Apr-2025 15:32:47.524 INFO [main] org.apache.catalina.startup.VersionLoggerListener.log Command line argument: --add-opens=java.base/java.io=ALL-UNNAMED
12-Apr-2025 15:32:47.524 INFO [main] org.apache.catalina.startup.VersionLoggerListener.log Command line argument: --add-opens=java.base/java.util=ALL-UNNAMED
12-Apr-2025 15:32:47.524 INFO [main] org.apache.catalina.startup.VersionLoggerListener.log Command line argument: --add-opens=java.base/java.util.concurrent=ALL-UNNAMED
12-Apr-2025 15:32:47.524 INFO [main] org.apache.catalina.startup.VersionLoggerListener.log Command line argument: --add-opens=java.rmi/sun.rmi.transport=ALL-UNNAMED
12-Apr-2025 15:32:47.524 INFO [main] org.apache.catalina.startup.VersionLoggerListener.log Command line argument: -Dcatalina.home=C:\Program Files\Apache Software Foundation\Tomcat 9.0
12-Apr-2025 15:32:47.525 INFO [main] org.apache.catalina.startup.VersionLoggerListener.log Command line argument: -Dcatalina.base=C:\Users\OSHADHA\IdeaProjects\OOP-projectnew
12-Apr-2025 15:32:47.525 INFO [main] org.apache.catalina.startup.VersionLoggerListener.log Command line argument: -Djava.io.tmpdir=C:\Users\OSHADHA\IdeaProjects\OOP-projectnew\temp
12-Apr-2025 15:32:47.525 INFO [main] org.apache.catalina.startup.VersionLoggerListener.log Command line argument: -Djava.util.logging.config.file=C:\Users\OSHADHA\IdeaProjects\OOP-projectnew\conf\logging.properties
12-Apr-2025 15:32:47.525 INFO [main] org.apache.catalina.startup.VersionLoggerListener.log Command line argument: -Djava.util.logging.manager=org.apache.juli.ClassLoaderLogManager
12-Apr-2025 15:32:47.525 INFO [main] org.apache.catalina.startup.VersionLoggerListener.log Command line argument: -javaagent:C:\Program Files\JetBrains\IntelliJ IDEA 2024.3.5\lib\idea_rt.jar=49899
12-Apr-2025 15:32:47.525 INFO [main] org.apache.catalina.startup.VersionLoggerListener.log Command line argument: -Dfile.encoding=UTF-8
12-Apr-2025 15:32:47.525 INFO [main] org.apache.catalina.startup.VersionLoggerListener.log Command line argument: -Dsun.stdout.encoding=UTF-8
12-Apr-2025 15:32:47.525 INFO [main] org.apache.catalina.startup.VersionLoggerListener.log Command line argument: -Dsun.stderr.encoding=UTF-8
12-Apr-2025 15:32:47.531 INFO [main] org.apache.catalina.core.AprLifecycleListener.lifecycleEvent Loaded Apache Tomcat Native library [1.3.1] using APR version [1.7.4].
12-Apr-2025 15:32:47.531 INFO [main] org.apache.catalina.core.AprLifecycleListener.lifecycleEvent APR capabilities: IPv6 [true], sendfile [true], accept filters [false], random [true], UDS [true].
12-Apr-2025 15:32:47.531 INFO [main] org.apache.catalina.core.AprLifecycleListener.lifecycleEvent APR/OpenSSL configuration: useAprConnector [false], useOpenSSL [true]
12-Apr-2025 15:32:47.541 INFO [main] org.apache.catalina.core.AprLifecycleListener.initializeSSL OpenSSL successfully initialized [OpenSSL 3.0.14 4 Jun 2024]
12-Apr-2025 15:32:48.003 INFO [main] org.apache.coyote.AbstractProtocol.init Initializing ProtocolHandler ["http-nio-8080"]
12-Apr-2025 15:32:48.026 INFO [main] org.apache.catalina.startup.Catalina.load Server initialization in [744] milliseconds
12-Apr-2025 15:32:48.122 INFO [main] org.apache.catalina.core.StandardService.startInternal Starting service [Catalina]
12-Apr-2025 15:32:48.123 INFO [main] org.apache.catalina.core.StandardEngine.startInternal Starting Servlet engine: [Apache Tomcat/9.0.102]
12-Apr-2025 15:32:48.132 INFO [main] org.apache.catalina.startup.HostConfig.deployDescriptor Deploying deployment descriptor [C:\Users\OSHADHA\IdeaProjects\OOP-projectnew\conf\Catalina\localhost\OOP-projectnew.xml]
12-Apr-2025 15:32:48.756 INFO [main] org.apache.catalina.startup.HostConfig.deployDescriptor Deployment of deployment descriptor [C:\Users\OSHADHA\IdeaProjects\OOP-projectnew\conf\Catalina\localhost\OOP-projectnew.xml] has finished in [625] ms
12-Apr-2025 15:32:48.760 INFO [main] org.apache.coyote.AbstractProtocol.start Starting ProtocolHandler ["http-nio-8080"]
12-Apr-2025 15:32:48.779 INFO [main] org.apache.catalina.startup.Catalina.start Server startup in [751] milliseconds
12-Apr-2025 15:53:37.096 INFO [Thread-1] org.apache.coyote.AbstractProtocol.pause Pausing ProtocolHandler ["http-nio-8080"]
12-Apr-2025 15:53:37.107 INFO [Thread-1] org.apache.catalina.core.StandardService.stopInternal Stopping service [Catalina]
12-Apr-2025 15:53:37.118 INFO [Thread-1] org.apache.coyote.AbstractProtocol.stop Stopping ProtocolHandler ["http-nio-8080"]
12-Apr-2025 15:53:37.137 INFO [Thread-1] org.apache.coyote.AbstractProtocol.destroy Destroying ProtocolHandler ["http-nio-8080"]
12-Apr-2025 15:53:39.925 INFO [main] org.apache.catalina.startup.VersionLoggerListener.log Server version name:   Apache Tomcat/9.0.102
12-Apr-2025 15:53:39.930 INFO [main] org.apache.catalina.startup.VersionLoggerListener.log Server built:          Mar 3 2025 19:33:14 UTC
12-Apr-2025 15:53:39.930 INFO [main] org.apache.catalina.startup.VersionLoggerListener.log Server version number: 9.0.102.0
12-Apr-2025 15:53:39.931 INFO [main] org.apache.catalina.startup.VersionLoggerListener.log OS Name:               Windows 10
12-Apr-2025 15:53:39.931 INFO [main] org.apache.catalina.startup.VersionLoggerListener.log OS Version:            10.0
12-Apr-2025 15:53:39.931 INFO [main] org.apache.catalina.startup.VersionLoggerListener.log Architecture:          amd64
12-Apr-2025 15:53:39.931 INFO [main] org.apache.catalina.startup.VersionLoggerListener.log Java Home:             C:\Program Files\Java\jdk-22
12-Apr-2025 15:53:39.931 INFO [main] org.apache.catalina.startup.VersionLoggerListener.log JVM Version:           22.0.1+8-16
12-Apr-2025 15:53:39.931 INFO [main] org.apache.catalina.startup.VersionLoggerListener.log JVM Vendor:            Oracle Corporation
12-Apr-2025 15:53:39.931 INFO [main] org.apache.catalina.startup.VersionLoggerListener.log CATALINA_BASE:         C:\Users\OSHADHA\IdeaProjects\OOP-projectnew
12-Apr-2025 15:53:39.931 INFO [main] org.apache.catalina.startup.VersionLoggerListener.log CATALINA_HOME:         C:\Program Files\Apache Software Foundation\Tomcat 9.0
12-Apr-2025 15:53:39.942 INFO [main] org.apache.catalina.startup.VersionLoggerListener.log Command line argument: --add-opens=java.base/java.lang=ALL-UNNAMED
12-Apr-2025 15:53:39.942 INFO [main] org.apache.catalina.startup.VersionLoggerListener.log Command line argument: --add-opens=java.base/java.io=ALL-UNNAMED
12-Apr-2025 15:53:39.942 INFO [main] org.apache.catalina.startup.VersionLoggerListener.log Command line argument: --add-opens=java.base/java.util=ALL-UNNAMED
12-Apr-2025 15:53:39.943 INFO [main] org.apache.catalina.startup.VersionLoggerListener.log Command line argument: --add-opens=java.base/java.util.concurrent=ALL-UNNAMED
12-Apr-2025 15:53:39.943 INFO [main] org.apache.catalina.startup.VersionLoggerListener.log Command line argument: --add-opens=java.rmi/sun.rmi.transport=ALL-UNNAMED
12-Apr-2025 15:53:39.943 INFO [main] org.apache.catalina.startup.VersionLoggerListener.log Command line argument: -Dcatalina.home=C:\Program Files\Apache Software Foundation\Tomcat 9.0
12-Apr-2025 15:53:39.943 INFO [main] org.apache.catalina.startup.VersionLoggerListener.log Command line argument: -Dcatalina.base=C:\Users\OSHADHA\IdeaProjects\OOP-projectnew
12-Apr-2025 15:53:39.943 INFO [main] org.apache.catalina.startup.VersionLoggerListener.log Command line argument: -Djava.io.tmpdir=C:\Users\OSHADHA\IdeaProjects\OOP-projectnew\temp
12-Apr-2025 15:53:39.943 INFO [main] org.apache.catalina.startup.VersionLoggerListener.log Command line argument: -Djava.util.logging.config.file=C:\Users\OSHADHA\IdeaProjects\OOP-projectnew\conf\logging.properties
12-Apr-2025 15:53:39.943 INFO [main] org.apache.catalina.startup.VersionLoggerListener.log Command line argument: -Djava.util.logging.manager=org.apache.juli.ClassLoaderLogManager
12-Apr-2025 15:53:39.943 INFO [main] org.apache.catalina.startup.VersionLoggerListener.log Command line argument: -javaagent:C:\Program Files\JetBrains\IntelliJ IDEA 2024.3.5\lib\idea_rt.jar=50135
12-Apr-2025 15:53:39.943 INFO [main] org.apache.catalina.startup.VersionLoggerListener.log Command line argument: -Dfile.encoding=UTF-8
12-Apr-2025 15:53:39.944 INFO [main] org.apache.catalina.startup.VersionLoggerListener.log Command line argument: -Dsun.stdout.encoding=UTF-8
12-Apr-2025 15:53:39.944 INFO [main] org.apache.catalina.startup.VersionLoggerListener.log Command line argument: -Dsun.stderr.encoding=UTF-8
12-Apr-2025 15:53:39.948 INFO [main] org.apache.catalina.core.AprLifecycleListener.lifecycleEvent Loaded Apache Tomcat Native library [1.3.1] using APR version [1.7.4].
12-Apr-2025 15:53:39.948 INFO [main] org.apache.catalina.core.AprLifecycleListener.lifecycleEvent APR capabilities: IPv6 [true], sendfile [true], accept filters [false], random [true], UDS [true].
12-Apr-2025 15:53:39.948 INFO [main] org.apache.catalina.core.AprLifecycleListener.lifecycleEvent APR/OpenSSL configuration: useAprConnector [false], useOpenSSL [true]
12-Apr-2025 15:53:39.955 INFO [main] org.apache.catalina.core.AprLifecycleListener.initializeSSL OpenSSL successfully initialized [OpenSSL 3.0.14 4 Jun 2024]
12-Apr-2025 15:53:40.382 INFO [main] org.apache.coyote.AbstractProtocol.init Initializing ProtocolHandler ["http-nio-8080"]
12-Apr-2025 15:53:40.411 INFO [main] org.apache.catalina.startup.Catalina.load Server initialization in [755] milliseconds
12-Apr-2025 15:53:40.471 INFO [main] org.apache.catalina.core.StandardService.startInternal Starting service [Catalina]
12-Apr-2025 15:53:40.472 INFO [main] org.apache.catalina.core.StandardEngine.startInternal Starting Servlet engine: [Apache Tomcat/9.0.102]
12-Apr-2025 15:53:40.481 INFO [main] org.apache.catalina.startup.HostConfig.deployDescriptor Deploying deployment descriptor [C:\Users\OSHADHA\IdeaProjects\OOP-projectnew\conf\Catalina\localhost\OOP-projectnew.xml]
12-Apr-2025 15:53:41.067 INFO [main] org.apache.catalina.startup.HostConfig.deployDescriptor Deployment of deployment descriptor [C:\Users\OSHADHA\IdeaProjects\OOP-projectnew\conf\Catalina\localhost\OOP-projectnew.xml] has finished in [587] ms
12-Apr-2025 15:53:41.070 INFO [main] org.apache.coyote.AbstractProtocol.start Starting ProtocolHandler ["http-nio-8080"]
12-Apr-2025 15:53:41.090 INFO [main] org.apache.catalina.startup.Catalina.start Server startup in [677] milliseconds
12-Apr-2025 15:56:45.103 INFO [Thread-1] org.apache.coyote.AbstractProtocol.pause Pausing ProtocolHandler ["http-nio-8080"]
12-Apr-2025 15:56:45.115 INFO [Thread-1] org.apache.catalina.core.StandardService.stopInternal Stopping service [Catalina]
12-Apr-2025 15:56:45.126 INFO [Thread-1] org.apache.coyote.AbstractProtocol.stop Stopping ProtocolHandler ["http-nio-8080"]
12-Apr-2025 15:56:45.150 INFO [Thread-1] org.apache.coyote.AbstractProtocol.destroy Destroying ProtocolHandler ["http-nio-8080"]
12-Apr-2025 16:17:51.676 INFO [main] org.apache.catalina.startup.VersionLoggerListener.log Server version name:   Apache Tomcat/9.0.102
12-Apr-2025 16:17:51.681 INFO [main] org.apache.catalina.startup.VersionLoggerListener.log Server built:          Mar 3 2025 19:33:14 UTC
12-Apr-2025 16:17:51.681 INFO [main] org.apache.catalina.startup.VersionLoggerListener.log Server version number: 9.0.102.0
12-Apr-2025 16:17:51.682 INFO [main] org.apache.catalina.startup.VersionLoggerListener.log OS Name:               Windows 10
12-Apr-2025 16:17:51.682 INFO [main] org.apache.catalina.startup.VersionLoggerListener.log OS Version:            10.0
12-Apr-2025 16:17:51.682 INFO [main] org.apache.catalina.startup.VersionLoggerListener.log Architecture:          amd64
12-Apr-2025 16:17:51.682 INFO [main] org.apache.catalina.startup.VersionLoggerListener.log Java Home:             C:\Program Files\Java\jdk-22
12-Apr-2025 16:17:51.682 INFO [main] org.apache.catalina.startup.VersionLoggerListener.log JVM Version:           22.0.1+8-16
12-Apr-2025 16:17:51.682 INFO [main] org.apache.catalina.startup.VersionLoggerListener.log JVM Vendor:            Oracle Corporation
12-Apr-2025 16:17:51.682 INFO [main] org.apache.catalina.startup.VersionLoggerListener.log CATALINA_BASE:         C:\Users\OSHADHA\IdeaProjects\OOP-projectnew
12-Apr-2025 16:17:51.683 INFO [main] org.apache.catalina.startup.VersionLoggerListener.log CATALINA_HOME:         C:\Program Files\Apache Software Foundation\Tomcat 9.0
12-Apr-2025 16:17:51.692 INFO [main] org.apache.catalina.startup.VersionLoggerListener.log Command line argument: --add-opens=java.base/java.lang=ALL-UNNAMED
12-Apr-2025 16:17:51.692 INFO [main] org.apache.catalina.startup.VersionLoggerListener.log Command line argument: --add-opens=java.base/java.io=ALL-UNNAMED
12-Apr-2025 16:17:51.692 INFO [main] org.apache.catalina.startup.VersionLoggerListener.log Command line argument: --add-opens=java.base/java.util=ALL-UNNAMED
12-Apr-2025 16:17:51.692 INFO [main] org.apache.catalina.startup.VersionLoggerListener.log Command line argument: --add-opens=java.base/java.util.concurrent=ALL-UNNAMED
12-Apr-2025 16:17:51.692 INFO [main] org.apache.catalina.startup.VersionLoggerListener.log Command line argument: --add-opens=java.rmi/sun.rmi.transport=ALL-UNNAMED
12-Apr-2025 16:17:51.693 INFO [main] org.apache.catalina.startup.VersionLoggerListener.log Command line argument: -Dcatalina.home=C:\Program Files\Apache Software Foundation\Tomcat 9.0
12-Apr-2025 16:17:51.693 INFO [main] org.apache.catalina.startup.VersionLoggerListener.log Command line argument: -Dcatalina.base=C:\Users\OSHADHA\IdeaProjects\OOP-projectnew
12-Apr-2025 16:17:51.693 INFO [main] org.apache.catalina.startup.VersionLoggerListener.log Command line argument: -Djava.io.tmpdir=C:\Users\OSHADHA\IdeaProjects\OOP-projectnew\temp
12-Apr-2025 16:17:51.693 INFO [main] org.apache.catalina.startup.VersionLoggerListener.log Command line argument: -Djava.util.logging.config.file=C:\Users\OSHADHA\IdeaProjects\OOP-projectnew\conf\logging.properties
12-Apr-2025 16:17:51.693 INFO [main] org.apache.catalina.startup.VersionLoggerListener.log Command line argument: -Djava.util.logging.manager=org.apache.juli.ClassLoaderLogManager
12-Apr-2025 16:17:51.693 INFO [main] org.apache.catalina.startup.VersionLoggerListener.log Command line argument: -javaagent:C:\Program Files\JetBrains\IntelliJ IDEA 2024.3.5\lib\idea_rt.jar=50438
12-Apr-2025 16:17:51.693 INFO [main] org.apache.catalina.startup.VersionLoggerListener.log Command line argument: -Dfile.encoding=UTF-8
12-Apr-2025 16:17:51.693 INFO [main] org.apache.catalina.startup.VersionLoggerListener.log Command line argument: -Dsun.stdout.encoding=UTF-8
12-Apr-2025 16:17:51.693 INFO [main] org.apache.catalina.startup.VersionLoggerListener.log Command line argument: -Dsun.stderr.encoding=UTF-8
12-Apr-2025 16:17:51.700 INFO [main] org.apache.catalina.core.AprLifecycleListener.lifecycleEvent Loaded Apache Tomcat Native library [1.3.1] using APR version [1.7.4].
12-Apr-2025 16:17:51.700 INFO [main] org.apache.catalina.core.AprLifecycleListener.lifecycleEvent APR capabilities: IPv6 [true], sendfile [true], accept filters [false], random [true], UDS [true].
12-Apr-2025 16:17:51.700 INFO [main] org.apache.catalina.core.AprLifecycleListener.lifecycleEvent APR/OpenSSL configuration: useAprConnector [false], useOpenSSL [true]
12-Apr-2025 16:17:51.717 INFO [main] org.apache.catalina.core.AprLifecycleListener.initializeSSL OpenSSL successfully initialized [OpenSSL 3.0.14 4 Jun 2024]
12-Apr-2025 16:17:52.206 INFO [main] org.apache.coyote.AbstractProtocol.init Initializing ProtocolHandler ["http-nio-8080"]
12-Apr-2025 16:17:52.231 INFO [main] org.apache.catalina.startup.Catalina.load Server initialization in [830] milliseconds
12-Apr-2025 16:17:52.302 INFO [main] org.apache.catalina.core.StandardService.startInternal Starting service [Catalina]
12-Apr-2025 16:17:52.302 INFO [main] org.apache.catalina.core.StandardEngine.startInternal Starting Servlet engine: [Apache Tomcat/9.0.102]
12-Apr-2025 16:17:52.311 INFO [main] org.apache.catalina.startup.HostConfig.deployDescriptor Deploying deployment descriptor [C:\Users\OSHADHA\IdeaProjects\OOP-projectnew\conf\Catalina\localhost\OOP-projectnew.xml]
12-Apr-2025 16:17:52.984 INFO [main] org.apache.catalina.startup.HostConfig.deployDescriptor Deployment of deployment descriptor [C:\Users\OSHADHA\IdeaProjects\OOP-projectnew\conf\Catalina\localhost\OOP-projectnew.xml] has finished in [672] ms
12-Apr-2025 16:17:52.988 INFO [main] org.apache.coyote.AbstractProtocol.start Starting ProtocolHandler ["http-nio-8080"]
12-Apr-2025 16:17:53.019 INFO [main] org.apache.catalina.startup.Catalina.start Server startup in [786] milliseconds
12-Apr-2025 16:27:25.335 INFO [Thread-1] org.apache.coyote.AbstractProtocol.pause Pausing ProtocolHandler ["http-nio-8080"]
12-Apr-2025 16:27:25.346 INFO [Thread-1] org.apache.catalina.core.StandardService.stopInternal Stopping service [Catalina]
12-Apr-2025 16:27:25.363 INFO [Thread-1] org.apache.coyote.AbstractProtocol.stop Stopping ProtocolHandler ["http-nio-8080"]
12-Apr-2025 16:27:25.382 INFO [Thread-1] org.apache.coyote.AbstractProtocol.destroy Destroying ProtocolHandler ["http-nio-8080"]
12-Apr-2025 16:27:29.343 INFO [main] org.apache.catalina.startup.VersionLoggerListener.log Server version name:   Apache Tomcat/9.0.102
12-Apr-2025 16:27:29.348 INFO [main] org.apache.catalina.startup.VersionLoggerListener.log Server built:          Mar 3 2025 19:33:14 UTC
12-Apr-2025 16:27:29.348 INFO [main] org.apache.catalina.startup.VersionLoggerListener.log Server version number: 9.0.102.0
12-Apr-2025 16:27:29.348 INFO [main] org.apache.catalina.startup.VersionLoggerListener.log OS Name:               Windows 10
12-Apr-2025 16:27:29.349 INFO [main] org.apache.catalina.startup.VersionLoggerListener.log OS Version:            10.0
12-Apr-2025 16:27:29.349 INFO [main] org.apache.catalina.startup.VersionLoggerListener.log Architecture:          amd64
12-Apr-2025 16:27:29.349 INFO [main] org.apache.catalina.startup.VersionLoggerListener.log Java Home:             C:\Program Files\Java\jdk-22
12-Apr-2025 16:27:29.349 INFO [main] org.apache.catalina.startup.VersionLoggerListener.log JVM Version:           22.0.1+8-16
12-Apr-2025 16:27:29.349 INFO [main] org.apache.catalina.startup.VersionLoggerListener.log JVM Vendor:            Oracle Corporation
12-Apr-2025 16:27:29.349 INFO [main] org.apache.catalina.startup.VersionLoggerListener.log CATALINA_BASE:         C:\Users\OSHADHA\IdeaProjects\OOP-projectnew
12-Apr-2025 16:27:29.349 INFO [main] org.apache.catalina.startup.VersionLoggerListener.log CATALINA_HOME:         C:\Program Files\Apache Software Foundation\Tomcat 9.0
12-Apr-2025 16:27:29.356 INFO [main] org.apache.catalina.startup.VersionLoggerListener.log Command line argument: --add-opens=java.base/java.lang=ALL-UNNAMED
12-Apr-2025 16:27:29.357 INFO [main] org.apache.catalina.startup.VersionLoggerListener.log Command line argument: --add-opens=java.base/java.io=ALL-UNNAMED
12-Apr-2025 16:27:29.357 INFO [main] org.apache.catalina.startup.VersionLoggerListener.log Command line argument: --add-opens=java.base/java.util=ALL-UNNAMED
12-Apr-2025 16:27:29.357 INFO [main] org.apache.catalina.startup.VersionLoggerListener.log Command line argument: --add-opens=java.base/java.util.concurrent=ALL-UNNAMED
12-Apr-2025 16:27:29.357 INFO [main] org.apache.catalina.startup.VersionLoggerListener.log Command line argument: --add-opens=java.rmi/sun.rmi.transport=ALL-UNNAMED
12-Apr-2025 16:27:29.357 INFO [main] org.apache.catalina.startup.VersionLoggerListener.log Command line argument: -Dcatalina.home=C:\Program Files\Apache Software Foundation\Tomcat 9.0
12-Apr-2025 16:27:29.357 INFO [main] org.apache.catalina.startup.VersionLoggerListener.log Command line argument: -Dcatalina.base=C:\Users\OSHADHA\IdeaProjects\OOP-projectnew
12-Apr-2025 16:27:29.357 INFO [main] org.apache.catalina.startup.VersionLoggerListener.log Command line argument: -Djava.io.tmpdir=C:\Users\OSHADHA\IdeaProjects\OOP-projectnew\temp
12-Apr-2025 16:27:29.357 INFO [main] org.apache.catalina.startup.VersionLoggerListener.log Command line argument: -Djava.util.logging.config.file=C:\Users\OSHADHA\IdeaProjects\OOP-projectnew\conf\logging.properties
12-Apr-2025 16:27:29.357 INFO [main] org.apache.catalina.startup.VersionLoggerListener.log Command line argument: -Djava.util.logging.manager=org.apache.juli.ClassLoaderLogManager
12-Apr-2025 16:27:29.357 INFO [main] org.apache.catalina.startup.VersionLoggerListener.log Command line argument: -javaagent:C:\Program Files\JetBrains\IntelliJ IDEA 2024.3.5\lib\idea_rt.jar=50559
12-Apr-2025 16:27:29.357 INFO [main] org.apache.catalina.startup.VersionLoggerListener.log Command line argument: -Dfile.encoding=UTF-8
12-Apr-2025 16:27:29.357 INFO [main] org.apache.catalina.startup.VersionLoggerListener.log Command line argument: -Dsun.stdout.encoding=UTF-8
12-Apr-2025 16:27:29.358 INFO [main] org.apache.catalina.startup.VersionLoggerListener.log Command line argument: -Dsun.stderr.encoding=UTF-8
12-Apr-2025 16:27:29.362 INFO [main] org.apache.catalina.core.AprLifecycleListener.lifecycleEvent Loaded Apache Tomcat Native library [1.3.1] using APR version [1.7.4].
12-Apr-2025 16:27:29.362 INFO [main] org.apache.catalina.core.AprLifecycleListener.lifecycleEvent APR capabilities: IPv6 [true], sendfile [true], accept filters [false], random [true], UDS [true].
12-Apr-2025 16:27:29.362 INFO [main] org.apache.catalina.core.AprLifecycleListener.lifecycleEvent APR/OpenSSL configuration: useAprConnector [false], useOpenSSL [true]
12-Apr-2025 16:27:29.369 INFO [main] org.apache.catalina.core.AprLifecycleListener.initializeSSL OpenSSL successfully initialized [OpenSSL 3.0.14 4 Jun 2024]
12-Apr-2025 16:27:29.915 INFO [main] org.apache.coyote.AbstractProtocol.init Initializing ProtocolHandler ["http-nio-8080"]
12-Apr-2025 16:27:29.943 INFO [main] org.apache.catalina.startup.Catalina.load Server initialization in [1004] milliseconds
12-Apr-2025 16:27:30.011 INFO [main] org.apache.catalina.core.StandardService.startInternal Starting service [Catalina]
12-Apr-2025 16:27:30.012 INFO [main] org.apache.catalina.core.StandardEngine.startInternal Starting Servlet engine: [Apache Tomcat/9.0.102]
12-Apr-2025 16:27:30.026 INFO [main] org.apache.catalina.startup.HostConfig.deployDescriptor Deploying deployment descriptor [C:\Users\OSHADHA\IdeaProjects\OOP-projectnew\conf\Catalina\localhost\OOP-projectnew.xml]
12-Apr-2025 16:27:30.908 INFO [main] org.apache.catalina.startup.HostConfig.deployDescriptor Deployment of deployment descriptor [C:\Users\OSHADHA\IdeaProjects\OOP-projectnew\conf\Catalina\localhost\OOP-projectnew.xml] has finished in [882] ms
12-Apr-2025 16:27:30.912 INFO [main] org.apache.coyote.AbstractProtocol.start Starting ProtocolHandler ["http-nio-8080"]
12-Apr-2025 16:27:30.944 INFO [main] org.apache.catalina.startup.Catalina.start Server startup in [998] milliseconds
12-Apr-2025 16:29:56.218 INFO [Thread-1] org.apache.coyote.AbstractProtocol.pause Pausing ProtocolHandler ["http-nio-8080"]
12-Apr-2025 16:29:56.228 INFO [Thread-1] org.apache.catalina.core.StandardService.stopInternal Stopping service [Catalina]
12-Apr-2025 16:29:56.287 INFO [Thread-1] org.apache.coyote.AbstractProtocol.stop Stopping ProtocolHandler ["http-nio-8080"]
12-Apr-2025 16:29:56.291 INFO [Thread-1] org.apache.coyote.AbstractProtocol.destroy Destroying ProtocolHandler ["http-nio-8080"]
12-Apr-2025 16:29:59.054 INFO [main] org.apache.catalina.startup.VersionLoggerListener.log Server version name:   Apache Tomcat/9.0.102
12-Apr-2025 16:29:59.082 INFO [main] org.apache.catalina.startup.VersionLoggerListener.log Server built:          Mar 3 2025 19:33:14 UTC
12-Apr-2025 16:29:59.082 INFO [main] org.apache.catalina.startup.VersionLoggerListener.log Server version number: 9.0.102.0
12-Apr-2025 16:29:59.082 INFO [main] org.apache.catalina.startup.VersionLoggerListener.log OS Name:               Windows 10
12-Apr-2025 16:29:59.082 INFO [main] org.apache.catalina.startup.VersionLoggerListener.log OS Version:            10.0
12-Apr-2025 16:29:59.082 INFO [main] org.apache.catalina.startup.VersionLoggerListener.log Architecture:          amd64
12-Apr-2025 16:29:59.083 INFO [main] org.apache.catalina.startup.VersionLoggerListener.log Java Home:             C:\Program Files\Java\jdk-22
12-Apr-2025 16:29:59.083 INFO [main] org.apache.catalina.startup.VersionLoggerListener.log JVM Version:           22.0.1+8-16
12-Apr-2025 16:29:59.083 INFO [main] org.apache.catalina.startup.VersionLoggerListener.log JVM Vendor:            Oracle Corporation
12-Apr-2025 16:29:59.083 INFO [main] org.apache.catalina.startup.VersionLoggerListener.log CATALINA_BASE:         C:\Users\OSHADHA\IdeaProjects\OOP-projectnew
12-Apr-2025 16:29:59.083 INFO [main] org.apache.catalina.startup.VersionLoggerListener.log CATALINA_HOME:         C:\Program Files\Apache Software Foundation\Tomcat 9.0
12-Apr-2025 16:29:59.097 INFO [main] org.apache.catalina.startup.VersionLoggerListener.log Command line argument: --add-opens=java.base/java.lang=ALL-UNNAMED
12-Apr-2025 16:29:59.098 INFO [main] org.apache.catalina.startup.VersionLoggerListener.log Command line argument: --add-opens=java.base/java.io=ALL-UNNAMED
12-Apr-2025 16:29:59.098 INFO [main] org.apache.catalina.startup.VersionLoggerListener.log Command line argument: --add-opens=java.base/java.util=ALL-UNNAMED
12-Apr-2025 16:29:59.098 INFO [main] org.apache.catalina.startup.VersionLoggerListener.log Command line argument: --add-opens=java.base/java.util.concurrent=ALL-UNNAMED
12-Apr-2025 16:29:59.098 INFO [main] org.apache.catalina.startup.VersionLoggerListener.log Command line argument: --add-opens=java.rmi/sun.rmi.transport=ALL-UNNAMED
12-Apr-2025 16:29:59.098 INFO [main] org.apache.catalina.startup.VersionLoggerListener.log Command line argument: -Dcatalina.home=C:\Program Files\Apache Software Foundation\Tomcat 9.0
12-Apr-2025 16:29:59.098 INFO [main] org.apache.catalina.startup.VersionLoggerListener.log Command line argument: -Dcatalina.base=C:\Users\OSHADHA\IdeaProjects\OOP-projectnew
12-Apr-2025 16:29:59.098 INFO [main] org.apache.catalina.startup.VersionLoggerListener.log Command line argument: -Djava.io.tmpdir=C:\Users\OSHADHA\IdeaProjects\OOP-projectnew\temp
12-Apr-2025 16:29:59.098 INFO [main] org.apache.catalina.startup.VersionLoggerListener.log Command line argument: -Djava.util.logging.config.file=C:\Users\OSHADHA\IdeaProjects\OOP-projectnew\conf\logging.properties
12-Apr-2025 16:29:59.099 INFO [main] org.apache.catalina.startup.VersionLoggerListener.log Command line argument: -Djava.util.logging.manager=org.apache.juli.ClassLoaderLogManager
12-Apr-2025 16:29:59.099 INFO [main] org.apache.catalina.startup.VersionLoggerListener.log Command line argument: -javaagent:C:\Program Files\JetBrains\IntelliJ IDEA 2024.3.5\lib\idea_rt.jar=50666
12-Apr-2025 16:29:59.099 INFO [main] org.apache.catalina.startup.VersionLoggerListener.log Command line argument: -Dfile.encoding=UTF-8
12-Apr-2025 16:29:59.099 INFO [main] org.apache.catalina.startup.VersionLoggerListener.log Command line argument: -Dsun.stdout.encoding=UTF-8
12-Apr-2025 16:29:59.099 INFO [main] org.apache.catalina.startup.VersionLoggerListener.log Command line argument: -Dsun.stderr.encoding=UTF-8
12-Apr-2025 16:29:59.105 INFO [main] org.apache.catalina.core.AprLifecycleListener.lifecycleEvent Loaded Apache Tomcat Native library [1.3.1] using APR version [1.7.4].
12-Apr-2025 16:29:59.105 INFO [main] org.apache.catalina.core.AprLifecycleListener.lifecycleEvent APR capabilities: IPv6 [true], sendfile [true], accept filters [false], random [true], UDS [true].
12-Apr-2025 16:29:59.105 INFO [main] org.apache.catalina.core.AprLifecycleListener.lifecycleEvent APR/OpenSSL configuration: useAprConnector [false], useOpenSSL [true]
12-Apr-2025 16:29:59.127 INFO [main] org.apache.catalina.core.AprLifecycleListener.initializeSSL OpenSSL successfully initialized [OpenSSL 3.0.14 4 Jun 2024]
12-Apr-2025 16:29:59.673 INFO [main] org.apache.coyote.AbstractProtocol.init Initializing ProtocolHandler ["http-nio-8080"]
12-Apr-2025 16:29:59.701 INFO [main] org.apache.catalina.startup.Catalina.load Server initialization in [1160] milliseconds
12-Apr-2025 16:29:59.769 INFO [main] org.apache.catalina.core.StandardService.startInternal Starting service [Catalina]
12-Apr-2025 16:29:59.769 INFO [main] org.apache.catalina.core.StandardEngine.startInternal Starting Servlet engine: [Apache Tomcat/9.0.102]
12-Apr-2025 16:29:59.781 INFO [main] org.apache.catalina.startup.HostConfig.deployDescriptor Deploying deployment descriptor [C:\Users\OSHADHA\IdeaProjects\OOP-projectnew\conf\Catalina\localhost\OOP-projectnew.xml]
12-Apr-2025 16:30:00.487 INFO [main] org.apache.catalina.startup.HostConfig.deployDescriptor Deployment of deployment descriptor [C:\Users\OSHADHA\IdeaProjects\OOP-projectnew\conf\Catalina\localhost\OOP-projectnew.xml] has finished in [705] ms
12-Apr-2025 16:30:00.490 INFO [main] org.apache.coyote.AbstractProtocol.start Starting ProtocolHandler ["http-nio-8080"]
12-Apr-2025 16:30:00.515 INFO [main] org.apache.catalina.startup.Catalina.start Server startup in [811] milliseconds
12-Apr-2025 16:31:46.758 INFO [Thread-1] org.apache.coyote.AbstractProtocol.pause Pausing ProtocolHandler ["http-nio-8080"]
12-Apr-2025 16:31:46.768 INFO [Thread-1] org.apache.catalina.core.StandardService.stopInternal Stopping service [Catalina]
12-Apr-2025 16:31:46.778 INFO [Thread-1] org.apache.coyote.AbstractProtocol.stop Stopping ProtocolHandler ["http-nio-8080"]
12-Apr-2025 16:31:46.780 INFO [Thread-1] org.apache.coyote.AbstractProtocol.destroy Destroying ProtocolHandler ["http-nio-8080"]
12-Apr-2025 17:13:15.094 INFO [main] org.apache.catalina.startup.VersionLoggerListener.log Server version name:   Apache Tomcat/9.0.102
12-Apr-2025 17:13:15.099 INFO [main] org.apache.catalina.startup.VersionLoggerListener.log Server built:          Mar 3 2025 19:33:14 UTC
12-Apr-2025 17:13:15.099 INFO [main] org.apache.catalina.startup.VersionLoggerListener.log Server version number: 9.0.102.0
12-Apr-2025 17:13:15.100 INFO [main] org.apache.catalina.startup.VersionLoggerListener.log OS Name:               Windows 10
12-Apr-2025 17:13:15.100 INFO [main] org.apache.catalina.startup.VersionLoggerListener.log OS Version:            10.0
12-Apr-2025 17:13:15.100 INFO [main] org.apache.catalina.startup.VersionLoggerListener.log Architecture:          amd64
12-Apr-2025 17:13:15.100 INFO [main] org.apache.catalina.startup.VersionLoggerListener.log Java Home:             C:\Program Files\Java\jdk-22
12-Apr-2025 17:13:15.100 INFO [main] org.apache.catalina.startup.VersionLoggerListener.log JVM Version:           22.0.1+8-16
12-Apr-2025 17:13:15.100 INFO [main] org.apache.catalina.startup.VersionLoggerListener.log JVM Vendor:            Oracle Corporation
12-Apr-2025 17:13:15.100 INFO [main] org.apache.catalina.startup.VersionLoggerListener.log CATALINA_BASE:         C:\Users\OSHADHA\IdeaProjects\OOP-projectnew
12-Apr-2025 17:13:15.100 INFO [main] org.apache.catalina.startup.VersionLoggerListener.log CATALINA_HOME:         C:\Program Files\Apache Software Foundation\Tomcat 9.0
12-Apr-2025 17:13:15.107 INFO [main] org.apache.catalina.startup.VersionLoggerListener.log Command line argument: --add-opens=java.base/java.lang=ALL-UNNAMED
12-Apr-2025 17:13:15.107 INFO [main] org.apache.catalina.startup.VersionLoggerListener.log Command line argument: --add-opens=java.base/java.io=ALL-UNNAMED
12-Apr-2025 17:13:15.107 INFO [main] org.apache.catalina.startup.VersionLoggerListener.log Command line argument: --add-opens=java.base/java.util=ALL-UNNAMED
12-Apr-2025 17:13:15.107 INFO [main] org.apache.catalina.startup.VersionLoggerListener.log Command line argument: --add-opens=java.base/java.util.concurrent=ALL-UNNAMED
12-Apr-2025 17:13:15.107 INFO [main] org.apache.catalina.startup.VersionLoggerListener.log Command line argument: --add-opens=java.rmi/sun.rmi.transport=ALL-UNNAMED
12-Apr-2025 17:13:15.108 INFO [main] org.apache.catalina.startup.VersionLoggerListener.log Command line argument: -Dcatalina.home=C:\Program Files\Apache Software Foundation\Tomcat 9.0
12-Apr-2025 17:13:15.108 INFO [main] org.apache.catalina.startup.VersionLoggerListener.log Command line argument: -Dcatalina.base=C:\Users\OSHADHA\IdeaProjects\OOP-projectnew
12-Apr-2025 17:13:15.108 INFO [main] org.apache.catalina.startup.VersionLoggerListener.log Command line argument: -Djava.io.tmpdir=C:\Users\OSHADHA\IdeaProjects\OOP-projectnew\temp
12-Apr-2025 17:13:15.108 INFO [main] org.apache.catalina.startup.VersionLoggerListener.log Command line argument: -Djava.util.logging.config.file=C:\Users\OSHADHA\IdeaProjects\OOP-projectnew\conf\logging.properties
12-Apr-2025 17:13:15.108 INFO [main] org.apache.catalina.startup.VersionLoggerListener.log Command line argument: -Djava.util.logging.manager=org.apache.juli.ClassLoaderLogManager
12-Apr-2025 17:13:15.108 INFO [main] org.apache.catalina.startup.VersionLoggerListener.log Command line argument: -javaagent:C:\Program Files\JetBrains\IntelliJ IDEA 2024.3.5\lib\idea_rt.jar=50896
12-Apr-2025 17:13:15.108 INFO [main] org.apache.catalina.startup.VersionLoggerListener.log Command line argument: -Dfile.encoding=UTF-8
12-Apr-2025 17:13:15.108 INFO [main] org.apache.catalina.startup.VersionLoggerListener.log Command line argument: -Dsun.stdout.encoding=UTF-8
12-Apr-2025 17:13:15.108 INFO [main] org.apache.catalina.startup.VersionLoggerListener.log Command line argument: -Dsun.stderr.encoding=UTF-8
12-Apr-2025 17:13:15.114 INFO [main] org.apache.catalina.core.AprLifecycleListener.lifecycleEvent Loaded Apache Tomcat Native library [1.3.1] using APR version [1.7.4].
12-Apr-2025 17:13:15.115 INFO [main] org.apache.catalina.core.AprLifecycleListener.lifecycleEvent APR capabilities: IPv6 [true], sendfile [true], accept filters [false], random [true], UDS [true].
12-Apr-2025 17:13:15.115 INFO [main] org.apache.catalina.core.AprLifecycleListener.lifecycleEvent APR/OpenSSL configuration: useAprConnector [false], useOpenSSL [true]
12-Apr-2025 17:13:15.132 INFO [main] org.apache.catalina.core.AprLifecycleListener.initializeSSL OpenSSL successfully initialized [OpenSSL 3.0.14 4 Jun 2024]
12-Apr-2025 17:13:15.551 INFO [main] org.apache.coyote.AbstractProtocol.init Initializing ProtocolHandler ["http-nio-8080"]
12-Apr-2025 17:13:15.574 INFO [main] org.apache.catalina.startup.Catalina.load Server initialization in [792] milliseconds
12-Apr-2025 17:13:15.637 INFO [main] org.apache.catalina.core.StandardService.startInternal Starting service [Catalina]
12-Apr-2025 17:13:15.637 INFO [main] org.apache.catalina.core.StandardEngine.startInternal Starting Servlet engine: [Apache Tomcat/9.0.102]
12-Apr-2025 17:13:15.647 INFO [main] org.apache.catalina.startup.HostConfig.deployDescriptor Deploying deployment descriptor [C:\Users\OSHADHA\IdeaProjects\OOP-projectnew\conf\Catalina\localhost\OOP-projectnew.xml]
12-Apr-2025 17:13:16.233 INFO [main] org.apache.catalina.startup.HostConfig.deployDescriptor Deployment of deployment descriptor [C:\Users\OSHADHA\IdeaProjects\OOP-projectnew\conf\Catalina\localhost\OOP-projectnew.xml] has finished in [585] ms
12-Apr-2025 17:13:16.236 INFO [main] org.apache.coyote.AbstractProtocol.start Starting ProtocolHandler ["http-nio-8080"]
12-Apr-2025 17:13:16.257 INFO [main] org.apache.catalina.startup.Catalina.start Server startup in [681] milliseconds
12-Apr-2025 17:25:00.181 INFO [Thread-1] org.apache.coyote.AbstractProtocol.pause Pausing ProtocolHandler ["http-nio-8080"]
12-Apr-2025 17:25:00.192 INFO [Thread-1] org.apache.catalina.core.StandardService.stopInternal Stopping service [Catalina]
12-Apr-2025 17:25:00.205 INFO [Thread-1] org.apache.coyote.AbstractProtocol.stop Stopping ProtocolHandler ["http-nio-8080"]
12-Apr-2025 17:25:00.217 INFO [Thread-1] org.apache.coyote.AbstractProtocol.destroy Destroying ProtocolHandler ["http-nio-8080"]
12-Apr-2025 17:25:03.361 INFO [main] org.apache.catalina.startup.VersionLoggerListener.log Server version name:   Apache Tomcat/9.0.102
12-Apr-2025 17:25:03.371 INFO [main] org.apache.catalina.startup.VersionLoggerListener.log Server built:          Mar 3 2025 19:33:14 UTC
12-Apr-2025 17:25:03.371 INFO [main] org.apache.catalina.startup.VersionLoggerListener.log Server version number: 9.0.102.0
12-Apr-2025 17:25:03.371 INFO [main] org.apache.catalina.startup.VersionLoggerListener.log OS Name:               Windows 10
12-Apr-2025 17:25:03.371 INFO [main] org.apache.catalina.startup.VersionLoggerListener.log OS Version:            10.0
12-Apr-2025 17:25:03.371 INFO [main] org.apache.catalina.startup.VersionLoggerListener.log Architecture:          amd64
12-Apr-2025 17:25:03.371 INFO [main] org.apache.catalina.startup.VersionLoggerListener.log Java Home:             C:\Program Files\Java\jdk-22
12-Apr-2025 17:25:03.371 INFO [main] org.apache.catalina.startup.VersionLoggerListener.log JVM Version:           22.0.1+8-16
12-Apr-2025 17:25:03.371 INFO [main] org.apache.catalina.startup.VersionLoggerListener.log JVM Vendor:            Oracle Corporation
12-Apr-2025 17:25:03.371 INFO [main] org.apache.catalina.startup.VersionLoggerListener.log CATALINA_BASE:         C:\Users\OSHADHA\IdeaProjects\OOP-projectnew
12-Apr-2025 17:25:03.371 INFO [main] org.apache.catalina.startup.VersionLoggerListener.log CATALINA_HOME:         C:\Program Files\Apache Software Foundation\Tomcat 9.0
12-Apr-2025 17:25:03.383 INFO [main] org.apache.catalina.startup.VersionLoggerListener.log Command line argument: --add-opens=java.base/java.lang=ALL-UNNAMED
12-Apr-2025 17:25:03.383 INFO [main] org.apache.catalina.startup.VersionLoggerListener.log Command line argument: --add-opens=java.base/java.io=ALL-UNNAMED
12-Apr-2025 17:25:03.383 INFO [main] org.apache.catalina.startup.VersionLoggerListener.log Command line argument: --add-opens=java.base/java.util=ALL-UNNAMED
12-Apr-2025 17:25:03.383 INFO [main] org.apache.catalina.startup.VersionLoggerListener.log Command line argument: --add-opens=java.base/java.util.concurrent=ALL-UNNAMED
12-Apr-2025 17:25:03.383 INFO [main] org.apache.catalina.startup.VersionLoggerListener.log Command line argument: --add-opens=java.rmi/sun.rmi.transport=ALL-UNNAMED
12-Apr-2025 17:25:03.384 INFO [main] org.apache.catalina.startup.VersionLoggerListener.log Command line argument: -Dcatalina.home=C:\Program Files\Apache Software Foundation\Tomcat 9.0
12-Apr-2025 17:25:03.384 INFO [main] org.apache.catalina.startup.VersionLoggerListener.log Command line argument: -Dcatalina.base=C:\Users\OSHADHA\IdeaProjects\OOP-projectnew
12-Apr-2025 17:25:03.384 INFO [main] org.apache.catalina.startup.VersionLoggerListener.log Command line argument: -Djava.io.tmpdir=C:\Users\OSHADHA\IdeaProjects\OOP-projectnew\temp
12-Apr-2025 17:25:03.384 INFO [main] org.apache.catalina.startup.VersionLoggerListener.log Command line argument: -Djava.util.logging.config.file=C:\Users\OSHADHA\IdeaProjects\OOP-projectnew\conf\logging.properties
12-Apr-2025 17:25:03.384 INFO [main] org.apache.catalina.startup.VersionLoggerListener.log Command line argument: -Djava.util.logging.manager=org.apache.juli.ClassLoaderLogManager
12-Apr-2025 17:25:03.384 INFO [main] org.apache.catalina.startup.VersionLoggerListener.log Command line argument: -javaagent:C:\Program Files\JetBrains\IntelliJ IDEA 2024.3.5\lib\idea_rt.jar=51013
12-Apr-2025 17:25:03.384 INFO [main] org.apache.catalina.startup.VersionLoggerListener.log Command line argument: -Dfile.encoding=UTF-8
12-Apr-2025 17:25:03.384 INFO [main] org.apache.catalina.startup.VersionLoggerListener.log Command line argument: -Dsun.stdout.encoding=UTF-8
12-Apr-2025 17:25:03.384 INFO [main] org.apache.catalina.startup.VersionLoggerListener.log Command line argument: -Dsun.stderr.encoding=UTF-8
12-Apr-2025 17:25:03.392 INFO [main] org.apache.catalina.core.AprLifecycleListener.lifecycleEvent Loaded Apache Tomcat Native library [1.3.1] using APR version [1.7.4].
12-Apr-2025 17:25:03.392 INFO [main] org.apache.catalina.core.AprLifecycleListener.lifecycleEvent APR capabilities: IPv6 [true], sendfile [true], accept filters [false], random [true], UDS [true].
12-Apr-2025 17:25:03.392 INFO [main] org.apache.catalina.core.AprLifecycleListener.lifecycleEvent APR/OpenSSL configuration: useAprConnector [false], useOpenSSL [true]
12-Apr-2025 17:25:03.400 INFO [main] org.apache.catalina.core.AprLifecycleListener.initializeSSL OpenSSL successfully initialized [OpenSSL 3.0.14 4 Jun 2024]
12-Apr-2025 17:25:04.009 INFO [main] org.apache.coyote.AbstractProtocol.init Initializing ProtocolHandler ["http-nio-8080"]
12-Apr-2025 17:25:04.041 INFO [main] org.apache.catalina.startup.Catalina.load Server initialization in [1288] milliseconds
12-Apr-2025 17:25:04.111 INFO [main] org.apache.catalina.core.StandardService.startInternal Starting service [Catalina]
12-Apr-2025 17:25:04.111 INFO [main] org.apache.catalina.core.StandardEngine.startInternal Starting Servlet engine: [Apache Tomcat/9.0.102]
12-Apr-2025 17:25:04.121 INFO [main] org.apache.catalina.startup.HostConfig.deployDescriptor Deploying deployment descriptor [C:\Users\OSHADHA\IdeaProjects\OOP-projectnew\conf\Catalina\localhost\OOP-projectnew.xml]
12-Apr-2025 17:25:04.895 INFO [main] org.apache.catalina.startup.HostConfig.deployDescriptor Deployment of deployment descriptor [C:\Users\OSHADHA\IdeaProjects\OOP-projectnew\conf\Catalina\localhost\OOP-projectnew.xml] has finished in [773] ms
12-Apr-2025 17:25:04.898 INFO [main] org.apache.coyote.AbstractProtocol.start Starting ProtocolHandler ["http-nio-8080"]
12-Apr-2025 17:25:04.927 INFO [main] org.apache.catalina.startup.Catalina.start Server startup in [883] milliseconds
12-Apr-2025 17:25:21.213 INFO [Thread-1] org.apache.coyote.AbstractProtocol.pause Pausing ProtocolHandler ["http-nio-8080"]
12-Apr-2025 17:25:21.221 INFO [Thread-1] org.apache.catalina.core.StandardService.stopInternal Stopping service [Catalina]
12-Apr-2025 17:25:21.232 INFO [Thread-1] org.apache.coyote.AbstractProtocol.stop Stopping ProtocolHandler ["http-nio-8080"]
12-Apr-2025 17:25:21.235 INFO [Thread-1] org.apache.coyote.AbstractProtocol.destroy Destroying ProtocolHandler ["http-nio-8080"]
12-Apr-2025 17:25:22.997 INFO [main] org.apache.catalina.startup.VersionLoggerListener.log Server version name:   Apache Tomcat/9.0.102
12-Apr-2025 17:25:23.004 INFO [main] org.apache.catalina.startup.VersionLoggerListener.log Server built:          Mar 3 2025 19:33:14 UTC
12-Apr-2025 17:25:23.004 INFO [main] org.apache.catalina.startup.VersionLoggerListener.log Server version number: 9.0.102.0
12-Apr-2025 17:25:23.005 INFO [main] org.apache.catalina.startup.VersionLoggerListener.log OS Name:               Windows 10
12-Apr-2025 17:25:23.005 INFO [main] org.apache.catalina.startup.VersionLoggerListener.log OS Version:            10.0
12-Apr-2025 17:25:23.005 INFO [main] org.apache.catalina.startup.VersionLoggerListener.log Architecture:          amd64
12-Apr-2025 17:25:23.005 INFO [main] org.apache.catalina.startup.VersionLoggerListener.log Java Home:             C:\Program Files\Java\jdk-22
12-Apr-2025 17:25:23.005 INFO [main] org.apache.catalina.startup.VersionLoggerListener.log JVM Version:           22.0.1+8-16
12-Apr-2025 17:25:23.005 INFO [main] org.apache.catalina.startup.VersionLoggerListener.log JVM Vendor:            Oracle Corporation
12-Apr-2025 17:25:23.005 INFO [main] org.apache.catalina.startup.VersionLoggerListener.log CATALINA_BASE:         C:\Users\OSHADHA\IdeaProjects\OOP-projectnew
12-Apr-2025 17:25:23.006 INFO [main] org.apache.catalina.startup.VersionLoggerListener.log CATALINA_HOME:         C:\Program Files\Apache Software Foundation\Tomcat 9.0
12-Apr-2025 17:25:23.021 INFO [main] org.apache.catalina.startup.VersionLoggerListener.log Command line argument: --add-opens=java.base/java.lang=ALL-UNNAMED
12-Apr-2025 17:25:23.021 INFO [main] org.apache.catalina.startup.VersionLoggerListener.log Command line argument: --add-opens=java.base/java.io=ALL-UNNAMED
12-Apr-2025 17:25:23.021 INFO [main] org.apache.catalina.startup.VersionLoggerListener.log Command line argument: --add-opens=java.base/java.util=ALL-UNNAMED
12-Apr-2025 17:25:23.022 INFO [main] org.apache.catalina.startup.VersionLoggerListener.log Command line argument: --add-opens=java.base/java.util.concurrent=ALL-UNNAMED
12-Apr-2025 17:25:23.022 INFO [main] org.apache.catalina.startup.VersionLoggerListener.log Command line argument: --add-opens=java.rmi/sun.rmi.transport=ALL-UNNAMED
12-Apr-2025 17:25:23.022 INFO [main] org.apache.catalina.startup.VersionLoggerListener.log Command line argument: -Dcatalina.home=C:\Program Files\Apache Software Foundation\Tomcat 9.0
12-Apr-2025 17:25:23.022 INFO [main] org.apache.catalina.startup.VersionLoggerListener.log Command line argument: -Dcatalina.base=C:\Users\OSHADHA\IdeaProjects\OOP-projectnew
12-Apr-2025 17:25:23.022 INFO [main] org.apache.catalina.startup.VersionLoggerListener.log Command line argument: -Djava.io.tmpdir=C:\Users\OSHADHA\IdeaProjects\OOP-projectnew\temp
12-Apr-2025 17:25:23.022 INFO [main] org.apache.catalina.startup.VersionLoggerListener.log Command line argument: -Djava.util.logging.config.file=C:\Users\OSHADHA\IdeaProjects\OOP-projectnew\conf\logging.properties
12-Apr-2025 17:25:23.022 INFO [main] org.apache.catalina.startup.VersionLoggerListener.log Command line argument: -Djava.util.logging.manager=org.apache.juli.ClassLoaderLogManager
12-Apr-2025 17:25:23.022 INFO [main] org.apache.catalina.startup.VersionLoggerListener.log Command line argument: -javaagent:C:\Program Files\JetBrains\IntelliJ IDEA 2024.3.5\lib\idea_rt.jar=51044
12-Apr-2025 17:25:23.023 INFO [main] org.apache.catalina.startup.VersionLoggerListener.log Command line argument: -Dfile.encoding=UTF-8
12-Apr-2025 17:25:23.023 INFO [main] org.apache.catalina.startup.VersionLoggerListener.log Command line argument: -Dsun.stdout.encoding=UTF-8
12-Apr-2025 17:25:23.023 INFO [main] org.apache.catalina.startup.VersionLoggerListener.log Command line argument: -Dsun.stderr.encoding=UTF-8
12-Apr-2025 17:25:23.028 INFO [main] org.apache.catalina.core.AprLifecycleListener.lifecycleEvent Loaded Apache Tomcat Native library [1.3.1] using APR version [1.7.4].
12-Apr-2025 17:25:23.029 INFO [main] org.apache.catalina.core.AprLifecycleListener.lifecycleEvent APR capabilities: IPv6 [true], sendfile [true], accept filters [false], random [true], UDS [true].
12-Apr-2025 17:25:23.029 INFO [main] org.apache.catalina.core.AprLifecycleListener.lifecycleEvent APR/OpenSSL configuration: useAprConnector [false], useOpenSSL [true]
12-Apr-2025 17:25:23.043 INFO [main] org.apache.catalina.core.AprLifecycleListener.initializeSSL OpenSSL successfully initialized [OpenSSL 3.0.14 4 Jun 2024]
12-Apr-2025 17:25:24.014 INFO [main] org.apache.coyote.AbstractProtocol.init Initializing ProtocolHandler ["http-nio-8080"]
12-Apr-2025 17:25:24.046 INFO [main] org.apache.catalina.startup.Catalina.load Server initialization in [1469] milliseconds
12-Apr-2025 17:25:24.115 INFO [main] org.apache.catalina.core.StandardService.startInternal Starting service [Catalina]
12-Apr-2025 17:25:24.116 INFO [main] org.apache.catalina.core.StandardEngine.startInternal Starting Servlet engine: [Apache Tomcat/9.0.102]
12-Apr-2025 17:25:24.128 INFO [main] org.apache.catalina.startup.HostConfig.deployDescriptor Deploying deployment descriptor [C:\Users\OSHADHA\IdeaProjects\OOP-projectnew\conf\Catalina\localhost\OOP-projectnew.xml]
12-Apr-2025 17:25:24.911 INFO [main] org.apache.catalina.startup.HostConfig.deployDescriptor Deployment of deployment descriptor [C:\Users\OSHADHA\IdeaProjects\OOP-projectnew\conf\Catalina\localhost\OOP-projectnew.xml] has finished in [783] ms
12-Apr-2025 17:25:24.915 INFO [main] org.apache.coyote.AbstractProtocol.start Starting ProtocolHandler ["http-nio-8080"]
12-Apr-2025 17:25:24.939 INFO [main] org.apache.catalina.startup.Catalina.start Server startup in [892] milliseconds
12-Apr-2025 17:34:47.378 INFO [Thread-1] org.apache.coyote.AbstractProtocol.pause Pausing ProtocolHandler ["http-nio-8080"]
12-Apr-2025 17:34:47.389 INFO [Thread-1] org.apache.catalina.core.StandardService.stopInternal Stopping service [Catalina]
12-Apr-2025 17:34:47.399 INFO [Thread-1] org.apache.coyote.AbstractProtocol.stop Stopping ProtocolHandler ["http-nio-8080"]
12-Apr-2025 17:34:47.425 INFO [Thread-1] org.apache.coyote.AbstractProtocol.destroy Destroying ProtocolHandler ["http-nio-8080"]
12-Apr-2025 17:34:49.653 INFO [main] org.apache.catalina.startup.VersionLoggerListener.log Server version name:   Apache Tomcat/9.0.102
12-Apr-2025 17:34:49.660 INFO [main] org.apache.catalina.startup.VersionLoggerListener.log Server built:          Mar 3 2025 19:33:14 UTC
12-Apr-2025 17:34:49.660 INFO [main] org.apache.catalina.startup.VersionLoggerListener.log Server version number: 9.0.102.0
12-Apr-2025 17:34:49.660 INFO [main] org.apache.catalina.startup.VersionLoggerListener.log OS Name:               Windows 10
12-Apr-2025 17:34:49.660 INFO [main] org.apache.catalina.startup.VersionLoggerListener.log OS Version:            10.0
12-Apr-2025 17:34:49.661 INFO [main] org.apache.catalina.startup.VersionLoggerListener.log Architecture:          amd64
12-Apr-2025 17:34:49.661 INFO [main] org.apache.catalina.startup.VersionLoggerListener.log Java Home:             C:\Program Files\Java\jdk-22
12-Apr-2025 17:34:49.661 INFO [main] org.apache.catalina.startup.VersionLoggerListener.log JVM Version:           22.0.1+8-16
12-Apr-2025 17:34:49.661 INFO [main] org.apache.catalina.startup.VersionLoggerListener.log JVM Vendor:            Oracle Corporation
12-Apr-2025 17:34:49.661 INFO [main] org.apache.catalina.startup.VersionLoggerListener.log CATALINA_BASE:         C:\Users\OSHADHA\IdeaProjects\OOP-projectnew
12-Apr-2025 17:34:49.661 INFO [main] org.apache.catalina.startup.VersionLoggerListener.log CATALINA_HOME:         C:\Program Files\Apache Software Foundation\Tomcat 9.0
12-Apr-2025 17:34:49.723 INFO [main] org.apache.catalina.startup.VersionLoggerListener.log Command line argument: --add-opens=java.base/java.lang=ALL-UNNAMED
12-Apr-2025 17:34:49.724 INFO [main] org.apache.catalina.startup.VersionLoggerListener.log Command line argument: --add-opens=java.base/java.io=ALL-UNNAMED
12-Apr-2025 17:34:49.724 INFO [main] org.apache.catalina.startup.VersionLoggerListener.log Command line argument: --add-opens=java.base/java.util=ALL-UNNAMED
12-Apr-2025 17:34:49.725 INFO [main] org.apache.catalina.startup.VersionLoggerListener.log Command line argument: --add-opens=java.base/java.util.concurrent=ALL-UNNAMED
12-Apr-2025 17:34:49.725 INFO [main] org.apache.catalina.startup.VersionLoggerListener.log Command line argument: --add-opens=java.rmi/sun.rmi.transport=ALL-UNNAMED
12-Apr-2025 17:34:49.725 INFO [main] org.apache.catalina.startup.VersionLoggerListener.log Command line argument: -Dcatalina.home=C:\Program Files\Apache Software Foundation\Tomcat 9.0
12-Apr-2025 17:34:49.725 INFO [main] org.apache.catalina.startup.VersionLoggerListener.log Command line argument: -Dcatalina.base=C:\Users\OSHADHA\IdeaProjects\OOP-projectnew
12-Apr-2025 17:34:49.725 INFO [main] org.apache.catalina.startup.VersionLoggerListener.log Command line argument: -Djava.io.tmpdir=C:\Users\OSHADHA\IdeaProjects\OOP-projectnew\temp
12-Apr-2025 17:34:49.726 INFO [main] org.apache.catalina.startup.VersionLoggerListener.log Command line argument: -Djava.util.logging.config.file=C:\Users\OSHADHA\IdeaProjects\OOP-projectnew\conf\logging.properties
12-Apr-2025 17:34:49.726 INFO [main] org.apache.catalina.startup.VersionLoggerListener.log Command line argument: -Djava.util.logging.manager=org.apache.juli.ClassLoaderLogManager
12-Apr-2025 17:34:49.726 INFO [main] org.apache.catalina.startup.VersionLoggerListener.log Command line argument: -javaagent:C:\Program Files\JetBrains\IntelliJ IDEA 2024.3.5\lib\idea_rt.jar=51112
12-Apr-2025 17:34:49.726 INFO [main] org.apache.catalina.startup.VersionLoggerListener.log Command line argument: -Dfile.encoding=UTF-8
12-Apr-2025 17:34:49.726 INFO [main] org.apache.catalina.startup.VersionLoggerListener.log Command line argument: -Dsun.stdout.encoding=UTF-8
12-Apr-2025 17:34:49.726 INFO [main] org.apache.catalina.startup.VersionLoggerListener.log Command line argument: -Dsun.stderr.encoding=UTF-8
12-Apr-2025 17:34:49.731 INFO [main] org.apache.catalina.core.AprLifecycleListener.lifecycleEvent Loaded Apache Tomcat Native library [1.3.1] using APR version [1.7.4].
12-Apr-2025 17:34:49.731 INFO [main] org.apache.catalina.core.AprLifecycleListener.lifecycleEvent APR capabilities: IPv6 [true], sendfile [true], accept filters [false], random [true], UDS [true].
12-Apr-2025 17:34:49.731 INFO [main] org.apache.catalina.core.AprLifecycleListener.lifecycleEvent APR/OpenSSL configuration: useAprConnector [false], useOpenSSL [true]
12-Apr-2025 17:34:49.750 INFO [main] org.apache.catalina.core.AprLifecycleListener.initializeSSL OpenSSL successfully initialized [OpenSSL 3.0.14 4 Jun 2024]
12-Apr-2025 17:34:50.287 INFO [main] org.apache.coyote.AbstractProtocol.init Initializing ProtocolHandler ["http-nio-8080"]
12-Apr-2025 17:34:50.313 INFO [main] org.apache.catalina.startup.Catalina.load Server initialization in [1572] milliseconds
12-Apr-2025 17:34:50.363 INFO [main] org.apache.catalina.core.StandardService.startInternal Starting service [Catalina]
12-Apr-2025 17:34:50.364 INFO [main] org.apache.catalina.core.StandardEngine.startInternal Starting Servlet engine: [Apache Tomcat/9.0.102]
12-Apr-2025 17:34:50.371 INFO [main] org.apache.catalina.startup.HostConfig.deployDescriptor Deploying deployment descriptor [C:\Users\OSHADHA\IdeaProjects\OOP-projectnew\conf\Catalina\localhost\OOP-projectnew.xml]
12-Apr-2025 17:34:51.063 INFO [main] org.apache.catalina.startup.HostConfig.deployDescriptor Deployment of deployment descriptor [C:\Users\OSHADHA\IdeaProjects\OOP-projectnew\conf\Catalina\localhost\OOP-projectnew.xml] has finished in [691] ms
12-Apr-2025 17:34:51.066 INFO [main] org.apache.coyote.AbstractProtocol.start Starting ProtocolHandler ["http-nio-8080"]
12-Apr-2025 17:34:51.085 INFO [main] org.apache.catalina.startup.Catalina.start Server startup in [771] milliseconds
12-Apr-2025 17:40:15.091 INFO [Thread-1] org.apache.coyote.AbstractProtocol.pause Pausing ProtocolHandler ["http-nio-8080"]
12-Apr-2025 17:40:15.102 INFO [Thread-1] org.apache.catalina.core.StandardService.stopInternal Stopping service [Catalina]
12-Apr-2025 17:40:15.112 INFO [Thread-1] org.apache.coyote.AbstractProtocol.stop Stopping ProtocolHandler ["http-nio-8080"]
12-Apr-2025 17:40:15.117 INFO [Thread-1] org.apache.coyote.AbstractProtocol.destroy Destroying ProtocolHandler ["http-nio-8080"]
12-Apr-2025 17:40:17.047 INFO [main] org.apache.catalina.startup.VersionLoggerListener.log Server version name:   Apache Tomcat/9.0.102
12-Apr-2025 17:40:17.056 INFO [main] org.apache.catalina.startup.VersionLoggerListener.log Server built:          Mar 3 2025 19:33:14 UTC
12-Apr-2025 17:40:17.060 INFO [main] org.apache.catalina.startup.VersionLoggerListener.log Server version number: 9.0.102.0
12-Apr-2025 17:40:17.060 INFO [main] org.apache.catalina.startup.VersionLoggerListener.log OS Name:               Windows 10
12-Apr-2025 17:40:17.060 INFO [main] org.apache.catalina.startup.VersionLoggerListener.log OS Version:            10.0
12-Apr-2025 17:40:17.060 INFO [main] org.apache.catalina.startup.VersionLoggerListener.log Architecture:          amd64
12-Apr-2025 17:40:17.061 INFO [main] org.apache.catalina.startup.VersionLoggerListener.log Java Home:             C:\Program Files\Java\jdk-22
12-Apr-2025 17:40:17.061 INFO [main] org.apache.catalina.startup.VersionLoggerListener.log JVM Version:           22.0.1+8-16
12-Apr-2025 17:40:17.061 INFO [main] org.apache.catalina.startup.VersionLoggerListener.log JVM Vendor:            Oracle Corporation
12-Apr-2025 17:40:17.061 INFO [main] org.apache.catalina.startup.VersionLoggerListener.log CATALINA_BASE:         C:\Users\OSHADHA\IdeaProjects\OOP-projectnew
12-Apr-2025 17:40:17.061 INFO [main] org.apache.catalina.startup.VersionLoggerListener.log CATALINA_HOME:         C:\Program Files\Apache Software Foundation\Tomcat 9.0
12-Apr-2025 17:40:17.084 INFO [main] org.apache.catalina.startup.VersionLoggerListener.log Command line argument: --add-opens=java.base/java.lang=ALL-UNNAMED
12-Apr-2025 17:40:17.084 INFO [main] org.apache.catalina.startup.VersionLoggerListener.log Command line argument: --add-opens=java.base/java.io=ALL-UNNAMED
12-Apr-2025 17:40:17.084 INFO [main] org.apache.catalina.startup.VersionLoggerListener.log Command line argument: --add-opens=java.base/java.util=ALL-UNNAMED
12-Apr-2025 17:40:17.084 INFO [main] org.apache.catalina.startup.VersionLoggerListener.log Command line argument: --add-opens=java.base/java.util.concurrent=ALL-UNNAMED
12-Apr-2025 17:40:17.085 INFO [main] org.apache.catalina.startup.VersionLoggerListener.log Command line argument: --add-opens=java.rmi/sun.rmi.transport=ALL-UNNAMED
12-Apr-2025 17:40:17.085 INFO [main] org.apache.catalina.startup.VersionLoggerListener.log Command line argument: -Dcatalina.home=C:\Program Files\Apache Software Foundation\Tomcat 9.0
12-Apr-2025 17:40:17.085 INFO [main] org.apache.catalina.startup.VersionLoggerListener.log Command line argument: -Dcatalina.base=C:\Users\OSHADHA\IdeaProjects\OOP-projectnew
12-Apr-2025 17:40:17.085 INFO [main] org.apache.catalina.startup.VersionLoggerListener.log Command line argument: -Djava.io.tmpdir=C:\Users\OSHADHA\IdeaProjects\OOP-projectnew\temp
12-Apr-2025 17:40:17.085 INFO [main] org.apache.catalina.startup.VersionLoggerListener.log Command line argument: -Djava.util.logging.config.file=C:\Users\OSHADHA\IdeaProjects\OOP-projectnew\conf\logging.properties
12-Apr-2025 17:40:17.085 INFO [main] org.apache.catalina.startup.VersionLoggerListener.log Command line argument: -Djava.util.logging.manager=org.apache.juli.ClassLoaderLogManager
12-Apr-2025 17:40:17.085 INFO [main] org.apache.catalina.startup.VersionLoggerListener.log Command line argument: -javaagent:C:\Program Files\JetBrains\IntelliJ IDEA 2024.3.5\lib\idea_rt.jar=51170
12-Apr-2025 17:40:17.085 INFO [main] org.apache.catalina.startup.VersionLoggerListener.log Command line argument: -Dfile.encoding=UTF-8
12-Apr-2025 17:40:17.085 INFO [main] org.apache.catalina.startup.VersionLoggerListener.log Command line argument: -Dsun.stdout.encoding=UTF-8
12-Apr-2025 17:40:17.085 INFO [main] org.apache.catalina.startup.VersionLoggerListener.log Command line argument: -Dsun.stderr.encoding=UTF-8
12-Apr-2025 17:40:17.091 INFO [main] org.apache.catalina.core.AprLifecycleListener.lifecycleEvent Loaded Apache Tomcat Native library [1.3.1] using APR version [1.7.4].
12-Apr-2025 17:40:17.091 INFO [main] org.apache.catalina.core.AprLifecycleListener.lifecycleEvent APR capabilities: IPv6 [true], sendfile [true], accept filters [false], random [true], UDS [true].
12-Apr-2025 17:40:17.091 INFO [main] org.apache.catalina.core.AprLifecycleListener.lifecycleEvent APR/OpenSSL configuration: useAprConnector [false], useOpenSSL [true]
12-Apr-2025 17:40:17.101 INFO [main] org.apache.catalina.core.AprLifecycleListener.initializeSSL OpenSSL successfully initialized [OpenSSL 3.0.14 4 Jun 2024]
12-Apr-2025 17:40:17.673 INFO [main] org.apache.coyote.AbstractProtocol.init Initializing ProtocolHandler ["http-nio-8080"]
12-Apr-2025 17:40:17.693 INFO [main] org.apache.catalina.startup.Catalina.load Server initialization in [1253] milliseconds
12-Apr-2025 17:40:17.758 INFO [main] org.apache.catalina.core.StandardService.startInternal Starting service [Catalina]
12-Apr-2025 17:40:17.758 INFO [main] org.apache.catalina.core.StandardEngine.startInternal Starting Servlet engine: [Apache Tomcat/9.0.102]
12-Apr-2025 17:40:17.771 INFO [main] org.apache.catalina.startup.HostConfig.deployDescriptor Deploying deployment descriptor [C:\Users\OSHADHA\IdeaProjects\OOP-projectnew\conf\Catalina\localhost\OOP-projectnew.xml]
12-Apr-2025 17:40:18.481 INFO [main] org.apache.catalina.startup.HostConfig.deployDescriptor Deployment of deployment descriptor [C:\Users\OSHADHA\IdeaProjects\OOP-projectnew\conf\Catalina\localhost\OOP-projectnew.xml] has finished in [711] ms
12-Apr-2025 17:40:18.486 INFO [main] org.apache.coyote.AbstractProtocol.start Starting ProtocolHandler ["http-nio-8080"]
12-Apr-2025 17:40:18.509 INFO [main] org.apache.catalina.startup.Catalina.start Server startup in [813] milliseconds
12-Apr-2025 17:44:38.949 INFO [Thread-1] org.apache.coyote.AbstractProtocol.pause Pausing ProtocolHandler ["http-nio-8080"]
12-Apr-2025 17:44:38.961 INFO [Thread-1] org.apache.catalina.core.StandardService.stopInternal Stopping service [Catalina]
12-Apr-2025 17:44:38.973 INFO [Thread-1] org.apache.coyote.AbstractProtocol.stop Stopping ProtocolHandler ["http-nio-8080"]
12-Apr-2025 17:44:38.993 INFO [Thread-1] org.apache.coyote.AbstractProtocol.destroy Destroying ProtocolHandler ["http-nio-8080"]
12-Apr-2025 17:44:41.754 INFO [main] org.apache.catalina.startup.VersionLoggerListener.log Server version name:   Apache Tomcat/9.0.102
12-Apr-2025 17:44:41.770 INFO [main] org.apache.catalina.startup.VersionLoggerListener.log Server built:          Mar 3 2025 19:33:14 UTC
12-Apr-2025 17:44:41.770 INFO [main] org.apache.catalina.startup.VersionLoggerListener.log Server version number: 9.0.102.0
12-Apr-2025 17:44:41.771 INFO [main] org.apache.catalina.startup.VersionLoggerListener.log OS Name:               Windows 10
12-Apr-2025 17:44:41.771 INFO [main] org.apache.catalina.startup.VersionLoggerListener.log OS Version:            10.0
12-Apr-2025 17:44:41.771 INFO [main] org.apache.catalina.startup.VersionLoggerListener.log Architecture:          amd64
12-Apr-2025 17:44:41.771 INFO [main] org.apache.catalina.startup.VersionLoggerListener.log Java Home:             C:\Program Files\Java\jdk-22
12-Apr-2025 17:44:41.771 INFO [main] org.apache.catalina.startup.VersionLoggerListener.log JVM Version:           22.0.1+8-16
12-Apr-2025 17:44:41.771 INFO [main] org.apache.catalina.startup.VersionLoggerListener.log JVM Vendor:            Oracle Corporation
12-Apr-2025 17:44:41.771 INFO [main] org.apache.catalina.startup.VersionLoggerListener.log CATALINA_BASE:         C:\Users\OSHADHA\IdeaProjects\OOP-projectnew
12-Apr-2025 17:44:41.771 INFO [main] org.apache.catalina.startup.VersionLoggerListener.log CATALINA_HOME:         C:\Program Files\Apache Software Foundation\Tomcat 9.0
12-Apr-2025 17:44:41.787 INFO [main] org.apache.catalina.startup.VersionLoggerListener.log Command line argument: --add-opens=java.base/java.lang=ALL-UNNAMED
12-Apr-2025 17:44:41.787 INFO [main] org.apache.catalina.startup.VersionLoggerListener.log Command line argument: --add-opens=java.base/java.io=ALL-UNNAMED
12-Apr-2025 17:44:41.787 INFO [main] org.apache.catalina.startup.VersionLoggerListener.log Command line argument: --add-opens=java.base/java.util=ALL-UNNAMED
12-Apr-2025 17:44:41.787 INFO [main] org.apache.catalina.startup.VersionLoggerListener.log Command line argument: --add-opens=java.base/java.util.concurrent=ALL-UNNAMED
12-Apr-2025 17:44:41.787 INFO [main] org.apache.catalina.startup.VersionLoggerListener.log Command line argument: --add-opens=java.rmi/sun.rmi.transport=ALL-UNNAMED
12-Apr-2025 17:44:41.787 INFO [main] org.apache.catalina.startup.VersionLoggerListener.log Command line argument: -Dcatalina.home=C:\Program Files\Apache Software Foundation\Tomcat 9.0
12-Apr-2025 17:44:41.788 INFO [main] org.apache.catalina.startup.VersionLoggerListener.log Command line argument: -Dcatalina.base=C:\Users\OSHADHA\IdeaProjects\OOP-projectnew
12-Apr-2025 17:44:41.788 INFO [main] org.apache.catalina.startup.VersionLoggerListener.log Command line argument: -Djava.io.tmpdir=C:\Users\OSHADHA\IdeaProjects\OOP-projectnew\temp
12-Apr-2025 17:44:41.788 INFO [main] org.apache.catalina.startup.VersionLoggerListener.log Command line argument: -Djava.util.logging.config.file=C:\Users\OSHADHA\IdeaProjects\OOP-projectnew\conf\logging.properties
12-Apr-2025 17:44:41.788 INFO [main] org.apache.catalina.startup.VersionLoggerListener.log Command line argument: -Djava.util.logging.manager=org.apache.juli.ClassLoaderLogManager
12-Apr-2025 17:44:41.788 INFO [main] org.apache.catalina.startup.VersionLoggerListener.log Command line argument: -javaagent:C:\Program Files\JetBrains\IntelliJ IDEA 2024.3.5\lib\idea_rt.jar=51221
12-Apr-2025 17:44:41.788 INFO [main] org.apache.catalina.startup.VersionLoggerListener.log Command line argument: -Dfile.encoding=UTF-8
12-Apr-2025 17:44:41.788 INFO [main] org.apache.catalina.startup.VersionLoggerListener.log Command line argument: -Dsun.stdout.encoding=UTF-8
12-Apr-2025 17:44:41.788 INFO [main] org.apache.catalina.startup.VersionLoggerListener.log Command line argument: -Dsun.stderr.encoding=UTF-8
12-Apr-2025 17:44:41.793 INFO [main] org.apache.catalina.core.AprLifecycleListener.lifecycleEvent Loaded Apache Tomcat Native library [1.3.1] using APR version [1.7.4].
12-Apr-2025 17:44:41.793 INFO [main] org.apache.catalina.core.AprLifecycleListener.lifecycleEvent APR capabilities: IPv6 [true], sendfile [true], accept filters [false], random [true], UDS [true].
12-Apr-2025 17:44:41.793 INFO [main] org.apache.catalina.core.AprLifecycleListener.lifecycleEvent APR/OpenSSL configuration: useAprConnector [false], useOpenSSL [true]
12-Apr-2025 17:44:41.804 INFO [main] org.apache.catalina.core.AprLifecycleListener.initializeSSL OpenSSL successfully initialized [OpenSSL 3.0.14 4 Jun 2024]
12-Apr-2025 17:44:42.324 INFO [main] org.apache.coyote.AbstractProtocol.init Initializing ProtocolHandler ["http-nio-8080"]
12-Apr-2025 17:44:42.347 INFO [main] org.apache.catalina.startup.Catalina.load Server initialization in [975] milliseconds
12-Apr-2025 17:44:42.406 INFO [main] org.apache.catalina.core.StandardService.startInternal Starting service [Catalina]
12-Apr-2025 17:44:42.406 INFO [main] org.apache.catalina.core.StandardEngine.startInternal Starting Servlet engine: [Apache Tomcat/9.0.102]
12-Apr-2025 17:44:42.419 INFO [main] org.apache.catalina.startup.HostConfig.deployDescriptor Deploying deployment descriptor [C:\Users\OSHADHA\IdeaProjects\OOP-projectnew\conf\Catalina\localhost\OOP-projectnew.xml]
12-Apr-2025 17:44:43.083 INFO [main] org.apache.catalina.startup.HostConfig.deployDescriptor Deployment of deployment descriptor [C:\Users\OSHADHA\IdeaProjects\OOP-projectnew\conf\Catalina\localhost\OOP-projectnew.xml] has finished in [663] ms
12-Apr-2025 17:44:43.088 INFO [main] org.apache.coyote.AbstractProtocol.start Starting ProtocolHandler ["http-nio-8080"]
12-Apr-2025 17:44:43.109 INFO [main] org.apache.catalina.startup.Catalina.start Server startup in [759] milliseconds
12-Apr-2025 17:46:11.574 INFO [Thread-1] org.apache.coyote.AbstractProtocol.pause Pausing ProtocolHandler ["http-nio-8080"]
12-Apr-2025 17:46:11.585 INFO [Thread-1] org.apache.catalina.core.StandardService.stopInternal Stopping service [Catalina]
12-Apr-2025 17:46:11.598 INFO [Thread-1] org.apache.coyote.AbstractProtocol.stop Stopping ProtocolHandler ["http-nio-8080"]
12-Apr-2025 17:46:11.609 INFO [Thread-1] org.apache.coyote.AbstractProtocol.destroy Destroying ProtocolHandler ["http-nio-8080"]
12-Apr-2025 17:46:13.496 INFO [main] org.apache.catalina.startup.VersionLoggerListener.log Server version name:   Apache Tomcat/9.0.102
12-Apr-2025 17:46:13.504 INFO [main] org.apache.catalina.startup.VersionLoggerListener.log Server built:          Mar 3 2025 19:33:14 UTC
12-Apr-2025 17:46:13.505 INFO [main] org.apache.catalina.startup.VersionLoggerListener.log Server version number: 9.0.102.0
12-Apr-2025 17:46:13.505 INFO [main] org.apache.catalina.startup.VersionLoggerListener.log OS Name:               Windows 10
12-Apr-2025 17:46:13.505 INFO [main] org.apache.catalina.startup.VersionLoggerListener.log OS Version:            10.0
12-Apr-2025 17:46:13.505 INFO [main] org.apache.catalina.startup.VersionLoggerListener.log Architecture:          amd64
12-Apr-2025 17:46:13.505 INFO [main] org.apache.catalina.startup.VersionLoggerListener.log Java Home:             C:\Program Files\Java\jdk-22
12-Apr-2025 17:46:13.505 INFO [main] org.apache.catalina.startup.VersionLoggerListener.log JVM Version:           22.0.1+8-16
12-Apr-2025 17:46:13.505 INFO [main] org.apache.catalina.startup.VersionLoggerListener.log JVM Vendor:            Oracle Corporation
12-Apr-2025 17:46:13.505 INFO [main] org.apache.catalina.startup.VersionLoggerListener.log CATALINA_BASE:         C:\Users\OSHADHA\IdeaProjects\OOP-projectnew
12-Apr-2025 17:46:13.506 INFO [main] org.apache.catalina.startup.VersionLoggerListener.log CATALINA_HOME:         C:\Program Files\Apache Software Foundation\Tomcat 9.0
12-Apr-2025 17:46:13.536 INFO [main] org.apache.catalina.startup.VersionLoggerListener.log Command line argument: --add-opens=java.base/java.lang=ALL-UNNAMED
12-Apr-2025 17:46:13.536 INFO [main] org.apache.catalina.startup.VersionLoggerListener.log Command line argument: --add-opens=java.base/java.io=ALL-UNNAMED
12-Apr-2025 17:46:13.537 INFO [main] org.apache.catalina.startup.VersionLoggerListener.log Command line argument: --add-opens=java.base/java.util=ALL-UNNAMED
12-Apr-2025 17:46:13.537 INFO [main] org.apache.catalina.startup.VersionLoggerListener.log Command line argument: --add-opens=java.base/java.util.concurrent=ALL-UNNAMED
12-Apr-2025 17:46:13.537 INFO [main] org.apache.catalina.startup.VersionLoggerListener.log Command line argument: --add-opens=java.rmi/sun.rmi.transport=ALL-UNNAMED
12-Apr-2025 17:46:13.538 INFO [main] org.apache.catalina.startup.VersionLoggerListener.log Command line argument: -Dcatalina.home=C:\Program Files\Apache Software Foundation\Tomcat 9.0
12-Apr-2025 17:46:13.538 INFO [main] org.apache.catalina.startup.VersionLoggerListener.log Command line argument: -Dcatalina.base=C:\Users\OSHADHA\IdeaProjects\OOP-projectnew
12-Apr-2025 17:46:13.538 INFO [main] org.apache.catalina.startup.VersionLoggerListener.log Command line argument: -Djava.io.tmpdir=C:\Users\OSHADHA\IdeaProjects\OOP-projectnew\temp
12-Apr-2025 17:46:13.539 INFO [main] org.apache.catalina.startup.VersionLoggerListener.log Command line argument: -Djava.util.logging.config.file=C:\Users\OSHADHA\IdeaProjects\OOP-projectnew\conf\logging.properties
12-Apr-2025 17:46:13.539 INFO [main] org.apache.catalina.startup.VersionLoggerListener.log Command line argument: -Djava.util.logging.manager=org.apache.juli.ClassLoaderLogManager
12-Apr-2025 17:46:13.539 INFO [main] org.apache.catalina.startup.VersionLoggerListener.log Command line argument: -javaagent:C:\Program Files\JetBrains\IntelliJ IDEA 2024.3.5\lib\idea_rt.jar=51243
12-Apr-2025 17:46:13.539 INFO [main] org.apache.catalina.startup.VersionLoggerListener.log Command line argument: -Dfile.encoding=UTF-8
12-Apr-2025 17:46:13.539 INFO [main] org.apache.catalina.startup.VersionLoggerListener.log Command line argument: -Dsun.stdout.encoding=UTF-8
12-Apr-2025 17:46:13.540 INFO [main] org.apache.catalina.startup.VersionLoggerListener.log Command line argument: -Dsun.stderr.encoding=UTF-8
12-Apr-2025 17:46:13.559 INFO [main] org.apache.catalina.core.AprLifecycleListener.lifecycleEvent Loaded Apache Tomcat Native library [1.3.1] using APR version [1.7.4].
12-Apr-2025 17:46:13.560 INFO [main] org.apache.catalina.core.AprLifecycleListener.lifecycleEvent APR capabilities: IPv6 [true], sendfile [true], accept filters [false], random [true], UDS [true].
12-Apr-2025 17:46:13.560 INFO [main] org.apache.catalina.core.AprLifecycleListener.lifecycleEvent APR/OpenSSL configuration: useAprConnector [false], useOpenSSL [true]
12-Apr-2025 17:46:13.576 INFO [main] org.apache.catalina.core.AprLifecycleListener.initializeSSL OpenSSL successfully initialized [OpenSSL 3.0.14 4 Jun 2024]
12-Apr-2025 17:46:14.200 INFO [main] org.apache.coyote.AbstractProtocol.init Initializing ProtocolHandler ["http-nio-8080"]
12-Apr-2025 17:46:14.227 INFO [main] org.apache.catalina.startup.Catalina.load Server initialization in [1331] milliseconds
12-Apr-2025 17:46:14.296 INFO [main] org.apache.catalina.core.StandardService.startInternal Starting service [Catalina]
12-Apr-2025 17:46:14.296 INFO [main] org.apache.catalina.core.StandardEngine.startInternal Starting Servlet engine: [Apache Tomcat/9.0.102]
12-Apr-2025 17:46:14.308 INFO [main] org.apache.catalina.startup.HostConfig.deployDescriptor Deploying deployment descriptor [C:\Users\OSHADHA\IdeaProjects\OOP-projectnew\conf\Catalina\localhost\OOP-projectnew.xml]
12-Apr-2025 17:46:14.935 INFO [main] org.apache.catalina.startup.HostConfig.deployDescriptor Deployment of deployment descriptor [C:\Users\OSHADHA\IdeaProjects\OOP-projectnew\conf\Catalina\localhost\OOP-projectnew.xml] has finished in [627] ms
12-Apr-2025 17:46:14.939 INFO [main] org.apache.coyote.AbstractProtocol.start Starting ProtocolHandler ["http-nio-8080"]
12-Apr-2025 17:46:14.960 INFO [main] org.apache.catalina.startup.Catalina.start Server startup in [730] milliseconds
12-Apr-2025 17:50:21.068 INFO [Thread-1] org.apache.coyote.AbstractProtocol.pause Pausing ProtocolHandler ["http-nio-8080"]
12-Apr-2025 17:50:21.079 INFO [Thread-1] org.apache.catalina.core.StandardService.stopInternal Stopping service [Catalina]
12-Apr-2025 17:50:21.089 INFO [Thread-1] org.apache.coyote.AbstractProtocol.stop Stopping ProtocolHandler ["http-nio-8080"]
12-Apr-2025 17:50:21.094 INFO [Thread-1] org.apache.coyote.AbstractProtocol.destroy Destroying ProtocolHandler ["http-nio-8080"]
12-Apr-2025 17:50:23.203 INFO [main] org.apache.catalina.startup.VersionLoggerListener.log Server version name:   Apache Tomcat/9.0.102
12-Apr-2025 17:50:23.209 INFO [main] org.apache.catalina.startup.VersionLoggerListener.log Server built:          Mar 3 2025 19:33:14 UTC
12-Apr-2025 17:50:23.209 INFO [main] org.apache.catalina.startup.VersionLoggerListener.log Server version number: 9.0.102.0
12-Apr-2025 17:50:23.209 INFO [main] org.apache.catalina.startup.VersionLoggerListener.log OS Name:               Windows 10
12-Apr-2025 17:50:23.209 INFO [main] org.apache.catalina.startup.VersionLoggerListener.log OS Version:            10.0
12-Apr-2025 17:50:23.210 INFO [main] org.apache.catalina.startup.VersionLoggerListener.log Architecture:          amd64
12-Apr-2025 17:50:23.210 INFO [main] org.apache.catalina.startup.VersionLoggerListener.log Java Home:             C:\Program Files\Java\jdk-22
12-Apr-2025 17:50:23.210 INFO [main] org.apache.catalina.startup.VersionLoggerListener.log JVM Version:           22.0.1+8-16
12-Apr-2025 17:50:23.210 INFO [main] org.apache.catalina.startup.VersionLoggerListener.log JVM Vendor:            Oracle Corporation
12-Apr-2025 17:50:23.210 INFO [main] org.apache.catalina.startup.VersionLoggerListener.log CATALINA_BASE:         C:\Users\OSHADHA\IdeaProjects\OOP-projectnew
12-Apr-2025 17:50:23.210 INFO [main] org.apache.catalina.startup.VersionLoggerListener.log CATALINA_HOME:         C:\Program Files\Apache Software Foundation\Tomcat 9.0
12-Apr-2025 17:50:23.228 INFO [main] org.apache.catalina.startup.VersionLoggerListener.log Command line argument: --add-opens=java.base/java.lang=ALL-UNNAMED
12-Apr-2025 17:50:23.228 INFO [main] org.apache.catalina.startup.VersionLoggerListener.log Command line argument: --add-opens=java.base/java.io=ALL-UNNAMED
12-Apr-2025 17:50:23.229 INFO [main] org.apache.catalina.startup.VersionLoggerListener.log Command line argument: --add-opens=java.base/java.util=ALL-UNNAMED
12-Apr-2025 17:50:23.229 INFO [main] org.apache.catalina.startup.VersionLoggerListener.log Command line argument: --add-opens=java.base/java.util.concurrent=ALL-UNNAMED
12-Apr-2025 17:50:23.229 INFO [main] org.apache.catalina.startup.VersionLoggerListener.log Command line argument: --add-opens=java.rmi/sun.rmi.transport=ALL-UNNAMED
12-Apr-2025 17:50:23.229 INFO [main] org.apache.catalina.startup.VersionLoggerListener.log Command line argument: -Dcatalina.home=C:\Program Files\Apache Software Foundation\Tomcat 9.0
12-Apr-2025 17:50:23.229 INFO [main] org.apache.catalina.startup.VersionLoggerListener.log Command line argument: -Dcatalina.base=C:\Users\OSHADHA\IdeaProjects\OOP-projectnew
12-Apr-2025 17:50:23.229 INFO [main] org.apache.catalina.startup.VersionLoggerListener.log Command line argument: -Djava.io.tmpdir=C:\Users\OSHADHA\IdeaProjects\OOP-projectnew\temp
12-Apr-2025 17:50:23.229 INFO [main] org.apache.catalina.startup.VersionLoggerListener.log Command line argument: -Djava.util.logging.config.file=C:\Users\OSHADHA\IdeaProjects\OOP-projectnew\conf\logging.properties
12-Apr-2025 17:50:23.230 INFO [main] org.apache.catalina.startup.VersionLoggerListener.log Command line argument: -Djava.util.logging.manager=org.apache.juli.ClassLoaderLogManager
12-Apr-2025 17:50:23.230 INFO [main] org.apache.catalina.startup.VersionLoggerListener.log Command line argument: -javaagent:C:\Program Files\JetBrains\IntelliJ IDEA 2024.3.5\lib\idea_rt.jar=51287
12-Apr-2025 17:50:23.230 INFO [main] org.apache.catalina.startup.VersionLoggerListener.log Command line argument: -Dfile.encoding=UTF-8
12-Apr-2025 17:50:23.230 INFO [main] org.apache.catalina.startup.VersionLoggerListener.log Command line argument: -Dsun.stdout.encoding=UTF-8
12-Apr-2025 17:50:23.230 INFO [main] org.apache.catalina.startup.VersionLoggerListener.log Command line argument: -Dsun.stderr.encoding=UTF-8
12-Apr-2025 17:50:23.235 INFO [main] org.apache.catalina.core.AprLifecycleListener.lifecycleEvent Loaded Apache Tomcat Native library [1.3.1] using APR version [1.7.4].
12-Apr-2025 17:50:23.236 INFO [main] org.apache.catalina.core.AprLifecycleListener.lifecycleEvent APR capabilities: IPv6 [true], sendfile [true], accept filters [false], random [true], UDS [true].
12-Apr-2025 17:50:23.236 INFO [main] org.apache.catalina.core.AprLifecycleListener.lifecycleEvent APR/OpenSSL configuration: useAprConnector [false], useOpenSSL [true]
12-Apr-2025 17:50:23.245 INFO [main] org.apache.catalina.core.AprLifecycleListener.initializeSSL OpenSSL successfully initialized [OpenSSL 3.0.14 4 Jun 2024]
12-Apr-2025 17:50:23.728 INFO [main] org.apache.coyote.AbstractProtocol.init Initializing ProtocolHandler ["http-nio-8080"]
12-Apr-2025 17:50:23.753 INFO [main] org.apache.catalina.startup.Catalina.load Server initialization in [1345] milliseconds
12-Apr-2025 17:50:23.810 INFO [main] org.apache.catalina.core.StandardService.startInternal Starting service [Catalina]
12-Apr-2025 17:50:23.811 INFO [main] org.apache.catalina.core.StandardEngine.startInternal Starting Servlet engine: [Apache Tomcat/9.0.102]
12-Apr-2025 17:50:23.820 INFO [main] org.apache.catalina.startup.HostConfig.deployDescriptor Deploying deployment descriptor [C:\Users\OSHADHA\IdeaProjects\OOP-projectnew\conf\Catalina\localhost\OOP-projectnew.xml]
12-Apr-2025 17:50:24.454 INFO [main] org.apache.catalina.startup.HostConfig.deployDescriptor Deployment of deployment descriptor [C:\Users\OSHADHA\IdeaProjects\OOP-projectnew\conf\Catalina\localhost\OOP-projectnew.xml] has finished in [633] ms
12-Apr-2025 17:50:24.457 INFO [main] org.apache.coyote.AbstractProtocol.start Starting ProtocolHandler ["http-nio-8080"]
12-Apr-2025 17:50:24.475 INFO [main] org.apache.catalina.startup.Catalina.start Server startup in [720] milliseconds
12-Apr-2025 17:57:03.773 INFO [Thread-1] org.apache.coyote.AbstractProtocol.pause Pausing ProtocolHandler ["http-nio-8080"]
12-Apr-2025 17:57:03.784 INFO [Thread-1] org.apache.catalina.core.StandardService.stopInternal Stopping service [Catalina]
12-Apr-2025 17:57:03.795 INFO [Thread-1] org.apache.coyote.AbstractProtocol.stop Stopping ProtocolHandler ["http-nio-8080"]
12-Apr-2025 17:57:03.819 INFO [Thread-1] org.apache.coyote.AbstractProtocol.destroy Destroying ProtocolHandler ["http-nio-8080"]
12-Apr-2025 21:11:50.463 INFO [main] org.apache.catalina.startup.VersionLoggerListener.log Server version name:   Apache Tomcat/9.0.102
12-Apr-2025 21:11:50.467 INFO [main] org.apache.catalina.startup.VersionLoggerListener.log Server built:          Mar 3 2025 19:33:14 UTC
12-Apr-2025 21:11:50.468 INFO [main] org.apache.catalina.startup.VersionLoggerListener.log Server version number: 9.0.102.0
12-Apr-2025 21:11:50.468 INFO [main] org.apache.catalina.startup.VersionLoggerListener.log OS Name:               Windows 10
12-Apr-2025 21:11:50.468 INFO [main] org.apache.catalina.startup.VersionLoggerListener.log OS Version:            10.0
12-Apr-2025 21:11:50.468 INFO [main] org.apache.catalina.startup.VersionLoggerListener.log Architecture:          amd64
12-Apr-2025 21:11:50.468 INFO [main] org.apache.catalina.startup.VersionLoggerListener.log Java Home:             C:\Program Files\Java\jdk-22
12-Apr-2025 21:11:50.468 INFO [main] org.apache.catalina.startup.VersionLoggerListener.log JVM Version:           22.0.1+8-16
12-Apr-2025 21:11:50.469 INFO [main] org.apache.catalina.startup.VersionLoggerListener.log JVM Vendor:            Oracle Corporation
12-Apr-2025 21:11:50.469 INFO [main] org.apache.catalina.startup.VersionLoggerListener.log CATALINA_BASE:         C:\Users\OSHADHA\IdeaProjects\OOP-projectnew
12-Apr-2025 21:11:50.469 INFO [main] org.apache.catalina.startup.VersionLoggerListener.log CATALINA_HOME:         C:\Program Files\Apache Software Foundation\Tomcat 9.0
12-Apr-2025 21:11:50.478 INFO [main] org.apache.catalina.startup.VersionLoggerListener.log Command line argument: --add-opens=java.base/java.lang=ALL-UNNAMED
12-Apr-2025 21:11:50.478 INFO [main] org.apache.catalina.startup.VersionLoggerListener.log Command line argument: --add-opens=java.base/java.io=ALL-UNNAMED
12-Apr-2025 21:11:50.478 INFO [main] org.apache.catalina.startup.VersionLoggerListener.log Command line argument: --add-opens=java.base/java.util=ALL-UNNAMED
12-Apr-2025 21:11:50.478 INFO [main] org.apache.catalina.startup.VersionLoggerListener.log Command line argument: --add-opens=java.base/java.util.concurrent=ALL-UNNAMED
12-Apr-2025 21:11:50.478 INFO [main] org.apache.catalina.startup.VersionLoggerListener.log Command line argument: --add-opens=java.rmi/sun.rmi.transport=ALL-UNNAMED
12-Apr-2025 21:11:50.478 INFO [main] org.apache.catalina.startup.VersionLoggerListener.log Command line argument: -Dcatalina.home=C:\Program Files\Apache Software Foundation\Tomcat 9.0
12-Apr-2025 21:11:50.478 INFO [main] org.apache.catalina.startup.VersionLoggerListener.log Command line argument: -Dcatalina.base=C:\Users\OSHADHA\IdeaProjects\OOP-projectnew
12-Apr-2025 21:11:50.478 INFO [main] org.apache.catalina.startup.VersionLoggerListener.log Command line argument: -Djava.io.tmpdir=C:\Users\OSHADHA\IdeaProjects\OOP-projectnew\temp
12-Apr-2025 21:11:50.478 INFO [main] org.apache.catalina.startup.VersionLoggerListener.log Command line argument: -Djava.util.logging.config.file=C:\Users\OSHADHA\IdeaProjects\OOP-projectnew\conf\logging.properties
12-Apr-2025 21:11:50.478 INFO [main] org.apache.catalina.startup.VersionLoggerListener.log Command line argument: -Djava.util.logging.manager=org.apache.juli.ClassLoaderLogManager
12-Apr-2025 21:11:50.479 INFO [main] org.apache.catalina.startup.VersionLoggerListener.log Command line argument: -javaagent:C:\Program Files\JetBrains\IntelliJ IDEA 2024.3.5\lib\idea_rt.jar=60814
12-Apr-2025 21:11:50.479 INFO [main] org.apache.catalina.startup.VersionLoggerListener.log Command line argument: -Dfile.encoding=UTF-8
12-Apr-2025 21:11:50.479 INFO [main] org.apache.catalina.startup.VersionLoggerListener.log Command line argument: -Dsun.stdout.encoding=UTF-8
12-Apr-2025 21:11:50.479 INFO [main] org.apache.catalina.startup.VersionLoggerListener.log Command line argument: -Dsun.stderr.encoding=UTF-8
12-Apr-2025 21:11:50.485 INFO [main] org.apache.catalina.core.AprLifecycleListener.lifecycleEvent Loaded Apache Tomcat Native library [1.3.1] using APR version [1.7.4].
12-Apr-2025 21:11:50.485 INFO [main] org.apache.catalina.core.AprLifecycleListener.lifecycleEvent APR capabilities: IPv6 [true], sendfile [true], accept filters [false], random [true], UDS [true].
12-Apr-2025 21:11:50.485 INFO [main] org.apache.catalina.core.AprLifecycleListener.lifecycleEvent APR/OpenSSL configuration: useAprConnector [false], useOpenSSL [true]
12-Apr-2025 21:11:50.503 INFO [main] org.apache.catalina.core.AprLifecycleListener.initializeSSL OpenSSL successfully initialized [OpenSSL 3.0.14 4 Jun 2024]
12-Apr-2025 21:11:50.991 INFO [main] org.apache.coyote.AbstractProtocol.init Initializing ProtocolHandler ["http-nio-8080"]
12-Apr-2025 21:11:51.013 INFO [main] org.apache.catalina.startup.Catalina.load Server initialization in [818] milliseconds
12-Apr-2025 21:11:51.070 INFO [main] org.apache.catalina.core.StandardService.startInternal Starting service [Catalina]
12-Apr-2025 21:11:51.070 INFO [main] org.apache.catalina.core.StandardEngine.startInternal Starting Servlet engine: [Apache Tomcat/9.0.102]
12-Apr-2025 21:11:51.078 INFO [main] org.apache.catalina.startup.HostConfig.deployDescriptor Deploying deployment descriptor [C:\Users\OSHADHA\IdeaProjects\OOP-projectnew\conf\Catalina\localhost\OOP-projectnew.xml]
12-Apr-2025 21:11:51.611 INFO [main] org.apache.catalina.startup.HostConfig.deployDescriptor Deployment of deployment descriptor [C:\Users\OSHADHA\IdeaProjects\OOP-projectnew\conf\Catalina\localhost\OOP-projectnew.xml] has finished in [533] ms
12-Apr-2025 21:11:51.615 INFO [main] org.apache.coyote.AbstractProtocol.start Starting ProtocolHandler ["http-nio-8080"]
12-Apr-2025 21:11:51.636 INFO [main] org.apache.catalina.startup.Catalina.start Server startup in [622] milliseconds
12-Apr-2025 21:11:56.027 INFO [Thread-1] org.apache.coyote.AbstractProtocol.pause Pausing ProtocolHandler ["http-nio-8080"]
12-Apr-2025 21:11:56.036 INFO [Thread-1] org.apache.catalina.core.StandardService.stopInternal Stopping service [Catalina]
12-Apr-2025 21:11:56.053 INFO [Thread-1] org.apache.coyote.AbstractProtocol.stop Stopping ProtocolHandler ["http-nio-8080"]
12-Apr-2025 21:11:56.073 INFO [Thread-1] org.apache.coyote.AbstractProtocol.destroy Destroying ProtocolHandler ["http-nio-8080"]
12-Apr-2025 21:15:09.653 INFO [main] org.apache.catalina.startup.VersionLoggerListener.log Server version name:   Apache Tomcat/9.0.102
12-Apr-2025 21:15:09.662 INFO [main] org.apache.catalina.startup.VersionLoggerListener.log Server built:          Mar 3 2025 19:33:14 UTC
12-Apr-2025 21:15:09.663 INFO [main] org.apache.catalina.startup.VersionLoggerListener.log Server version number: 9.0.102.0
12-Apr-2025 21:15:09.663 INFO [main] org.apache.catalina.startup.VersionLoggerListener.log OS Name:               Windows 10
12-Apr-2025 21:15:09.663 INFO [main] org.apache.catalina.startup.VersionLoggerListener.log OS Version:            10.0
12-Apr-2025 21:15:09.663 INFO [main] org.apache.catalina.startup.VersionLoggerListener.log Architecture:          amd64
12-Apr-2025 21:15:09.664 INFO [main] org.apache.catalina.startup.VersionLoggerListener.log Java Home:             C:\Program Files\Java\jdk-22
12-Apr-2025 21:15:09.664 INFO [main] org.apache.catalina.startup.VersionLoggerListener.log JVM Version:           22.0.1+8-16
12-Apr-2025 21:15:09.664 INFO [main] org.apache.catalina.startup.VersionLoggerListener.log JVM Vendor:            Oracle Corporation
12-Apr-2025 21:15:09.664 INFO [main] org.apache.catalina.startup.VersionLoggerListener.log CATALINA_BASE:         C:\Users\OSHADHA\IdeaProjects\OOP-projectnew
12-Apr-2025 21:15:09.664 INFO [main] org.apache.catalina.startup.VersionLoggerListener.log CATALINA_HOME:         C:\Program Files\Apache Software Foundation\Tomcat 9.0
12-Apr-2025 21:15:09.681 INFO [main] org.apache.catalina.startup.VersionLoggerListener.log Command line argument: --add-opens=java.base/java.lang=ALL-UNNAMED
12-Apr-2025 21:15:09.681 INFO [main] org.apache.catalina.startup.VersionLoggerListener.log Command line argument: --add-opens=java.base/java.io=ALL-UNNAMED
12-Apr-2025 21:15:09.681 INFO [main] org.apache.catalina.startup.VersionLoggerListener.log Command line argument: --add-opens=java.base/java.util=ALL-UNNAMED
12-Apr-2025 21:15:09.681 INFO [main] org.apache.catalina.startup.VersionLoggerListener.log Command line argument: --add-opens=java.base/java.util.concurrent=ALL-UNNAMED
12-Apr-2025 21:15:09.682 INFO [main] org.apache.catalina.startup.VersionLoggerListener.log Command line argument: --add-opens=java.rmi/sun.rmi.transport=ALL-UNNAMED
12-Apr-2025 21:15:09.682 INFO [main] org.apache.catalina.startup.VersionLoggerListener.log Command line argument: -Dcatalina.home=C:\Program Files\Apache Software Foundation\Tomcat 9.0
12-Apr-2025 21:15:09.682 INFO [main] org.apache.catalina.startup.VersionLoggerListener.log Command line argument: -Dcatalina.base=C:\Users\OSHADHA\IdeaProjects\OOP-projectnew
12-Apr-2025 21:15:09.682 INFO [main] org.apache.catalina.startup.VersionLoggerListener.log Command line argument: -Djava.io.tmpdir=C:\Users\OSHADHA\IdeaProjects\OOP-projectnew\temp
12-Apr-2025 21:15:09.682 INFO [main] org.apache.catalina.startup.VersionLoggerListener.log Command line argument: -Djava.util.logging.config.file=C:\Users\OSHADHA\IdeaProjects\OOP-projectnew\conf\logging.properties
12-Apr-2025 21:15:09.682 INFO [main] org.apache.catalina.startup.VersionLoggerListener.log Command line argument: -Djava.util.logging.manager=org.apache.juli.ClassLoaderLogManager
12-Apr-2025 21:15:09.682 INFO [main] org.apache.catalina.startup.VersionLoggerListener.log Command line argument: -javaagent:C:\Program Files\JetBrains\IntelliJ IDEA 2024.3.5\lib\idea_rt.jar=60821
12-Apr-2025 21:15:09.682 INFO [main] org.apache.catalina.startup.VersionLoggerListener.log Command line argument: -Dfile.encoding=UTF-8
12-Apr-2025 21:15:09.682 INFO [main] org.apache.catalina.startup.VersionLoggerListener.log Command line argument: -Dsun.stdout.encoding=UTF-8
12-Apr-2025 21:15:09.682 INFO [main] org.apache.catalina.startup.VersionLoggerListener.log Command line argument: -Dsun.stderr.encoding=UTF-8
12-Apr-2025 21:15:09.688 INFO [main] org.apache.catalina.core.AprLifecycleListener.lifecycleEvent Loaded Apache Tomcat Native library [1.3.1] using APR version [1.7.4].
12-Apr-2025 21:15:09.688 INFO [main] org.apache.catalina.core.AprLifecycleListener.lifecycleEvent APR capabilities: IPv6 [true], sendfile [true], accept filters [false], random [true], UDS [true].
12-Apr-2025 21:15:09.688 INFO [main] org.apache.catalina.core.AprLifecycleListener.lifecycleEvent APR/OpenSSL configuration: useAprConnector [false], useOpenSSL [true]
12-Apr-2025 21:15:09.697 INFO [main] org.apache.catalina.core.AprLifecycleListener.initializeSSL OpenSSL successfully initialized [OpenSSL 3.0.14 4 Jun 2024]
12-Apr-2025 21:15:10.135 INFO [main] org.apache.coyote.AbstractProtocol.init Initializing ProtocolHandler ["http-nio-8080"]
12-Apr-2025 21:15:10.155 INFO [main] org.apache.catalina.startup.Catalina.load Server initialization in [748] milliseconds
12-Apr-2025 21:15:10.201 INFO [main] org.apache.catalina.core.StandardService.startInternal Starting service [Catalina]
12-Apr-2025 21:15:10.201 INFO [main] org.apache.catalina.core.StandardEngine.startInternal Starting Servlet engine: [Apache Tomcat/9.0.102]
12-Apr-2025 21:15:10.213 INFO [main] org.apache.catalina.startup.HostConfig.deployDescriptor Deploying deployment descriptor [C:\Users\OSHADHA\IdeaProjects\OOP-projectnew\conf\Catalina\localhost\OOP-projectnew.xml]
12-Apr-2025 21:15:10.938 INFO [main] org.apache.catalina.startup.HostConfig.deployDescriptor Deployment of deployment descriptor [C:\Users\OSHADHA\IdeaProjects\OOP-projectnew\conf\Catalina\localhost\OOP-projectnew.xml] has finished in [725] ms
12-Apr-2025 21:15:10.941 INFO [main] org.apache.coyote.AbstractProtocol.start Starting ProtocolHandler ["http-nio-8080"]
12-Apr-2025 21:15:10.960 INFO [main] org.apache.catalina.startup.Catalina.start Server startup in [803] milliseconds
12-Apr-2025 21:15:12.333 INFO [Thread-1] org.apache.coyote.AbstractProtocol.pause Pausing ProtocolHandler ["http-nio-8080"]
12-Apr-2025 21:15:12.343 INFO [Thread-1] org.apache.catalina.core.StandardService.stopInternal Stopping service [Catalina]
12-Apr-2025 21:15:12.353 INFO [Thread-1] org.apache.coyote.AbstractProtocol.stop Stopping ProtocolHandler ["http-nio-8080"]
12-Apr-2025 21:15:12.357 INFO [Thread-1] org.apache.coyote.AbstractProtocol.destroy Destroying ProtocolHandler ["http-nio-8080"]
12-Apr-2025 21:21:12.905 INFO [main] org.apache.catalina.startup.VersionLoggerListener.log Server version name:   Apache Tomcat/9.0.102
12-Apr-2025 21:21:12.910 INFO [main] org.apache.catalina.startup.VersionLoggerListener.log Server built:          Mar 3 2025 19:33:14 UTC
12-Apr-2025 21:21:12.911 INFO [main] org.apache.catalina.startup.VersionLoggerListener.log Server version number: 9.0.102.0
12-Apr-2025 21:21:12.911 INFO [main] org.apache.catalina.startup.VersionLoggerListener.log OS Name:               Windows 10
12-Apr-2025 21:21:12.911 INFO [main] org.apache.catalina.startup.VersionLoggerListener.log OS Version:            10.0
12-Apr-2025 21:21:12.911 INFO [main] org.apache.catalina.startup.VersionLoggerListener.log Architecture:          amd64
12-Apr-2025 21:21:12.911 INFO [main] org.apache.catalina.startup.VersionLoggerListener.log Java Home:             C:\Program Files\Java\jdk-22
12-Apr-2025 21:21:12.911 INFO [main] org.apache.catalina.startup.VersionLoggerListener.log JVM Version:           22.0.1+8-16
12-Apr-2025 21:21:12.911 INFO [main] org.apache.catalina.startup.VersionLoggerListener.log JVM Vendor:            Oracle Corporation
12-Apr-2025 21:21:12.911 INFO [main] org.apache.catalina.startup.VersionLoggerListener.log CATALINA_BASE:         C:\Users\OSHADHA\IdeaProjects\OOP-projectnew
12-Apr-2025 21:21:12.912 INFO [main] org.apache.catalina.startup.VersionLoggerListener.log CATALINA_HOME:         C:\Program Files\Apache Software Foundation\Tomcat 9.0
12-Apr-2025 21:21:12.924 INFO [main] org.apache.catalina.startup.VersionLoggerListener.log Command line argument: --add-opens=java.base/java.lang=ALL-UNNAMED
12-Apr-2025 21:21:12.924 INFO [main] org.apache.catalina.startup.VersionLoggerListener.log Command line argument: --add-opens=java.base/java.io=ALL-UNNAMED
12-Apr-2025 21:21:12.924 INFO [main] org.apache.catalina.startup.VersionLoggerListener.log Command line argument: --add-opens=java.base/java.util=ALL-UNNAMED
12-Apr-2025 21:21:12.924 INFO [main] org.apache.catalina.startup.VersionLoggerListener.log Command line argument: --add-opens=java.base/java.util.concurrent=ALL-UNNAMED
12-Apr-2025 21:21:12.924 INFO [main] org.apache.catalina.startup.VersionLoggerListener.log Command line argument: --add-opens=java.rmi/sun.rmi.transport=ALL-UNNAMED
12-Apr-2025 21:21:12.924 INFO [main] org.apache.catalina.startup.VersionLoggerListener.log Command line argument: -Dcatalina.home=C:\Program Files\Apache Software Foundation\Tomcat 9.0
12-Apr-2025 21:21:12.924 INFO [main] org.apache.catalina.startup.VersionLoggerListener.log Command line argument: -Dcatalina.base=C:\Users\OSHADHA\IdeaProjects\OOP-projectnew
12-Apr-2025 21:21:12.925 INFO [main] org.apache.catalina.startup.VersionLoggerListener.log Command line argument: -Djava.io.tmpdir=C:\Users\OSHADHA\IdeaProjects\OOP-projectnew\temp
12-Apr-2025 21:21:12.925 INFO [main] org.apache.catalina.startup.VersionLoggerListener.log Command line argument: -Djava.util.logging.config.file=C:\Users\OSHADHA\IdeaProjects\OOP-projectnew\conf\logging.properties
12-Apr-2025 21:21:12.925 INFO [main] org.apache.catalina.startup.VersionLoggerListener.log Command line argument: -Djava.util.logging.manager=org.apache.juli.ClassLoaderLogManager
12-Apr-2025 21:21:12.925 INFO [main] org.apache.catalina.startup.VersionLoggerListener.log Command line argument: -javaagent:C:\Program Files\JetBrains\IntelliJ IDEA 2024.3.5\lib\idea_rt.jar=60868
12-Apr-2025 21:21:12.925 INFO [main] org.apache.catalina.startup.VersionLoggerListener.log Command line argument: -Dfile.encoding=UTF-8
12-Apr-2025 21:21:12.925 INFO [main] org.apache.catalina.startup.VersionLoggerListener.log Command line argument: -Dsun.stdout.encoding=UTF-8
12-Apr-2025 21:21:12.925 INFO [main] org.apache.catalina.startup.VersionLoggerListener.log Command line argument: -Dsun.stderr.encoding=UTF-8
12-Apr-2025 21:21:12.930 INFO [main] org.apache.catalina.core.AprLifecycleListener.lifecycleEvent Loaded Apache Tomcat Native library [1.3.1] using APR version [1.7.4].
12-Apr-2025 21:21:12.930 INFO [main] org.apache.catalina.core.AprLifecycleListener.lifecycleEvent APR capabilities: IPv6 [true], sendfile [true], accept filters [false], random [true], UDS [true].
12-Apr-2025 21:21:12.930 INFO [main] org.apache.catalina.core.AprLifecycleListener.lifecycleEvent APR/OpenSSL configuration: useAprConnector [false], useOpenSSL [true]
12-Apr-2025 21:21:12.940 INFO [main] org.apache.catalina.core.AprLifecycleListener.initializeSSL OpenSSL successfully initialized [OpenSSL 3.0.14 4 Jun 2024]
12-Apr-2025 21:21:13.382 INFO [main] org.apache.coyote.AbstractProtocol.init Initializing ProtocolHandler ["http-nio-8080"]
12-Apr-2025 21:21:13.401 INFO [main] org.apache.catalina.startup.Catalina.load Server initialization in [730] milliseconds
12-Apr-2025 21:21:13.460 INFO [main] org.apache.catalina.core.StandardService.startInternal Starting service [Catalina]
12-Apr-2025 21:21:13.460 INFO [main] org.apache.catalina.core.StandardEngine.startInternal Starting Servlet engine: [Apache Tomcat/9.0.102]
12-Apr-2025 21:21:13.469 INFO [main] org.apache.catalina.startup.HostConfig.deployDescriptor Deploying deployment descriptor [C:\Users\OSHADHA\IdeaProjects\OOP-projectnew\conf\Catalina\localhost\OOP-projectnew.xml]
12-Apr-2025 21:21:14.103 INFO [main] org.apache.catalina.startup.HostConfig.deployDescriptor Deployment of deployment descriptor [C:\Users\OSHADHA\IdeaProjects\OOP-projectnew\conf\Catalina\localhost\OOP-projectnew.xml] has finished in [634] ms
12-Apr-2025 21:21:14.106 INFO [main] org.apache.coyote.AbstractProtocol.start Starting ProtocolHandler ["http-nio-8080"]
12-Apr-2025 21:21:14.126 INFO [main] org.apache.catalina.startup.Catalina.start Server startup in [722] milliseconds
12-Apr-2025 21:22:49.334 INFO [Thread-1] org.apache.coyote.AbstractProtocol.pause Pausing ProtocolHandler ["http-nio-8080"]
12-Apr-2025 21:22:49.344 INFO [Thread-1] org.apache.catalina.core.StandardService.stopInternal Stopping service [Catalina]
12-Apr-2025 21:22:49.357 INFO [Thread-1] org.apache.coyote.AbstractProtocol.stop Stopping ProtocolHandler ["http-nio-8080"]
12-Apr-2025 21:22:49.369 INFO [Thread-1] org.apache.coyote.AbstractProtocol.destroy Destroying ProtocolHandler ["http-nio-8080"]
12-Apr-2025 21:22:51.143 INFO [main] org.apache.catalina.startup.VersionLoggerListener.log Server version name:   Apache Tomcat/9.0.102
12-Apr-2025 21:22:51.150 INFO [main] org.apache.catalina.startup.VersionLoggerListener.log Server built:          Mar 3 2025 19:33:14 UTC
12-Apr-2025 21:22:51.150 INFO [main] org.apache.catalina.startup.VersionLoggerListener.log Server version number: 9.0.102.0
12-Apr-2025 21:22:51.150 INFO [main] org.apache.catalina.startup.VersionLoggerListener.log OS Name:               Windows 10
12-Apr-2025 21:22:51.150 INFO [main] org.apache.catalina.startup.VersionLoggerListener.log OS Version:            10.0
12-Apr-2025 21:22:51.151 INFO [main] org.apache.catalina.startup.VersionLoggerListener.log Architecture:          amd64
12-Apr-2025 21:22:51.151 INFO [main] org.apache.catalina.startup.VersionLoggerListener.log Java Home:             C:\Program Files\Java\jdk-22
12-Apr-2025 21:22:51.151 INFO [main] org.apache.catalina.startup.VersionLoggerListener.log JVM Version:           22.0.1+8-16
12-Apr-2025 21:22:51.151 INFO [main] org.apache.catalina.startup.VersionLoggerListener.log JVM Vendor:            Oracle Corporation
12-Apr-2025 21:22:51.151 INFO [main] org.apache.catalina.startup.VersionLoggerListener.log CATALINA_BASE:         C:\Users\OSHADHA\IdeaProjects\OOP-projectnew
12-Apr-2025 21:22:51.151 INFO [main] org.apache.catalina.startup.VersionLoggerListener.log CATALINA_HOME:         C:\Program Files\Apache Software Foundation\Tomcat 9.0
12-Apr-2025 21:22:51.195 INFO [main] org.apache.catalina.startup.VersionLoggerListener.log Command line argument: --add-opens=java.base/java.lang=ALL-UNNAMED
12-Apr-2025 21:22:51.195 INFO [main] org.apache.catalina.startup.VersionLoggerListener.log Command line argument: --add-opens=java.base/java.io=ALL-UNNAMED
12-Apr-2025 21:22:51.195 INFO [main] org.apache.catalina.startup.VersionLoggerListener.log Command line argument: --add-opens=java.base/java.util=ALL-UNNAMED
12-Apr-2025 21:22:51.196 INFO [main] org.apache.catalina.startup.VersionLoggerListener.log Command line argument: --add-opens=java.base/java.util.concurrent=ALL-UNNAMED
12-Apr-2025 21:22:51.196 INFO [main] org.apache.catalina.startup.VersionLoggerListener.log Command line argument: --add-opens=java.rmi/sun.rmi.transport=ALL-UNNAMED
12-Apr-2025 21:22:51.196 INFO [main] org.apache.catalina.startup.VersionLoggerListener.log Command line argument: -Dcatalina.home=C:\Program Files\Apache Software Foundation\Tomcat 9.0
12-Apr-2025 21:22:51.196 INFO [main] org.apache.catalina.startup.VersionLoggerListener.log Command line argument: -Dcatalina.base=C:\Users\OSHADHA\IdeaProjects\OOP-projectnew
12-Apr-2025 21:22:51.196 INFO [main] org.apache.catalina.startup.VersionLoggerListener.log Command line argument: -Djava.io.tmpdir=C:\Users\OSHADHA\IdeaProjects\OOP-projectnew\temp
12-Apr-2025 21:22:51.196 INFO [main] org.apache.catalina.startup.VersionLoggerListener.log Command line argument: -Djava.util.logging.config.file=C:\Users\OSHADHA\IdeaProjects\OOP-projectnew\conf\logging.properties
12-Apr-2025 21:22:51.196 INFO [main] org.apache.catalina.startup.VersionLoggerListener.log Command line argument: -Djava.util.logging.manager=org.apache.juli.ClassLoaderLogManager
12-Apr-2025 21:22:51.196 INFO [main] org.apache.catalina.startup.VersionLoggerListener.log Command line argument: -javaagent:C:\Program Files\JetBrains\IntelliJ IDEA 2024.3.5\lib\idea_rt.jar=60876
12-Apr-2025 21:22:51.196 INFO [main] org.apache.catalina.startup.VersionLoggerListener.log Command line argument: -Dfile.encoding=UTF-8
12-Apr-2025 21:22:51.196 INFO [main] org.apache.catalina.startup.VersionLoggerListener.log Command line argument: -Dsun.stdout.encoding=UTF-8
12-Apr-2025 21:22:51.197 INFO [main] org.apache.catalina.startup.VersionLoggerListener.log Command line argument: -Dsun.stderr.encoding=UTF-8
12-Apr-2025 21:22:51.202 INFO [main] org.apache.catalina.core.AprLifecycleListener.lifecycleEvent Loaded Apache Tomcat Native library [1.3.1] using APR version [1.7.4].
12-Apr-2025 21:22:51.202 INFO [main] org.apache.catalina.core.AprLifecycleListener.lifecycleEvent APR capabilities: IPv6 [true], sendfile [true], accept filters [false], random [true], UDS [true].
12-Apr-2025 21:22:51.203 INFO [main] org.apache.catalina.core.AprLifecycleListener.lifecycleEvent APR/OpenSSL configuration: useAprConnector [false], useOpenSSL [true]
12-Apr-2025 21:22:51.212 INFO [main] org.apache.catalina.core.AprLifecycleListener.initializeSSL OpenSSL successfully initialized [OpenSSL 3.0.14 4 Jun 2024]
12-Apr-2025 21:22:51.773 INFO [main] org.apache.coyote.AbstractProtocol.init Initializing ProtocolHandler ["http-nio-8080"]
12-Apr-2025 21:22:51.797 INFO [main] org.apache.catalina.startup.Catalina.load Server initialization in [1093] milliseconds
12-Apr-2025 21:22:51.871 INFO [main] org.apache.catalina.core.StandardService.startInternal Starting service [Catalina]
12-Apr-2025 21:22:51.871 INFO [main] org.apache.catalina.core.StandardEngine.startInternal Starting Servlet engine: [Apache Tomcat/9.0.102]
12-Apr-2025 21:22:51.882 INFO [main] org.apache.catalina.startup.HostConfig.deployDescriptor Deploying deployment descriptor [C:\Users\OSHADHA\IdeaProjects\OOP-projectnew\conf\Catalina\localhost\OOP-projectnew.xml]
12-Apr-2025 21:22:52.565 INFO [main] org.apache.catalina.startup.HostConfig.deployDescriptor Deployment of deployment descriptor [C:\Users\OSHADHA\IdeaProjects\OOP-projectnew\conf\Catalina\localhost\OOP-projectnew.xml] has finished in [683] ms
12-Apr-2025 21:22:52.568 INFO [main] org.apache.coyote.AbstractProtocol.start Starting ProtocolHandler ["http-nio-8080"]
12-Apr-2025 21:22:52.589 INFO [main] org.apache.catalina.startup.Catalina.start Server startup in [789] milliseconds
12-Apr-2025 21:24:01.713 INFO [Thread-1] org.apache.coyote.AbstractProtocol.pause Pausing ProtocolHandler ["http-nio-8080"]
12-Apr-2025 21:24:01.721 INFO [Thread-1] org.apache.catalina.core.StandardService.stopInternal Stopping service [Catalina]
12-Apr-2025 21:24:01.731 INFO [Thread-1] org.apache.coyote.AbstractProtocol.stop Stopping ProtocolHandler ["http-nio-8080"]
12-Apr-2025 21:24:01.735 INFO [Thread-1] org.apache.coyote.AbstractProtocol.destroy Destroying ProtocolHandler ["http-nio-8080"]
12-Apr-2025 21:24:03.371 INFO [main] org.apache.catalina.startup.VersionLoggerListener.log Server version name:   Apache Tomcat/9.0.102
12-Apr-2025 21:24:03.374 INFO [main] org.apache.catalina.startup.VersionLoggerListener.log Server built:          Mar 3 2025 19:33:14 UTC
12-Apr-2025 21:24:03.374 INFO [main] org.apache.catalina.startup.VersionLoggerListener.log Server version number: 9.0.102.0
12-Apr-2025 21:24:03.374 INFO [main] org.apache.catalina.startup.VersionLoggerListener.log OS Name:               Windows 10
12-Apr-2025 21:24:03.375 INFO [main] org.apache.catalina.startup.VersionLoggerListener.log OS Version:            10.0
12-Apr-2025 21:24:03.375 INFO [main] org.apache.catalina.startup.VersionLoggerListener.log Architecture:          amd64
12-Apr-2025 21:24:03.375 INFO [main] org.apache.catalina.startup.VersionLoggerListener.log Java Home:             C:\Program Files\Java\jdk-22
12-Apr-2025 21:24:03.375 INFO [main] org.apache.catalina.startup.VersionLoggerListener.log JVM Version:           22.0.1+8-16
12-Apr-2025 21:24:03.375 INFO [main] org.apache.catalina.startup.VersionLoggerListener.log JVM Vendor:            Oracle Corporation
12-Apr-2025 21:24:03.375 INFO [main] org.apache.catalina.startup.VersionLoggerListener.log CATALINA_BASE:         C:\Users\OSHADHA\IdeaProjects\OOP-projectnew
12-Apr-2025 21:24:03.375 INFO [main] org.apache.catalina.startup.VersionLoggerListener.log CATALINA_HOME:         C:\Program Files\Apache Software Foundation\Tomcat 9.0
12-Apr-2025 21:24:03.383 INFO [main] org.apache.catalina.startup.VersionLoggerListener.log Command line argument: --add-opens=java.base/java.lang=ALL-UNNAMED
12-Apr-2025 21:24:03.383 INFO [main] org.apache.catalina.startup.VersionLoggerListener.log Command line argument: --add-opens=java.base/java.io=ALL-UNNAMED
12-Apr-2025 21:24:03.383 INFO [main] org.apache.catalina.startup.VersionLoggerListener.log Command line argument: --add-opens=java.base/java.util=ALL-UNNAMED
12-Apr-2025 21:24:03.383 INFO [main] org.apache.catalina.startup.VersionLoggerListener.log Command line argument: --add-opens=java.base/java.util.concurrent=ALL-UNNAMED
12-Apr-2025 21:24:03.383 INFO [main] org.apache.catalina.startup.VersionLoggerListener.log Command line argument: --add-opens=java.rmi/sun.rmi.transport=ALL-UNNAMED
12-Apr-2025 21:24:03.383 INFO [main] org.apache.catalina.startup.VersionLoggerListener.log Command line argument: -Dcatalina.home=C:\Program Files\Apache Software Foundation\Tomcat 9.0
12-Apr-2025 21:24:03.383 INFO [main] org.apache.catalina.startup.VersionLoggerListener.log Command line argument: -Dcatalina.base=C:\Users\OSHADHA\IdeaProjects\OOP-projectnew
12-Apr-2025 21:24:03.383 INFO [main] org.apache.catalina.startup.VersionLoggerListener.log Command line argument: -Djava.io.tmpdir=C:\Users\OSHADHA\IdeaProjects\OOP-projectnew\temp
12-Apr-2025 21:24:03.383 INFO [main] org.apache.catalina.startup.VersionLoggerListener.log Command line argument: -Djava.util.logging.config.file=C:\Users\OSHADHA\IdeaProjects\OOP-projectnew\conf\logging.properties
12-Apr-2025 21:24:03.383 INFO [main] org.apache.catalina.startup.VersionLoggerListener.log Command line argument: -Djava.util.logging.manager=org.apache.juli.ClassLoaderLogManager
12-Apr-2025 21:24:03.383 INFO [main] org.apache.catalina.startup.VersionLoggerListener.log Command line argument: -javaagent:C:\Program Files\JetBrains\IntelliJ IDEA 2024.3.5\lib\idea_rt.jar=60882
12-Apr-2025 21:24:03.383 INFO [main] org.apache.catalina.startup.VersionLoggerListener.log Command line argument: -Dfile.encoding=UTF-8
12-Apr-2025 21:24:03.383 INFO [main] org.apache.catalina.startup.VersionLoggerListener.log Command line argument: -Dsun.stdout.encoding=UTF-8
12-Apr-2025 21:24:03.384 INFO [main] org.apache.catalina.startup.VersionLoggerListener.log Command line argument: -Dsun.stderr.encoding=UTF-8
12-Apr-2025 21:24:03.387 INFO [main] org.apache.catalina.core.AprLifecycleListener.lifecycleEvent Loaded Apache Tomcat Native library [1.3.1] using APR version [1.7.4].
12-Apr-2025 21:24:03.387 INFO [main] org.apache.catalina.core.AprLifecycleListener.lifecycleEvent APR capabilities: IPv6 [true], sendfile [true], accept filters [false], random [true], UDS [true].
12-Apr-2025 21:24:03.388 INFO [main] org.apache.catalina.core.AprLifecycleListener.lifecycleEvent APR/OpenSSL configuration: useAprConnector [false], useOpenSSL [true]
12-Apr-2025 21:24:03.394 INFO [main] org.apache.catalina.core.AprLifecycleListener.initializeSSL OpenSSL successfully initialized [OpenSSL 3.0.14 4 Jun 2024]
12-Apr-2025 21:24:03.813 INFO [main] org.apache.coyote.AbstractProtocol.init Initializing ProtocolHandler ["http-nio-8080"]
12-Apr-2025 21:24:03.835 INFO [main] org.apache.catalina.startup.Catalina.load Server initialization in [759] milliseconds
12-Apr-2025 21:24:03.890 INFO [main] org.apache.catalina.core.StandardService.startInternal Starting service [Catalina]
12-Apr-2025 21:24:03.890 INFO [main] org.apache.catalina.core.StandardEngine.startInternal Starting Servlet engine: [Apache Tomcat/9.0.102]
12-Apr-2025 21:24:03.903 INFO [main] org.apache.catalina.startup.HostConfig.deployDescriptor Deploying deployment descriptor [C:\Users\OSHADHA\IdeaProjects\OOP-projectnew\conf\Catalina\localhost\OOP-projectnew.xml]
12-Apr-2025 21:24:04.501 INFO [main] org.apache.catalina.startup.HostConfig.deployDescriptor Deployment of deployment descriptor [C:\Users\OSHADHA\IdeaProjects\OOP-projectnew\conf\Catalina\localhost\OOP-projectnew.xml] has finished in [597] ms
12-Apr-2025 21:24:04.503 INFO [main] org.apache.coyote.AbstractProtocol.start Starting ProtocolHandler ["http-nio-8080"]
12-Apr-2025 21:24:04.522 INFO [main] org.apache.catalina.startup.Catalina.start Server startup in [686] milliseconds
12-Apr-2025 21:27:42.621 INFO [Thread-1] org.apache.coyote.AbstractProtocol.pause Pausing ProtocolHandler ["http-nio-8080"]
12-Apr-2025 21:27:42.629 INFO [Thread-1] org.apache.catalina.core.StandardService.stopInternal Stopping service [Catalina]
12-Apr-2025 21:27:42.641 INFO [Thread-1] org.apache.coyote.AbstractProtocol.stop Stopping ProtocolHandler ["http-nio-8080"]
12-Apr-2025 21:27:42.653 INFO [Thread-1] org.apache.coyote.AbstractProtocol.destroy Destroying ProtocolHandler ["http-nio-8080"]
12-Apr-2025 21:27:44.645 INFO [main] org.apache.catalina.startup.VersionLoggerListener.log Server version name:   Apache Tomcat/9.0.102
12-Apr-2025 21:27:44.651 INFO [main] org.apache.catalina.startup.VersionLoggerListener.log Server built:          Mar 3 2025 19:33:14 UTC
12-Apr-2025 21:27:44.651 INFO [main] org.apache.catalina.startup.VersionLoggerListener.log Server version number: 9.0.102.0
12-Apr-2025 21:27:44.651 INFO [main] org.apache.catalina.startup.VersionLoggerListener.log OS Name:               Windows 10
12-Apr-2025 21:27:44.651 INFO [main] org.apache.catalina.startup.VersionLoggerListener.log OS Version:            10.0
12-Apr-2025 21:27:44.651 INFO [main] org.apache.catalina.startup.VersionLoggerListener.log Architecture:          amd64
12-Apr-2025 21:27:44.651 INFO [main] org.apache.catalina.startup.VersionLoggerListener.log Java Home:             C:\Program Files\Java\jdk-22
12-Apr-2025 21:27:44.652 INFO [main] org.apache.catalina.startup.VersionLoggerListener.log JVM Version:           22.0.1+8-16
12-Apr-2025 21:27:44.652 INFO [main] org.apache.catalina.startup.VersionLoggerListener.log JVM Vendor:            Oracle Corporation
12-Apr-2025 21:27:44.652 INFO [main] org.apache.catalina.startup.VersionLoggerListener.log CATALINA_BASE:         C:\Users\OSHADHA\IdeaProjects\OOP-projectnew
12-Apr-2025 21:27:44.652 INFO [main] org.apache.catalina.startup.VersionLoggerListener.log CATALINA_HOME:         C:\Program Files\Apache Software Foundation\Tomcat 9.0
12-Apr-2025 21:27:44.661 INFO [main] org.apache.catalina.startup.VersionLoggerListener.log Command line argument: --add-opens=java.base/java.lang=ALL-UNNAMED
12-Apr-2025 21:27:44.661 INFO [main] org.apache.catalina.startup.VersionLoggerListener.log Command line argument: --add-opens=java.base/java.io=ALL-UNNAMED
12-Apr-2025 21:27:44.662 INFO [main] org.apache.catalina.startup.VersionLoggerListener.log Command line argument: --add-opens=java.base/java.util=ALL-UNNAMED
12-Apr-2025 21:27:44.662 INFO [main] org.apache.catalina.startup.VersionLoggerListener.log Command line argument: --add-opens=java.base/java.util.concurrent=ALL-UNNAMED
12-Apr-2025 21:27:44.662 INFO [main] org.apache.catalina.startup.VersionLoggerListener.log Command line argument: --add-opens=java.rmi/sun.rmi.transport=ALL-UNNAMED
12-Apr-2025 21:27:44.662 INFO [main] org.apache.catalina.startup.VersionLoggerListener.log Command line argument: -Dcatalina.home=C:\Program Files\Apache Software Foundation\Tomcat 9.0
12-Apr-2025 21:27:44.662 INFO [main] org.apache.catalina.startup.VersionLoggerListener.log Command line argument: -Dcatalina.base=C:\Users\OSHADHA\IdeaProjects\OOP-projectnew
12-Apr-2025 21:27:44.662 INFO [main] org.apache.catalina.startup.VersionLoggerListener.log Command line argument: -Djava.io.tmpdir=C:\Users\OSHADHA\IdeaProjects\OOP-projectnew\temp
12-Apr-2025 21:27:44.662 INFO [main] org.apache.catalina.startup.VersionLoggerListener.log Command line argument: -Djava.util.logging.config.file=C:\Users\OSHADHA\IdeaProjects\OOP-projectnew\conf\logging.properties
12-Apr-2025 21:27:44.662 INFO [main] org.apache.catalina.startup.VersionLoggerListener.log Command line argument: -Djava.util.logging.manager=org.apache.juli.ClassLoaderLogManager
12-Apr-2025 21:27:44.662 INFO [main] org.apache.catalina.startup.VersionLoggerListener.log Command line argument: -javaagent:C:\Program Files\JetBrains\IntelliJ IDEA 2024.3.5\lib\idea_rt.jar=60898
12-Apr-2025 21:27:44.663 INFO [main] org.apache.catalina.startup.VersionLoggerListener.log Command line argument: -Dfile.encoding=UTF-8
12-Apr-2025 21:27:44.663 INFO [main] org.apache.catalina.startup.VersionLoggerListener.log Command line argument: -Dsun.stdout.encoding=UTF-8
12-Apr-2025 21:27:44.663 INFO [main] org.apache.catalina.startup.VersionLoggerListener.log Command line argument: -Dsun.stderr.encoding=UTF-8
12-Apr-2025 21:27:44.667 INFO [main] org.apache.catalina.core.AprLifecycleListener.lifecycleEvent Loaded Apache Tomcat Native library [1.3.1] using APR version [1.7.4].
12-Apr-2025 21:27:44.667 INFO [main] org.apache.catalina.core.AprLifecycleListener.lifecycleEvent APR capabilities: IPv6 [true], sendfile [true], accept filters [false], random [true], UDS [true].
12-Apr-2025 21:27:44.667 INFO [main] org.apache.catalina.core.AprLifecycleListener.lifecycleEvent APR/OpenSSL configuration: useAprConnector [false], useOpenSSL [true]
12-Apr-2025 21:27:44.676 INFO [main] org.apache.catalina.core.AprLifecycleListener.initializeSSL OpenSSL successfully initialized [OpenSSL 3.0.14 4 Jun 2024]
12-Apr-2025 21:27:45.323 INFO [main] org.apache.coyote.AbstractProtocol.init Initializing ProtocolHandler ["http-nio-8080"]
12-Apr-2025 21:27:45.348 INFO [main] org.apache.catalina.startup.Catalina.load Server initialization in [1311] milliseconds
12-Apr-2025 21:27:45.412 INFO [main] org.apache.catalina.core.StandardService.startInternal Starting service [Catalina]
12-Apr-2025 21:27:45.412 INFO [main] org.apache.catalina.core.StandardEngine.startInternal Starting Servlet engine: [Apache Tomcat/9.0.102]
12-Apr-2025 21:27:45.423 INFO [main] org.apache.catalina.startup.HostConfig.deployDescriptor Deploying deployment descriptor [C:\Users\OSHADHA\IdeaProjects\OOP-projectnew\conf\Catalina\localhost\OOP-projectnew.xml]
12-Apr-2025 21:27:46.128 INFO [main] org.apache.catalina.startup.HostConfig.deployDescriptor Deployment of deployment descriptor [C:\Users\OSHADHA\IdeaProjects\OOP-projectnew\conf\Catalina\localhost\OOP-projectnew.xml] has finished in [705] ms
12-Apr-2025 21:27:46.132 INFO [main] org.apache.coyote.AbstractProtocol.start Starting ProtocolHandler ["http-nio-8080"]
12-Apr-2025 21:27:46.155 INFO [main] org.apache.catalina.startup.Catalina.start Server startup in [804] milliseconds
12-Apr-2025 21:31:53.875 INFO [Thread-1] org.apache.coyote.AbstractProtocol.pause Pausing ProtocolHandler ["http-nio-8080"]
12-Apr-2025 21:31:53.885 INFO [Thread-1] org.apache.catalina.core.StandardService.stopInternal Stopping service [Catalina]
12-Apr-2025 21:31:53.895 INFO [Thread-1] org.apache.coyote.AbstractProtocol.stop Stopping ProtocolHandler ["http-nio-8080"]
12-Apr-2025 21:31:53.899 INFO [Thread-1] org.apache.coyote.AbstractProtocol.destroy Destroying ProtocolHandler ["http-nio-8080"]
12-Apr-2025 21:31:56.221 INFO [main] org.apache.catalina.startup.VersionLoggerListener.log Server version name:   Apache Tomcat/9.0.102
12-Apr-2025 21:31:56.225 INFO [main] org.apache.catalina.startup.VersionLoggerListener.log Server built:          Mar 3 2025 19:33:14 UTC
12-Apr-2025 21:31:56.226 INFO [main] org.apache.catalina.startup.VersionLoggerListener.log Server version number: 9.0.102.0
12-Apr-2025 21:31:56.226 INFO [main] org.apache.catalina.startup.VersionLoggerListener.log OS Name:               Windows 10
12-Apr-2025 21:31:56.226 INFO [main] org.apache.catalina.startup.VersionLoggerListener.log OS Version:            10.0
12-Apr-2025 21:31:56.226 INFO [main] org.apache.catalina.startup.VersionLoggerListener.log Architecture:          amd64
12-Apr-2025 21:31:56.226 INFO [main] org.apache.catalina.startup.VersionLoggerListener.log Java Home:             C:\Program Files\Java\jdk-22
12-Apr-2025 21:31:56.226 INFO [main] org.apache.catalina.startup.VersionLoggerListener.log JVM Version:           22.0.1+8-16
12-Apr-2025 21:31:56.226 INFO [main] org.apache.catalina.startup.VersionLoggerListener.log JVM Vendor:            Oracle Corporation
12-Apr-2025 21:31:56.226 INFO [main] org.apache.catalina.startup.VersionLoggerListener.log CATALINA_BASE:         C:\Users\OSHADHA\IdeaProjects\OOP-projectnew
12-Apr-2025 21:31:56.227 INFO [main] org.apache.catalina.startup.VersionLoggerListener.log CATALINA_HOME:         C:\Program Files\Apache Software Foundation\Tomcat 9.0
12-Apr-2025 21:31:56.235 INFO [main] org.apache.catalina.startup.VersionLoggerListener.log Command line argument: --add-opens=java.base/java.lang=ALL-UNNAMED
12-Apr-2025 21:31:56.235 INFO [main] org.apache.catalina.startup.VersionLoggerListener.log Command line argument: --add-opens=java.base/java.io=ALL-UNNAMED
12-Apr-2025 21:31:56.236 INFO [main] org.apache.catalina.startup.VersionLoggerListener.log Command line argument: --add-opens=java.base/java.util=ALL-UNNAMED
12-Apr-2025 21:31:56.236 INFO [main] org.apache.catalina.startup.VersionLoggerListener.log Command line argument: --add-opens=java.base/java.util.concurrent=ALL-UNNAMED
12-Apr-2025 21:31:56.236 INFO [main] org.apache.catalina.startup.VersionLoggerListener.log Command line argument: --add-opens=java.rmi/sun.rmi.transport=ALL-UNNAMED
12-Apr-2025 21:31:56.236 INFO [main] org.apache.catalina.startup.VersionLoggerListener.log Command line argument: -Dcatalina.home=C:\Program Files\Apache Software Foundation\Tomcat 9.0
12-Apr-2025 21:31:56.236 INFO [main] org.apache.catalina.startup.VersionLoggerListener.log Command line argument: -Dcatalina.base=C:\Users\OSHADHA\IdeaProjects\OOP-projectnew
12-Apr-2025 21:31:56.236 INFO [main] org.apache.catalina.startup.VersionLoggerListener.log Command line argument: -Djava.io.tmpdir=C:\Users\OSHADHA\IdeaProjects\OOP-projectnew\temp
12-Apr-2025 21:31:56.236 INFO [main] org.apache.catalina.startup.VersionLoggerListener.log Command line argument: -Djava.util.logging.config.file=C:\Users\OSHADHA\IdeaProjects\OOP-projectnew\conf\logging.properties
12-Apr-2025 21:31:56.236 INFO [main] org.apache.catalina.startup.VersionLoggerListener.log Command line argument: -Djava.util.logging.manager=org.apache.juli.ClassLoaderLogManager
12-Apr-2025 21:31:56.236 INFO [main] org.apache.catalina.startup.VersionLoggerListener.log Command line argument: -javaagent:C:\Program Files\JetBrains\IntelliJ IDEA 2024.3.5\lib\idea_rt.jar=60934
12-Apr-2025 21:31:56.237 INFO [main] org.apache.catalina.startup.VersionLoggerListener.log Command line argument: -Dfile.encoding=UTF-8
12-Apr-2025 21:31:56.237 INFO [main] org.apache.catalina.startup.VersionLoggerListener.log Command line argument: -Dsun.stdout.encoding=UTF-8
12-Apr-2025 21:31:56.237 INFO [main] org.apache.catalina.startup.VersionLoggerListener.log Command line argument: -Dsun.stderr.encoding=UTF-8
12-Apr-2025 21:31:56.241 INFO [main] org.apache.catalina.core.AprLifecycleListener.lifecycleEvent Loaded Apache Tomcat Native library [1.3.1] using APR version [1.7.4].
12-Apr-2025 21:31:56.241 INFO [main] org.apache.catalina.core.AprLifecycleListener.lifecycleEvent APR capabilities: IPv6 [true], sendfile [true], accept filters [false], random [true], UDS [true].
12-Apr-2025 21:31:56.241 INFO [main] org.apache.catalina.core.AprLifecycleListener.lifecycleEvent APR/OpenSSL configuration: useAprConnector [false], useOpenSSL [true]
12-Apr-2025 21:31:56.249 INFO [main] org.apache.catalina.core.AprLifecycleListener.initializeSSL OpenSSL successfully initialized [OpenSSL 3.0.14 4 Jun 2024]
12-Apr-2025 21:31:56.701 INFO [main] org.apache.coyote.AbstractProtocol.init Initializing ProtocolHandler ["http-nio-8080"]
12-Apr-2025 21:31:56.724 INFO [main] org.apache.catalina.startup.Catalina.load Server initialization in [721] milliseconds
12-Apr-2025 21:31:56.779 INFO [main] org.apache.catalina.core.StandardService.startInternal Starting service [Catalina]
12-Apr-2025 21:31:56.779 INFO [main] org.apache.catalina.core.StandardEngine.startInternal Starting Servlet engine: [Apache Tomcat/9.0.102]
12-Apr-2025 21:31:56.793 INFO [main] org.apache.catalina.startup.HostConfig.deployDescriptor Deploying deployment descriptor [C:\Users\OSHADHA\IdeaProjects\OOP-projectnew\conf\Catalina\localhost\OOP-projectnew.xml]
12-Apr-2025 21:31:57.334 INFO [main] org.apache.catalina.startup.HostConfig.deployDescriptor Deployment of deployment descriptor [C:\Users\OSHADHA\IdeaProjects\OOP-projectnew\conf\Catalina\localhost\OOP-projectnew.xml] has finished in [541] ms
12-Apr-2025 21:31:57.338 INFO [main] org.apache.coyote.AbstractProtocol.start Starting ProtocolHandler ["http-nio-8080"]
12-Apr-2025 21:31:57.357 INFO [main] org.apache.catalina.startup.Catalina.start Server startup in [630] milliseconds
12-Apr-2025 21:34:37.803 INFO [Thread-1] org.apache.coyote.AbstractProtocol.pause Pausing ProtocolHandler ["http-nio-8080"]
12-Apr-2025 21:34:37.814 INFO [Thread-1] org.apache.catalina.core.StandardService.stopInternal Stopping service [Catalina]
12-Apr-2025 21:34:37.825 INFO [Thread-1] org.apache.coyote.AbstractProtocol.stop Stopping ProtocolHandler ["http-nio-8080"]
12-Apr-2025 21:34:37.829 INFO [Thread-1] org.apache.coyote.AbstractProtocol.destroy Destroying ProtocolHandler ["http-nio-8080"]
12-Apr-2025 21:52:06.087 INFO [main] org.apache.catalina.startup.VersionLoggerListener.log Server version name:   Apache Tomcat/9.0.102
12-Apr-2025 21:52:06.096 INFO [main] org.apache.catalina.startup.VersionLoggerListener.log Server built:          Mar 3 2025 19:33:14 UTC
12-Apr-2025 21:52:06.097 INFO [main] org.apache.catalina.startup.VersionLoggerListener.log Server version number: 9.0.102.0
12-Apr-2025 21:52:06.097 INFO [main] org.apache.catalina.startup.VersionLoggerListener.log OS Name:               Windows 10
12-Apr-2025 21:52:06.097 INFO [main] org.apache.catalina.startup.VersionLoggerListener.log OS Version:            10.0
12-Apr-2025 21:52:06.097 INFO [main] org.apache.catalina.startup.VersionLoggerListener.log Architecture:          amd64
12-Apr-2025 21:52:06.097 INFO [main] org.apache.catalina.startup.VersionLoggerListener.log Java Home:             C:\Program Files\Java\jdk-22
12-Apr-2025 21:52:06.097 INFO [main] org.apache.catalina.startup.VersionLoggerListener.log JVM Version:           22.0.1+8-16
12-Apr-2025 21:52:06.098 INFO [main] org.apache.catalina.startup.VersionLoggerListener.log JVM Vendor:            Oracle Corporation
12-Apr-2025 21:52:06.098 INFO [main] org.apache.catalina.startup.VersionLoggerListener.log CATALINA_BASE:         C:\Users\OSHADHA\IdeaProjects\OOP-projectnew
12-Apr-2025 21:52:06.098 INFO [main] org.apache.catalina.startup.VersionLoggerListener.log CATALINA_HOME:         C:\Program Files\Apache Software Foundation\Tomcat 9.0
12-Apr-2025 21:52:06.113 INFO [main] org.apache.catalina.startup.VersionLoggerListener.log Command line argument: --add-opens=java.base/java.lang=ALL-UNNAMED
12-Apr-2025 21:52:06.114 INFO [main] org.apache.catalina.startup.VersionLoggerListener.log Command line argument: --add-opens=java.base/java.io=ALL-UNNAMED
12-Apr-2025 21:52:06.114 INFO [main] org.apache.catalina.startup.VersionLoggerListener.log Command line argument: --add-opens=java.base/java.util=ALL-UNNAMED
12-Apr-2025 21:52:06.115 INFO [main] org.apache.catalina.startup.VersionLoggerListener.log Command line argument: --add-opens=java.base/java.util.concurrent=ALL-UNNAMED
12-Apr-2025 21:52:06.115 INFO [main] org.apache.catalina.startup.VersionLoggerListener.log Command line argument: --add-opens=java.rmi/sun.rmi.transport=ALL-UNNAMED
12-Apr-2025 21:52:06.115 INFO [main] org.apache.catalina.startup.VersionLoggerListener.log Command line argument: -Dcatalina.home=C:\Program Files\Apache Software Foundation\Tomcat 9.0
12-Apr-2025 21:52:06.116 INFO [main] org.apache.catalina.startup.VersionLoggerListener.log Command line argument: -Dcatalina.base=C:\Users\OSHADHA\IdeaProjects\OOP-projectnew
12-Apr-2025 21:52:06.116 INFO [main] org.apache.catalina.startup.VersionLoggerListener.log Command line argument: -Djava.io.tmpdir=C:\Users\OSHADHA\IdeaProjects\OOP-projectnew\temp
12-Apr-2025 21:52:06.116 INFO [main] org.apache.catalina.startup.VersionLoggerListener.log Command line argument: -Djava.util.logging.config.file=C:\Users\OSHADHA\IdeaProjects\OOP-projectnew\conf\logging.properties
12-Apr-2025 21:52:06.116 INFO [main] org.apache.catalina.startup.VersionLoggerListener.log Command line argument: -Djava.util.logging.manager=org.apache.juli.ClassLoaderLogManager
12-Apr-2025 21:52:06.117 INFO [main] org.apache.catalina.startup.VersionLoggerListener.log Command line argument: -javaagent:C:\Program Files\JetBrains\IntelliJ IDEA 2024.3.5\lib\idea_rt.jar=61196
12-Apr-2025 21:52:06.117 INFO [main] org.apache.catalina.startup.VersionLoggerListener.log Command line argument: -Dfile.encoding=UTF-8
12-Apr-2025 21:52:06.117 INFO [main] org.apache.catalina.startup.VersionLoggerListener.log Command line argument: -Dsun.stdout.encoding=UTF-8
12-Apr-2025 21:52:06.117 INFO [main] org.apache.catalina.startup.VersionLoggerListener.log Command line argument: -Dsun.stderr.encoding=UTF-8
12-Apr-2025 21:52:06.124 INFO [main] org.apache.catalina.core.AprLifecycleListener.lifecycleEvent Loaded Apache Tomcat Native library [1.3.1] using APR version [1.7.4].
12-Apr-2025 21:52:06.124 INFO [main] org.apache.catalina.core.AprLifecycleListener.lifecycleEvent APR capabilities: IPv6 [true], sendfile [true], accept filters [false], random [true], UDS [true].
12-Apr-2025 21:52:06.125 INFO [main] org.apache.catalina.core.AprLifecycleListener.lifecycleEvent APR/OpenSSL configuration: useAprConnector [false], useOpenSSL [true]
12-Apr-2025 21:52:06.136 INFO [main] org.apache.catalina.core.AprLifecycleListener.initializeSSL OpenSSL successfully initialized [OpenSSL 3.0.14 4 Jun 2024]
12-Apr-2025 21:52:06.631 INFO [main] org.apache.coyote.AbstractProtocol.init Initializing ProtocolHandler ["http-nio-8080"]
12-Apr-2025 21:52:06.666 INFO [main] org.apache.catalina.startup.Catalina.load Server initialization in [883] milliseconds
12-Apr-2025 21:52:06.722 INFO [main] org.apache.catalina.core.StandardService.startInternal Starting service [Catalina]
12-Apr-2025 21:52:06.722 INFO [main] org.apache.catalina.core.StandardEngine.startInternal Starting Servlet engine: [Apache Tomcat/9.0.102]
12-Apr-2025 21:52:06.731 INFO [main] org.apache.catalina.startup.HostConfig.deployDescriptor Deploying deployment descriptor [C:\Users\OSHADHA\IdeaProjects\OOP-projectnew\conf\Catalina\localhost\OOP-projectnew.xml]
12-Apr-2025 21:52:07.450 INFO [main] org.apache.catalina.startup.HostConfig.deployDescriptor Deployment of deployment descriptor [C:\Users\OSHADHA\IdeaProjects\OOP-projectnew\conf\Catalina\localhost\OOP-projectnew.xml] has finished in [719] ms
12-Apr-2025 21:52:07.453 INFO [main] org.apache.coyote.AbstractProtocol.start Starting ProtocolHandler ["http-nio-8080"]
12-Apr-2025 21:52:07.476 INFO [main] org.apache.catalina.startup.Catalina.start Server startup in [807] milliseconds
12-Apr-2025 21:53:23.182 INFO [Thread-1] org.apache.coyote.AbstractProtocol.pause Pausing ProtocolHandler ["http-nio-8080"]
12-Apr-2025 21:53:23.192 INFO [Thread-1] org.apache.catalina.core.StandardService.stopInternal Stopping service [Catalina]
12-Apr-2025 21:53:23.203 INFO [Thread-1] org.apache.coyote.AbstractProtocol.stop Stopping ProtocolHandler ["http-nio-8080"]
12-Apr-2025 21:53:23.220 INFO [Thread-1] org.apache.coyote.AbstractProtocol.destroy Destroying ProtocolHandler ["http-nio-8080"]
12-Apr-2025 21:53:24.756 INFO [main] org.apache.catalina.startup.VersionLoggerListener.log Server version name:   Apache Tomcat/9.0.102
12-Apr-2025 21:53:24.762 INFO [main] org.apache.catalina.startup.VersionLoggerListener.log Server built:          Mar 3 2025 19:33:14 UTC
12-Apr-2025 21:53:24.762 INFO [main] org.apache.catalina.startup.VersionLoggerListener.log Server version number: 9.0.102.0
12-Apr-2025 21:53:24.762 INFO [main] org.apache.catalina.startup.VersionLoggerListener.log OS Name:               Windows 10
12-Apr-2025 21:53:24.762 INFO [main] org.apache.catalina.startup.VersionLoggerListener.log OS Version:            10.0
12-Apr-2025 21:53:24.762 INFO [main] org.apache.catalina.startup.VersionLoggerListener.log Architecture:          amd64
12-Apr-2025 21:53:24.762 INFO [main] org.apache.catalina.startup.VersionLoggerListener.log Java Home:             C:\Program Files\Java\jdk-22
12-Apr-2025 21:53:24.762 INFO [main] org.apache.catalina.startup.VersionLoggerListener.log JVM Version:           22.0.1+8-16
12-Apr-2025 21:53:24.762 INFO [main] org.apache.catalina.startup.VersionLoggerListener.log JVM Vendor:            Oracle Corporation
12-Apr-2025 21:53:24.763 INFO [main] org.apache.catalina.startup.VersionLoggerListener.log CATALINA_BASE:         C:\Users\OSHADHA\IdeaProjects\OOP-projectnew
12-Apr-2025 21:53:24.763 INFO [main] org.apache.catalina.startup.VersionLoggerListener.log CATALINA_HOME:         C:\Program Files\Apache Software Foundation\Tomcat 9.0
12-Apr-2025 21:53:24.774 INFO [main] org.apache.catalina.startup.VersionLoggerListener.log Command line argument: --add-opens=java.base/java.lang=ALL-UNNAMED
12-Apr-2025 21:53:24.774 INFO [main] org.apache.catalina.startup.VersionLoggerListener.log Command line argument: --add-opens=java.base/java.io=ALL-UNNAMED
12-Apr-2025 21:53:24.774 INFO [main] org.apache.catalina.startup.VersionLoggerListener.log Command line argument: --add-opens=java.base/java.util=ALL-UNNAMED
12-Apr-2025 21:53:24.774 INFO [main] org.apache.catalina.startup.VersionLoggerListener.log Command line argument: --add-opens=java.base/java.util.concurrent=ALL-UNNAMED
12-Apr-2025 21:53:24.775 INFO [main] org.apache.catalina.startup.VersionLoggerListener.log Command line argument: --add-opens=java.rmi/sun.rmi.transport=ALL-UNNAMED
12-Apr-2025 21:53:24.775 INFO [main] org.apache.catalina.startup.VersionLoggerListener.log Command line argument: -Dcatalina.home=C:\Program Files\Apache Software Foundation\Tomcat 9.0
12-Apr-2025 21:53:24.775 INFO [main] org.apache.catalina.startup.VersionLoggerListener.log Command line argument: -Dcatalina.base=C:\Users\OSHADHA\IdeaProjects\OOP-projectnew
12-Apr-2025 21:53:24.775 INFO [main] org.apache.catalina.startup.VersionLoggerListener.log Command line argument: -Djava.io.tmpdir=C:\Users\OSHADHA\IdeaProjects\OOP-projectnew\temp
12-Apr-2025 21:53:24.775 INFO [main] org.apache.catalina.startup.VersionLoggerListener.log Command line argument: -Djava.util.logging.config.file=C:\Users\OSHADHA\IdeaProjects\OOP-projectnew\conf\logging.properties
12-Apr-2025 21:53:24.775 INFO [main] org.apache.catalina.startup.VersionLoggerListener.log Command line argument: -Djava.util.logging.manager=org.apache.juli.ClassLoaderLogManager
12-Apr-2025 21:53:24.776 INFO [main] org.apache.catalina.startup.VersionLoggerListener.log Command line argument: -javaagent:C:\Program Files\JetBrains\IntelliJ IDEA 2024.3.5\lib\idea_rt.jar=61222
12-Apr-2025 21:53:24.776 INFO [main] org.apache.catalina.startup.VersionLoggerListener.log Command line argument: -Dfile.encoding=UTF-8
12-Apr-2025 21:53:24.776 INFO [main] org.apache.catalina.startup.VersionLoggerListener.log Command line argument: -Dsun.stdout.encoding=UTF-8
12-Apr-2025 21:53:24.776 INFO [main] org.apache.catalina.startup.VersionLoggerListener.log Command line argument: -Dsun.stderr.encoding=UTF-8
12-Apr-2025 21:53:24.781 INFO [main] org.apache.catalina.core.AprLifecycleListener.lifecycleEvent Loaded Apache Tomcat Native library [1.3.1] using APR version [1.7.4].
12-Apr-2025 21:53:24.781 INFO [main] org.apache.catalina.core.AprLifecycleListener.lifecycleEvent APR capabilities: IPv6 [true], sendfile [true], accept filters [false], random [true], UDS [true].
12-Apr-2025 21:53:24.781 INFO [main] org.apache.catalina.core.AprLifecycleListener.lifecycleEvent APR/OpenSSL configuration: useAprConnector [false], useOpenSSL [true]
12-Apr-2025 21:53:24.788 INFO [main] org.apache.catalina.core.AprLifecycleListener.initializeSSL OpenSSL successfully initialized [OpenSSL 3.0.14 4 Jun 2024]
12-Apr-2025 21:53:25.221 INFO [main] org.apache.coyote.AbstractProtocol.init Initializing ProtocolHandler ["http-nio-8080"]
12-Apr-2025 21:53:25.242 INFO [main] org.apache.catalina.startup.Catalina.load Server initialization in [774] milliseconds
12-Apr-2025 21:53:25.322 INFO [main] org.apache.catalina.core.StandardService.startInternal Starting service [Catalina]
12-Apr-2025 21:53:25.322 INFO [main] org.apache.catalina.core.StandardEngine.startInternal Starting Servlet engine: [Apache Tomcat/9.0.102]
12-Apr-2025 21:53:25.334 INFO [main] org.apache.catalina.startup.HostConfig.deployDescriptor Deploying deployment descriptor [C:\Users\OSHADHA\IdeaProjects\OOP-projectnew\conf\Catalina\localhost\OOP-projectnew.xml]
12-Apr-2025 21:53:25.928 INFO [main] org.apache.catalina.startup.HostConfig.deployDescriptor Deployment of deployment descriptor [C:\Users\OSHADHA\IdeaProjects\OOP-projectnew\conf\Catalina\localhost\OOP-projectnew.xml] has finished in [594] ms
12-Apr-2025 21:53:25.931 INFO [main] org.apache.coyote.AbstractProtocol.start Starting ProtocolHandler ["http-nio-8080"]
12-Apr-2025 21:53:25.951 INFO [main] org.apache.catalina.startup.Catalina.start Server startup in [706] milliseconds
12-Apr-2025 21:54:05.505 INFO [Thread-1] org.apache.coyote.AbstractProtocol.pause Pausing ProtocolHandler ["http-nio-8080"]
12-Apr-2025 21:54:05.516 INFO [Thread-1] org.apache.catalina.core.StandardService.stopInternal Stopping service [Catalina]
12-Apr-2025 21:54:05.526 INFO [Thread-1] org.apache.coyote.AbstractProtocol.stop Stopping ProtocolHandler ["http-nio-8080"]
12-Apr-2025 21:54:05.530 INFO [Thread-1] org.apache.coyote.AbstractProtocol.destroy Destroying ProtocolHandler ["http-nio-8080"]
12-Apr-2025 21:54:07.137 INFO [main] org.apache.catalina.startup.VersionLoggerListener.log Server version name:   Apache Tomcat/9.0.102
12-Apr-2025 21:54:07.142 INFO [main] org.apache.catalina.startup.VersionLoggerListener.log Server built:          Mar 3 2025 19:33:14 UTC
12-Apr-2025 21:54:07.142 INFO [main] org.apache.catalina.startup.VersionLoggerListener.log Server version number: 9.0.102.0
12-Apr-2025 21:54:07.142 INFO [main] org.apache.catalina.startup.VersionLoggerListener.log OS Name:               Windows 10
12-Apr-2025 21:54:07.142 INFO [main] org.apache.catalina.startup.VersionLoggerListener.log OS Version:            10.0
12-Apr-2025 21:54:07.143 INFO [main] org.apache.catalina.startup.VersionLoggerListener.log Architecture:          amd64
12-Apr-2025 21:54:07.143 INFO [main] org.apache.catalina.startup.VersionLoggerListener.log Java Home:             C:\Program Files\Java\jdk-22
12-Apr-2025 21:54:07.143 INFO [main] org.apache.catalina.startup.VersionLoggerListener.log JVM Version:           22.0.1+8-16
12-Apr-2025 21:54:07.143 INFO [main] org.apache.catalina.startup.VersionLoggerListener.log JVM Vendor:            Oracle Corporation
12-Apr-2025 21:54:07.143 INFO [main] org.apache.catalina.startup.VersionLoggerListener.log CATALINA_BASE:         C:\Users\OSHADHA\IdeaProjects\OOP-projectnew
12-Apr-2025 21:54:07.143 INFO [main] org.apache.catalina.startup.VersionLoggerListener.log CATALINA_HOME:         C:\Program Files\Apache Software Foundation\Tomcat 9.0
12-Apr-2025 21:54:07.156 INFO [main] org.apache.catalina.startup.VersionLoggerListener.log Command line argument: --add-opens=java.base/java.lang=ALL-UNNAMED
12-Apr-2025 21:54:07.156 INFO [main] org.apache.catalina.startup.VersionLoggerListener.log Command line argument: --add-opens=java.base/java.io=ALL-UNNAMED
12-Apr-2025 21:54:07.156 INFO [main] org.apache.catalina.startup.VersionLoggerListener.log Command line argument: --add-opens=java.base/java.util=ALL-UNNAMED
12-Apr-2025 21:54:07.156 INFO [main] org.apache.catalina.startup.VersionLoggerListener.log Command line argument: --add-opens=java.base/java.util.concurrent=ALL-UNNAMED
12-Apr-2025 21:54:07.156 INFO [main] org.apache.catalina.startup.VersionLoggerListener.log Command line argument: --add-opens=java.rmi/sun.rmi.transport=ALL-UNNAMED
12-Apr-2025 21:54:07.156 INFO [main] org.apache.catalina.startup.VersionLoggerListener.log Command line argument: -Dcatalina.home=C:\Program Files\Apache Software Foundation\Tomcat 9.0
12-Apr-2025 21:54:07.156 INFO [main] org.apache.catalina.startup.VersionLoggerListener.log Command line argument: -Dcatalina.base=C:\Users\OSHADHA\IdeaProjects\OOP-projectnew
12-Apr-2025 21:54:07.156 INFO [main] org.apache.catalina.startup.VersionLoggerListener.log Command line argument: -Djava.io.tmpdir=C:\Users\OSHADHA\IdeaProjects\OOP-projectnew\temp
12-Apr-2025 21:54:07.157 INFO [main] org.apache.catalina.startup.VersionLoggerListener.log Command line argument: -Djava.util.logging.config.file=C:\Users\OSHADHA\IdeaProjects\OOP-projectnew\conf\logging.properties
12-Apr-2025 21:54:07.157 INFO [main] org.apache.catalina.startup.VersionLoggerListener.log Command line argument: -Djava.util.logging.manager=org.apache.juli.ClassLoaderLogManager
12-Apr-2025 21:54:07.157 INFO [main] org.apache.catalina.startup.VersionLoggerListener.log Command line argument: -javaagent:C:\Program Files\JetBrains\IntelliJ IDEA 2024.3.5\lib\idea_rt.jar=61227
12-Apr-2025 21:54:07.157 INFO [main] org.apache.catalina.startup.VersionLoggerListener.log Command line argument: -Dfile.encoding=UTF-8
12-Apr-2025 21:54:07.157 INFO [main] org.apache.catalina.startup.VersionLoggerListener.log Command line argument: -Dsun.stdout.encoding=UTF-8
12-Apr-2025 21:54:07.157 INFO [main] org.apache.catalina.startup.VersionLoggerListener.log Command line argument: -Dsun.stderr.encoding=UTF-8
12-Apr-2025 21:54:07.161 INFO [main] org.apache.catalina.core.AprLifecycleListener.lifecycleEvent Loaded Apache Tomcat Native library [1.3.1] using APR version [1.7.4].
12-Apr-2025 21:54:07.161 INFO [main] org.apache.catalina.core.AprLifecycleListener.lifecycleEvent APR capabilities: IPv6 [true], sendfile [true], accept filters [false], random [true], UDS [true].
12-Apr-2025 21:54:07.161 INFO [main] org.apache.catalina.core.AprLifecycleListener.lifecycleEvent APR/OpenSSL configuration: useAprConnector [false], useOpenSSL [true]
12-Apr-2025 21:54:07.170 INFO [main] org.apache.catalina.core.AprLifecycleListener.initializeSSL OpenSSL successfully initialized [OpenSSL 3.0.14 4 Jun 2024]
12-Apr-2025 21:54:07.663 INFO [main] org.apache.coyote.AbstractProtocol.init Initializing ProtocolHandler ["http-nio-8080"]
12-Apr-2025 21:54:07.690 INFO [main] org.apache.catalina.startup.Catalina.load Server initialization in [892] milliseconds
12-Apr-2025 21:54:07.744 INFO [main] org.apache.catalina.core.StandardService.startInternal Starting service [Catalina]
12-Apr-2025 21:54:07.744 INFO [main] org.apache.catalina.core.StandardEngine.startInternal Starting Servlet engine: [Apache Tomcat/9.0.102]
12-Apr-2025 21:54:07.753 INFO [main] org.apache.catalina.startup.HostConfig.deployDescriptor Deploying deployment descriptor [C:\Users\OSHADHA\IdeaProjects\OOP-projectnew\conf\Catalina\localhost\OOP-projectnew.xml]
12-Apr-2025 21:54:08.422 INFO [main] org.apache.catalina.startup.HostConfig.deployDescriptor Deployment of deployment descriptor [C:\Users\OSHADHA\IdeaProjects\OOP-projectnew\conf\Catalina\localhost\OOP-projectnew.xml] has finished in [669] ms
12-Apr-2025 21:54:08.427 INFO [main] org.apache.coyote.AbstractProtocol.start Starting ProtocolHandler ["http-nio-8080"]
12-Apr-2025 21:54:08.446 INFO [main] org.apache.catalina.startup.Catalina.start Server startup in [754] milliseconds
12-Apr-2025 22:42:52.960 INFO [Thread-1] org.apache.coyote.AbstractProtocol.pause Pausing ProtocolHandler ["http-nio-8080"]
12-Apr-2025 22:42:52.972 INFO [Thread-1] org.apache.catalina.core.StandardService.stopInternal Stopping service [Catalina]
12-Apr-2025 22:42:53.009 INFO [Thread-1] org.apache.coyote.AbstractProtocol.stop Stopping ProtocolHandler ["http-nio-8080"]
12-Apr-2025 22:42:53.024 INFO [Thread-1] org.apache.coyote.AbstractProtocol.destroy Destroying ProtocolHandler ["http-nio-8080"]
12-Apr-2025 22:42:56.425 INFO [main] org.apache.catalina.startup.VersionLoggerListener.log Server version name:   Apache Tomcat/9.0.102
12-Apr-2025 22:42:56.430 INFO [main] org.apache.catalina.startup.VersionLoggerListener.log Server built:          Mar 3 2025 19:33:14 UTC
12-Apr-2025 22:42:56.432 INFO [main] org.apache.catalina.startup.VersionLoggerListener.log Server version number: 9.0.102.0
12-Apr-2025 22:42:56.432 INFO [main] org.apache.catalina.startup.VersionLoggerListener.log OS Name:               Windows 10
12-Apr-2025 22:42:56.432 INFO [main] org.apache.catalina.startup.VersionLoggerListener.log OS Version:            10.0
12-Apr-2025 22:42:56.432 INFO [main] org.apache.catalina.startup.VersionLoggerListener.log Architecture:          amd64
12-Apr-2025 22:42:56.432 INFO [main] org.apache.catalina.startup.VersionLoggerListener.log Java Home:             C:\Program Files\Java\jdk-22
12-Apr-2025 22:42:56.432 INFO [main] org.apache.catalina.startup.VersionLoggerListener.log JVM Version:           22.0.1+8-16
12-Apr-2025 22:42:56.432 INFO [main] org.apache.catalina.startup.VersionLoggerListener.log JVM Vendor:            Oracle Corporation
12-Apr-2025 22:42:56.432 INFO [main] org.apache.catalina.startup.VersionLoggerListener.log CATALINA_BASE:         C:\Users\OSHADHA\IdeaProjects\OOP-projectnew
12-Apr-2025 22:42:56.432 INFO [main] org.apache.catalina.startup.VersionLoggerListener.log CATALINA_HOME:         C:\Program Files\Apache Software Foundation\Tomcat 9.0
12-Apr-2025 22:42:56.442 INFO [main] org.apache.catalina.startup.VersionLoggerListener.log Command line argument: --add-opens=java.base/java.lang=ALL-UNNAMED
12-Apr-2025 22:42:56.442 INFO [main] org.apache.catalina.startup.VersionLoggerListener.log Command line argument: --add-opens=java.base/java.io=ALL-UNNAMED
12-Apr-2025 22:42:56.442 INFO [main] org.apache.catalina.startup.VersionLoggerListener.log Command line argument: --add-opens=java.base/java.util=ALL-UNNAMED
12-Apr-2025 22:42:56.442 INFO [main] org.apache.catalina.startup.VersionLoggerListener.log Command line argument: --add-opens=java.base/java.util.concurrent=ALL-UNNAMED
12-Apr-2025 22:42:56.443 INFO [main] org.apache.catalina.startup.VersionLoggerListener.log Command line argument: --add-opens=java.rmi/sun.rmi.transport=ALL-UNNAMED
12-Apr-2025 22:42:56.443 INFO [main] org.apache.catalina.startup.VersionLoggerListener.log Command line argument: -Dcatalina.home=C:\Program Files\Apache Software Foundation\Tomcat 9.0
12-Apr-2025 22:42:56.443 INFO [main] org.apache.catalina.startup.VersionLoggerListener.log Command line argument: -Dcatalina.base=C:\Users\OSHADHA\IdeaProjects\OOP-projectnew
12-Apr-2025 22:42:56.443 INFO [main] org.apache.catalina.startup.VersionLoggerListener.log Command line argument: -Djava.io.tmpdir=C:\Users\OSHADHA\IdeaProjects\OOP-projectnew\temp
12-Apr-2025 22:42:56.443 INFO [main] org.apache.catalina.startup.VersionLoggerListener.log Command line argument: -Djava.util.logging.config.file=C:\Users\OSHADHA\IdeaProjects\OOP-projectnew\conf\logging.properties
12-Apr-2025 22:42:56.443 INFO [main] org.apache.catalina.startup.VersionLoggerListener.log Command line argument: -Djava.util.logging.manager=org.apache.juli.ClassLoaderLogManager
12-Apr-2025 22:42:56.443 INFO [main] org.apache.catalina.startup.VersionLoggerListener.log Command line argument: -javaagent:C:\Program Files\JetBrains\IntelliJ IDEA 2024.3.5\lib\idea_rt.jar=55337
12-Apr-2025 22:42:56.443 INFO [main] org.apache.catalina.startup.VersionLoggerListener.log Command line argument: -Dfile.encoding=UTF-8
12-Apr-2025 22:42:56.444 INFO [main] org.apache.catalina.startup.VersionLoggerListener.log Command line argument: -Dsun.stdout.encoding=UTF-8
12-Apr-2025 22:42:56.444 INFO [main] org.apache.catalina.startup.VersionLoggerListener.log Command line argument: -Dsun.stderr.encoding=UTF-8
12-Apr-2025 22:42:56.449 INFO [main] org.apache.catalina.core.AprLifecycleListener.lifecycleEvent Loaded Apache Tomcat Native library [1.3.1] using APR version [1.7.4].
12-Apr-2025 22:42:56.449 INFO [main] org.apache.catalina.core.AprLifecycleListener.lifecycleEvent APR capabilities: IPv6 [true], sendfile [true], accept filters [false], random [true], UDS [true].
12-Apr-2025 22:42:56.449 INFO [main] org.apache.catalina.core.AprLifecycleListener.lifecycleEvent APR/OpenSSL configuration: useAprConnector [false], useOpenSSL [true]
12-Apr-2025 22:42:56.459 INFO [main] org.apache.catalina.core.AprLifecycleListener.initializeSSL OpenSSL successfully initialized [OpenSSL 3.0.14 4 Jun 2024]
12-Apr-2025 22:42:56.923 INFO [main] org.apache.coyote.AbstractProtocol.init Initializing ProtocolHandler ["http-nio-8080"]
12-Apr-2025 22:42:56.947 INFO [main] org.apache.catalina.startup.Catalina.load Server initialization in [801] milliseconds
12-Apr-2025 22:42:57.007 INFO [main] org.apache.catalina.core.StandardService.startInternal Starting service [Catalina]
12-Apr-2025 22:42:57.008 INFO [main] org.apache.catalina.core.StandardEngine.startInternal Starting Servlet engine: [Apache Tomcat/9.0.102]
12-Apr-2025 22:42:57.018 INFO [main] org.apache.catalina.startup.HostConfig.deployDescriptor Deploying deployment descriptor [C:\Users\OSHADHA\IdeaProjects\OOP-projectnew\conf\Catalina\localhost\OOP-projectnew.xml]
12-Apr-2025 22:42:57.620 INFO [main] org.apache.catalina.startup.HostConfig.deployDescriptor Deployment of deployment descriptor [C:\Users\OSHADHA\IdeaProjects\OOP-projectnew\conf\Catalina\localhost\OOP-projectnew.xml] has finished in [602] ms
12-Apr-2025 22:42:57.625 INFO [main] org.apache.coyote.AbstractProtocol.start Starting ProtocolHandler ["http-nio-8080"]
12-Apr-2025 22:42:57.650 INFO [main] org.apache.catalina.startup.Catalina.start Server startup in [700] milliseconds
12-Apr-2025 22:49:10.803 INFO [Thread-1] org.apache.coyote.AbstractProtocol.pause Pausing ProtocolHandler ["http-nio-8080"]
12-Apr-2025 22:49:10.813 INFO [Thread-1] org.apache.catalina.core.StandardService.stopInternal Stopping service [Catalina]
12-Apr-2025 22:49:10.823 INFO [Thread-1] org.apache.coyote.AbstractProtocol.stop Stopping ProtocolHandler ["http-nio-8080"]
12-Apr-2025 22:49:10.837 INFO [Thread-1] org.apache.coyote.AbstractProtocol.destroy Destroying ProtocolHandler ["http-nio-8080"]
12-Apr-2025 22:49:12.742 INFO [main] org.apache.catalina.startup.VersionLoggerListener.log Server version name:   Apache Tomcat/9.0.102
12-Apr-2025 22:49:12.747 INFO [main] org.apache.catalina.startup.VersionLoggerListener.log Server built:          Mar 3 2025 19:33:14 UTC
12-Apr-2025 22:49:12.748 INFO [main] org.apache.catalina.startup.VersionLoggerListener.log Server version number: 9.0.102.0
12-Apr-2025 22:49:12.748 INFO [main] org.apache.catalina.startup.VersionLoggerListener.log OS Name:               Windows 10
12-Apr-2025 22:49:12.748 INFO [main] org.apache.catalina.startup.VersionLoggerListener.log OS Version:            10.0
12-Apr-2025 22:49:12.748 INFO [main] org.apache.catalina.startup.VersionLoggerListener.log Architecture:          amd64
12-Apr-2025 22:49:12.748 INFO [main] org.apache.catalina.startup.VersionLoggerListener.log Java Home:             C:\Program Files\Java\jdk-22
12-Apr-2025 22:49:12.748 INFO [main] org.apache.catalina.startup.VersionLoggerListener.log JVM Version:           22.0.1+8-16
12-Apr-2025 22:49:12.748 INFO [main] org.apache.catalina.startup.VersionLoggerListener.log JVM Vendor:            Oracle Corporation
12-Apr-2025 22:49:12.749 INFO [main] org.apache.catalina.startup.VersionLoggerListener.log CATALINA_BASE:         C:\Users\OSHADHA\IdeaProjects\OOP-projectnew
12-Apr-2025 22:49:12.749 INFO [main] org.apache.catalina.startup.VersionLoggerListener.log CATALINA_HOME:         C:\Program Files\Apache Software Foundation\Tomcat 9.0
12-Apr-2025 22:49:12.761 INFO [main] org.apache.catalina.startup.VersionLoggerListener.log Command line argument: --add-opens=java.base/java.lang=ALL-UNNAMED
12-Apr-2025 22:49:12.761 INFO [main] org.apache.catalina.startup.VersionLoggerListener.log Command line argument: --add-opens=java.base/java.io=ALL-UNNAMED
12-Apr-2025 22:49:12.761 INFO [main] org.apache.catalina.startup.VersionLoggerListener.log Command line argument: --add-opens=java.base/java.util=ALL-UNNAMED
12-Apr-2025 22:49:12.761 INFO [main] org.apache.catalina.startup.VersionLoggerListener.log Command line argument: --add-opens=java.base/java.util.concurrent=ALL-UNNAMED
12-Apr-2025 22:49:12.762 INFO [main] org.apache.catalina.startup.VersionLoggerListener.log Command line argument: --add-opens=java.rmi/sun.rmi.transport=ALL-UNNAMED
12-Apr-2025 22:49:12.762 INFO [main] org.apache.catalina.startup.VersionLoggerListener.log Command line argument: -Dcatalina.home=C:\Program Files\Apache Software Foundation\Tomcat 9.0
12-Apr-2025 22:49:12.763 INFO [main] org.apache.catalina.startup.VersionLoggerListener.log Command line argument: -Dcatalina.base=C:\Users\OSHADHA\IdeaProjects\OOP-projectnew
12-Apr-2025 22:49:12.763 INFO [main] org.apache.catalina.startup.VersionLoggerListener.log Command line argument: -Djava.io.tmpdir=C:\Users\OSHADHA\IdeaProjects\OOP-projectnew\temp
12-Apr-2025 22:49:12.763 INFO [main] org.apache.catalina.startup.VersionLoggerListener.log Command line argument: -Djava.util.logging.config.file=C:\Users\OSHADHA\IdeaProjects\OOP-projectnew\conf\logging.properties
12-Apr-2025 22:49:12.763 INFO [main] org.apache.catalina.startup.VersionLoggerListener.log Command line argument: -Djava.util.logging.manager=org.apache.juli.ClassLoaderLogManager
12-Apr-2025 22:49:12.764 INFO [main] org.apache.catalina.startup.VersionLoggerListener.log Command line argument: -javaagent:C:\Program Files\JetBrains\IntelliJ IDEA 2024.3.5\lib\idea_rt.jar=55370
12-Apr-2025 22:49:12.764 INFO [main] org.apache.catalina.startup.VersionLoggerListener.log Command line argument: -Dfile.encoding=UTF-8
12-Apr-2025 22:49:12.764 INFO [main] org.apache.catalina.startup.VersionLoggerListener.log Command line argument: -Dsun.stdout.encoding=UTF-8
12-Apr-2025 22:49:12.764 INFO [main] org.apache.catalina.startup.VersionLoggerListener.log Command line argument: -Dsun.stderr.encoding=UTF-8
12-Apr-2025 22:49:12.769 INFO [main] org.apache.catalina.core.AprLifecycleListener.lifecycleEvent Loaded Apache Tomcat Native library [1.3.1] using APR version [1.7.4].
12-Apr-2025 22:49:12.769 INFO [main] org.apache.catalina.core.AprLifecycleListener.lifecycleEvent APR capabilities: IPv6 [true], sendfile [true], accept filters [false], random [true], UDS [true].
12-Apr-2025 22:49:12.769 INFO [main] org.apache.catalina.core.AprLifecycleListener.lifecycleEvent APR/OpenSSL configuration: useAprConnector [false], useOpenSSL [true]
12-Apr-2025 22:49:12.778 INFO [main] org.apache.catalina.core.AprLifecycleListener.initializeSSL OpenSSL successfully initialized [OpenSSL 3.0.14 4 Jun 2024]
12-Apr-2025 22:49:13.208 INFO [main] org.apache.coyote.AbstractProtocol.init Initializing ProtocolHandler ["http-nio-8080"]
12-Apr-2025 22:49:13.232 INFO [main] org.apache.catalina.startup.Catalina.load Server initialization in [1088] milliseconds
12-Apr-2025 22:49:13.296 INFO [main] org.apache.catalina.core.StandardService.startInternal Starting service [Catalina]
12-Apr-2025 22:49:13.296 INFO [main] org.apache.catalina.core.StandardEngine.startInternal Starting Servlet engine: [Apache Tomcat/9.0.102]
12-Apr-2025 22:49:13.306 INFO [main] org.apache.catalina.startup.HostConfig.deployDescriptor Deploying deployment descriptor [C:\Users\OSHADHA\IdeaProjects\OOP-projectnew\conf\Catalina\localhost\OOP-projectnew.xml]
12-Apr-2025 22:49:13.893 INFO [main] org.apache.catalina.startup.HostConfig.deployDescriptor Deployment of deployment descriptor [C:\Users\OSHADHA\IdeaProjects\OOP-projectnew\conf\Catalina\localhost\OOP-projectnew.xml] has finished in [586] ms
12-Apr-2025 22:49:13.896 INFO [main] org.apache.coyote.AbstractProtocol.start Starting ProtocolHandler ["http-nio-8080"]
12-Apr-2025 22:49:13.915 INFO [main] org.apache.catalina.startup.Catalina.start Server startup in [680] milliseconds
12-Apr-2025 22:49:31.283 INFO [Thread-1] org.apache.coyote.AbstractProtocol.pause Pausing ProtocolHandler ["http-nio-8080"]
12-Apr-2025 22:49:31.293 INFO [Thread-1] org.apache.catalina.core.StandardService.stopInternal Stopping service [Catalina]
12-Apr-2025 22:49:31.304 INFO [Thread-1] org.apache.coyote.AbstractProtocol.stop Stopping ProtocolHandler ["http-nio-8080"]
12-Apr-2025 22:49:31.319 INFO [Thread-1] org.apache.coyote.AbstractProtocol.destroy Destroying ProtocolHandler ["http-nio-8080"]
12-Apr-2025 22:49:33.449 INFO [main] org.apache.catalina.startup.VersionLoggerListener.log Server version name:   Apache Tomcat/9.0.102
12-Apr-2025 22:49:33.456 INFO [main] org.apache.catalina.startup.VersionLoggerListener.log Server built:          Mar 3 2025 19:33:14 UTC
12-Apr-2025 22:49:33.457 INFO [main] org.apache.catalina.startup.VersionLoggerListener.log Server version number: 9.0.102.0
12-Apr-2025 22:49:33.457 INFO [main] org.apache.catalina.startup.VersionLoggerListener.log OS Name:               Windows 10
12-Apr-2025 22:49:33.457 INFO [main] org.apache.catalina.startup.VersionLoggerListener.log OS Version:            10.0
12-Apr-2025 22:49:33.457 INFO [main] org.apache.catalina.startup.VersionLoggerListener.log Architecture:          amd64
12-Apr-2025 22:49:33.457 INFO [main] org.apache.catalina.startup.VersionLoggerListener.log Java Home:             C:\Program Files\Java\jdk-22
12-Apr-2025 22:49:33.457 INFO [main] org.apache.catalina.startup.VersionLoggerListener.log JVM Version:           22.0.1+8-16
12-Apr-2025 22:49:33.457 INFO [main] org.apache.catalina.startup.VersionLoggerListener.log JVM Vendor:            Oracle Corporation
12-Apr-2025 22:49:33.458 INFO [main] org.apache.catalina.startup.VersionLoggerListener.log CATALINA_BASE:         C:\Users\OSHADHA\IdeaProjects\OOP-projectnew
12-Apr-2025 22:49:33.458 INFO [main] org.apache.catalina.startup.VersionLoggerListener.log CATALINA_HOME:         C:\Program Files\Apache Software Foundation\Tomcat 9.0
12-Apr-2025 22:49:33.469 INFO [main] org.apache.catalina.startup.VersionLoggerListener.log Command line argument: --add-opens=java.base/java.lang=ALL-UNNAMED
12-Apr-2025 22:49:33.471 INFO [main] org.apache.catalina.startup.VersionLoggerListener.log Command line argument: --add-opens=java.base/java.io=ALL-UNNAMED
12-Apr-2025 22:49:33.471 INFO [main] org.apache.catalina.startup.VersionLoggerListener.log Command line argument: --add-opens=java.base/java.util=ALL-UNNAMED
12-Apr-2025 22:49:33.471 INFO [main] org.apache.catalina.startup.VersionLoggerListener.log Command line argument: --add-opens=java.base/java.util.concurrent=ALL-UNNAMED
12-Apr-2025 22:49:33.471 INFO [main] org.apache.catalina.startup.VersionLoggerListener.log Command line argument: --add-opens=java.rmi/sun.rmi.transport=ALL-UNNAMED
12-Apr-2025 22:49:33.471 INFO [main] org.apache.catalina.startup.VersionLoggerListener.log Command line argument: -Dcatalina.home=C:\Program Files\Apache Software Foundation\Tomcat 9.0
12-Apr-2025 22:49:33.472 INFO [main] org.apache.catalina.startup.VersionLoggerListener.log Command line argument: -Dcatalina.base=C:\Users\OSHADHA\IdeaProjects\OOP-projectnew
12-Apr-2025 22:49:33.472 INFO [main] org.apache.catalina.startup.VersionLoggerListener.log Command line argument: -Djava.io.tmpdir=C:\Users\OSHADHA\IdeaProjects\OOP-projectnew\temp
12-Apr-2025 22:49:33.472 INFO [main] org.apache.catalina.startup.VersionLoggerListener.log Command line argument: -Djava.util.logging.config.file=C:\Users\OSHADHA\IdeaProjects\OOP-projectnew\conf\logging.properties
12-Apr-2025 22:49:33.473 INFO [main] org.apache.catalina.startup.VersionLoggerListener.log Command line argument: -Djava.util.logging.manager=org.apache.juli.ClassLoaderLogManager
12-Apr-2025 22:49:33.473 INFO [main] org.apache.catalina.startup.VersionLoggerListener.log Command line argument: -javaagent:C:\Program Files\JetBrains\IntelliJ IDEA 2024.3.5\lib\idea_rt.jar=55375
12-Apr-2025 22:49:33.473 INFO [main] org.apache.catalina.startup.VersionLoggerListener.log Command line argument: -Dfile.encoding=UTF-8
12-Apr-2025 22:49:33.473 INFO [main] org.apache.catalina.startup.VersionLoggerListener.log Command line argument: -Dsun.stdout.encoding=UTF-8
12-Apr-2025 22:49:33.473 INFO [main] org.apache.catalina.startup.VersionLoggerListener.log Command line argument: -Dsun.stderr.encoding=UTF-8
12-Apr-2025 22:49:33.478 INFO [main] org.apache.catalina.core.AprLifecycleListener.lifecycleEvent Loaded Apache Tomcat Native library [1.3.1] using APR version [1.7.4].
12-Apr-2025 22:49:33.479 INFO [main] org.apache.catalina.core.AprLifecycleListener.lifecycleEvent APR capabilities: IPv6 [true], sendfile [true], accept filters [false], random [true], UDS [true].
12-Apr-2025 22:49:33.479 INFO [main] org.apache.catalina.core.AprLifecycleListener.lifecycleEvent APR/OpenSSL configuration: useAprConnector [false], useOpenSSL [true]
12-Apr-2025 22:49:33.487 INFO [main] org.apache.catalina.core.AprLifecycleListener.initializeSSL OpenSSL successfully initialized [OpenSSL 3.0.14 4 Jun 2024]
12-Apr-2025 22:49:33.979 INFO [main] org.apache.coyote.AbstractProtocol.init Initializing ProtocolHandler ["http-nio-8080"]
12-Apr-2025 22:49:33.998 INFO [main] org.apache.catalina.startup.Catalina.load Server initialization in [1442] milliseconds
12-Apr-2025 22:49:34.049 INFO [main] org.apache.catalina.core.StandardService.startInternal Starting service [Catalina]
12-Apr-2025 22:49:34.049 INFO [main] org.apache.catalina.core.StandardEngine.startInternal Starting Servlet engine: [Apache Tomcat/9.0.102]
12-Apr-2025 22:49:34.057 INFO [main] org.apache.catalina.startup.HostConfig.deployDescriptor Deploying deployment descriptor [C:\Users\OSHADHA\IdeaProjects\OOP-projectnew\conf\Catalina\localhost\OOP-projectnew.xml]
12-Apr-2025 22:49:34.728 INFO [main] org.apache.catalina.startup.HostConfig.deployDescriptor Deployment of deployment descriptor [C:\Users\OSHADHA\IdeaProjects\OOP-projectnew\conf\Catalina\localhost\OOP-projectnew.xml] has finished in [671] ms
12-Apr-2025 22:49:34.731 INFO [main] org.apache.coyote.AbstractProtocol.start Starting ProtocolHandler ["http-nio-8080"]
12-Apr-2025 22:49:34.749 INFO [main] org.apache.catalina.startup.Catalina.start Server startup in [749] milliseconds
12-Apr-2025 22:54:34.063 INFO [Thread-1] org.apache.coyote.AbstractProtocol.pause Pausing ProtocolHandler ["http-nio-8080"]
12-Apr-2025 22:54:34.074 INFO [Thread-1] org.apache.catalina.core.StandardService.stopInternal Stopping service [Catalina]
12-Apr-2025 22:54:34.085 INFO [Thread-1] org.apache.coyote.AbstractProtocol.stop Stopping ProtocolHandler ["http-nio-8080"]
12-Apr-2025 22:54:34.108 INFO [Thread-1] org.apache.coyote.AbstractProtocol.destroy Destroying ProtocolHandler ["http-nio-8080"]
12-Apr-2025 22:54:35.929 INFO [main] org.apache.catalina.startup.VersionLoggerListener.log Server version name:   Apache Tomcat/9.0.102
12-Apr-2025 22:54:35.943 INFO [main] org.apache.catalina.startup.VersionLoggerListener.log Server built:          Mar 3 2025 19:33:14 UTC
12-Apr-2025 22:54:35.943 INFO [main] org.apache.catalina.startup.VersionLoggerListener.log Server version number: 9.0.102.0
12-Apr-2025 22:54:35.943 INFO [main] org.apache.catalina.startup.VersionLoggerListener.log OS Name:               Windows 10
12-Apr-2025 22:54:35.943 INFO [main] org.apache.catalina.startup.VersionLoggerListener.log OS Version:            10.0
12-Apr-2025 22:54:35.943 INFO [main] org.apache.catalina.startup.VersionLoggerListener.log Architecture:          amd64
12-Apr-2025 22:54:35.943 INFO [main] org.apache.catalina.startup.VersionLoggerListener.log Java Home:             C:\Program Files\Java\jdk-22
12-Apr-2025 22:54:35.944 INFO [main] org.apache.catalina.startup.VersionLoggerListener.log JVM Version:           22.0.1+8-16
12-Apr-2025 22:54:35.944 INFO [main] org.apache.catalina.startup.VersionLoggerListener.log JVM Vendor:            Oracle Corporation
12-Apr-2025 22:54:35.944 INFO [main] org.apache.catalina.startup.VersionLoggerListener.log CATALINA_BASE:         C:\Users\OSHADHA\IdeaProjects\OOP-projectnew
12-Apr-2025 22:54:35.944 INFO [main] org.apache.catalina.startup.VersionLoggerListener.log CATALINA_HOME:         C:\Program Files\Apache Software Foundation\Tomcat 9.0
12-Apr-2025 22:54:35.976 INFO [main] org.apache.catalina.startup.VersionLoggerListener.log Command line argument: --add-opens=java.base/java.lang=ALL-UNNAMED
12-Apr-2025 22:54:35.976 INFO [main] org.apache.catalina.startup.VersionLoggerListener.log Command line argument: --add-opens=java.base/java.io=ALL-UNNAMED
12-Apr-2025 22:54:35.977 INFO [main] org.apache.catalina.startup.VersionLoggerListener.log Command line argument: --add-opens=java.base/java.util=ALL-UNNAMED
12-Apr-2025 22:54:35.977 INFO [main] org.apache.catalina.startup.VersionLoggerListener.log Command line argument: --add-opens=java.base/java.util.concurrent=ALL-UNNAMED
12-Apr-2025 22:54:35.977 INFO [main] org.apache.catalina.startup.VersionLoggerListener.log Command line argument: --add-opens=java.rmi/sun.rmi.transport=ALL-UNNAMED
12-Apr-2025 22:54:35.977 INFO [main] org.apache.catalina.startup.VersionLoggerListener.log Command line argument: -Dcatalina.home=C:\Program Files\Apache Software Foundation\Tomcat 9.0
12-Apr-2025 22:54:35.977 INFO [main] org.apache.catalina.startup.VersionLoggerListener.log Command line argument: -Dcatalina.base=C:\Users\OSHADHA\IdeaProjects\OOP-projectnew
12-Apr-2025 22:54:35.977 INFO [main] org.apache.catalina.startup.VersionLoggerListener.log Command line argument: -Djava.io.tmpdir=C:\Users\OSHADHA\IdeaProjects\OOP-projectnew\temp
12-Apr-2025 22:54:35.977 INFO [main] org.apache.catalina.startup.VersionLoggerListener.log Command line argument: -Djava.util.logging.config.file=C:\Users\OSHADHA\IdeaProjects\OOP-projectnew\conf\logging.properties
12-Apr-2025 22:54:35.977 INFO [main] org.apache.catalina.startup.VersionLoggerListener.log Command line argument: -Djava.util.logging.manager=org.apache.juli.ClassLoaderLogManager
12-Apr-2025 22:54:35.978 INFO [main] org.apache.catalina.startup.VersionLoggerListener.log Command line argument: -javaagent:C:\Program Files\JetBrains\IntelliJ IDEA 2024.3.5\lib\idea_rt.jar=55391
12-Apr-2025 22:54:35.978 INFO [main] org.apache.catalina.startup.VersionLoggerListener.log Command line argument: -Dfile.encoding=UTF-8
12-Apr-2025 22:54:35.978 INFO [main] org.apache.catalina.startup.VersionLoggerListener.log Command line argument: -Dsun.stdout.encoding=UTF-8
12-Apr-2025 22:54:35.978 INFO [main] org.apache.catalina.startup.VersionLoggerListener.log Command line argument: -Dsun.stderr.encoding=UTF-8
12-Apr-2025 22:54:35.983 INFO [main] org.apache.catalina.core.AprLifecycleListener.lifecycleEvent Loaded Apache Tomcat Native library [1.3.1] using APR version [1.7.4].
12-Apr-2025 22:54:35.983 INFO [main] org.apache.catalina.core.AprLifecycleListener.lifecycleEvent APR capabilities: IPv6 [true], sendfile [true], accept filters [false], random [true], UDS [true].
12-Apr-2025 22:54:35.984 INFO [main] org.apache.catalina.core.AprLifecycleListener.lifecycleEvent APR/OpenSSL configuration: useAprConnector [false], useOpenSSL [true]
12-Apr-2025 22:54:36.001 INFO [main] org.apache.catalina.core.AprLifecycleListener.initializeSSL OpenSSL successfully initialized [OpenSSL 3.0.14 4 Jun 2024]
12-Apr-2025 22:54:36.529 INFO [main] org.apache.coyote.AbstractProtocol.init Initializing ProtocolHandler ["http-nio-8080"]
12-Apr-2025 22:54:36.551 INFO [main] org.apache.catalina.startup.Catalina.load Server initialization in [1131] milliseconds
12-Apr-2025 22:54:36.618 INFO [main] org.apache.catalina.core.StandardService.startInternal Starting service [Catalina]
12-Apr-2025 22:54:36.618 INFO [main] org.apache.catalina.core.StandardEngine.startInternal Starting Servlet engine: [Apache Tomcat/9.0.102]
12-Apr-2025 22:54:36.629 INFO [main] org.apache.catalina.startup.HostConfig.deployDescriptor Deploying deployment descriptor [C:\Users\OSHADHA\IdeaProjects\OOP-projectnew\conf\Catalina\localhost\OOP-projectnew.xml]
12-Apr-2025 22:54:37.344 INFO [main] org.apache.catalina.startup.HostConfig.deployDescriptor Deployment of deployment descriptor [C:\Users\OSHADHA\IdeaProjects\OOP-projectnew\conf\Catalina\localhost\OOP-projectnew.xml] has finished in [715] ms
12-Apr-2025 22:54:37.347 INFO [main] org.apache.coyote.AbstractProtocol.start Starting ProtocolHandler ["http-nio-8080"]
12-Apr-2025 22:54:37.368 INFO [main] org.apache.catalina.startup.Catalina.start Server startup in [815] milliseconds
12-Apr-2025 23:29:16.832 INFO [Thread-1] org.apache.coyote.AbstractProtocol.pause Pausing ProtocolHandler ["http-nio-8080"]
12-Apr-2025 23:29:16.843 INFO [Thread-1] org.apache.catalina.core.StandardService.stopInternal Stopping service [Catalina]
12-Apr-2025 23:29:16.856 INFO [Thread-1] org.apache.coyote.AbstractProtocol.stop Stopping ProtocolHandler ["http-nio-8080"]
12-Apr-2025 23:29:16.870 INFO [Thread-1] org.apache.coyote.AbstractProtocol.destroy Destroying ProtocolHandler ["http-nio-8080"]
12-Apr-2025 23:29:19.025 INFO [main] org.apache.catalina.startup.VersionLoggerListener.log Server version name:   Apache Tomcat/9.0.102
12-Apr-2025 23:29:19.030 INFO [main] org.apache.catalina.startup.VersionLoggerListener.log Server built:          Mar 3 2025 19:33:14 UTC
12-Apr-2025 23:29:19.030 INFO [main] org.apache.catalina.startup.VersionLoggerListener.log Server version number: 9.0.102.0
12-Apr-2025 23:29:19.031 INFO [main] org.apache.catalina.startup.VersionLoggerListener.log OS Name:               Windows 10
12-Apr-2025 23:29:19.031 INFO [main] org.apache.catalina.startup.VersionLoggerListener.log OS Version:            10.0
12-Apr-2025 23:29:19.031 INFO [main] org.apache.catalina.startup.VersionLoggerListener.log Architecture:          amd64
12-Apr-2025 23:29:19.031 INFO [main] org.apache.catalina.startup.VersionLoggerListener.log Java Home:             C:\Program Files\Java\jdk-22
12-Apr-2025 23:29:19.031 INFO [main] org.apache.catalina.startup.VersionLoggerListener.log JVM Version:           22.0.1+8-16
12-Apr-2025 23:29:19.031 INFO [main] org.apache.catalina.startup.VersionLoggerListener.log JVM Vendor:            Oracle Corporation
12-Apr-2025 23:29:19.031 INFO [main] org.apache.catalina.startup.VersionLoggerListener.log CATALINA_BASE:         C:\Users\OSHADHA\IdeaProjects\OOP-projectnew
12-Apr-2025 23:29:19.031 INFO [main] org.apache.catalina.startup.VersionLoggerListener.log CATALINA_HOME:         C:\Program Files\Apache Software Foundation\Tomcat 9.0
12-Apr-2025 23:29:19.040 INFO [main] org.apache.catalina.startup.VersionLoggerListener.log Command line argument: --add-opens=java.base/java.lang=ALL-UNNAMED
12-Apr-2025 23:29:19.040 INFO [main] org.apache.catalina.startup.VersionLoggerListener.log Command line argument: --add-opens=java.base/java.io=ALL-UNNAMED
12-Apr-2025 23:29:19.040 INFO [main] org.apache.catalina.startup.VersionLoggerListener.log Command line argument: --add-opens=java.base/java.util=ALL-UNNAMED
12-Apr-2025 23:29:19.041 INFO [main] org.apache.catalina.startup.VersionLoggerListener.log Command line argument: --add-opens=java.base/java.util.concurrent=ALL-UNNAMED
12-Apr-2025 23:29:19.041 INFO [main] org.apache.catalina.startup.VersionLoggerListener.log Command line argument: --add-opens=java.rmi/sun.rmi.transport=ALL-UNNAMED
12-Apr-2025 23:29:19.041 INFO [main] org.apache.catalina.startup.VersionLoggerListener.log Command line argument: -Dcatalina.home=C:\Program Files\Apache Software Foundation\Tomcat 9.0
12-Apr-2025 23:29:19.041 INFO [main] org.apache.catalina.startup.VersionLoggerListener.log Command line argument: -Dcatalina.base=C:\Users\OSHADHA\IdeaProjects\OOP-projectnew
12-Apr-2025 23:29:19.041 INFO [main] org.apache.catalina.startup.VersionLoggerListener.log Command line argument: -Djava.io.tmpdir=C:\Users\OSHADHA\IdeaProjects\OOP-projectnew\temp
12-Apr-2025 23:29:19.041 INFO [main] org.apache.catalina.startup.VersionLoggerListener.log Command line argument: -Djava.util.logging.config.file=C:\Users\OSHADHA\IdeaProjects\OOP-projectnew\conf\logging.properties
12-Apr-2025 23:29:19.041 INFO [main] org.apache.catalina.startup.VersionLoggerListener.log Command line argument: -Djava.util.logging.manager=org.apache.juli.ClassLoaderLogManager
12-Apr-2025 23:29:19.041 INFO [main] org.apache.catalina.startup.VersionLoggerListener.log Command line argument: -javaagent:C:\Program Files\JetBrains\IntelliJ IDEA 2024.3.5\lib\idea_rt.jar=59185
12-Apr-2025 23:29:19.042 INFO [main] org.apache.catalina.startup.VersionLoggerListener.log Command line argument: -Dfile.encoding=UTF-8
12-Apr-2025 23:29:19.042 INFO [main] org.apache.catalina.startup.VersionLoggerListener.log Command line argument: -Dsun.stdout.encoding=UTF-8
12-Apr-2025 23:29:19.042 INFO [main] org.apache.catalina.startup.VersionLoggerListener.log Command line argument: -Dsun.stderr.encoding=UTF-8
12-Apr-2025 23:29:19.046 INFO [main] org.apache.catalina.core.AprLifecycleListener.lifecycleEvent Loaded Apache Tomcat Native library [1.3.1] using APR version [1.7.4].
12-Apr-2025 23:29:19.046 INFO [main] org.apache.catalina.core.AprLifecycleListener.lifecycleEvent APR capabilities: IPv6 [true], sendfile [true], accept filters [false], random [true], UDS [true].
12-Apr-2025 23:29:19.047 INFO [main] org.apache.catalina.core.AprLifecycleListener.lifecycleEvent APR/OpenSSL configuration: useAprConnector [false], useOpenSSL [true]
12-Apr-2025 23:29:19.055 INFO [main] org.apache.catalina.core.AprLifecycleListener.initializeSSL OpenSSL successfully initialized [OpenSSL 3.0.14 4 Jun 2024]
12-Apr-2025 23:29:19.522 INFO [main] org.apache.coyote.AbstractProtocol.init Initializing ProtocolHandler ["http-nio-8080"]
12-Apr-2025 23:29:19.546 INFO [main] org.apache.catalina.startup.Catalina.load Server initialization in [796] milliseconds
12-Apr-2025 23:29:19.614 INFO [main] org.apache.catalina.core.StandardService.startInternal Starting service [Catalina]
12-Apr-2025 23:29:19.614 INFO [main] org.apache.catalina.core.StandardEngine.startInternal Starting Servlet engine: [Apache Tomcat/9.0.102]
12-Apr-2025 23:29:19.624 INFO [main] org.apache.catalina.startup.HostConfig.deployDescriptor Deploying deployment descriptor [C:\Users\OSHADHA\IdeaProjects\OOP-projectnew\conf\Catalina\localhost\OOP-projectnew.xml]
12-Apr-2025 23:29:20.227 INFO [main] org.apache.catalina.startup.HostConfig.deployDescriptor Deployment of deployment descriptor [C:\Users\OSHADHA\IdeaProjects\OOP-projectnew\conf\Catalina\localhost\OOP-projectnew.xml] has finished in [602] ms
12-Apr-2025 23:29:20.230 INFO [main] org.apache.coyote.AbstractProtocol.start Starting ProtocolHandler ["http-nio-8080"]
12-Apr-2025 23:29:20.249 INFO [main] org.apache.catalina.startup.Catalina.start Server startup in [701] milliseconds
12-Apr-2025 23:43:13.890 INFO [Thread-1] org.apache.coyote.AbstractProtocol.pause Pausing ProtocolHandler ["http-nio-8080"]
12-Apr-2025 23:43:13.902 INFO [Thread-1] org.apache.catalina.core.StandardService.stopInternal Stopping service [Catalina]
12-Apr-2025 23:43:13.936 INFO [Thread-1] org.apache.coyote.AbstractProtocol.stop Stopping ProtocolHandler ["http-nio-8080"]
12-Apr-2025 23:43:13.956 INFO [Thread-1] org.apache.coyote.AbstractProtocol.destroy Destroying ProtocolHandler ["http-nio-8080"]
12-Apr-2025 23:43:16.329 INFO [main] org.apache.catalina.startup.VersionLoggerListener.log Server version name:   Apache Tomcat/9.0.102
12-Apr-2025 23:43:16.334 INFO [main] org.apache.catalina.startup.VersionLoggerListener.log Server built:          Mar 3 2025 19:33:14 UTC
12-Apr-2025 23:43:16.334 INFO [main] org.apache.catalina.startup.VersionLoggerListener.log Server version number: 9.0.102.0
12-Apr-2025 23:43:16.335 INFO [main] org.apache.catalina.startup.VersionLoggerListener.log OS Name:               Windows 10
12-Apr-2025 23:43:16.335 INFO [main] org.apache.catalina.startup.VersionLoggerListener.log OS Version:            10.0
12-Apr-2025 23:43:16.335 INFO [main] org.apache.catalina.startup.VersionLoggerListener.log Architecture:          amd64
12-Apr-2025 23:43:16.335 INFO [main] org.apache.catalina.startup.VersionLoggerListener.log Java Home:             C:\Program Files\Java\jdk-22
12-Apr-2025 23:43:16.335 INFO [main] org.apache.catalina.startup.VersionLoggerListener.log JVM Version:           22.0.1+8-16
12-Apr-2025 23:43:16.335 INFO [main] org.apache.catalina.startup.VersionLoggerListener.log JVM Vendor:            Oracle Corporation
12-Apr-2025 23:43:16.335 INFO [main] org.apache.catalina.startup.VersionLoggerListener.log CATALINA_BASE:         C:\Users\OSHADHA\IdeaProjects\OOP-projectnew
12-Apr-2025 23:43:16.335 INFO [main] org.apache.catalina.startup.VersionLoggerListener.log CATALINA_HOME:         C:\Program Files\Apache Software Foundation\Tomcat 9.0
12-Apr-2025 23:43:16.346 INFO [main] org.apache.catalina.startup.VersionLoggerListener.log Command line argument: --add-opens=java.base/java.lang=ALL-UNNAMED
12-Apr-2025 23:43:16.346 INFO [main] org.apache.catalina.startup.VersionLoggerListener.log Command line argument: --add-opens=java.base/java.io=ALL-UNNAMED
12-Apr-2025 23:43:16.346 INFO [main] org.apache.catalina.startup.VersionLoggerListener.log Command line argument: --add-opens=java.base/java.util=ALL-UNNAMED
12-Apr-2025 23:43:16.346 INFO [main] org.apache.catalina.startup.VersionLoggerListener.log Command line argument: --add-opens=java.base/java.util.concurrent=ALL-UNNAMED
12-Apr-2025 23:43:16.346 INFO [main] org.apache.catalina.startup.VersionLoggerListener.log Command line argument: --add-opens=java.rmi/sun.rmi.transport=ALL-UNNAMED
12-Apr-2025 23:43:16.347 INFO [main] org.apache.catalina.startup.VersionLoggerListener.log Command line argument: -Dcatalina.home=C:\Program Files\Apache Software Foundation\Tomcat 9.0
12-Apr-2025 23:43:16.347 INFO [main] org.apache.catalina.startup.VersionLoggerListener.log Command line argument: -Dcatalina.base=C:\Users\OSHADHA\IdeaProjects\OOP-projectnew
12-Apr-2025 23:43:16.347 INFO [main] org.apache.catalina.startup.VersionLoggerListener.log Command line argument: -Djava.io.tmpdir=C:\Users\OSHADHA\IdeaProjects\OOP-projectnew\temp
12-Apr-2025 23:43:16.347 INFO [main] org.apache.catalina.startup.VersionLoggerListener.log Command line argument: -Djava.util.logging.config.file=C:\Users\OSHADHA\IdeaProjects\OOP-projectnew\conf\logging.properties
12-Apr-2025 23:43:16.347 INFO [main] org.apache.catalina.startup.VersionLoggerListener.log Command line argument: -Djava.util.logging.manager=org.apache.juli.ClassLoaderLogManager
12-Apr-2025 23:43:16.347 INFO [main] org.apache.catalina.startup.VersionLoggerListener.log Command line argument: -javaagent:C:\Program Files\JetBrains\IntelliJ IDEA 2024.3.5\lib\idea_rt.jar=59224
12-Apr-2025 23:43:16.347 INFO [main] org.apache.catalina.startup.VersionLoggerListener.log Command line argument: -Dfile.encoding=UTF-8
12-Apr-2025 23:43:16.347 INFO [main] org.apache.catalina.startup.VersionLoggerListener.log Command line argument: -Dsun.stdout.encoding=UTF-8
12-Apr-2025 23:43:16.347 INFO [main] org.apache.catalina.startup.VersionLoggerListener.log Command line argument: -Dsun.stderr.encoding=UTF-8
12-Apr-2025 23:43:16.353 INFO [main] org.apache.catalina.core.AprLifecycleListener.lifecycleEvent Loaded Apache Tomcat Native library [1.3.1] using APR version [1.7.4].
12-Apr-2025 23:43:16.354 INFO [main] org.apache.catalina.core.AprLifecycleListener.lifecycleEvent APR capabilities: IPv6 [true], sendfile [true], accept filters [false], random [true], UDS [true].
12-Apr-2025 23:43:16.354 INFO [main] org.apache.catalina.core.AprLifecycleListener.lifecycleEvent APR/OpenSSL configuration: useAprConnector [false], useOpenSSL [true]
12-Apr-2025 23:43:16.362 INFO [main] org.apache.catalina.core.AprLifecycleListener.initializeSSL OpenSSL successfully initialized [OpenSSL 3.0.14 4 Jun 2024]
12-Apr-2025 23:43:16.845 INFO [main] org.apache.coyote.AbstractProtocol.init Initializing ProtocolHandler ["http-nio-8080"]
12-Apr-2025 23:43:16.869 INFO [main] org.apache.catalina.startup.Catalina.load Server initialization in [774] milliseconds
12-Apr-2025 23:43:16.923 INFO [main] org.apache.catalina.core.StandardService.startInternal Starting service [Catalina]
12-Apr-2025 23:43:16.923 INFO [main] org.apache.catalina.core.StandardEngine.startInternal Starting Servlet engine: [Apache Tomcat/9.0.102]
12-Apr-2025 23:43:16.931 INFO [main] org.apache.catalina.startup.HostConfig.deployDescriptor Deploying deployment descriptor [C:\Users\OSHADHA\IdeaProjects\OOP-projectnew\conf\Catalina\localhost\OOP-projectnew.xml]
12-Apr-2025 23:43:17.550 INFO [main] org.apache.catalina.startup.HostConfig.deployDescriptor Deployment of deployment descriptor [C:\Users\OSHADHA\IdeaProjects\OOP-projectnew\conf\Catalina\localhost\OOP-projectnew.xml] has finished in [619] ms
12-Apr-2025 23:43:17.554 INFO [main] org.apache.coyote.AbstractProtocol.start Starting ProtocolHandler ["http-nio-8080"]
12-Apr-2025 23:43:17.575 INFO [main] org.apache.catalina.startup.Catalina.start Server startup in [704] milliseconds
12-Apr-2025 23:45:20.808 INFO [Thread-1] org.apache.coyote.AbstractProtocol.pause Pausing ProtocolHandler ["http-nio-8080"]
12-Apr-2025 23:45:20.818 INFO [Thread-1] org.apache.catalina.core.StandardService.stopInternal Stopping service [Catalina]
12-Apr-2025 23:45:20.828 INFO [Thread-1] org.apache.coyote.AbstractProtocol.stop Stopping ProtocolHandler ["http-nio-8080"]
12-Apr-2025 23:45:20.831 INFO [Thread-1] org.apache.coyote.AbstractProtocol.destroy Destroying ProtocolHandler ["http-nio-8080"]
12-Apr-2025 23:45:23.099 INFO [main] org.apache.catalina.startup.VersionLoggerListener.log Server version name:   Apache Tomcat/9.0.102
12-Apr-2025 23:45:23.103 INFO [main] org.apache.catalina.startup.VersionLoggerListener.log Server built:          Mar 3 2025 19:33:14 UTC
12-Apr-2025 23:45:23.103 INFO [main] org.apache.catalina.startup.VersionLoggerListener.log Server version number: 9.0.102.0
12-Apr-2025 23:45:23.104 INFO [main] org.apache.catalina.startup.VersionLoggerListener.log OS Name:               Windows 10
12-Apr-2025 23:45:23.104 INFO [main] org.apache.catalina.startup.VersionLoggerListener.log OS Version:            10.0
12-Apr-2025 23:45:23.104 INFO [main] org.apache.catalina.startup.VersionLoggerListener.log Architecture:          amd64
12-Apr-2025 23:45:23.104 INFO [main] org.apache.catalina.startup.VersionLoggerListener.log Java Home:             C:\Program Files\Java\jdk-22
12-Apr-2025 23:45:23.104 INFO [main] org.apache.catalina.startup.VersionLoggerListener.log JVM Version:           22.0.1+8-16
12-Apr-2025 23:45:23.104 INFO [main] org.apache.catalina.startup.VersionLoggerListener.log JVM Vendor:            Oracle Corporation
12-Apr-2025 23:45:23.104 INFO [main] org.apache.catalina.startup.VersionLoggerListener.log CATALINA_BASE:         C:\Users\OSHADHA\IdeaProjects\OOP-projectnew
12-Apr-2025 23:45:23.104 INFO [main] org.apache.catalina.startup.VersionLoggerListener.log CATALINA_HOME:         C:\Program Files\Apache Software Foundation\Tomcat 9.0
12-Apr-2025 23:45:23.115 INFO [main] org.apache.catalina.startup.VersionLoggerListener.log Command line argument: --add-opens=java.base/java.lang=ALL-UNNAMED
12-Apr-2025 23:45:23.115 INFO [main] org.apache.catalina.startup.VersionLoggerListener.log Command line argument: --add-opens=java.base/java.io=ALL-UNNAMED
12-Apr-2025 23:45:23.115 INFO [main] org.apache.catalina.startup.VersionLoggerListener.log Command line argument: --add-opens=java.base/java.util=ALL-UNNAMED
12-Apr-2025 23:45:23.115 INFO [main] org.apache.catalina.startup.VersionLoggerListener.log Command line argument: --add-opens=java.base/java.util.concurrent=ALL-UNNAMED
12-Apr-2025 23:45:23.115 INFO [main] org.apache.catalina.startup.VersionLoggerListener.log Command line argument: --add-opens=java.rmi/sun.rmi.transport=ALL-UNNAMED
12-Apr-2025 23:45:23.115 INFO [main] org.apache.catalina.startup.VersionLoggerListener.log Command line argument: -Dcatalina.home=C:\Program Files\Apache Software Foundation\Tomcat 9.0
12-Apr-2025 23:45:23.116 INFO [main] org.apache.catalina.startup.VersionLoggerListener.log Command line argument: -Dcatalina.base=C:\Users\OSHADHA\IdeaProjects\OOP-projectnew
12-Apr-2025 23:45:23.116 INFO [main] org.apache.catalina.startup.VersionLoggerListener.log Command line argument: -Djava.io.tmpdir=C:\Users\OSHADHA\IdeaProjects\OOP-projectnew\temp
12-Apr-2025 23:45:23.116 INFO [main] org.apache.catalina.startup.VersionLoggerListener.log Command line argument: -Djava.util.logging.config.file=C:\Users\OSHADHA\IdeaProjects\OOP-projectnew\conf\logging.properties
12-Apr-2025 23:45:23.116 INFO [main] org.apache.catalina.startup.VersionLoggerListener.log Command line argument: -Djava.util.logging.manager=org.apache.juli.ClassLoaderLogManager
12-Apr-2025 23:45:23.116 INFO [main] org.apache.catalina.startup.VersionLoggerListener.log Command line argument: -javaagent:C:\Program Files\JetBrains\IntelliJ IDEA 2024.3.5\lib\idea_rt.jar=59244
12-Apr-2025 23:45:23.116 INFO [main] org.apache.catalina.startup.VersionLoggerListener.log Command line argument: -Dfile.encoding=UTF-8
12-Apr-2025 23:45:23.116 INFO [main] org.apache.catalina.startup.VersionLoggerListener.log Command line argument: -Dsun.stdout.encoding=UTF-8
12-Apr-2025 23:45:23.116 INFO [main] org.apache.catalina.startup.VersionLoggerListener.log Command line argument: -Dsun.stderr.encoding=UTF-8
12-Apr-2025 23:45:23.121 INFO [main] org.apache.catalina.core.AprLifecycleListener.lifecycleEvent Loaded Apache Tomcat Native library [1.3.1] using APR version [1.7.4].
12-Apr-2025 23:45:23.122 INFO [main] org.apache.catalina.core.AprLifecycleListener.lifecycleEvent APR capabilities: IPv6 [true], sendfile [true], accept filters [false], random [true], UDS [true].
12-Apr-2025 23:45:23.122 INFO [main] org.apache.catalina.core.AprLifecycleListener.lifecycleEvent APR/OpenSSL configuration: useAprConnector [false], useOpenSSL [true]
12-Apr-2025 23:45:23.131 INFO [main] org.apache.catalina.core.AprLifecycleListener.initializeSSL OpenSSL successfully initialized [OpenSSL 3.0.14 4 Jun 2024]
12-Apr-2025 23:45:23.534 INFO [main] org.apache.coyote.AbstractProtocol.init Initializing ProtocolHandler ["http-nio-8080"]
12-Apr-2025 23:45:23.557 INFO [main] org.apache.catalina.startup.Catalina.load Server initialization in [710] milliseconds
12-Apr-2025 23:45:23.609 INFO [main] org.apache.catalina.core.StandardService.startInternal Starting service [Catalina]
12-Apr-2025 23:45:23.609 INFO [main] org.apache.catalina.core.StandardEngine.startInternal Starting Servlet engine: [Apache Tomcat/9.0.102]
12-Apr-2025 23:45:23.619 INFO [main] org.apache.catalina.startup.HostConfig.deployDescriptor Deploying deployment descriptor [C:\Users\OSHADHA\IdeaProjects\OOP-projectnew\conf\Catalina\localhost\OOP-projectnew.xml]
12-Apr-2025 23:45:24.221 INFO [main] org.apache.catalina.startup.HostConfig.deployDescriptor Deployment of deployment descriptor [C:\Users\OSHADHA\IdeaProjects\OOP-projectnew\conf\Catalina\localhost\OOP-projectnew.xml] has finished in [602] ms
12-Apr-2025 23:45:24.224 INFO [main] org.apache.coyote.AbstractProtocol.start Starting ProtocolHandler ["http-nio-8080"]
12-Apr-2025 23:45:24.245 INFO [main] org.apache.catalina.startup.Catalina.start Server startup in [686] milliseconds
12-Apr-2025 23:47:20.019 INFO [Thread-1] org.apache.coyote.AbstractProtocol.pause Pausing ProtocolHandler ["http-nio-8080"]
12-Apr-2025 23:47:20.029 INFO [Thread-1] org.apache.catalina.core.StandardService.stopInternal Stopping service [Catalina]
12-Apr-2025 23:47:20.043 INFO [Thread-1] org.apache.coyote.AbstractProtocol.stop Stopping ProtocolHandler ["http-nio-8080"]
12-Apr-2025 23:47:20.067 INFO [Thread-1] org.apache.coyote.AbstractProtocol.destroy Destroying ProtocolHandler ["http-nio-8080"]
12-Apr-2025 23:47:22.031 INFO [main] org.apache.catalina.startup.VersionLoggerListener.log Server version name:   Apache Tomcat/9.0.102
12-Apr-2025 23:47:22.037 INFO [main] org.apache.catalina.startup.VersionLoggerListener.log Server built:          Mar 3 2025 19:33:14 UTC
12-Apr-2025 23:47:22.038 INFO [main] org.apache.catalina.startup.VersionLoggerListener.log Server version number: 9.0.102.0
12-Apr-2025 23:47:22.038 INFO [main] org.apache.catalina.startup.VersionLoggerListener.log OS Name:               Windows 10
12-Apr-2025 23:47:22.038 INFO [main] org.apache.catalina.startup.VersionLoggerListener.log OS Version:            10.0
12-Apr-2025 23:47:22.038 INFO [main] org.apache.catalina.startup.VersionLoggerListener.log Architecture:          amd64
12-Apr-2025 23:47:22.038 INFO [main] org.apache.catalina.startup.VersionLoggerListener.log Java Home:             C:\Program Files\Java\jdk-22
12-Apr-2025 23:47:22.038 INFO [main] org.apache.catalina.startup.VersionLoggerListener.log JVM Version:           22.0.1+8-16
12-Apr-2025 23:47:22.038 INFO [main] org.apache.catalina.startup.VersionLoggerListener.log JVM Vendor:            Oracle Corporation
12-Apr-2025 23:47:22.038 INFO [main] org.apache.catalina.startup.VersionLoggerListener.log CATALINA_BASE:         C:\Users\OSHADHA\IdeaProjects\OOP-projectnew
12-Apr-2025 23:47:22.039 INFO [main] org.apache.catalina.startup.VersionLoggerListener.log CATALINA_HOME:         C:\Program Files\Apache Software Foundation\Tomcat 9.0
12-Apr-2025 23:47:22.049 INFO [main] org.apache.catalina.startup.VersionLoggerListener.log Command line argument: --add-opens=java.base/java.lang=ALL-UNNAMED
12-Apr-2025 23:47:22.050 INFO [main] org.apache.catalina.startup.VersionLoggerListener.log Command line argument: --add-opens=java.base/java.io=ALL-UNNAMED
12-Apr-2025 23:47:22.050 INFO [main] org.apache.catalina.startup.VersionLoggerListener.log Command line argument: --add-opens=java.base/java.util=ALL-UNNAMED
12-Apr-2025 23:47:22.050 INFO [main] org.apache.catalina.startup.VersionLoggerListener.log Command line argument: --add-opens=java.base/java.util.concurrent=ALL-UNNAMED
12-Apr-2025 23:47:22.050 INFO [main] org.apache.catalina.startup.VersionLoggerListener.log Command line argument: --add-opens=java.rmi/sun.rmi.transport=ALL-UNNAMED
12-Apr-2025 23:47:22.050 INFO [main] org.apache.catalina.startup.VersionLoggerListener.log Command line argument: -Dcatalina.home=C:\Program Files\Apache Software Foundation\Tomcat 9.0
12-Apr-2025 23:47:22.050 INFO [main] org.apache.catalina.startup.VersionLoggerListener.log Command line argument: -Dcatalina.base=C:\Users\OSHADHA\IdeaProjects\OOP-projectnew
12-Apr-2025 23:47:22.050 INFO [main] org.apache.catalina.startup.VersionLoggerListener.log Command line argument: -Djava.io.tmpdir=C:\Users\OSHADHA\IdeaProjects\OOP-projectnew\temp
12-Apr-2025 23:47:22.051 INFO [main] org.apache.catalina.startup.VersionLoggerListener.log Command line argument: -Djava.util.logging.config.file=C:\Users\OSHADHA\IdeaProjects\OOP-projectnew\conf\logging.properties
12-Apr-2025 23:47:22.051 INFO [main] org.apache.catalina.startup.VersionLoggerListener.log Command line argument: -Djava.util.logging.manager=org.apache.juli.ClassLoaderLogManager
12-Apr-2025 23:47:22.051 INFO [main] org.apache.catalina.startup.VersionLoggerListener.log Command line argument: -javaagent:C:\Program Files\JetBrains\IntelliJ IDEA 2024.3.5\lib\idea_rt.jar=59276
12-Apr-2025 23:47:22.051 INFO [main] org.apache.catalina.startup.VersionLoggerListener.log Command line argument: -Dfile.encoding=UTF-8
12-Apr-2025 23:47:22.051 INFO [main] org.apache.catalina.startup.VersionLoggerListener.log Command line argument: -Dsun.stdout.encoding=UTF-8
12-Apr-2025 23:47:22.051 INFO [main] org.apache.catalina.startup.VersionLoggerListener.log Command line argument: -Dsun.stderr.encoding=UTF-8
12-Apr-2025 23:47:22.057 INFO [main] org.apache.catalina.core.AprLifecycleListener.lifecycleEvent Loaded Apache Tomcat Native library [1.3.1] using APR version [1.7.4].
12-Apr-2025 23:47:22.057 INFO [main] org.apache.catalina.core.AprLifecycleListener.lifecycleEvent APR capabilities: IPv6 [true], sendfile [true], accept filters [false], random [true], UDS [true].
12-Apr-2025 23:47:22.057 INFO [main] org.apache.catalina.core.AprLifecycleListener.lifecycleEvent APR/OpenSSL configuration: useAprConnector [false], useOpenSSL [true]
12-Apr-2025 23:47:22.066 INFO [main] org.apache.catalina.core.AprLifecycleListener.initializeSSL OpenSSL successfully initialized [OpenSSL 3.0.14 4 Jun 2024]
12-Apr-2025 23:47:23.141 INFO [main] org.apache.coyote.AbstractProtocol.init Initializing ProtocolHandler ["http-nio-8080"]
12-Apr-2025 23:47:23.192 INFO [main] org.apache.catalina.startup.Catalina.load Server initialization in [1796] milliseconds
12-Apr-2025 23:47:23.278 INFO [main] org.apache.catalina.core.StandardService.startInternal Starting service [Catalina]
12-Apr-2025 23:47:23.278 INFO [main] org.apache.catalina.core.StandardEngine.startInternal Starting Servlet engine: [Apache Tomcat/9.0.102]
12-Apr-2025 23:47:23.291 INFO [main] org.apache.catalina.startup.HostConfig.deployDescriptor Deploying deployment descriptor [C:\Users\OSHADHA\IdeaProjects\OOP-projectnew\conf\Catalina\localhost\OOP-projectnew.xml]
12-Apr-2025 23:47:24.240 INFO [main] org.apache.catalina.startup.HostConfig.deployDescriptor Deployment of deployment descriptor [C:\Users\OSHADHA\IdeaProjects\OOP-projectnew\conf\Catalina\localhost\OOP-projectnew.xml] has finished in [949] ms
12-Apr-2025 23:47:24.243 INFO [main] org.apache.coyote.AbstractProtocol.start Starting ProtocolHandler ["http-nio-8080"]
12-Apr-2025 23:47:24.263 INFO [main] org.apache.catalina.startup.Catalina.start Server startup in [1068] milliseconds
12-Apr-2025 23:49:53.187 INFO [Thread-1] org.apache.coyote.AbstractProtocol.pause Pausing ProtocolHandler ["http-nio-8080"]
12-Apr-2025 23:49:53.198 INFO [Thread-1] org.apache.catalina.core.StandardService.stopInternal Stopping service [Catalina]
12-Apr-2025 23:49:53.208 INFO [Thread-1] org.apache.coyote.AbstractProtocol.stop Stopping ProtocolHandler ["http-nio-8080"]
12-Apr-2025 23:49:53.210 INFO [Thread-1] org.apache.coyote.AbstractProtocol.destroy Destroying ProtocolHandler ["http-nio-8080"]
12-Apr-2025 23:49:55.037 INFO [main] org.apache.catalina.startup.VersionLoggerListener.log Server version name:   Apache Tomcat/9.0.102
12-Apr-2025 23:49:55.042 INFO [main] org.apache.catalina.startup.VersionLoggerListener.log Server built:          Mar 3 2025 19:33:14 UTC
12-Apr-2025 23:49:55.042 INFO [main] org.apache.catalina.startup.VersionLoggerListener.log Server version number: 9.0.102.0
12-Apr-2025 23:49:55.042 INFO [main] org.apache.catalina.startup.VersionLoggerListener.log OS Name:               Windows 10
12-Apr-2025 23:49:55.042 INFO [main] org.apache.catalina.startup.VersionLoggerListener.log OS Version:            10.0
12-Apr-2025 23:49:55.042 INFO [main] org.apache.catalina.startup.VersionLoggerListener.log Architecture:          amd64
12-Apr-2025 23:49:55.042 INFO [main] org.apache.catalina.startup.VersionLoggerListener.log Java Home:             C:\Program Files\Java\jdk-22
12-Apr-2025 23:49:55.042 INFO [main] org.apache.catalina.startup.VersionLoggerListener.log JVM Version:           22.0.1+8-16
12-Apr-2025 23:49:55.043 INFO [main] org.apache.catalina.startup.VersionLoggerListener.log JVM Vendor:            Oracle Corporation
12-Apr-2025 23:49:55.043 INFO [main] org.apache.catalina.startup.VersionLoggerListener.log CATALINA_BASE:         C:\Users\OSHADHA\IdeaProjects\OOP-projectnew
12-Apr-2025 23:49:55.043 INFO [main] org.apache.catalina.startup.VersionLoggerListener.log CATALINA_HOME:         C:\Program Files\Apache Software Foundation\Tomcat 9.0
12-Apr-2025 23:49:55.052 INFO [main] org.apache.catalina.startup.VersionLoggerListener.log Command line argument: --add-opens=java.base/java.lang=ALL-UNNAMED
12-Apr-2025 23:49:55.052 INFO [main] org.apache.catalina.startup.VersionLoggerListener.log Command line argument: --add-opens=java.base/java.io=ALL-UNNAMED
12-Apr-2025 23:49:55.052 INFO [main] org.apache.catalina.startup.VersionLoggerListener.log Command line argument: --add-opens=java.base/java.util=ALL-UNNAMED
12-Apr-2025 23:49:55.052 INFO [main] org.apache.catalina.startup.VersionLoggerListener.log Command line argument: --add-opens=java.base/java.util.concurrent=ALL-UNNAMED
12-Apr-2025 23:49:55.052 INFO [main] org.apache.catalina.startup.VersionLoggerListener.log Command line argument: --add-opens=java.rmi/sun.rmi.transport=ALL-UNNAMED
12-Apr-2025 23:49:55.052 INFO [main] org.apache.catalina.startup.VersionLoggerListener.log Command line argument: -Dcatalina.home=C:\Program Files\Apache Software Foundation\Tomcat 9.0
12-Apr-2025 23:49:55.053 INFO [main] org.apache.catalina.startup.VersionLoggerListener.log Command line argument: -Dcatalina.base=C:\Users\OSHADHA\IdeaProjects\OOP-projectnew
12-Apr-2025 23:49:55.053 INFO [main] org.apache.catalina.startup.VersionLoggerListener.log Command line argument: -Djava.io.tmpdir=C:\Users\OSHADHA\IdeaProjects\OOP-projectnew\temp
12-Apr-2025 23:49:55.053 INFO [main] org.apache.catalina.startup.VersionLoggerListener.log Command line argument: -Djava.util.logging.config.file=C:\Users\OSHADHA\IdeaProjects\OOP-projectnew\conf\logging.properties
12-Apr-2025 23:49:55.053 INFO [main] org.apache.catalina.startup.VersionLoggerListener.log Command line argument: -Djava.util.logging.manager=org.apache.juli.ClassLoaderLogManager
12-Apr-2025 23:49:55.053 INFO [main] org.apache.catalina.startup.VersionLoggerListener.log Command line argument: -javaagent:C:\Program Files\JetBrains\IntelliJ IDEA 2024.3.5\lib\idea_rt.jar=59297
12-Apr-2025 23:49:55.053 INFO [main] org.apache.catalina.startup.VersionLoggerListener.log Command line argument: -Dfile.encoding=UTF-8
12-Apr-2025 23:49:55.053 INFO [main] org.apache.catalina.startup.VersionLoggerListener.log Command line argument: -Dsun.stdout.encoding=UTF-8
12-Apr-2025 23:49:55.053 INFO [main] org.apache.catalina.startup.VersionLoggerListener.log Command line argument: -Dsun.stderr.encoding=UTF-8
12-Apr-2025 23:49:55.058 INFO [main] org.apache.catalina.core.AprLifecycleListener.lifecycleEvent Loaded Apache Tomcat Native library [1.3.1] using APR version [1.7.4].
12-Apr-2025 23:49:55.058 INFO [main] org.apache.catalina.core.AprLifecycleListener.lifecycleEvent APR capabilities: IPv6 [true], sendfile [true], accept filters [false], random [true], UDS [true].
12-Apr-2025 23:49:55.058 INFO [main] org.apache.catalina.core.AprLifecycleListener.lifecycleEvent APR/OpenSSL configuration: useAprConnector [false], useOpenSSL [true]
12-Apr-2025 23:49:55.064 INFO [main] org.apache.catalina.core.AprLifecycleListener.initializeSSL OpenSSL successfully initialized [OpenSSL 3.0.14 4 Jun 2024]
12-Apr-2025 23:49:55.510 INFO [main] org.apache.coyote.AbstractProtocol.init Initializing ProtocolHandler ["http-nio-8080"]
12-Apr-2025 23:49:55.533 INFO [main] org.apache.catalina.startup.Catalina.load Server initialization in [1037] milliseconds
12-Apr-2025 23:49:55.596 INFO [main] org.apache.catalina.core.StandardService.startInternal Starting service [Catalina]
12-Apr-2025 23:49:55.596 INFO [main] org.apache.catalina.core.StandardEngine.startInternal Starting Servlet engine: [Apache Tomcat/9.0.102]
12-Apr-2025 23:49:55.608 INFO [main] org.apache.catalina.startup.HostConfig.deployDescriptor Deploying deployment descriptor [C:\Users\OSHADHA\IdeaProjects\OOP-projectnew\conf\Catalina\localhost\OOP-projectnew.xml]
12-Apr-2025 23:49:56.220 INFO [main] org.apache.catalina.startup.HostConfig.deployDescriptor Deployment of deployment descriptor [C:\Users\OSHADHA\IdeaProjects\OOP-projectnew\conf\Catalina\localhost\OOP-projectnew.xml] has finished in [612] ms
12-Apr-2025 23:49:56.223 INFO [main] org.apache.coyote.AbstractProtocol.start Starting ProtocolHandler ["http-nio-8080"]
12-Apr-2025 23:49:56.247 INFO [main] org.apache.catalina.startup.Catalina.start Server startup in [712] milliseconds
12-Apr-2025 23:51:15.297 INFO [Thread-1] org.apache.coyote.AbstractProtocol.pause Pausing ProtocolHandler ["http-nio-8080"]
12-Apr-2025 23:51:15.310 INFO [Thread-1] org.apache.catalina.core.StandardService.stopInternal Stopping service [Catalina]
12-Apr-2025 23:51:15.319 INFO [Thread-1] org.apache.coyote.AbstractProtocol.stop Stopping ProtocolHandler ["http-nio-8080"]
12-Apr-2025 23:51:15.337 INFO [Thread-1] org.apache.coyote.AbstractProtocol.destroy Destroying ProtocolHandler ["http-nio-8080"]
12-Apr-2025 23:51:17.745 INFO [main] org.apache.catalina.startup.VersionLoggerListener.log Server version name:   Apache Tomcat/9.0.102
12-Apr-2025 23:51:17.749 INFO [main] org.apache.catalina.startup.VersionLoggerListener.log Server built:          Mar 3 2025 19:33:14 UTC
12-Apr-2025 23:51:17.749 INFO [main] org.apache.catalina.startup.VersionLoggerListener.log Server version number: 9.0.102.0
12-Apr-2025 23:51:17.749 INFO [main] org.apache.catalina.startup.VersionLoggerListener.log OS Name:               Windows 10
12-Apr-2025 23:51:17.749 INFO [main] org.apache.catalina.startup.VersionLoggerListener.log OS Version:            10.0
12-Apr-2025 23:51:17.750 INFO [main] org.apache.catalina.startup.VersionLoggerListener.log Architecture:          amd64
12-Apr-2025 23:51:17.750 INFO [main] org.apache.catalina.startup.VersionLoggerListener.log Java Home:             C:\Program Files\Java\jdk-22
12-Apr-2025 23:51:17.750 INFO [main] org.apache.catalina.startup.VersionLoggerListener.log JVM Version:           22.0.1+8-16
12-Apr-2025 23:51:17.750 INFO [main] org.apache.catalina.startup.VersionLoggerListener.log JVM Vendor:            Oracle Corporation
12-Apr-2025 23:51:17.750 INFO [main] org.apache.catalina.startup.VersionLoggerListener.log CATALINA_BASE:         C:\Users\OSHADHA\IdeaProjects\OOP-projectnew
12-Apr-2025 23:51:17.750 INFO [main] org.apache.catalina.startup.VersionLoggerListener.log CATALINA_HOME:         C:\Program Files\Apache Software Foundation\Tomcat 9.0
12-Apr-2025 23:51:17.761 INFO [main] org.apache.catalina.startup.VersionLoggerListener.log Command line argument: --add-opens=java.base/java.lang=ALL-UNNAMED
12-Apr-2025 23:51:17.761 INFO [main] org.apache.catalina.startup.VersionLoggerListener.log Command line argument: --add-opens=java.base/java.io=ALL-UNNAMED
12-Apr-2025 23:51:17.761 INFO [main] org.apache.catalina.startup.VersionLoggerListener.log Command line argument: --add-opens=java.base/java.util=ALL-UNNAMED
12-Apr-2025 23:51:17.762 INFO [main] org.apache.catalina.startup.VersionLoggerListener.log Command line argument: --add-opens=java.base/java.util.concurrent=ALL-UNNAMED
12-Apr-2025 23:51:17.762 INFO [main] org.apache.catalina.startup.VersionLoggerListener.log Command line argument: --add-opens=java.rmi/sun.rmi.transport=ALL-UNNAMED
12-Apr-2025 23:51:17.762 INFO [main] org.apache.catalina.startup.VersionLoggerListener.log Command line argument: -Dcatalina.home=C:\Program Files\Apache Software Foundation\Tomcat 9.0
12-Apr-2025 23:51:17.762 INFO [main] org.apache.catalina.startup.VersionLoggerListener.log Command line argument: -Dcatalina.base=C:\Users\OSHADHA\IdeaProjects\OOP-projectnew
12-Apr-2025 23:51:17.762 INFO [main] org.apache.catalina.startup.VersionLoggerListener.log Command line argument: -Djava.io.tmpdir=C:\Users\OSHADHA\IdeaProjects\OOP-projectnew\temp
12-Apr-2025 23:51:17.762 INFO [main] org.apache.catalina.startup.VersionLoggerListener.log Command line argument: -Djava.util.logging.config.file=C:\Users\OSHADHA\IdeaProjects\OOP-projectnew\conf\logging.properties
12-Apr-2025 23:51:17.762 INFO [main] org.apache.catalina.startup.VersionLoggerListener.log Command line argument: -Djava.util.logging.manager=org.apache.juli.ClassLoaderLogManager
12-Apr-2025 23:51:17.762 INFO [main] org.apache.catalina.startup.VersionLoggerListener.log Command line argument: -javaagent:C:\Program Files\JetBrains\IntelliJ IDEA 2024.3.5\lib\idea_rt.jar=59316
12-Apr-2025 23:51:17.762 INFO [main] org.apache.catalina.startup.VersionLoggerListener.log Command line argument: -Dfile.encoding=UTF-8
12-Apr-2025 23:51:17.763 INFO [main] org.apache.catalina.startup.VersionLoggerListener.log Command line argument: -Dsun.stdout.encoding=UTF-8
12-Apr-2025 23:51:17.763 INFO [main] org.apache.catalina.startup.VersionLoggerListener.log Command line argument: -Dsun.stderr.encoding=UTF-8
12-Apr-2025 23:51:17.767 INFO [main] org.apache.catalina.core.AprLifecycleListener.lifecycleEvent Loaded Apache Tomcat Native library [1.3.1] using APR version [1.7.4].
12-Apr-2025 23:51:17.767 INFO [main] org.apache.catalina.core.AprLifecycleListener.lifecycleEvent APR capabilities: IPv6 [true], sendfile [true], accept filters [false], random [true], UDS [true].
12-Apr-2025 23:51:17.767 INFO [main] org.apache.catalina.core.AprLifecycleListener.lifecycleEvent APR/OpenSSL configuration: useAprConnector [false], useOpenSSL [true]
12-Apr-2025 23:51:17.778 INFO [main] org.apache.catalina.core.AprLifecycleListener.initializeSSL OpenSSL successfully initialized [OpenSSL 3.0.14 4 Jun 2024]
12-Apr-2025 23:51:18.300 INFO [main] org.apache.coyote.AbstractProtocol.init Initializing ProtocolHandler ["http-nio-8080"]
12-Apr-2025 23:51:18.328 INFO [main] org.apache.catalina.startup.Catalina.load Server initialization in [855] milliseconds
12-Apr-2025 23:51:18.395 INFO [main] org.apache.catalina.core.StandardService.startInternal Starting service [Catalina]
12-Apr-2025 23:51:18.395 INFO [main] org.apache.catalina.core.StandardEngine.startInternal Starting Servlet engine: [Apache Tomcat/9.0.102]
12-Apr-2025 23:51:18.404 INFO [main] org.apache.catalina.startup.HostConfig.deployDescriptor Deploying deployment descriptor [C:\Users\OSHADHA\IdeaProjects\OOP-projectnew\conf\Catalina\localhost\OOP-projectnew.xml]
12-Apr-2025 23:51:19.098 INFO [main] org.apache.catalina.startup.HostConfig.deployDescriptor Deployment of deployment descriptor [C:\Users\OSHADHA\IdeaProjects\OOP-projectnew\conf\Catalina\localhost\OOP-projectnew.xml] has finished in [695] ms
12-Apr-2025 23:51:19.101 INFO [main] org.apache.coyote.AbstractProtocol.start Starting ProtocolHandler ["http-nio-8080"]
12-Apr-2025 23:51:19.122 INFO [main] org.apache.catalina.startup.Catalina.start Server startup in [791] milliseconds
12-Apr-2025 23:54:09.800 INFO [Thread-1] org.apache.coyote.AbstractProtocol.pause Pausing ProtocolHandler ["http-nio-8080"]
12-Apr-2025 23:54:09.810 INFO [Thread-1] org.apache.catalina.core.StandardService.stopInternal Stopping service [Catalina]
12-Apr-2025 23:54:09.821 INFO [Thread-1] org.apache.coyote.AbstractProtocol.stop Stopping ProtocolHandler ["http-nio-8080"]
12-Apr-2025 23:54:09.824 INFO [Thread-1] org.apache.coyote.AbstractProtocol.destroy Destroying ProtocolHandler ["http-nio-8080"]
12-Apr-2025 23:54:11.882 INFO [main] org.apache.catalina.startup.VersionLoggerListener.log Server version name:   Apache Tomcat/9.0.102
12-Apr-2025 23:54:11.888 INFO [main] org.apache.catalina.startup.VersionLoggerListener.log Server built:          Mar 3 2025 19:33:14 UTC
12-Apr-2025 23:54:11.888 INFO [main] org.apache.catalina.startup.VersionLoggerListener.log Server version number: 9.0.102.0
12-Apr-2025 23:54:11.888 INFO [main] org.apache.catalina.startup.VersionLoggerListener.log OS Name:               Windows 10
12-Apr-2025 23:54:11.888 INFO [main] org.apache.catalina.startup.VersionLoggerListener.log OS Version:            10.0
12-Apr-2025 23:54:11.888 INFO [main] org.apache.catalina.startup.VersionLoggerListener.log Architecture:          amd64
12-Apr-2025 23:54:11.888 INFO [main] org.apache.catalina.startup.VersionLoggerListener.log Java Home:             C:\Program Files\Java\jdk-22
12-Apr-2025 23:54:11.888 INFO [main] org.apache.catalina.startup.VersionLoggerListener.log JVM Version:           22.0.1+8-16
12-Apr-2025 23:54:11.889 INFO [main] org.apache.catalina.startup.VersionLoggerListener.log JVM Vendor:            Oracle Corporation
12-Apr-2025 23:54:11.889 INFO [main] org.apache.catalina.startup.VersionLoggerListener.log CATALINA_BASE:         C:\Users\OSHADHA\IdeaProjects\OOP-projectnew
12-Apr-2025 23:54:11.889 INFO [main] org.apache.catalina.startup.VersionLoggerListener.log CATALINA_HOME:         C:\Program Files\Apache Software Foundation\Tomcat 9.0
12-Apr-2025 23:54:11.903 INFO [main] org.apache.catalina.startup.VersionLoggerListener.log Command line argument: --add-opens=java.base/java.lang=ALL-UNNAMED
12-Apr-2025 23:54:11.903 INFO [main] org.apache.catalina.startup.VersionLoggerListener.log Command line argument: --add-opens=java.base/java.io=ALL-UNNAMED
12-Apr-2025 23:54:11.904 INFO [main] org.apache.catalina.startup.VersionLoggerListener.log Command line argument: --add-opens=java.base/java.util=ALL-UNNAMED
12-Apr-2025 23:54:11.904 INFO [main] org.apache.catalina.startup.VersionLoggerListener.log Command line argument: --add-opens=java.base/java.util.concurrent=ALL-UNNAMED
12-Apr-2025 23:54:11.904 INFO [main] org.apache.catalina.startup.VersionLoggerListener.log Command line argument: --add-opens=java.rmi/sun.rmi.transport=ALL-UNNAMED
12-Apr-2025 23:54:11.904 INFO [main] org.apache.catalina.startup.VersionLoggerListener.log Command line argument: -Dcatalina.home=C:\Program Files\Apache Software Foundation\Tomcat 9.0
12-Apr-2025 23:54:11.904 INFO [main] org.apache.catalina.startup.VersionLoggerListener.log Command line argument: -Dcatalina.base=C:\Users\OSHADHA\IdeaProjects\OOP-projectnew
12-Apr-2025 23:54:11.904 INFO [main] org.apache.catalina.startup.VersionLoggerListener.log Command line argument: -Djava.io.tmpdir=C:\Users\OSHADHA\IdeaProjects\OOP-projectnew\temp
12-Apr-2025 23:54:11.904 INFO [main] org.apache.catalina.startup.VersionLoggerListener.log Command line argument: -Djava.util.logging.config.file=C:\Users\OSHADHA\IdeaProjects\OOP-projectnew\conf\logging.properties
12-Apr-2025 23:54:11.904 INFO [main] org.apache.catalina.startup.VersionLoggerListener.log Command line argument: -Djava.util.logging.manager=org.apache.juli.ClassLoaderLogManager
12-Apr-2025 23:54:11.904 INFO [main] org.apache.catalina.startup.VersionLoggerListener.log Command line argument: -javaagent:C:\Program Files\JetBrains\IntelliJ IDEA 2024.3.5\lib\idea_rt.jar=59329
12-Apr-2025 23:54:11.905 INFO [main] org.apache.catalina.startup.VersionLoggerListener.log Command line argument: -Dfile.encoding=UTF-8
12-Apr-2025 23:54:11.905 INFO [main] org.apache.catalina.startup.VersionLoggerListener.log Command line argument: -Dsun.stdout.encoding=UTF-8
12-Apr-2025 23:54:11.905 INFO [main] org.apache.catalina.startup.VersionLoggerListener.log Command line argument: -Dsun.stderr.encoding=UTF-8
12-Apr-2025 23:54:11.911 INFO [main] org.apache.catalina.core.AprLifecycleListener.lifecycleEvent Loaded Apache Tomcat Native library [1.3.1] using APR version [1.7.4].
12-Apr-2025 23:54:11.911 INFO [main] org.apache.catalina.core.AprLifecycleListener.lifecycleEvent APR capabilities: IPv6 [true], sendfile [true], accept filters [false], random [true], UDS [true].
12-Apr-2025 23:54:11.911 INFO [main] org.apache.catalina.core.AprLifecycleListener.lifecycleEvent APR/OpenSSL configuration: useAprConnector [false], useOpenSSL [true]
12-Apr-2025 23:54:11.921 INFO [main] org.apache.catalina.core.AprLifecycleListener.initializeSSL OpenSSL successfully initialized [OpenSSL 3.0.14 4 Jun 2024]
12-Apr-2025 23:54:12.773 INFO [main] org.apache.coyote.AbstractProtocol.init Initializing ProtocolHandler ["http-nio-8080"]
12-Apr-2025 23:54:12.830 INFO [main] org.apache.catalina.startup.Catalina.load Server initialization in [1427] milliseconds
12-Apr-2025 23:54:12.908 INFO [main] org.apache.catalina.core.StandardService.startInternal Starting service [Catalina]
12-Apr-2025 23:54:12.908 INFO [main] org.apache.catalina.core.StandardEngine.startInternal Starting Servlet engine: [Apache Tomcat/9.0.102]
12-Apr-2025 23:54:12.921 INFO [main] org.apache.catalina.startup.HostConfig.deployDescriptor Deploying deployment descriptor [C:\Users\OSHADHA\IdeaProjects\OOP-projectnew\conf\Catalina\localhost\OOP-projectnew.xml]
12-Apr-2025 23:54:13.810 INFO [main] org.apache.catalina.startup.HostConfig.deployDescriptor Deployment of deployment descriptor [C:\Users\OSHADHA\IdeaProjects\OOP-projectnew\conf\Catalina\localhost\OOP-projectnew.xml] has finished in [888] ms
12-Apr-2025 23:54:13.816 INFO [main] org.apache.coyote.AbstractProtocol.start Starting ProtocolHandler ["http-nio-8080"]
12-Apr-2025 23:54:13.847 INFO [main] org.apache.catalina.startup.Catalina.start Server startup in [1014] milliseconds
